mtllib materials.mtl
v -0.007084833 -0.06937802 0.07365239
v 0.03879973 -0.06920677 0.06708467
v 0.03884538 -0.07420301 0.06727326
v -0.007039191 -0.07437426 0.07384098
v 0.07206746 -0.07012081 0.03482038
v 0.0721131 -0.07511705 0.03500897
v 0.08001115 -0.07177109 -0.01081657
v 0.08005679 -0.07676733 -0.01062799
v 0.05959662 -0.07352716 -0.05239451
v 0.05964226 -0.0785234 -0.05220586
v 0.01862153 -0.0747183 -0.07403195
v 0.01866717 -0.07971448 -0.07384336
v -0.02726307 -0.07488948 -0.06746423
v -0.02721743 -0.07988572 -0.06727564
v -0.06053076 -0.07397544 -0.0352
v -0.06048512 -0.07897168 -0.03501141
v -0.06847446 -0.07232517 0.01043701
v -0.06842881 -0.07732141 0.0106256
v -0.04805993 -0.07056916 0.05201489
v -0.04801429 -0.07556534 0.05220348
v -0.06936757 0.2835038 0.06710917
v -0.09013711 0.2846169 0.009025574
v -0.07279395 0.2854977 -0.05017525
v -0.02396259 0.2858092 -0.08788079
v 0.03770495 0.285433 -0.08968872
v 0.08865392 0.2845123 -0.05490857
v 0.1094235 0.2833992 0.003174901
v 0.09208029 0.2825183 0.06237578
v 0.04324896 0.2822067 0.1000813
v -0.01841863 0.2825829 0.1018893
v -0.05953752 0.2360429 0.05935502
v -0.0785337 0.2387087 0.007247984
v -0.06323486 0.241209 -0.04606992
v -0.01948462 0.2425881 -0.08023316
v 0.03600582 0.2423196 -0.0821923
v 0.08204115 0.240506 -0.05119932
v 0.09669805 0.2386138 -0.004299045
v 0.08130902 0.2350945 0.05756521
v 0.04198825 0.2339604 0.0883888
v -0.02004971 0.2330043 0.08788365
v 0.03380589 -0.03935355 0.03621918
v 0.03531592 -0.04263771 0.03997052
v 0.03266241 -0.04273492 0.04001355
v 0.03757039 -0.04186791 0.03879696
v 0.03882172 -0.04063177 0.03680736
v 0.03873464 -0.03926051 0.03453481
v 0.03733246 -0.03812158 0.03258818
v 0.03499091 -0.03752017 0.03148919
v 0.0323374 -0.03761739 0.03153223
v 0.03008294 -0.03838718 0.03270578
v 0.0288316 -0.03962332 0.03469539
v 0.02891868 -0.04099452 0.03696793
v 0.03032086 -0.04213345 0.03891456
v 0.03668535 -0.04707366 0.04233378
v 0.03169838 -0.04725635 0.04241467
v 0.04092236 -0.04562694 0.04012823
v 0.0432741 -0.04330379 0.03638899
v 0.04311044 -0.04072666 0.03211796
v 0.04047521 -0.0385862 0.02845955
v 0.03607454 -0.03745592 0.02639407
v 0.03108757 -0.0376386 0.02647495
v 0.02685056 -0.03908533 0.0286805
v 0.02449881 -0.04140848 0.0324198
v 0.02466248 -0.04398555 0.03669077
v 0.0272977 -0.04612601 0.04034919
v 0.03774901 -0.05212647 0.04302394
v 0.03103008 -0.05237257 0.0431329
v 0.04345752 -0.05017728 0.04005241
v 0.04662602 -0.04704726 0.03501451
v 0.04640551 -0.04357517 0.02926022
v 0.04285508 -0.04069138 0.02433127
v 0.03692606 -0.03916848 0.02154845
v 0.03020714 -0.03941458 0.02165741
v 0.02449863 -0.04136378 0.02462894
v 0.02133013 -0.04449379 0.02966684
v 0.02155064 -0.04796588 0.03542113
v 0.02510107 -0.05084974 0.04035008
v 0.0383786 -0.0571866 0.04195774
v 0.03073812 -0.05746651 0.04208165
v 0.04487008 -0.05497003 0.03857863
v 0.04847316 -0.05141079 0.03284979
v 0.04822242 -0.04746246 0.02630615
v 0.04418502 -0.04418308 0.02070117
v 0.03744279 -0.04245132 0.0175367
v 0.0298023 -0.04273123 0.01766062
v 0.02331083 -0.04494774 0.02103966
v 0.01970775 -0.04850703 0.02676857
v 0.0199585 -0.05245537 0.03331214
v 0.0239959 -0.05573475 0.03891712
v 0.0384982 -0.06164378 0.03926373
v 0.03085772 -0.06192368 0.03938764
v 0.04498968 -0.05942726 0.03588468
v 0.04859275 -0.05586797 0.03015578
v 0.048342 -0.05191964 0.0236122
v 0.04430461 -0.04864025 0.01800722
v 0.03756239 -0.0469085 0.01484269
v 0.0299219 -0.0471884 0.01496661
v 0.02343043 -0.04940498 0.01834571
v 0.01982734 -0.05296421 0.02407455
v 0.02007809 -0.05691254 0.03061819
v 0.02411549 -0.06019193 0.03622317
v 0.03809337 -0.06496042 0.03526694
v 0.03137444 -0.06520653 0.03537589
v 0.04380187 -0.06301123 0.03229541
v 0.04697037 -0.05988121 0.0272575
v 0.04674987 -0.05640912 0.02150321
v 0.04319944 -0.05352533 0.01657426
v 0.03727043 -0.05200243 0.01379144
v 0.0305515 -0.05224854 0.0139004
v 0.02484299 -0.05419773 0.01687193
v 0.02167449 -0.05732775 0.02190983
v 0.021895 -0.06079984 0.02766412
v 0.02544543 -0.06368363 0.03259307
v 0.03721294 -0.0667364 0.03044939
v 0.03222597 -0.06691909 0.03053027
v 0.04144995 -0.06528968 0.02824384
v 0.0438017 -0.06296653 0.02450454
v 0.04363803 -0.06038946 0.02023357
v 0.0410028 -0.058249 0.01657516
v 0.03660212 -0.05711865 0.01450968
v 0.03161516 -0.05730134 0.01459056
v 0.02737815 -0.05874807 0.01679611
v 0.0250264 -0.06107122 0.02053535
v 0.02519007 -0.06364834 0.02480638
v 0.02782529 -0.06578881 0.02846479
v 0.0359631 -0.06675762 0.02539212
v 0.03330959 -0.06685483 0.02543515
v 0.03821757 -0.06598783 0.02421856
v 0.0394689 -0.06475168 0.02222896
v 0.03938182 -0.06338048 0.01995641
v 0.03797965 -0.06224155 0.01800978
v 0.0356381 -0.06164014 0.01691079
v 0.03298458 -0.0617373 0.01695383
v 0.03073012 -0.06250709 0.01812738
v 0.02947878 -0.06374323 0.02011698
v 0.02956587 -0.0651145 0.02238953
v 0.03096804 -0.06625342 0.02433616
v 0.03449461 -0.06502146 0.02070516
v -0.1103654 0.5264869 0.08225453
v -0.1066435 0.5253522 0.09217072
v 0.002168121 -0.06181145 0.006988466
v -0.002153164 -0.06122327 -0.00541836
v -0.09708397 0.526272 0.09677947
v 0.01387604 -0.06048954 0.0128302
v -0.08728652 0.5287074 0.09338093
v 0.02611225 -0.05803204 0.008684814
v -0.08299037 0.5312318 0.0839659
v 0.03170902 -0.0558787 -0.003019392
v -0.08671217 0.5323663 0.07404965
v 0.02738773 -0.05529052 -0.01542616
v -0.09627175 0.5314466 0.0694409
v 0.01567979 -0.05661231 -0.02126789
v -0.1060692 0.5290112 0.0728395
v 0.003443571 -0.05906981 -0.01712257
v 0.01866043 -0.05763143 -0.01722765
v 0.02565307 -0.0569787 -0.0122152
v 0.02719831 -0.05777949 -0.003764153
v 0.0223909 -0.05956495 0.003174901
v 0.01404701 -0.06128895 0.004537165
v 0.007054383 -0.06194192 -0.0004754066
v 0.00550914 -0.06114089 -0.008926392
v 0.01031656 -0.05935562 -0.01586545
v 0.02248881 -0.05350322 -0.04471594
v 0.0245842 -0.05165267 -0.04032016
v 0.02291792 -0.04974967 -0.04112917
v 0.02552414 -0.05412769 -0.04052848
v 0.02548587 -0.05651146 -0.04169828
v 0.02447966 -0.05816531 -0.04351616
v 0.02277512 -0.05864614 -0.04549497
v 0.02082898 -0.05782503 -0.04710454
v 0.0191627 -0.05592203 -0.04791361
v 0.01822276 -0.05344701 -0.04770529
v 0.01826103 -0.05106324 -0.04653543
v 0.01926723 -0.04940933 -0.04471755
v 0.02097178 -0.04892856 -0.04273874
v 0.02519612 -0.05059361 -0.03525633
v 0.02206454 -0.0470171 -0.03677678
v 0.02696262 -0.05524504 -0.03564781
v 0.02689071 -0.05972511 -0.03784639
v 0.02499966 -0.06283337 -0.04126287
v 0.02179617 -0.06373698 -0.0449819
v 0.01813861 -0.06219375 -0.04800689
v 0.01500703 -0.05861729 -0.04952735
v 0.01324053 -0.05396587 -0.0491358
v 0.01331244 -0.0494858 -0.04693729
v 0.01520349 -0.04637754 -0.04352081
v 0.01840699 -0.04547393 -0.03980178
v 0.02425077 -0.05045372 -0.03013527
v 0.0200316 -0.0456351 -0.03218383
v 0.02663077 -0.05672061 -0.03066278
v 0.02653389 -0.0627566 -0.03362483
v 0.02398608 -0.0669443 -0.03822786
v 0.01967003 -0.06816173 -0.04323846
v 0.01474221 -0.0660826 -0.04731405
v 0.01052305 -0.06126398 -0.04936254
v 0.008143045 -0.05499715 -0.0488351
v 0.008239929 -0.04896116 -0.04587299
v 0.01078774 -0.0447734 -0.04126996
v 0.01510379 -0.04355597 -0.03625935
v 0.02186217 -0.05124986 -0.02557468
v 0.01706431 -0.04577041 -0.02790415
v 0.02456861 -0.05837631 -0.02617449
v 0.02445844 -0.0652402 -0.02954286
v 0.02156118 -0.07000232 -0.03477722
v 0.01665314 -0.07138669 -0.04047507
v 0.01104944 -0.06902236 -0.04510963
v 0.006251579 -0.0635429 -0.0474391
v 0.003545141 -0.05641645 -0.0468393
v 0.003655314 -0.04955262 -0.04347098
v 0.006552576 -0.04479045 -0.03823656
v 0.01146061 -0.04340607 -0.03253871
v 0.01831843 -0.05288607 -0.02212465
v 0.01352056 -0.04740661 -0.02445412
v 0.02102486 -0.06001252 -0.02272445
v 0.02091469 -0.06687635 -0.02609277
v 0.01801743 -0.07163852 -0.03132719
v 0.0131094 -0.0730229 -0.03702497
v 0.007505694 -0.07065856 -0.04165959
v 0.002707833 -0.06517911 -0.04398906
v 1.396984E-06 -0.05805266 -0.04338926
v 0.0001115706 -0.05118883 -0.04002088
v 0.003008829 -0.04642665 -0.03478652
v 0.007916867 -0.04504228 -0.02908868
v 0.01404696 -0.05516499 -0.02020121
v 0.009827791 -0.05034637 -0.0222497
v 0.01642696 -0.06143183 -0.02072865
v 0.01633008 -0.06746781 -0.02369076
v 0.01378227 -0.07165557 -0.02829379
v 0.009466216 -0.072873 -0.03330439
v 0.004538404 -0.07079387 -0.03737992
v 0.0003192332 -0.06597525 -0.03942847
v -0.002060765 -0.05970836 -0.03890097
v -0.001963882 -0.05367243 -0.03593892
v 0.0005839262 -0.04948467 -0.03133589
v 0.004899982 -0.04826725 -0.02632529
v 0.009562975 -0.05781168 -0.0200364
v 0.006431393 -0.05423522 -0.02155685
v 0.01132948 -0.0624631 -0.02042794
v 0.01125757 -0.06694317 -0.02262646
v 0.009366514 -0.07005143 -0.02604294
v 0.006163023 -0.07095504 -0.02976197
v 0.002505466 -0.06941187 -0.03278697
v -0.0006261151 -0.06583536 -0.03430742
v -0.002392618 -0.06118393 -0.03391594
v -0.002320707 -0.05670387 -0.03171736
v -0.0004296545 -0.0535956 -0.02830088
v 0.00277384 -0.052692 -0.02458185
v 0.005407305 -0.06050694 -0.02165014
v 0.003741028 -0.05860394 -0.02245921
v 0.006347242 -0.06298196 -0.02185845
v 0.006308978 -0.06536573 -0.02302831
v 0.00530277 -0.06701964 -0.0248462
v 0.00359823 -0.06750041 -0.02682501
v 0.001652086 -0.0666793 -0.02843457
v -1.419522E-05 -0.0647763 -0.02924359
v -0.0009541307 -0.06230128 -0.02903527
v -0.0009158663 -0.05991751 -0.02786547
v 9.034015E-05 -0.05826366 -0.02604759
v 0.001794884 -0.05778283 -0.02406877
v 0.002081191 -0.06292576 -0.02484781
v 0.02327533 -0.0262897 -0.04561144
v 0.02318098 -0.02752233 -0.04055077
v 0.02078405 -0.0282144 -0.04146081
v 0.02567444 -0.02673137 -0.04100841
v 0.02759632 -0.02605343 -0.04271114
v 0.02843164 -0.02567023 -0.04520267
v 0.02795658 -0.02568436 -0.04781544
v 0.02629844 -0.02609205 -0.04984933
v 0.02390151 -0.02678412 -0.05075938
v 0.02140805 -0.02757514 -0.05030173
v 0.01948617 -0.02825302 -0.04859906
v 0.01865085 -0.02863628 -0.04610747
v 0.01912591 -0.02862215 -0.04349476
v 0.02362983 -0.0303334 -0.03618789
v 0.01912507 -0.03163403 -0.03789824
v 0.02831601 -0.02884686 -0.03704798
v 0.03192795 -0.02757281 -0.04024804
v 0.03349784 -0.02685255 -0.04493058
v 0.03260503 -0.02687913 -0.04984099
v 0.02948874 -0.02764535 -0.05366349
v 0.02498398 -0.02894604 -0.05537379
v 0.0202978 -0.03043258 -0.05451375
v 0.01668586 -0.03170663 -0.0513137
v 0.01511597 -0.03242689 -0.0466311
v 0.01600879 -0.03240031 -0.04172069
v 0.02456775 -0.03438377 -0.03304899
v 0.01849851 -0.03613615 -0.0353533
v 0.03088142 -0.032381 -0.03420776
v 0.03574778 -0.03066444 -0.0385192
v 0.03786289 -0.02969402 -0.044828
v 0.03666 -0.02972984 -0.05144376
v 0.03246143 -0.03076226 -0.05659378
v 0.02639219 -0.03251463 -0.05889809
v 0.02007852 -0.03451741 -0.05773932
v 0.01521216 -0.03623396 -0.05342788
v 0.01309706 -0.03720438 -0.04711908
v 0.01429994 -0.03716856 -0.04050332
v 0.02588161 -0.03918505 -0.03151262
v 0.01897992 -0.04117775 -0.03413302
v 0.03306125 -0.03690755 -0.03283036
v 0.03859507 -0.0349555 -0.03773314
v 0.04100028 -0.03385204 -0.04490721
v 0.03963241 -0.03389275 -0.05243039
v 0.03485797 -0.03506672 -0.05828679
v 0.02795628 -0.03705943 -0.06090713
v 0.02077664 -0.03933692 -0.05958945
v 0.01524283 -0.04128897 -0.05468667
v 0.01283761 -0.04239243 -0.04751253
v 0.01420549 -0.04235172 -0.03998935
v 0.02741293 -0.04415798 -0.03176415
v 0.02051124 -0.04615068 -0.03438449
v 0.03459257 -0.04188049 -0.03308183
v 0.04012639 -0.03992844 -0.03798461
v 0.0425316 -0.03882498 -0.04515874
v 0.04116374 -0.03886569 -0.05268192
v 0.0363893 -0.04003966 -0.05853826
v 0.02948761 -0.04203236 -0.06115866
v 0.02230797 -0.04430985 -0.05984092
v 0.01677415 -0.04626191 -0.05493814
v 0.01436894 -0.04736537 -0.04776406
v 0.01573681 -0.04732466 -0.04024088
v 0.02897703 -0.04870278 -0.03377318
v 0.02290778 -0.05045515 -0.0360775
v 0.0352907 -0.0467 -0.03493196
v 0.04015705 -0.04498345 -0.0392434
v 0.04227216 -0.04401302 -0.04555219
v 0.04106928 -0.04404885 -0.05216795
v 0.03687071 -0.04508126 -0.05731797
v 0.03080147 -0.04683363 -0.05962229
v 0.0244878 -0.04883641 -0.05846351
v 0.01962144 -0.05055296 -0.05415207
v 0.01750633 -0.05152339 -0.04784328
v 0.01870922 -0.05148757 -0.04122752
v 0.03038523 -0.05227137 -0.03729749
v 0.02588048 -0.05357206 -0.03900778
v 0.03507141 -0.05078483 -0.03815752
v 0.03868335 -0.04951078 -0.04135764
v 0.04025324 -0.04879051 -0.04604018
v 0.03936043 -0.0488171 -0.05095059
v 0.03624414 -0.04958338 -0.05477303
v 0.03173938 -0.05088401 -0.05648339
v 0.02705321 -0.05237055 -0.05562329
v 0.02344126 -0.0536446 -0.05242324
v 0.02187137 -0.05436486 -0.0477407
v 0.02276419 -0.05433828 -0.04283029
v 0.03146771 -0.05443329 -0.0419119
v 0.02907078 -0.05512536 -0.04282194
v 0.03396117 -0.05364233 -0.04236954
v 0.03588305 -0.05296439 -0.04407221
v 0.03671837 -0.05258113 -0.0465638
v 0.03624331 -0.05259526 -0.04917651
v 0.03458517 -0.05300301 -0.05121046
v 0.03218824 -0.05369508 -0.05212051
v 0.02969477 -0.05448604 -0.05166286
v 0.0277729 -0.05516398 -0.04996014
v 0.02693758 -0.05554718 -0.0474686
v 0.02741264 -0.05553305 -0.04485583
v 0.03209388 -0.05492771 -0.04705983
v -0.003199516 -0.04472691 -0.01577878
v -0.0002247915 -0.048935 -0.01654148
v -0.00229067 -0.0498144 -0.01512331
v 0.0009424668 -0.04701525 -0.01795727
v 0.0008983351 -0.04456961 -0.01899141
v -0.0003453586 -0.04225343 -0.0193668
v -0.002455369 -0.04068726 -0.01898277
v -0.004866321 -0.04029083 -0.01794231
v -0.006932201 -0.0411703 -0.0165242
v -0.008099455 -0.04308999 -0.01510835
v -0.008055326 -0.04553562 -0.01407421
v -0.006811632 -0.0478518 -0.01369888
v -0.00470162 -0.04941797 -0.01408285
v 0.001633177 -0.05328685 -0.01872033
v -0.002249407 -0.05493969 -0.01605511
v 0.003826903 -0.04967892 -0.0213812
v 0.003743963 -0.04508269 -0.02332473
v 0.001406584 -0.04072964 -0.02403015
v -0.002558939 -0.03778625 -0.02330852
v -0.007090045 -0.03704119 -0.02135307
v -0.01097263 -0.03869402 -0.01868784
v -0.01316635 -0.04230195 -0.01602697
v -0.01308341 -0.04689819 -0.01408345
v -0.01074603 -0.05125123 -0.01337796
v -0.006780509 -0.05419463 -0.01409966
v 0.002150292 -0.05725771 -0.02205247
v -0.003080698 -0.05948454 -0.01846164
v 0.005105888 -0.05239671 -0.02563745
v 0.004994147 -0.04620421 -0.028256
v 0.001845 -0.04033941 -0.02920645
v -0.003497729 -0.03637379 -0.02823412
v -0.009602474 -0.03536993 -0.0255996
v -0.01483346 -0.03759682 -0.02200872
v -0.01778906 -0.04245776 -0.01842374
v -0.01767732 -0.04865026 -0.01580524
v -0.01452818 -0.05451506 -0.01485479
v -0.009185437 -0.05848068 -0.01582712
v 0.001264179 -0.06036854 -0.0261361
v -0.004684282 -0.06290084 -0.02205271
v 0.004625162 -0.05484086 -0.03021276
v 0.004498092 -0.04779899 -0.03319049
v 0.0009170175 -0.04112977 -0.0342713
v -0.005158514 -0.0366202 -0.03316557
v -0.01210057 -0.03547865 -0.03016973
v -0.01804904 -0.03801101 -0.02608633
v -0.02141002 -0.04353863 -0.02200967
v -0.02128295 -0.0505805 -0.01903194
v -0.01770187 -0.05724972 -0.01795119
v -0.01162633 -0.06175929 -0.01905686
v -0.0009182803 -0.06224412 -0.0304786
v -0.006866742 -0.06477648 -0.0263952
v 0.002442703 -0.0567165 -0.03455526
v 0.002315631 -0.04967463 -0.03753299
v -0.001265442 -0.04300541 -0.03861374
v -0.007340973 -0.03849584 -0.03750807
v -0.01428303 -0.03735429 -0.03451222
v -0.02023149 -0.03988659 -0.03042883
v -0.02359247 -0.04541427 -0.02635217
v -0.0234654 -0.05245614 -0.02337444
v -0.01988433 -0.05912536 -0.02229363
v -0.01380879 -0.06363493 -0.02339935
v -0.00413385 -0.06265831 -0.03455621
v -0.00936484 -0.0648852 -0.03096533
v -0.001178252 -0.05779737 -0.03814119
v -0.001289995 -0.05160487 -0.04075968
v -0.00443914 -0.04574007 -0.04171014
v -0.009781871 -0.04177445 -0.04073781
v -0.01588661 -0.04077059 -0.03810328
v -0.0211176 -0.04299742 -0.03451246
v -0.0240732 -0.04785842 -0.03092748
v -0.02396146 -0.05405092 -0.02830893
v -0.02081232 -0.05991572 -0.02735847
v -0.01546958 -0.06388134 -0.0283308
v -0.007994685 -0.06156111 -0.03787708
v -0.01187727 -0.06321394 -0.03521186
v -0.005800959 -0.05795318 -0.04053795
v -0.005883899 -0.05335695 -0.04248148
v -0.008221278 -0.0490039 -0.04318696
v -0.0121868 -0.0460605 -0.04246527
v -0.01671791 -0.04531544 -0.04050982
v -0.02060049 -0.04696828 -0.0378446
v -0.02279422 -0.05057621 -0.03518373
v -0.02271128 -0.05517244 -0.0332402
v -0.02037389 -0.05952549 -0.03253478
v -0.01640837 -0.06246889 -0.03325641
v -0.01203511 -0.05908483 -0.04004073
v -0.01410099 -0.0599643 -0.03862262
v -0.01086786 -0.05716515 -0.04145658
v -0.01091199 -0.05471951 -0.04249072
v -0.01215568 -0.05240333 -0.04286605
v -0.01426569 -0.05083716 -0.04248208
v -0.01667664 -0.05044073 -0.04144162
v -0.01874252 -0.0513202 -0.04002345
v -0.01990977 -0.05323988 -0.03860766
v -0.01986565 -0.05568552 -0.03757352
v -0.01862195 -0.0580017 -0.03719813
v -0.01651194 -0.05956787 -0.03758216
v -0.0157678 -0.05552822 -0.04078615
v -0.04913022 -0.01198596 0.01280665
v -0.04880806 -0.01367861 0.0177229
v -0.05122881 -0.01441032 0.01691234
v -0.04639272 -0.01271862 0.01717788
v -0.04463001 -0.01178759 0.01542336
v -0.04399222 -0.01113498 0.01292938
v -0.04465026 -0.01093566 0.01036429
v -0.0464278 -0.01124299 0.008415401
v -0.04884856 -0.01197469 0.007604837
v -0.0512639 -0.01293468 0.008149862
v -0.05302662 -0.01386571 0.009904444
v -0.0536644 -0.01451832 0.01239836
v -0.05300636 -0.01471764 0.01496345
v -0.04792091 -0.0168485 0.02176058
v -0.05247045 -0.01822364 0.02023727
v -0.04338157 -0.01504433 0.02073628
v -0.04006875 -0.01329458 0.01743883
v -0.0388701 -0.01206809 0.01275176
v -0.0401068 -0.01169342 0.007930994
v -0.0434475 -0.01227111 0.004268229
v -0.04799704 -0.01364619 0.002744853
v -0.05253638 -0.01545036 0.003769159
v -0.05584921 -0.01720011 0.007066667
v -0.05704786 -0.01842666 0.01175374
v -0.05581114 -0.01880127 0.0165745
v -0.0465758 -0.02111334 0.02443278
v -0.05270538 -0.02296603 0.02238041
v -0.04045996 -0.0186826 0.02305269
v -0.0359966 -0.01632512 0.01861006
v -0.03438167 -0.01467264 0.01229519
v -0.03604788 -0.0141679 0.005800128
v -0.04054879 -0.01494616 0.0008652806
v -0.04667836 -0.01679885 -0.001187027
v -0.0527942 -0.01922959 0.0001929998
v -0.05725756 -0.02158701 0.004635632
v -0.0588725 -0.02323955 0.01095051
v -0.05720628 -0.02374429 0.01744556
v -0.04493496 -0.02595866 0.02541709
v -0.05190525 -0.02806544 0.02308321
v -0.03798028 -0.02319449 0.02384776
v -0.03290474 -0.02051371 0.01879573
v -0.0310683 -0.01863462 0.01161468
v -0.03296304 -0.01806062 0.00422883
v -0.03808129 -0.01894563 -0.001382887
v -0.04505159 -0.02105242 -0.003716707
v -0.05200626 -0.02381653 -0.002147377
v -0.05708181 -0.0264973 0.002904594
v -0.05891825 -0.02837646 0.01008564
v -0.0570235 -0.02895045 0.01747149
v -0.04319629 -0.03080004 0.02459478
v -0.05016659 -0.03290683 0.0222609
v -0.03624162 -0.02803594 0.02302545
v -0.03116607 -0.02535516 0.01797348
v -0.02932963 -0.023476 0.01079243
v -0.03122438 -0.02290201 0.003406584
v -0.03634262 -0.02378702 -0.002205133
v -0.04331293 -0.02589381 -0.004539013
v -0.0502676 -0.02865797 -0.002969682
v -0.05534314 -0.03133875 0.002082348
v -0.05717958 -0.03321785 0.009263396
v -0.05528483 -0.03379184 0.01664925
v -0.04156952 -0.03505361 0.0220651
v -0.04769909 -0.0369063 0.0200128
v -0.03545368 -0.03262287 0.02068508
v -0.03099032 -0.03026545 0.01624244
v -0.02937538 -0.02861291 0.009927571
v -0.03104159 -0.02810818 0.003432512
v -0.0355425 -0.02888644 -0.001502335
v -0.04167208 -0.03073913 -0.003554702
v -0.04778791 -0.03316987 -0.002174616
v -0.05225128 -0.03552735 0.002268016
v -0.05386621 -0.03717983 0.00858289
v -0.0522 -0.03768456 0.01507795
v -0.04025084 -0.03820628 0.01813322
v -0.04480038 -0.03958136 0.01660985
v -0.0357115 -0.03640211 0.01710892
v -0.03239867 -0.03465235 0.01381141
v -0.03120002 -0.03342581 0.009124339
v -0.03243673 -0.03305119 0.004303575
v -0.03577743 -0.03362882 0.0006408095
v -0.04032697 -0.03500396 -0.0008825064
v -0.04486631 -0.03680813 0.0001417994
v -0.04817913 -0.03855789 0.003439248
v -0.04937778 -0.03978437 0.008126318
v -0.04814107 -0.04015905 0.01294708
v -0.03939932 -0.03987777 0.01327324
v -0.04182007 -0.04060948 0.01246268
v -0.03698398 -0.03891778 0.01272821
v -0.03522126 -0.03798676 0.01097363
v -0.03458348 -0.03733414 0.008479714
v -0.03524151 -0.03713483 0.005914629
v -0.03701906 -0.03744215 0.003965735
v -0.03943982 -0.03817385 0.003155172
v -0.04185516 -0.03913385 0.003700197
v -0.04361787 -0.04006487 0.005454719
v -0.04425566 -0.04071748 0.007948697
v -0.04359762 -0.0409168 0.01051378
v -0.03911765 -0.03986651 0.008071423
v -0.01214143 -0.03648037 0.02983379
v -0.008961821 -0.04058796 0.02943861
v -0.01123137 -0.04157859 0.03039789
v -0.007603785 -0.03857481 0.02836365
v -0.007521152 -0.03607863 0.02746099
v -0.008736063 -0.0337683 0.02697259
v -0.01092298 -0.03226274 0.02702922
v -0.01349592 -0.03196549 0.02761573
v -0.01576548 -0.03295612 0.028575
v -0.01712351 -0.03496921 0.02964997
v -0.01720614 -0.03746539 0.03055263
v -0.01599123 -0.03977579 0.03104103
v -0.01380431 -0.04128128 0.0309844
v -0.006610144 -0.04478341 0.02743721
v -0.01087551 -0.04664522 0.02924001
v -0.004057875 -0.04100001 0.02541691
v -0.003902575 -0.03630877 0.0237205
v -0.006185858 -0.03196669 0.02280259
v -0.01029592 -0.02913719 0.02290899
v -0.01513147 -0.02857852 0.02401131
v -0.01939683 -0.03044033 0.02581418
v -0.0219491 -0.03422374 0.02783442
v -0.0221044 -0.03891498 0.02953082
v -0.01982112 -0.04325712 0.03044879
v -0.01571105 -0.04608655 0.03034234
v -0.005370051 -0.0485608 0.02407092
v -0.01111676 -0.0510692 0.02649987
v -0.001931388 -0.04346347 0.02134901
v -0.001722153 -0.03714293 0.01906347
v -0.004798412 -0.03129286 0.01782668
v -0.01033588 -0.02748072 0.01797009
v -0.0168508 -0.02672797 0.01945525
v -0.02259751 -0.02923638 0.0218842
v -0.02603617 -0.03433377 0.02460611
v -0.02624541 -0.0406543 0.02689165
v -0.02316915 -0.04650438 0.02812839
v -0.01763167 -0.05031651 0.02798498
v -0.005391115 -0.0514645 0.01974577
v -0.01192603 -0.05431694 0.02250785
v -0.001480812 -0.04566795 0.01665056
v -0.00124288 -0.03848052 0.01405156
v -0.004741071 -0.03182805 0.01264513
v -0.01103805 -0.02749306 0.0128082
v -0.01844655 -0.02663714 0.01449704
v -0.02498146 -0.02948958 0.01725918
v -0.02889176 -0.03528607 0.02035439
v -0.02912969 -0.0424735 0.02295339
v -0.0256315 -0.04912597 0.02435982
v -0.01933452 -0.05346096 0.02419674
v -0.006670797 -0.05314416 0.01498348
v -0.01320571 -0.0559966 0.01774561
v -0.002760494 -0.04734766 0.01188827
v -0.00252256 -0.04016024 0.009289265
v -0.006020753 -0.03350776 0.007882833
v -0.01231773 -0.02917278 0.008045912
v -0.01972623 -0.0283168 0.009734809
v -0.02626114 -0.03116924 0.01249689
v -0.03017144 -0.03696579 0.0155921
v -0.03040937 -0.04415321 0.0181911
v -0.02691118 -0.05080569 0.01959753
v -0.0206142 -0.05514067 0.01943445
v -0.009054745 -0.05339736 0.01035845
v -0.01480145 -0.05590576 0.0127874
v -0.005616082 -0.04829997 0.007636547
v -0.005406847 -0.04197943 0.005351007
v -0.008483106 -0.03612936 0.00411427
v -0.01402058 -0.03231722 0.004257679
v -0.0205355 -0.03156453 0.005742788
v -0.0262822 -0.03407294 0.008171737
v -0.02972086 -0.03917027 0.01089364
v -0.0299301 -0.0454908 0.01317918
v -0.02685384 -0.05134088 0.01441598
v -0.02131637 -0.05515301 0.01427257
v -0.01225542 -0.0521934 0.00642848
v -0.01652078 -0.05405521 0.008231342
v -0.009703152 -0.04841 0.00440824
v -0.009547854 -0.04371876 0.002711833
v -0.01183114 -0.03937662 0.001793861
v -0.0159412 -0.03654718 0.001900315
v -0.02077675 -0.03598851 0.003002644
v -0.02504211 -0.03785032 0.004805446
v -0.02759438 -0.04163373 0.006825745
v -0.02774968 -0.04632497 0.008522153
v -0.0254664 -0.05066705 0.009440064
v -0.02135633 -0.05349654 0.00933367
v -0.01588678 -0.04967761 0.003667653
v -0.01815633 -0.05066824 0.00462693
v -0.01452875 -0.04766452 0.002592683
v -0.01444612 -0.04516834 0.00169003
v -0.01566102 -0.04285794 0.00120163
v -0.01784794 -0.04135245 0.001258254
v -0.02042088 -0.04105514 0.001844764
v -0.02269043 -0.04204583 0.002804041
v -0.02404847 -0.04405892 0.003879011
v -0.0241311 -0.0465551 0.004781663
v -0.02291619 -0.04886544 0.005270064
v -0.02072927 -0.05037099 0.005213439
v -0.01951082 -0.04615337 0.002408862
v 0.05650572 -0.0120312 -0.002309561
v 0.0576342 -0.01025224 0.002454937
v 0.05559023 -0.008763731 0.001643181
v 0.05922455 -0.01235288 0.002122521
v 0.05993516 -0.01450276 0.0007348657
v 0.05957562 -0.01612586 -0.001336038
v 0.05824228 -0.01678723 -0.00353539
v 0.0562924 -0.01630968 -0.005273879
v 0.05424844 -0.01482111 -0.006085634
v 0.05265809 -0.01272053 -0.005753219
v 0.05194747 -0.01057059 -0.004365563
v 0.05230701 -0.008947551 -0.00229466
v 0.05364035 -0.008286178 -9.530783E-05
v 0.05749773 -0.009698927 0.00763315
v 0.05365635 -0.006901443 0.006107509
v 0.06048662 -0.01364684 0.007008314
v 0.06182214 -0.01768732 0.004400492
v 0.06114643 -0.02073771 0.000508368
v 0.05864057 -0.02198064 -0.003625095
v 0.05497598 -0.02108312 -0.006892323
v 0.05113459 -0.01828563 -0.008417964
v 0.04814571 -0.01433772 -0.007793128
v 0.04681019 -0.01029724 -0.005185306
v 0.04748589 -0.007246852 -0.001293182
v 0.04999176 -0.006003916 0.002840221
v 0.0561128 -0.01043797 0.01260042
v 0.05093732 -0.006668866 0.01054496
v 0.06013972 -0.01575696 0.01175863
v 0.06193905 -0.02120066 0.008245111
v 0.06102868 -0.0253104 0.003001273
v 0.05765253 -0.02698505 -0.002567708
v 0.05271525 -0.02577585 -0.00696969
v 0.04753976 -0.02200675 -0.009025156
v 0.04351285 -0.01668775 -0.0081833
v 0.04171351 -0.01124406 -0.004669785
v 0.04262388 -0.007134259 0.0005739927
v 0.04600003 -0.005459666 0.006143034
v 0.05364644 -0.01238018 0.01675773
v 0.04776109 -0.008094132 0.01442039
v 0.05822568 -0.01842868 0.01580048
v 0.06027181 -0.02461904 0.011805
v 0.05923657 -0.02929252 0.00584197
v 0.05539736 -0.03119683 -0.0004908442
v 0.04978289 -0.02982175 -0.005496562
v 0.04389754 -0.0255357 -0.007833958
v 0.0393183 -0.0194872 -0.006876647
v 0.03727217 -0.01329684 -0.002881229
v 0.03830741 -0.008623362 0.003081799
v 0.04214662 -0.006719053 0.009414613
v 0.05039613 -0.01529133 0.01960361
v 0.04451079 -0.01100528 0.01726621
v 0.05497537 -0.02133983 0.01864636
v 0.0570215 -0.02753019 0.01465088
v 0.05598626 -0.03220367 0.008687854
v 0.05214705 -0.03410798 0.002355039
v 0.04653258 -0.0327329 -0.002650738
v 0.04064723 -0.02844685 -0.004988074
v 0.036068 -0.02239835 -0.004030824
v 0.03402187 -0.01620799 -3.534555E-05
v 0.0350571 -0.01153451 0.005927682
v 0.03889631 -0.009630203 0.0122605
v 0.04675391 -0.01882029 0.02079481
v 0.04157842 -0.01505125 0.01873934
v 0.05078082 -0.02413929 0.01995295
v 0.05258016 -0.02958298 0.01643944
v 0.05166979 -0.03369278 0.01119566
v 0.04829364 -0.03536737 0.005626678
v 0.04335636 -0.03415817 0.001224697
v 0.03818087 -0.03038907 -0.0008307695
v 0.03415396 -0.02507007 1.102686E-05
v 0.03235462 -0.01962638 0.003524542
v 0.03326499 -0.01551664 0.00876838
v 0.03664114 -0.01384199 0.01433736
v 0.04315908 -0.0225414 0.02018762
v 0.0393177 -0.01974392 0.01866198
v 0.04614796 -0.02648932 0.01956278
v 0.04748348 -0.0305298 0.01695496
v 0.04680778 -0.03358018 0.01306283
v 0.04430191 -0.03482312 0.008929431
v 0.04063732 -0.03392559 0.005662143
v 0.03679594 -0.03112811 0.004136503
v 0.03380705 -0.02718019 0.004761338
v 0.03247154 -0.02313972 0.007369161
v 0.03314724 -0.02008933 0.01126128
v 0.03565311 -0.01884639 0.01539475
v 0.04004523 -0.02600592 0.01785529
v 0.03800128 -0.02451736 0.01704353
v 0.04163558 -0.02810651 0.01752287
v 0.04234619 -0.03025645 0.01613522
v 0.04198667 -0.03187948 0.01406431
v 0.04065332 -0.03254086 0.01186496
v 0.03870343 -0.03206331 0.01012647
v 0.03665948 -0.0305748 0.009314716
v 0.03506912 -0.02847415 0.009647191
v 0.03435851 -0.02632427 0.01103479
v 0.03471804 -0.02470118 0.01310569
v 0.03605139 -0.0240398 0.01530504
v 0.03778794 -0.02879584 0.01407921
v 0.01154816 0.07629913 0.04312366
v 0.01476395 0.0744468 0.04677957
v 0.01344769 0.07231712 0.04589385
v 0.01540866 0.07701254 0.04654795
v 0.01520908 0.07932693 0.04526103
v 0.01421869 0.08076984 0.04326361
v 0.01270285 0.08095455 0.04109097
v 0.01106774 0.07983172 0.03932518
v 0.009751489 0.07770205 0.03843939
v 0.009106778 0.0751363 0.03867102
v 0.009306357 0.07282192 0.03995794
v 0.01029675 0.07137901 0.04195535
v 0.01181259 0.07119429 0.04412806
v 0.01901098 0.07236844 0.04896623
v 0.01653723 0.06836605 0.04730159
v 0.02022265 0.07719046 0.04853094
v 0.01984756 0.08154011 0.0461123
v 0.01798622 0.08425182 0.0423584
v 0.01513739 0.08459908 0.03827512
v 0.01206439 0.08248878 0.03495651
v 0.00959064 0.07848638 0.03329188
v 0.008378977 0.07366431 0.03372717
v 0.008754065 0.06931466 0.03614581
v 0.0106154 0.06660295 0.03989971
v 0.01346424 0.06625569 0.04398298
v 0.02377701 0.07031476 0.04941988
v 0.02044413 0.06492233 0.04717714
v 0.02540948 0.07681149 0.04883343
v 0.02490412 0.08267176 0.04557478
v 0.02239635 0.08632523 0.04051721
v 0.01855813 0.08679307 0.03501576
v 0.01441789 0.08394986 0.03054464
v 0.01108501 0.07855743 0.02830184
v 0.009452545 0.0720607 0.02888834
v 0.009957899 0.06620044 0.03214693
v 0.01246567 0.06254697 0.03720456
v 0.0163039 0.06207913 0.04270601
v 0.02848717 0.06853348 0.04808581
v 0.02469717 0.06240147 0.04553545
v 0.03034354 0.0759213 0.04741889
v 0.02976888 0.08258533 0.04371333
v 0.02691715 0.08673996 0.03796208
v 0.02255248 0.08727193 0.03170609
v 0.01784437 0.08403873 0.0266217
v 0.01405437 0.07790667 0.02407128
v 0.01219799 0.07051891 0.02473819
v 0.01277266 0.06385487 0.02844375
v 0.01562439 0.05970025 0.03419507
v 0.01998906 0.05916828 0.04045105
v 0.03257335 0.06723946 0.04512495
v 0.02878335 0.0611074 0.04257452
v 0.03442973 0.07462722 0.04445803
v 0.03385506 0.08129126 0.04075247
v 0.03100333 0.08544588 0.03500116
v 0.02663866 0.08597785 0.02874517
v 0.02193055 0.08274466 0.02366078
v 0.01814055 0.07661265 0.02111042
v 0.01628418 0.06922483 0.02177733
v 0.01685884 0.0625608 0.02548289
v 0.01971057 0.05840617 0.03123415
v 0.02407525 0.0578742 0.03749013
v 0.0355427 0.0665887 0.04089439
v 0.03220983 0.06119627 0.03865159
v 0.03717517 0.07308543 0.04030788
v 0.03666982 0.0789457 0.03704929
v 0.03416205 0.08259916 0.03199166
v 0.03032382 0.083067 0.02649027
v 0.02618359 0.0802238 0.02201909
v 0.02285071 0.07483137 0.01977634
v 0.02121824 0.06833464 0.02036279
v 0.0217236 0.06247437 0.02362144
v 0.02423137 0.0588209 0.02867901
v 0.0280696 0.05835307 0.03418046
v 0.03703708 0.06665975 0.03590435
v 0.03456333 0.06265736 0.03423971
v 0.03824874 0.07148182 0.03546906
v 0.03787366 0.07583147 0.03305042
v 0.03601232 0.07854319 0.02929652
v 0.03316348 0.07889044 0.02521324
v 0.03009048 0.07678008 0.02189463
v 0.02761674 0.07277769 0.02023
v 0.02640507 0.06795567 0.02066529
v 0.02678016 0.06360602 0.02308393
v 0.02864149 0.06089431 0.02683783
v 0.03149033 0.06054705 0.0309211
v 0.03687623 0.06744409 0.03075683
v 0.03555997 0.06531441 0.02987105
v 0.03752094 0.07000983 0.03052521
v 0.03732136 0.07232422 0.02923828
v 0.03633097 0.07376713 0.02724087
v 0.03481513 0.07395184 0.02506816
v 0.03318002 0.07282901 0.02330238
v 0.03186377 0.07069933 0.02241665
v 0.03121906 0.06813359 0.02264827
v 0.03141864 0.0658192 0.0239352
v 0.03240903 0.06437629 0.02593261
v 0.03392487 0.06419158 0.02810526
v 0.03507956 0.068847 0.02607256
v -0.03187488 -0.03532326 0.0379833
v -0.03314876 -0.03670794 0.04284108
v -0.03521771 -0.03746325 0.0413574
v -0.03065641 -0.0358097 0.04302484
v -0.02840847 -0.03500921 0.04185933
v -0.02700728 -0.03452092 0.03965694
v -0.02682829 -0.03447568 0.03700769
v -0.02791945 -0.03488559 0.03462154
v -0.0299884 -0.0356409 0.03313786
v -0.03248076 -0.03653914 0.0329541
v -0.0347287 -0.03733963 0.03411961
v -0.03612988 -0.03782791 0.036322
v -0.03630888 -0.03787315 0.03897125
v -0.0336564 -0.03962791 0.04712528
v -0.03754474 -0.04104739 0.0443368
v -0.0289723 -0.03793979 0.04747063
v -0.02474756 -0.03643531 0.04528022
v -0.02211418 -0.03551763 0.04114097
v -0.02177779 -0.03543264 0.03616208
v -0.02382851 -0.03620303 0.0316776
v -0.02771687 -0.03762251 0.02888912
v -0.03240096 -0.03931063 0.02854383
v -0.03662571 -0.04081511 0.03073424
v -0.03925908 -0.04173279 0.03487343
v -0.03959547 -0.04181784 0.03985232
v -0.03333655 -0.04373103 0.05031914
v -0.03857531 -0.04564345 0.04656225
v -0.02702569 -0.04145658 0.05078441
v -0.0213337 -0.03942961 0.04783326
v -0.01778577 -0.03819323 0.04225653
v -0.01733255 -0.03807867 0.03554845
v -0.02009548 -0.03911668 0.0295065
v -0.02533424 -0.0410291 0.02574962
v -0.03164511 -0.04330355 0.02528441
v -0.03733709 -0.04533052 0.0282355
v -0.04088502 -0.0465669 0.03381222
v -0.04133824 -0.04668146 0.04052031
v -0.03222781 -0.04852229 0.05203748
v -0.03818511 -0.05069703 0.04776525
v -0.02505136 -0.04593593 0.05256647
v -0.01857868 -0.04363096 0.04921061
v -0.01454412 -0.04222494 0.04286897
v -0.01402873 -0.04209471 0.03524083
v -0.01717062 -0.04327506 0.0283702
v -0.02312793 -0.04544985 0.02409798
v -0.03030438 -0.04803622 0.02356899
v -0.03677706 -0.05034119 0.02692485
v -0.04081162 -0.0517472 0.03326648
v -0.041327 -0.05187744 0.04089457
v -0.03046391 -0.05342394 0.05207294
v -0.0364212 -0.05559868 0.04780072
v -0.02328745 -0.05083752 0.05260193
v -0.01681477 -0.04853255 0.04924607
v -0.01278021 -0.04712659 0.04290444
v -0.01226483 -0.0469963 0.03527635
v -0.01540672 -0.04817671 0.02840567
v -0.02136402 -0.05035144 0.02413344
v -0.02854047 -0.05293781 0.02360445
v -0.03501315 -0.05524278 0.02696031
v -0.03904771 -0.05664879 0.03330195
v -0.0395631 -0.05677903 0.04093009
v -0.02825758 -0.05784464 0.0504213
v -0.03349634 -0.05975705 0.04666442
v -0.02194672 -0.05557019 0.05088651
v -0.01625474 -0.05354321 0.04793543
v -0.01270681 -0.05230683 0.0423587
v -0.01225358 -0.05219227 0.03565061
v -0.01501652 -0.05323029 0.02960867
v -0.02025528 -0.0551427 0.02585179
v -0.02656614 -0.05741715 0.02538651
v -0.03225812 -0.05944413 0.02833766
v -0.03580605 -0.06068051 0.03391439
v -0.03625928 -0.06079507 0.04062247
v -0.02587497 -0.06125122 0.0472818
v -0.02976332 -0.06267071 0.04449332
v -0.02119087 -0.0595631 0.04762709
v -0.01696612 -0.05805862 0.04543668
v -0.01433275 -0.05714095 0.0412975
v -0.01399636 -0.05705589 0.0363186
v -0.01604708 -0.05782634 0.03183413
v -0.01993544 -0.05924582 0.02904564
v -0.02461953 -0.06093395 0.02870029
v -0.02884427 -0.06243843 0.0308907
v -0.03147765 -0.0633561 0.03502995
v -0.03181404 -0.0634411 0.04000884
v -0.02360343 -0.06323284 0.04303306
v -0.02567237 -0.06398815 0.04154938
v -0.02111107 -0.0623346 0.04321682
v -0.01886313 -0.06153411 0.04205132
v -0.01746195 -0.06104583 0.03984892
v -0.01728295 -0.06100059 0.03719968
v -0.01837412 -0.06141049 0.03481352
v -0.02044307 -0.0621658 0.03332984
v -0.02293542 -0.06306404 0.03314608
v -0.02518336 -0.06386453 0.03431159
v -0.02658455 -0.06435281 0.03651398
v -0.02676354 -0.06439805 0.03916323
v -0.02171695 -0.06355047 0.03818762
v -0.01909585 -0.008595765 0.03173614
v -0.01947845 -0.01143008 0.03609031
v -0.0213617 -0.01239592 0.03448629
v -0.01734812 -0.009890556 0.03646982
v -0.01554155 -0.008189857 0.03552306
v -0.01454279 -0.006783664 0.03350377
v -0.01461947 -0.006048799 0.03095293
v -0.01575104 -0.006182134 0.02855414
v -0.01763429 -0.007147968 0.02695012
v -0.01976462 -0.008687496 0.02657062
v -0.02157119 -0.0103882 0.02751738
v -0.02256995 -0.01179439 0.02953666
v -0.02249327 -0.01252925 0.0320875
v -0.01873593 -0.0153091 0.03948736
v -0.02227529 -0.01712424 0.0364728
v -0.01473223 -0.01241571 0.04020059
v -0.01133698 -0.009219468 0.03842127
v -0.009459926 -0.006576717 0.03462625
v -0.009604031 -0.005195618 0.0298323
v -0.01173068 -0.005446255 0.02532405
v -0.01527004 -0.007261455 0.02230948
v -0.01927374 -0.01015478 0.02159625
v -0.02266899 -0.01335102 0.02337557
v -0.02454604 -0.01599377 0.0271706
v -0.02440194 -0.01737487 0.03196454
v -0.01695785 -0.01976496 0.04151767
v -0.02172642 -0.02221054 0.0374561
v -0.01156368 -0.01586676 0.04247856
v -0.00698927 -0.01156044 0.04008132
v -0.004460327 -0.007999897 0.03496826
v -0.00465448 -0.006139159 0.02850944
v -0.007519709 -0.00647682 0.02243549
v -0.01228827 -0.008922398 0.01837391
v -0.01768245 -0.0128206 0.01741302
v -0.02225686 -0.01712692 0.01981026
v -0.0247858 -0.02068746 0.02492332
v -0.02459165 -0.0225482 0.03138214
v -0.01435868 -0.02426022 0.04193622
v -0.0197813 -0.02704126 0.03731757
v -0.008224657 -0.01982737 0.04302895
v -0.003022829 -0.01493037 0.04030287
v -0.0001470204 -0.01088148 0.0344885
v -0.0003678035 -0.008765519 0.02714384
v -0.003626021 -0.009149492 0.02023679
v -0.009048635 -0.01193053 0.01561815
v -0.01518266 -0.01636338 0.01452541
v -0.02038448 -0.02126032 0.01725149
v -0.02326029 -0.02530926 0.02306587
v -0.02303951 -0.02742523 0.03041053
v -0.01125192 -0.02825266 0.04069263
v -0.01667453 -0.03103369 0.03607398
v -0.005117891 -0.0238198 0.04178536
v 8.393638E-05 -0.01892287 0.03905928
v 0.002959745 -0.01487392 0.03324491
v 0.002738962 -0.01275796 0.02590024
v -0.0005192552 -0.01314193 0.0189932
v -0.005941868 -0.01592296 0.01437455
v -0.01207589 -0.02035582 0.01328182
v -0.01727772 -0.02525282 0.0160079
v -0.02015353 -0.0293017 0.02182227
v -0.01993275 -0.03141767 0.02916694
v -0.008012274 -0.03126079 0.03793687
v -0.01278084 -0.03370637 0.03387529
v -0.002618104 -0.02736259 0.03889775
v 0.001956308 -0.02305627 0.03650051
v 0.004485251 -0.01949573 0.03138745
v 0.004291099 -0.01763499 0.02492863
v 0.001425872 -0.01797265 0.01885468
v -0.003342697 -0.02041823 0.0147931
v -0.008736866 -0.02431643 0.01383221
v -0.01331128 -0.02862275 0.01622945
v -0.01584022 -0.03218329 0.02134252
v -0.01564606 -0.03404403 0.02780133
v -0.005030507 -0.03292173 0.03400129
v -0.008569866 -0.03473693 0.03098673
v -0.001026807 -0.0300284 0.03471452
v 0.002368445 -0.02683216 0.0329352
v 0.004245495 -0.02418941 0.02914017
v 0.00410139 -0.02280831 0.02434623
v 0.001974741 -0.02305895 0.01983798
v -0.00156462 -0.02487409 0.01682341
v -0.00556832 -0.02776748 0.01611018
v -0.008963572 -0.03096372 0.0178895
v -0.01084062 -0.03360647 0.02168453
v -0.01069652 -0.03498757 0.02647847
v -0.002666259 -0.03303522 0.02936065
v -0.004549513 -0.03400105 0.02775663
v -0.0005359352 -0.03149569 0.02974015
v 0.001270639 -0.02979499 0.02879339
v 0.002269397 -0.0283888 0.02677411
v 0.002192721 -0.02765393 0.02422327
v 0.001061155 -0.02778727 0.02182448
v -0.0008220989 -0.0287531 0.02022046
v -0.002952423 -0.03029263 0.01984096
v -0.004758997 -0.03199333 0.02078772
v -0.005757755 -0.03339952 0.022807
v -0.005681077 -0.03413439 0.02535784
v -0.001204694 -0.03158742 0.02457464
v -0.003863566 -0.0353291 0.03860933
v -0.00506285 -0.035191 0.04367697
v -0.006932359 -0.03672564 0.04258054
v -0.002754511 -0.03389108 0.04349202
v -0.0006258544 -0.03317422 0.04207522
v 0.0007527433 -0.03323257 0.03980619
v 0.001011891 -0.03405035 0.0372929
v 8.214824E-05 -0.03540856 0.03520888
v -0.001787359 -0.03694326 0.03411245
v -0.0040957 -0.03824317 0.03429741
v -0.006224355 -0.03895998 0.03571421
v -0.007602954 -0.03890169 0.03798324
v -0.0078621 -0.03808385 0.04049653
v -0.005240561 -0.03654552 0.04870409
v -0.008754088 -0.03942978 0.0466435
v -0.0009023007 -0.0341025 0.04835647
v 0.003098264 -0.03275526 0.0456937
v 0.005689182 -0.03286487 0.04142934
v 0.00617622 -0.03440183 0.03670597
v 0.004428877 -0.03695446 0.03278923
v 0.0009153485 -0.03983867 0.03072864
v -0.003422912 -0.04228175 0.03107625
v -0.007423474 -0.04362893 0.03373903
v -0.01001439 -0.04351938 0.03800339
v -0.01050143 -0.04198235 0.04272676
v -0.004375262 -0.03922933 0.05308437
v -0.009109024 -0.04311526 0.05030811
v 0.001469661 -0.03593785 0.052616
v 0.006859606 -0.03412277 0.04902846
v 0.01035034 -0.03427035 0.0432831
v 0.01100652 -0.03634119 0.03691936
v 0.008652335 -0.03978026 0.03164232
v 0.003918573 -0.04366618 0.02886605
v -0.001926349 -0.04695767 0.02933443
v -0.007316293 -0.04877281 0.03292197
v -0.01080703 -0.04862517 0.03866738
v -0.01146321 -0.04655439 0.04503113
v -0.002571324 -0.04291874 0.05628949
v -0.007954357 -0.04733765 0.05313241
v 0.004075278 -0.03917581 0.05575687
v 0.0102045 -0.0371117 0.05167729
v 0.01417401 -0.03727961 0.04514384
v 0.0149202 -0.03963441 0.03790724
v 0.01224311 -0.04354525 0.03190649
v 0.006860077 -0.04796416 0.02874941
v 0.0002134778 -0.05170709 0.02928203
v -0.005915741 -0.05377114 0.03336161
v -0.009885257 -0.05360329 0.039895
v -0.01063144 -0.05124843 0.04713166
v -4.632585E-05 -0.04716867 0.05793279
v -0.005429359 -0.05158758 0.05477571
v 0.006600276 -0.04342574 0.05740017
v 0.01272949 -0.04136169 0.05332059
v 0.01669901 -0.04152954 0.0467872
v 0.0174452 -0.0438844 0.03955054
v 0.01476811 -0.04779518 0.03354979
v 0.009385075 -0.05221409 0.03039277
v 0.002738476 -0.05595702 0.03092533
v -0.003390742 -0.05802113 0.03500491
v -0.007360259 -0.05785322 0.04153836
v -0.008106446 -0.05549842 0.04877496
v 0.00289518 -0.05146664 0.05781615
v -0.001838582 -0.05535257 0.05503988
v 0.008740103 -0.04817516 0.05734777
v 0.01413005 -0.04636002 0.05376023
v 0.01762078 -0.04650766 0.04801482
v 0.01827697 -0.04857844 0.04165107
v 0.01592278 -0.05201757 0.03637409
v 0.01118902 -0.05590349 0.03359783
v 0.005344093 -0.05919498 0.0340662
v -4.585087E-05 -0.06101006 0.03765374
v -0.003536584 -0.06086248 0.0433991
v -0.00419277 -0.05879164 0.0497629
v 0.005898402 -0.05529416 0.05595356
v 0.002384877 -0.05817837 0.05389297
v 0.01023666 -0.05285108 0.05560595
v 0.01423723 -0.0515039 0.05294317
v 0.01682815 -0.05161345 0.04867882
v 0.01731518 -0.05315048 0.04395545
v 0.01556784 -0.05570304 0.0400387
v 0.01205431 -0.05858731 0.03797811
v 0.007716052 -0.06103033 0.03832573
v 0.003715491 -0.06237757 0.0409885
v 0.001124572 -0.06226796 0.04525286
v 0.0006375331 -0.06073099 0.04997623
v 0.008601112 -0.05818957 0.05256975
v 0.006731606 -0.05972427 0.05147332
v 0.01090945 -0.05688965 0.05238479
v 0.01303811 -0.05617285 0.05096799
v 0.01441671 -0.05623114 0.04869896
v 0.01467585 -0.05704898 0.04618567
v 0.01374611 -0.05840719 0.04410166
v 0.0118766 -0.05994183 0.04300523
v 0.009568264 -0.06124175 0.04319018
v 0.00743961 -0.06195861 0.04460698
v 0.006061012 -0.06190026 0.04687601
v 0.005801865 -0.06108248 0.0493893
v 0.01067732 -0.05980372 0.04807287
v 0.03535403 0.09281105 -0.01972646
v 0.03585815 0.09096974 -0.01487941
v 0.03463764 0.08902764 -0.01621771
v 0.03715437 0.09328741 -0.01486129
v 0.038179 0.09535974 -0.01616812
v 0.03865746 0.09663147 -0.0184499
v 0.03846158 0.09676176 -0.0210951
v 0.03764383 0.0957157 -0.02339494
v 0.03642332 0.09377354 -0.0247333
v 0.0351271 0.09145588 -0.02475142
v 0.03410247 0.08938354 -0.02344453
v 0.033624 0.08811182 -0.02116281
v 0.03381988 0.08798158 -0.01851761
v 0.03787488 0.08847183 -0.01077676
v 0.03558107 0.08482188 -0.01329201
v 0.04031099 0.09282774 -0.01074266
v 0.04223664 0.09672242 -0.01319879
v 0.04313587 0.09911245 -0.01748705
v 0.04276773 0.09935731 -0.02245843
v 0.04123086 0.09739131 -0.02678078
v 0.03893705 0.09374136 -0.02929598
v 0.03650095 0.08938545 -0.02933013
v 0.03457529 0.0854907 -0.02687395
v 0.03367606 0.08310074 -0.02258569
v 0.0340442 0.08285594 -0.01761436
v 0.04116097 0.08561856 -0.007913411
v 0.03807054 0.08070105 -0.01130211
v 0.04444313 0.09148729 -0.007867455
v 0.04703756 0.0967347 -0.01117659
v 0.04824909 0.09995466 -0.01695418
v 0.0477531 0.1002845 -0.02365202
v 0.04568247 0.09763581 -0.02947557
v 0.04259203 0.0927183 -0.03286427
v 0.03930988 0.08684951 -0.03291023
v 0.03671545 0.08160216 -0.0296011
v 0.03550392 0.07838219 -0.0238235
v 0.03599992 0.07805234 -0.01712567
v 0.04532007 0.08275414 -0.006634653
v 0.04180577 0.07716215 -0.01048815
v 0.04905241 0.08942777 -0.006582379
v 0.05200268 0.09539491 -0.0103454
v 0.05338039 0.09905654 -0.01691538
v 0.05281636 0.09943157 -0.02453196
v 0.05046173 0.09641963 -0.03115422
v 0.04694742 0.09082758 -0.03500772
v 0.04321509 0.08415395 -0.03505999
v 0.04026482 0.07818687 -0.03129697
v 0.03888711 0.07452518 -0.02472699
v 0.03945114 0.07415015 -0.01711041
v 0.04985054 0.08022404 -0.007094741
v 0.04633623 0.07463199 -0.01094824
v 0.05358287 0.08689767 -0.007042468
v 0.05653315 0.09286481 -0.01080549
v 0.05791085 0.09652644 -0.01737547
v 0.05734683 0.09690148 -0.02499205
v 0.0549922 0.09388953 -0.0316143
v 0.05147789 0.08829749 -0.0354678
v 0.04774556 0.08162385 -0.03552008
v 0.04479528 0.07565671 -0.03175706
v 0.04341757 0.07199508 -0.02518708
v 0.0439816 0.07161999 -0.0175705
v 0.05420592 0.07833338 -0.009238183
v 0.05111549 0.07341582 -0.01262689
v 0.05748808 0.08420211 -0.009192228
v 0.06008252 0.08944947 -0.01250136
v 0.06129405 0.09266943 -0.01827896
v 0.06079805 0.09299928 -0.02497679
v 0.05872742 0.09035057 -0.03080034
v 0.05563699 0.08543307 -0.03418905
v 0.05235483 0.07956433 -0.034235
v 0.0497604 0.07431698 -0.03092587
v 0.04854887 0.07109696 -0.02514833
v 0.04904487 0.0707671 -0.01845044
v 0.0578609 0.07731026 -0.01280648
v 0.05556711 0.07366031 -0.01532167
v 0.06029701 0.08166617 -0.01277232
v 0.06222267 0.08556092 -0.01522851
v 0.06312191 0.08795089 -0.01951677
v 0.06275376 0.08819568 -0.02448809
v 0.06121688 0.08622974 -0.02881044
v 0.05892308 0.08257979 -0.0313257
v 0.05648698 0.07822388 -0.03135979
v 0.05456132 0.07432914 -0.02890366
v 0.05366209 0.07193917 -0.02461541
v 0.05403023 0.07169437 -0.01964402
v 0.06037464 0.07727802 -0.01736915
v 0.05915414 0.07533592 -0.01870751
v 0.06167087 0.07959574 -0.01735103
v 0.06269549 0.08166808 -0.01865792
v 0.06317396 0.0829398 -0.02093965
v 0.06297807 0.08307004 -0.02358484
v 0.06216032 0.08202398 -0.02588475
v 0.06093982 0.08008188 -0.02722305
v 0.05964359 0.07776415 -0.02724117
v 0.05861897 0.07569182 -0.02593428
v 0.0581405 0.07442015 -0.02365255
v 0.05833638 0.07428986 -0.02100736
v 0.06144393 0.07824063 -0.022376
v 0.004409278 0.0345068 -0.0156588
v 0.004767505 0.03235596 -0.01092756
v 0.003621152 0.03049272 -0.01243311
v 0.006030864 0.03468186 -0.01071125
v 0.00707271 0.03684705 -0.01184201
v 0.007613881 0.03827155 -0.01401699
v 0.007509374 0.03857356 -0.01665336
v 0.006787188 0.03767216 -0.01904464
v 0.005640835 0.03580892 -0.02055019
v 0.004377477 0.03348309 -0.02076656
v 0.003335631 0.03131783 -0.01963574
v 0.002794459 0.0298934 -0.01746076
v 0.002898967 0.02959138 -0.01482445
v 0.006672313 0.029616 -0.006927311
v 0.004517874 0.02611423 -0.009756744
v 0.009046649 0.0339871 -0.006520689
v 0.01100468 0.03805643 -0.008645892
v 0.01202175 0.04073358 -0.01273346
v 0.01182534 0.04130113 -0.01768816
v 0.01046807 0.03960711 -0.0221824
v 0.008313633 0.03610539 -0.0250119
v 0.005939297 0.03173423 -0.02541846
v 0.003981268 0.0276649 -0.02329326
v 0.002964197 0.02498776 -0.01920569
v 0.003160609 0.0244202 -0.01425099
v 0.00989395 0.02661723 -0.004140377
v 0.00699128 0.02189934 -0.007952511
v 0.01309288 0.03250647 -0.003592551
v 0.01573093 0.03798908 -0.006455839
v 0.01710122 0.04159594 -0.01196301
v 0.0168366 0.0423606 -0.01863849
v 0.01500796 0.04007822 -0.02469349
v 0.01210529 0.03536034 -0.02850568
v 0.008906361 0.0294711 -0.02905351
v 0.006268315 0.02398854 -0.02619022
v 0.004898021 0.02038169 -0.02068299
v 0.005162643 0.01961696 -0.01400757
v 0.01404384 0.02372146 -0.002902985
v 0.01074305 0.01835644 -0.007237971
v 0.01768153 0.03041846 -0.002279997
v 0.02068141 0.03665298 -0.00553602
v 0.02223965 0.04075456 -0.01179856
v 0.02193873 0.04162419 -0.01938963
v 0.01985928 0.03902876 -0.02627516
v 0.01655849 0.03366375 -0.03061014
v 0.0129208 0.02696675 -0.03123313
v 0.009920921 0.02073222 -0.02797711
v 0.008362678 0.01663065 -0.02171457
v 0.008663597 0.01576108 -0.0141235
v 0.01862144 0.0212779 -0.003364384
v 0.01532065 0.01591289 -0.00769937
v 0.02225914 0.0279749 -0.002741396
v 0.02525901 0.03420943 -0.005997419
v 0.02681725 0.038311 -0.01225996
v 0.02651634 0.03918058 -0.01985103
v 0.02443689 0.03658521 -0.02673656
v 0.02113609 0.0312202 -0.03107154
v 0.0174984 0.0245232 -0.03169453
v 0.01449853 0.01828867 -0.02843851
v 0.01294028 0.0141871 -0.02217597
v 0.0132412 0.01331747 -0.0145849
v 0.02307464 0.01958132 -0.005468845
v 0.02017197 0.01486343 -0.009281039
v 0.02627357 0.02547055 -0.004921019
v 0.02891162 0.03095311 -0.007784307
v 0.03028191 0.03455997 -0.01329154
v 0.03001729 0.03532469 -0.01996696
v 0.02818865 0.03304231 -0.02602202
v 0.02528598 0.02832443 -0.02983415
v 0.02208705 0.02243519 -0.03038198
v 0.019449 0.01695257 -0.02751869
v 0.01807871 0.01334572 -0.02201152
v 0.01834333 0.01258105 -0.01533604
v 0.0268663 0.01883626 -0.008962631
v 0.02471186 0.01533455 -0.01179212
v 0.02924063 0.02320743 -0.008556068
v 0.03119866 0.02727675 -0.01068127
v 0.03221573 0.0299539 -0.01476884
v 0.03201932 0.03052145 -0.01972353
v 0.03066206 0.02882743 -0.02421778
v 0.02850762 0.02532566 -0.02704722
v 0.02613328 0.02095449 -0.02745384
v 0.02417525 0.01688522 -0.02532864
v 0.02315818 0.01420808 -0.02124107
v 0.02335459 0.01364052 -0.01628631
v 0.0295391 0.01913273 -0.01342434
v 0.02839275 0.01726949 -0.01492989
v 0.03080245 0.02145857 -0.01320797
v 0.0318443 0.02362382 -0.01433879
v 0.03238547 0.02504826 -0.01651376
v 0.03228096 0.02535027 -0.01915008
v 0.03155878 0.02444887 -0.02154142
v 0.03041242 0.02258569 -0.02304697
v 0.02914907 0.0202598 -0.02326328
v 0.02810722 0.0180946 -0.02213252
v 0.02756605 0.01667011 -0.01995754
v 0.02767056 0.01636809 -0.01732117
v 0.03077065 0.02043486 -0.01831573
v 0.004142752 0.07204211 -0.006887734
v 0.005551097 0.07067561 -0.002062023
v 0.00453786 0.06846237 -0.00312382
v 0.006410999 0.07317311 -0.002336502
v 0.006887157 0.07528573 -0.003873527
v 0.006851982 0.07644737 -0.006261408
v 0.006314902 0.0763467 -0.00886023
v 0.005419826 0.07501078 -0.01097363
v 0.004406588 0.07279754 -0.01203537
v 0.003546687 0.07029998 -0.01176095
v 0.00307053 0.06818742 -0.01022387
v 0.003105704 0.06702578 -0.007836044
v 0.003642784 0.06712645 -0.005237222
v 0.008461762 0.0688628 0.001859665
v 0.0065575 0.06470323 -0.0001357198
v 0.01007785 0.0735566 0.001343966
v 0.01097273 0.07752705 -0.001544833
v 0.01090663 0.07971013 -0.006032526
v 0.009897245 0.079521 -0.01091665
v 0.008215052 0.07701027 -0.01488864
v 0.006310789 0.07285076 -0.01688403
v 0.004694702 0.0681569 -0.01636827
v 0.00379982 0.06418651 -0.01347953
v 0.003865926 0.06200337 -0.008991838
v 0.004875308 0.0621925 -0.004107654
v 0.01252368 0.06682235 0.004404426
v 0.00995807 0.0612182 0.001716018
v 0.01470102 0.07314634 0.003709555
v 0.0159067 0.07849562 -0.0001823902
v 0.01581763 0.08143693 -0.006228685
v 0.0144577 0.08118212 -0.0128091
v 0.01219128 0.07779944 -0.01816046
v 0.009625677 0.07219529 -0.02084893
v 0.00744833 0.0658713 -0.02015406
v 0.006242658 0.06052202 -0.01626205
v 0.006331722 0.05758071 -0.01021582
v 0.007691658 0.05783552 -0.003635347
v 0.01724691 0.06480038 0.005265296
v 0.01432941 0.05842757 0.002208114
v 0.0197229 0.07199174 0.004475117
v 0.02109394 0.07807475 4.929304E-05
v 0.02099266 0.08141953 -0.006826282
v 0.0194462 0.08112973 -0.01430923
v 0.01686893 0.07728308 -0.02039462
v 0.01395143 0.07091027 -0.02345181
v 0.01147544 0.06371891 -0.02266163
v 0.0101044 0.0576359 -0.0182358
v 0.01020568 0.05429119 -0.01136023
v 0.01175214 0.05458093 -0.003877282
v 0.02206178 0.06304079 0.004338384
v 0.01914428 0.05666798 0.001281202
v 0.02453776 0.07023215 0.003548205
v 0.0259088 0.07631516 -0.0008776188
v 0.02580752 0.07965988 -0.007753193
v 0.02426106 0.07937014 -0.01523614
v 0.02168379 0.0755235 -0.02132154
v 0.01876629 0.06915069 -0.02437872
v 0.01629031 0.06195933 -0.02358854
v 0.01491927 0.05587631 -0.01916271
v 0.01502055 0.0525316 -0.01228714
v 0.01656701 0.05282134 -0.004804194
v 0.02638753 0.06175578 0.001735508
v 0.02382192 0.05615163 -0.0009529591
v 0.02856488 0.06807977 0.001040637
v 0.02977055 0.07342905 -0.002851367
v 0.02968148 0.07637036 -0.008897603
v 0.02832155 0.07611555 -0.01547807
v 0.02605513 0.07273287 -0.02082944
v 0.02348953 0.06712872 -0.02351785
v 0.02131218 0.06080472 -0.02282298
v 0.02010651 0.05545545 -0.01893103
v 0.02019558 0.05251414 -0.01288474
v 0.02155551 0.05276895 -0.006304324
v 0.02970241 0.0611003 -0.002229393
v 0.02779815 0.05694079 -0.004224777
v 0.0313185 0.06579417 -0.002745152
v 0.03221338 0.06976455 -0.005633891
v 0.03214728 0.07194769 -0.01012158
v 0.0311379 0.07175857 -0.01500577
v 0.0294557 0.06924784 -0.0189777
v 0.02755144 0.06508827 -0.02097309
v 0.02593536 0.06039447 -0.02045739
v 0.02504047 0.05642402 -0.01756859
v 0.02510658 0.05424094 -0.01308089
v 0.02611596 0.05443007 -0.008196771
v 0.03160661 0.06115353 -0.007078052
v 0.03059338 0.05894029 -0.008139789
v 0.03246652 0.06365108 -0.007352471
v 0.03294268 0.06576365 -0.008889556
v 0.0329075 0.06692529 -0.01127738
v 0.03237042 0.06682462 -0.0138762
v 0.03147534 0.0654887 -0.0159896
v 0.03046211 0.06327546 -0.0170514
v 0.02960221 0.06077796 -0.01677692
v 0.02912605 0.05866534 -0.01523989
v 0.02916122 0.0575037 -0.01285201
v 0.0296983 0.05760437 -0.01025319
v 0.03187045 0.06190896 -0.01222569
v -0.03684244 -0.04004723 -0.0002464056
v -0.03605599 -0.04226494 0.004401326
v -0.03844397 -0.04313517 0.003631473
v -0.03377973 -0.04101044 0.003856063
v -0.03222512 -0.03970778 0.002141774
v -0.03180872 -0.03870606 -0.0002821684
v -0.03264209 -0.03827369 -0.002766311
v -0.03450194 -0.03852648 -0.00464499
v -0.03688992 -0.0393967 -0.005414844
v -0.03916617 -0.0406512 -0.00486958
v -0.04072078 -0.04195386 -0.003155291
v -0.04113718 -0.04295558 -0.000731349
v -0.04030381 -0.04338795 0.001752794
v -0.0346254 -0.04578233 0.00796783
v -0.03911334 -0.04741782 0.006520987
v -0.03034745 -0.04342461 0.006943047
v -0.02742574 -0.04097646 0.003721237
v -0.02664316 -0.03909385 -0.0008343458
v -0.02820938 -0.03828126 -0.005502999
v -0.03170475 -0.03875631 -0.00903374
v -0.03619269 -0.0403918 -0.01048064
v -0.04047064 -0.04274952 -0.00945586
v -0.04339235 -0.04519767 -0.00623405
v -0.04417493 -0.04708028 -0.001678467
v -0.04260871 -0.04789293 0.002990186
v -0.03272325 -0.05017519 0.01002282
v -0.03876982 -0.05237865 0.008073509
v -0.02695957 -0.04699868 0.008642137
v -0.02302317 -0.04370028 0.004301429
v -0.02196879 -0.04116386 -0.00183624
v -0.02407896 -0.04006898 -0.008126318
v -0.02878826 -0.04070908 -0.01288337
v -0.03483483 -0.04291254 -0.01483268
v -0.04059851 -0.04608905 -0.01345199
v -0.04453491 -0.04938745 -0.009111285
v -0.04558929 -0.05192387 -0.002973616
v -0.04347912 -0.05301875 0.003316462
v -0.03057894 -0.05491358 0.01031852
v -0.03745485 -0.05741936 0.008101821
v -0.02402473 -0.05130142 0.008748472
v -0.01954842 -0.04755062 0.003812373
v -0.01834942 -0.04466629 -0.003167152
v -0.02074902 -0.04342127 -0.01031995
v -0.02610424 -0.04414916 -0.01572943
v -0.03298015 -0.04665488 -0.01794612
v -0.03953436 -0.0502671 -0.01637608
v -0.04401067 -0.05401784 -0.01143998
v -0.04520967 -0.05690217 -0.004460454
v -0.04281007 -0.05814719 0.002692342
v -0.02845112 -0.05942613 0.008819222
v -0.03532703 -0.06193185 0.006602526
v -0.02189691 -0.05581391 0.007249177
v -0.0174206 -0.05206317 0.002313077
v -0.01622161 -0.04917884 -0.004666448
v -0.0186212 -0.04793382 -0.01181924
v -0.02397642 -0.04866165 -0.01722872
v -0.03085233 -0.05116743 -0.01944542
v -0.03740654 -0.05477959 -0.01787537
v -0.04188285 -0.05853039 -0.01293927
v -0.04308184 -0.06141472 -0.005959749
v -0.04068225 -0.06265974 0.001193047
v -0.02659644 -0.06316847 0.005705774
v -0.03264301 -0.06537193 0.003756464
v -0.02083276 -0.05999196 0.004325092
v -0.01689636 -0.05669355 -1.561642E-05
v -0.01584198 -0.05415714 -0.006153286
v -0.01795215 -0.05306226 -0.01244336
v -0.02266145 -0.05370235 -0.01720041
v -0.02870802 -0.05590582 -0.01914972
v -0.0344717 -0.05908233 -0.01776904
v -0.0384081 -0.06238073 -0.01342833
v -0.03946248 -0.06491715 -0.007290661
v -0.03735231 -0.06601202 -0.001000583
v -0.02523859 -0.06568921 0.001353741
v -0.02972652 -0.0673247 -9.316206E-05
v -0.02096063 -0.06333148 0.000328958
v -0.01803893 -0.06088334 -0.002892852
v -0.01725634 -0.05900073 -0.007448435
v -0.01882256 -0.05818808 -0.01211709
v -0.02231793 -0.05866319 -0.01564789
v -0.02680587 -0.06029868 -0.01709473
v -0.03108382 -0.0626564 -0.01606995
v -0.03400553 -0.06510454 -0.01284814
v -0.03478812 -0.06698716 -0.008292556
v -0.03322189 -0.06779975 -0.003623903
v -0.02454135 -0.06668431 -0.003712058
v -0.02692933 -0.06755453 -0.004481912
v -0.0222651 -0.06542981 -0.004257321
v -0.02071049 -0.06412715 -0.005971611
v -0.02029409 -0.06312543 -0.008395553
v -0.02112746 -0.06269306 -0.0108797
v -0.0229873 -0.06294584 -0.01275837
v -0.02537528 -0.06381607 -0.01352823
v -0.02765154 -0.06507057 -0.01298296
v -0.02920614 -0.06637323 -0.01126868
v -0.02962255 -0.06737494 -0.008844733
v -0.02878918 -0.06780732 -0.00636059
v -0.02458883 -0.06603378 -0.008880496
v 0.03780462 -0.0402447 -0.02613372
v 0.03713744 -0.04170531 -0.02117795
v 0.03483707 -0.04228693 -0.02237058
v 0.0396833 -0.04096478 -0.02132851
v 0.0417925 -0.04026389 -0.02278191
v 0.04289987 -0.03979033 -0.02514875
v 0.04270871 -0.03967112 -0.02779484
v 0.04127022 -0.03993803 -0.03001112
v 0.03896985 -0.04051971 -0.03120375
v 0.03642399 -0.04126024 -0.03105319
v 0.03431479 -0.04196113 -0.02959979
v 0.03320742 -0.04243469 -0.02723294
v 0.03339858 -0.0425539 -0.02458686
v 0.03704879 -0.04472524 -0.0169341
v 0.03272551 -0.04581845 -0.01917553
v 0.04183345 -0.04333359 -0.01721704
v 0.04579744 -0.04201627 -0.0199486
v 0.04787863 -0.04112637 -0.02439678
v 0.04751935 -0.0409022 -0.02936977
v 0.04481588 -0.04140395 -0.033535
v 0.04049259 -0.0424971 -0.03577644
v 0.03570794 -0.04388881 -0.03549349
v 0.03174394 -0.04520607 -0.03276193
v 0.02966276 -0.04609603 -0.02831376
v 0.03002204 -0.04632014 -0.02334076
v 0.03754936 -0.04894036 -0.01391405
v 0.03172462 -0.05041319 -0.01693398
v 0.04399571 -0.04706538 -0.01429528
v 0.04933639 -0.04529059 -0.01797545
v 0.05214036 -0.04409158 -0.02396852
v 0.05165631 -0.04378957 -0.03066856
v 0.04801393 -0.0444656 -0.03628039
v 0.04218919 -0.04593837 -0.03930026
v 0.03574284 -0.04781342 -0.03891903
v 0.03040216 -0.0495882 -0.03523886
v 0.02759819 -0.05078721 -0.02924585
v 0.02808224 -0.05108917 -0.02254575
v 0.03857877 -0.05384225 -0.01248211
v 0.03195513 -0.05551702 -0.01591617
v 0.04590929 -0.05171007 -0.01291561
v 0.05198249 -0.04969186 -0.01710057
v 0.05517105 -0.04832834 -0.02391559
v 0.0546206 -0.04798496 -0.03153461
v 0.05047864 -0.04875368 -0.03791618
v 0.043855 -0.05042851 -0.04135025
v 0.03652447 -0.05256069 -0.04091674
v 0.03045128 -0.0545789 -0.03673178
v 0.02726272 -0.05594236 -0.02991676
v 0.02781317 -0.05628574 -0.02229774
v 0.04001287 -0.05883956 -0.01281095
v 0.03338923 -0.06051439 -0.01624507
v 0.04734339 -0.05670738 -0.01324445
v 0.05341659 -0.05468917 -0.01742941
v 0.05660515 -0.05332571 -0.02424443
v 0.0560547 -0.05298233 -0.03186345
v 0.05191273 -0.05375105 -0.03824502
v 0.04528909 -0.05542582 -0.04167908
v 0.03795857 -0.057558 -0.04124558
v 0.03188538 -0.05957621 -0.03706062
v 0.02869682 -0.06093973 -0.0302456
v 0.02924727 -0.06128311 -0.02262658
v 0.04167867 -0.0633297 -0.01486093
v 0.03585394 -0.06480247 -0.0178808
v 0.04812503 -0.06145465 -0.01524216
v 0.0534657 -0.05967987 -0.01892233
v 0.05626968 -0.05848086 -0.02491534
v 0.05578562 -0.0581789 -0.03161544
v 0.05214324 -0.05885488 -0.03722721
v 0.04631851 -0.06032771 -0.04024714
v 0.03987215 -0.06220269 -0.03986591
v 0.03453148 -0.06397748 -0.03618574
v 0.03172751 -0.06517649 -0.03019267
v 0.03221156 -0.0654785 -0.02349263
v 0.04337527 -0.06677097 -0.01838475
v 0.03905199 -0.06786412 -0.02062619
v 0.04815993 -0.06537926 -0.0186677
v 0.05212392 -0.064062 -0.02139926
v 0.0542051 -0.06317204 -0.02584743
v 0.05384583 -0.06294793 -0.03082043
v 0.05114236 -0.06344962 -0.03498566
v 0.04681908 -0.06454283 -0.03722709
v 0.04203442 -0.06593448 -0.03694415
v 0.03807043 -0.0672518 -0.03421259
v 0.03598924 -0.0681417 -0.02976441
v 0.03634852 -0.06836587 -0.02479142
v 0.04489802 -0.06874835 -0.02295744
v 0.04259765 -0.06933004 -0.02415007
v 0.04744388 -0.06800783 -0.02310801
v 0.04955307 -0.06730694 -0.02456141
v 0.05066045 -0.06683344 -0.02692825
v 0.05046928 -0.06671417 -0.02957433
v 0.0490308 -0.06698114 -0.03179061
v 0.04673043 -0.06756276 -0.03298324
v 0.04418457 -0.06830329 -0.03283268
v 0.04207537 -0.06900418 -0.03137928
v 0.04096799 -0.06947774 -0.02901244
v 0.04115916 -0.06959695 -0.02636635
v 0.04606325 -0.06902337 -0.02802747
v -0.02087689 -0.01496571 -0.02284878
v -0.02371312 -0.01359683 -0.01869905
v -0.02532961 -0.0151251 -0.02014947
v -0.02129051 -0.01262301 -0.01821423
v -0.01871091 -0.01246458 -0.01882493
v -0.01666552 -0.01316404 -0.02036756
v -0.0157024 -0.01453388 -0.02242869
v -0.01607962 -0.0162071 -0.02445608
v -0.01769611 -0.01773536 -0.02590656
v -0.02011872 -0.01870918 -0.02639133
v -0.02269832 -0.01886761 -0.02578062
v -0.02474372 -0.01816821 -0.02423805
v -0.02570683 -0.01679838 -0.02217686
v -0.02586272 -0.01379383 -0.01395786
v -0.02890072 -0.01666605 -0.01668382
v -0.0213097 -0.01196367 -0.01304674
v -0.01646163 -0.01166594 -0.01419449
v -0.01261755 -0.0129804 -0.0170936
v -0.01080748 -0.0155549 -0.0209673
v -0.01151643 -0.01869953 -0.02477759
v -0.01455443 -0.02157176 -0.02750355
v -0.01910745 -0.02340198 -0.02841467
v -0.02395551 -0.0236997 -0.02726692
v -0.02779959 -0.02238524 -0.02436775
v -0.02960967 -0.01981074 -0.0204941
v -0.0270664 -0.01553297 -0.009197116
v -0.03115949 -0.01940268 -0.01286972
v -0.02093213 -0.01306719 -0.007969499
v -0.01440035 -0.01266605 -0.009515882
v -0.009221235 -0.01443702 -0.01342189
v -0.006782534 -0.01790559 -0.01864088
v -0.007737694 -0.02214241 -0.0237745
v -0.01183078 -0.02601212 -0.0274471
v -0.01796505 -0.02847791 -0.02867472
v -0.02449684 -0.02887911 -0.02712834
v -0.02967595 -0.02710807 -0.02322233
v -0.03211465 -0.0236395 -0.01800328
v -0.02717899 -0.01860446 -0.004990935
v -0.03183348 -0.02300495 -0.009167314
v -0.02020336 -0.01580048 -0.003594995
v -0.01277568 -0.01534426 -0.005353451
v -0.006886216 -0.01735818 -0.009795189
v -0.004113028 -0.02130252 -0.01573002
v -0.005199194 -0.02612042 -0.02156776
v -0.009853682 -0.03052092 -0.02574408
v -0.01682931 -0.03332496 -0.02714008
v -0.02425699 -0.03378111 -0.02538157
v -0.03014646 -0.03176719 -0.02093983
v -0.03291965 -0.02782285 -0.01500499
v -0.02618691 -0.02263784 -0.00184679
v -0.03084139 -0.02703834 -0.006023109
v -0.01921127 -0.01983386 -0.0004507899
v -0.0117836 -0.01937765 -0.002209306
v -0.00589413 -0.02139157 -0.006651044
v -0.003120942 -0.02533591 -0.01258588
v -0.00420711 -0.03015381 -0.01842356
v -0.008861596 -0.0345543 -0.02259994
v -0.01583723 -0.03735828 -0.02399588
v -0.0232649 -0.0378145 -0.02223742
v -0.02915437 -0.03580058 -0.01779568
v -0.03192756 -0.03185624 -0.01186085
v -0.02420981 -0.02714664 -0.0001437664
v -0.02830289 -0.03101635 -0.003816366
v -0.01807554 -0.02468085 0.001083851
v -0.01154375 -0.02427965 -0.000462532
v -0.006364638 -0.02605069 -0.004368544
v -0.003925936 -0.02951926 -0.009587526
v -0.004881097 -0.03375608 -0.01472116
v -0.008974183 -0.03762579 -0.01839375
v -0.01510845 -0.04009157 -0.01962137
v -0.02164024 -0.04049271 -0.01807499
v -0.02681935 -0.03872174 -0.01416898
v -0.02925805 -0.03525317 -0.008949995
v -0.02148616 -0.031587 -8.73208E-05
v -0.02452416 -0.03445923 -0.00281328
v -0.01693314 -0.02975678 0.0008237958
v -0.01208507 -0.02945906 -0.0003239512
v -0.00824099 -0.03077352 -0.003223121
v -0.006430918 -0.03334802 -0.007096767
v -0.007139865 -0.03649271 -0.01090705
v -0.01017786 -0.03936493 -0.01363301
v -0.01473089 -0.04119509 -0.01454413
v -0.01957895 -0.04149282 -0.01339638
v -0.02342303 -0.04017836 -0.01049727
v -0.02523311 -0.03760386 -0.006623566
v -0.01834448 -0.0354234 -0.001684308
v -0.01996096 -0.03695166 -0.003134787
v -0.01592187 -0.03444958 -0.001199543
v -0.01334226 -0.03429115 -0.001810253
v -0.01129687 -0.03499055 -0.003352821
v -0.01033376 -0.03636038 -0.005414009
v -0.01071098 -0.03803366 -0.007441401
v -0.01232746 -0.03956193 -0.008891821
v -0.01475007 -0.04053575 -0.009376645
v -0.01732968 -0.04069418 -0.008765936
v -0.01937507 -0.03999472 -0.007223308
v -0.02033818 -0.03862488 -0.005162179
v -0.0151637 -0.03819305 -0.004742086
v -0.0412605 0.1108723 -0.0008539557
v -0.04165981 0.1089717 0.003979921
v -0.04208867 0.1068848 0.002394438
v -0.04089573 0.1114941 0.004305363
v -0.04000118 0.1137763 0.00328362
v -0.03921584 0.1152067 0.001188457
v -0.03875016 0.1154019 -0.00141871
v -0.03872889 0.1143098 -0.003839314
v -0.03915776 0.1122231 -0.005424798
v -0.03992183 0.1097006 -0.005750239
v -0.04081638 0.1074185 -0.004728496
v -0.04160172 0.1059881 -0.002633333
v -0.04206741 0.1057927 -2.616644E-05
v -0.04030753 0.1067503 0.008493781
v -0.04111353 0.1028283 0.005514145
v -0.03887154 0.1114909 0.009105444
v -0.03719033 0.1157799 0.007185221
v -0.03571438 0.1184682 0.003247619
v -0.03483918 0.1188353 -0.0016523
v -0.03479921 0.1167828 -0.006201565
v -0.03560521 0.112861 -0.009181201
v -0.0370412 0.1081203 -0.009792864
v -0.03872241 0.1038312 -0.007872641
v -0.04019836 0.1011431 -0.003935039
v -0.04107357 0.1007759 0.00096488
v -0.03736676 0.1044762 0.01214325
v -0.03845268 0.0991922 0.008128822
v -0.03543206 0.1108633 0.01296735
v -0.03316698 0.1166418 0.01038021
v -0.03117844 0.1202638 0.005075097
v -0.02999927 0.1207582 -0.001526535
v -0.02994544 0.1179931 -0.00765574
v -0.03103135 0.112709 -0.01167023
v -0.03296605 0.106322 -0.01249433
v -0.03523114 0.1005433 -0.009907186
v -0.03721968 0.0969215 -0.004602015
v -0.03839885 0.0964269 0.001999617
v -0.03319222 0.1024236 0.01448816
v -0.03442708 0.09641486 0.009923041
v -0.03099216 0.1096867 0.01542526
v -0.0284164 0.116258 0.0124833
v -0.02615511 0.1203765 0.006450534
v -0.02481422 0.120939 -0.001056552
v -0.02475299 0.1177945 -0.008026421
v -0.02598785 0.1117857 -0.01259154
v -0.02818792 0.1045226 -0.01352865
v -0.03076368 0.09795135 -0.01058668
v -0.03302496 0.09383279 -0.004553914
v -0.03436586 0.09327036 0.002953172
v -0.0282874 0.1008402 0.01524562
v -0.02952226 0.09483141 0.0106805
v -0.02608734 0.1081032 0.01618272
v -0.02351158 0.1146745 0.01324075
v -0.02125029 0.1187931 0.00720799
v -0.01990939 0.1193555 -0.0002990961
v -0.01984817 0.116211 -0.007268965
v -0.02108304 0.1102023 -0.01183408
v -0.0232831 0.1029392 -0.01277119
v -0.02585885 0.0963679 -0.009829223
v -0.02812014 0.09224933 -0.003796458
v -0.02946104 0.0916869 0.003710628
v -0.0232439 0.09991688 0.01432431
v -0.02432982 0.0946328 0.01030982
v -0.0213092 0.1063039 0.0151484
v -0.01904411 0.1120825 0.01256126
v -0.01705558 0.1157044 0.007256091
v -0.01587641 0.116199 0.0006545186
v -0.01582257 0.1134337 -0.005474746
v -0.01690849 0.1081497 -0.009489179
v -0.01884319 0.1017626 -0.01031327
v -0.02110828 0.09598404 -0.007726133
v -0.02309681 0.09236211 -0.002421021
v -0.02427598 0.09186757 0.00418061
v -0.01867004 0.09976488 0.01183528
v -0.01947604 0.09584302 0.008855641
v -0.01723406 0.1045056 0.01244694
v -0.01555285 0.1087946 0.01052672
v -0.0140769 0.1114828 0.006589115
v -0.01320169 0.11185 0.001689196
v -0.01316173 0.1097975 -0.002860069
v -0.01396773 0.1058756 -0.005839705
v -0.01540372 0.101135 -0.006451368
v -0.01708492 0.09684592 -0.004531145
v -0.01856087 0.09415764 -0.0005935431
v -0.01943608 0.09379059 0.004306376
v -0.0151175 0.1004028 0.008078873
v -0.01554636 0.09831601 0.00649339
v -0.01435343 0.1029252 0.008404315
v -0.01345888 0.1052074 0.007382572
v -0.01267354 0.1066378 0.005287409
v -0.01220785 0.1068332 0.002680242
v -0.01218659 0.1057411 0.0002596378
v -0.01261545 0.1036542 -0.001325846
v -0.01337952 0.1011317 -0.001651287
v -0.01427407 0.09884959 -0.0006295443
v -0.01505941 0.0974192 0.001465619
v -0.0155251 0.09722394 0.004072785
v -0.01301476 0.1017535 0.003508031
v 0.01820942 -0.016366 -0.03996044
v 0.01860449 -0.01368368 -0.03551215
v 0.01634958 -0.01282573 -0.03662199
v 0.02062612 -0.01540446 -0.03544676
v 0.02187278 -0.01752704 -0.03644329
v 0.02201043 -0.01948255 -0.03823477
v 0.02100218 -0.02074713 -0.04034114
v 0.01911819 -0.02098185 -0.042198
v 0.01686329 -0.02012384 -0.04330778
v 0.01484166 -0.01840305 -0.04337323
v 0.013595 -0.01628053 -0.04237664
v 0.01345735 -0.01432496 -0.04058516
v 0.0144656 -0.01306045 -0.03847879
v 0.01800083 -0.01240039 -0.03049946
v 0.01376299 -0.0107879 -0.0325852
v 0.02180025 -0.01563442 -0.03037655
v 0.0241432 -0.01962346 -0.03224945
v 0.0244019 -0.02329868 -0.03561634
v 0.02250701 -0.0256753 -0.03957498
v 0.01896628 -0.02611643 -0.04306477
v 0.01472844 -0.02450395 -0.04515052
v 0.01092902 -0.02126992 -0.04527342
v 0.008586066 -0.01728082 -0.04340053
v 0.008327373 -0.01360565 -0.04003364
v 0.01022226 -0.01122904 -0.036075
v 0.01647126 -0.01267087 -0.025527
v 0.01076163 -0.0104984 -0.02833712
v 0.0215902 -0.01702809 -0.02536142
v 0.02474686 -0.02240258 -0.02788478
v 0.02509539 -0.02735412 -0.03242093
v 0.02254242 -0.03055608 -0.03775442
v 0.017772 -0.03115046 -0.04245615
v 0.01206238 -0.02897799 -0.04526627
v 0.006943431 -0.02462077 -0.04543185
v 0.003786778 -0.01924634 -0.04290849
v 0.003438244 -0.01429474 -0.03837234
v 0.00599122 -0.01109278 -0.03303885
v 0.01420026 -0.01446259 -0.02119446
v 0.007707512 -0.01199216 -0.02439004
v 0.02002131 -0.01941746 -0.02100617
v 0.02361092 -0.02552903 -0.02387565
v 0.02400726 -0.03115976 -0.02903396
v 0.02110413 -0.03480089 -0.03509897
v 0.01567941 -0.0354768 -0.04044563
v 0.009186665 -0.03300631 -0.04364115
v 0.003365614 -0.0280515 -0.04382944
v -0.0002239961 -0.02193987 -0.04096001
v -0.0006203372 -0.01630914 -0.03580171
v 0.0022828 -0.01266801 -0.02973664
v 0.01146175 -0.01755935 -0.0180245
v 0.004969006 -0.01508892 -0.02122003
v 0.0172828 -0.02251422 -0.01783621
v 0.02087242 -0.02862585 -0.02070564
v 0.02126876 -0.03425658 -0.02586395
v 0.01836562 -0.03789771 -0.03192902
v 0.01294091 -0.03857356 -0.03727561
v 0.006448159 -0.03610313 -0.0404712
v 0.0006271098 -0.03114825 -0.04065949
v -0.002962502 -0.02503669 -0.03779
v -0.003358841 -0.01940596 -0.0326317
v -0.0004557054 -0.01576483 -0.02656668
v 0.008586041 -0.02158773 -0.01639938
v 0.002876416 -0.01941526 -0.0192095
v 0.01370499 -0.02594495 -0.0162338
v 0.01686164 -0.03131938 -0.01875716
v 0.01721017 -0.03627098 -0.02329332
v 0.0146572 -0.03947294 -0.0286268
v 0.009886787 -0.04006732 -0.03332853
v 0.004177161 -0.03789485 -0.03613865
v -0.0009417851 -0.03353763 -0.03630424
v -0.004098436 -0.02816314 -0.03378087
v -0.00444697 -0.0232116 -0.02924472
v -0.001893995 -0.02000964 -0.02391124
v 0.00591998 -0.02606177 -0.01651514
v 0.001682142 -0.02444929 -0.01860088
v 0.009719402 -0.0292958 -0.01639223
v 0.01206235 -0.0332849 -0.01826513
v 0.01232105 -0.03696007 -0.02163202
v 0.01042616 -0.03933668 -0.02559066
v 0.006885429 -0.03977782 -0.02908045
v 0.002647588 -0.03816533 -0.0311662
v -0.001151832 -0.0349313 -0.0312891
v -0.003494784 -0.03094226 -0.0294162
v -0.003753476 -0.02726704 -0.02604932
v -0.001858588 -0.02489042 -0.02209067
v 0.003785131 -0.03044188 -0.01835787
v 0.001530224 -0.02958387 -0.01946765
v 0.005806762 -0.03216267 -0.01829243
v 0.00705342 -0.03428519 -0.01928902
v 0.007191067 -0.03624076 -0.02108049
v 0.00618282 -0.03750527 -0.02318686
v 0.004298836 -0.03773999 -0.02504367
v 0.002043931 -0.03688204 -0.0261535
v 2.230145E-05 -0.03516126 -0.02621889
v -0.001224358 -0.03303868 -0.02522236
v -0.001362005 -0.03108317 -0.02343088
v -0.0003537554 -0.02981859 -0.02132452
v 0.002438994 -0.03419971 -0.02170521
v 0.03338203 -0.02268225 0.04058397
v 0.03490596 -0.02122402 0.04534733
v 0.03252925 -0.02008569 0.04501891
v 0.03677205 -0.02292848 0.04453182
v 0.0376275 -0.02474231 0.04279095
v 0.03724309 -0.02617949 0.04059112
v 0.03572182 -0.02685499 0.03852189
v 0.03347133 -0.02658772 0.03713757
v 0.03109462 -0.0254494 0.03680915
v 0.02922853 -0.02374494 0.03762466
v 0.02837308 -0.02193111 0.03936553
v 0.02875749 -0.02049392 0.04156536
v 0.03027876 -0.01981843 0.04363459
v 0.0354826 -0.02125049 0.05052465
v 0.03101584 -0.01911116 0.04990751
v 0.03898969 -0.02445382 0.04899204
v 0.04059741 -0.02786273 0.04572028
v 0.03987496 -0.03056377 0.04158598
v 0.03701591 -0.03183329 0.03769702
v 0.03278637 -0.03133106 0.03509539
v 0.02831961 -0.02919167 0.03447825
v 0.02481252 -0.02598834 0.03601086
v 0.0232048 -0.02257949 0.03928262
v 0.02392726 -0.01987839 0.04341692
v 0.0267863 -0.01860893 0.04730588
v 0.03504239 -0.0227586 0.05549157
v 0.02902435 -0.01987618 0.05466008
v 0.03976749 -0.02707434 0.05342668
v 0.04193356 -0.03166717 0.04901862
v 0.0409602 -0.03530627 0.04344857
v 0.03710823 -0.03701669 0.03820896
v 0.03140977 -0.03634 0.03470379
v 0.02539173 -0.03345764 0.03387231
v 0.02066663 -0.02914184 0.03593719
v 0.01850056 -0.02454907 0.04034525
v 0.01947392 -0.02090991 0.04591531
v 0.0233259 -0.01919955 0.05115491
v 0.03363843 -0.02556628 0.05964899
v 0.02679497 -0.02228856 0.05870342
v 0.03901162 -0.03047401 0.05730087
v 0.04147478 -0.03569674 0.05228823
v 0.04036792 -0.03983504 0.04595417
v 0.03598762 -0.04177999 0.03999591
v 0.02950757 -0.04101056 0.03600997
v 0.0226641 -0.03773284 0.0350644
v 0.01729092 -0.03282511 0.03741252
v 0.01482776 -0.02760237 0.04242522
v 0.01593462 -0.02346408 0.04875922
v 0.02031493 -0.02151912 0.05471748
v 0.03144007 -0.02933502 0.06249541
v 0.0245966 -0.0260573 0.06154984
v 0.03681325 -0.03424275 0.06014729
v 0.03927641 -0.03946549 0.05513459
v 0.03816955 -0.04360378 0.04880059
v 0.03378925 -0.04554874 0.04284233
v 0.0273092 -0.0447793 0.03885639
v 0.02046574 -0.04150158 0.03791082
v 0.01509256 -0.03659385 0.04025894
v 0.0126294 -0.03137112 0.04527164
v 0.01373626 -0.02723283 0.05160564
v 0.01811656 -0.02528787 0.0575639
v 0.02871244 -0.03361022 0.0636875
v 0.0226944 -0.03072786 0.06285602
v 0.03343754 -0.03792602 0.06162262
v 0.03560361 -0.04251879 0.05721456
v 0.03463025 -0.04615796 0.0516445
v 0.03077828 -0.04786831 0.0464049
v 0.02507982 -0.04719168 0.04289973
v 0.01906178 -0.04430926 0.04206824
v 0.01433669 -0.03999352 0.04413313
v 0.01217062 -0.03540069 0.04854119
v 0.01314398 -0.03176159 0.05411124
v 0.01699595 -0.03005117 0.05935085
v 0.02578456 -0.03787619 0.06308156
v 0.02131781 -0.0357368 0.06246442
v 0.02929166 -0.04107952 0.06154895
v 0.03089937 -0.04448837 0.05827719
v 0.03017692 -0.04718947 0.05414289
v 0.02731788 -0.04845893 0.05025393
v 0.02308833 -0.04795671 0.0476523
v 0.01862158 -0.04581732 0.04703516
v 0.01511448 -0.04261404 0.04856777
v 0.01350677 -0.03920513 0.05183953
v 0.01422922 -0.03650409 0.05597383
v 0.01708826 -0.03523457 0.05986279
v 0.02300956 -0.04161847 0.06075066
v 0.02063285 -0.04048014 0.06042224
v 0.02487564 -0.04332292 0.05993515
v 0.02573109 -0.04513675 0.05819428
v 0.02534668 -0.04657394 0.05599445
v 0.02382542 -0.04724944 0.05392522
v 0.02157492 -0.04698217 0.0525409
v 0.01919821 -0.04584384 0.05221248
v 0.01733213 -0.04413939 0.05302799
v 0.01647668 -0.04232556 0.05476886
v 0.01686109 -0.04088837 0.05696869
v 0.01838235 -0.04021287 0.05903792
v 0.02072214 -0.04438561 0.05697584
v 0.05882873 -0.04633087 -0.006085098
v 0.05982901 -0.04428864 -0.001398206
v 0.05754645 -0.04316157 -0.002154529
v 0.06172064 -0.0461176 -0.001757324
v 0.06271447 -0.04815847 -0.003135622
v 0.06254421 -0.04986429 -0.005163848
v 0.06125548 -0.05077803 -0.00729847
v 0.0591936 -0.05065483 -0.008967578
v 0.05691104 -0.04952776 -0.009723902
v 0.05501941 -0.0476988 -0.009364784
v 0.05402558 -0.04565793 -0.007986486
v 0.05419584 -0.04395211 -0.005958259
v 0.05548456 -0.04303837 -0.003823638
v 0.05979124 -0.04364729 0.003771484
v 0.05550142 -0.04152906 0.002350032
v 0.06334634 -0.04708469 0.003096581
v 0.06521413 -0.05092019 0.0005061626
v 0.06489415 -0.05412608 -0.003305614
v 0.06247213 -0.05584335 -0.007317424
v 0.05859705 -0.05561185 -0.0104543
v 0.05430724 -0.05349368 -0.01187569
v 0.05075214 -0.05005628 -0.01120079
v 0.04888435 -0.04622078 -0.008610427
v 0.04920433 -0.04301488 -0.004798651
v 0.05162635 -0.04129761 -0.0007868409
v 0.05871996 -0.04448426 0.008800387
v 0.05294032 -0.04163039 0.00688529
v 0.06350974 -0.04911542 0.007891119
v 0.06602621 -0.05428296 0.004401088
v 0.0655951 -0.05860227 -0.000734508
v 0.06233192 -0.06091595 -0.006139576
v 0.05711104 -0.0606041 -0.0103659
v 0.05133139 -0.05775023 -0.01228094
v 0.04654162 -0.05311906 -0.01137167
v 0.04402515 -0.04795152 -0.007881641
v 0.04445625 -0.04363221 -0.002746046
v 0.04771943 -0.04131854 0.002659023
v 0.0567444 -0.04669857 0.01308203
v 0.05017202 -0.04345328 0.01090425
v 0.06219113 -0.05196494 0.01204801
v 0.06505276 -0.05784124 0.00807929
v 0.06456252 -0.06275302 0.002239347
v 0.06085177 -0.06538403 -0.003907084
v 0.0549148 -0.06502938 -0.008713067
v 0.04834242 -0.06178409 -0.01089078
v 0.0428957 -0.05651772 -0.00985682
v 0.04003407 -0.05064136 -0.005888104
v 0.04052431 -0.04572964 -4.816055E-05
v 0.04423506 -0.04309863 0.00609833
v 0.05410283 -0.05002314 0.01609987
v 0.04753046 -0.04677784 0.01392215
v 0.05954956 -0.05528951 0.01506591
v 0.06241119 -0.06116587 0.01109719
v 0.06192095 -0.06607759 0.005257189
v 0.0582102 -0.0687086 -0.0008892417
v 0.05227323 -0.06835395 -0.005695164
v 0.04570086 -0.06510866 -0.007872939
v 0.04025413 -0.05984229 -0.006838918
v 0.0373925 -0.05396599 -0.002870202
v 0.03788274 -0.04905427 0.002969742
v 0.04159349 -0.0464232 0.009116173
v 0.05111387 -0.054057 0.01749003
v 0.04533422 -0.05120313 0.01557499
v 0.05590364 -0.05868816 0.01658076
v 0.05842011 -0.06385571 0.01309073
v 0.057989 -0.06817502 0.007955134
v 0.05472583 -0.07048869 0.002550066
v 0.04950494 -0.07017684 -0.001676202
v 0.04372529 -0.06732297 -0.003591299
v 0.03893552 -0.06269181 -0.00268203
v 0.03641905 -0.05752426 0.0008080006
v 0.03685016 -0.05320495 0.005943596
v 0.04011334 -0.05089128 0.01134866
v 0.04813802 -0.05831355 0.01708478
v 0.04384821 -0.05619538 0.01566339
v 0.05169312 -0.06175095 0.01640987
v 0.05356091 -0.06558645 0.01381952
v 0.05324093 -0.06879234 0.01000774
v 0.05081891 -0.07050961 0.005995929
v 0.04694384 -0.07027817 0.002859056
v 0.04265402 -0.06815994 0.001437664
v 0.03909892 -0.06472254 0.002112508
v 0.03723112 -0.06088704 0.004702926
v 0.03755111 -0.05768114 0.008514702
v 0.03997313 -0.05596387 0.01252651
v 0.04553422 -0.06227946 0.01493299
v 0.04325166 -0.0611524 0.01417667
v 0.04742585 -0.06410843 0.01457387
v 0.04841968 -0.06614929 0.01319557
v 0.04824942 -0.06785512 0.01116735
v 0.0469607 -0.06876886 0.009032726
v 0.04489881 -0.06864566 0.007363617
v 0.04261625 -0.06751859 0.006607294
v 0.04072462 -0.06568962 0.006966412
v 0.03973079 -0.06364876 0.00834471
v 0.03990105 -0.06194299 0.01037294
v 0.04118977 -0.0610292 0.01250756
v 0.04361653 -0.06547636 0.01129419
v 0.0349865 -0.004213989 0.0173291
v 0.03661253 -0.001987576 0.0217492
v 0.03435088 -0.0007309914 0.02115053
v 0.03832 -0.003976822 0.02132535
v 0.03901578 -0.006165862 0.01999247
v 0.03851344 -0.007968009 0.01810771
v 0.03694758 -0.008900464 0.0161761
v 0.03473777 -0.008713305 0.01471525
v 0.03247613 -0.007456779 0.01411653
v 0.03076866 -0.005467474 0.01454037
v 0.03007287 -0.003278494 0.01587331
v 0.03057521 -0.001476288 0.01775801
v 0.03214107 -0.0005438924 0.01968962
v 0.03715806 -0.001046062 0.02684373
v 0.03290756 0.001315534 0.02571851
v 0.04036706 -0.004784703 0.02604711
v 0.0416747 -0.008898675 0.02354211
v 0.04073062 -0.01228565 0.01999992
v 0.03778776 -0.01403809 0.01636976
v 0.03363468 -0.01368636 0.01362419
v 0.02938418 -0.01132482 0.01249897
v 0.02617518 -0.007586181 0.01329559
v 0.02486754 -0.003472209 0.0158006
v 0.02581162 -8.523464E-05 0.01934278
v 0.02875448 0.001667202 0.022973
v 0.03655732 -0.001502991 0.03199822
v 0.03083064 0.001678705 0.03048223
v 0.04088079 -0.00654006 0.03092492
v 0.04264258 -0.01208282 0.02754992
v 0.04137061 -0.01664609 0.02277762
v 0.03740571 -0.01900709 0.01788664
v 0.03181027 -0.01853329 0.01418757
v 0.02608359 -0.01535153 0.01267159
v 0.02176012 -0.01031446 0.01374489
v 0.01999834 -0.004771769 0.01711988
v 0.0212703 -0.000208497 0.02189219
v 0.02523521 0.002152503 0.02678317
v 0.03488275 -0.003303349 0.03659093
v 0.02837061 0.0003147721 0.03486699
v 0.03979922 -0.009031296 0.03537041
v 0.04180265 -0.01533425 0.03153253
v 0.04035623 -0.02052337 0.02610564
v 0.03584751 -0.02320826 0.02054381
v 0.02948461 -0.02266943 0.01633739
v 0.02297247 -0.01905131 0.01461351
v 0.018056 -0.01332337 0.01583397
v 0.01605257 -0.007020414 0.01967186
v 0.017499 -0.001831293 0.0250988
v 0.02200772 0.0008535981 0.03066063
v 0.03233635 -0.006229877 0.04006791
v 0.0258242 -0.002611756 0.03834403
v 0.03725281 -0.01195782 0.03884745
v 0.03925624 -0.01826078 0.03500956
v 0.03780981 -0.0234499 0.02958262
v 0.0333011 -0.02613479 0.02402079
v 0.0269382 -0.02559596 0.01981443
v 0.02042606 -0.02197784 0.01809049
v 0.01550959 -0.0162499 0.01931101
v 0.01350617 -0.009946942 0.02314889
v 0.01495259 -0.004757822 0.02857578
v 0.01946131 -0.00207293 0.03413761
v 0.02922522 -0.009929657 0.04200983
v 0.02349854 -0.006747901 0.04049385
v 0.03354869 -0.01496673 0.04093653
v 0.03531048 -0.02050942 0.03756154
v 0.03403851 -0.02507269 0.03278923
v 0.03007361 -0.02743369 0.02789825
v 0.02447818 -0.0269599 0.02419919
v 0.01875149 -0.0237782 0.0226832
v 0.01442803 -0.01874113 0.0237565
v 0.01266624 -0.01319838 0.0271315
v 0.01393821 -0.008635104 0.0319038
v 0.01790311 -0.006274104 0.03679478
v 0.02592464 -0.01395637 0.04218245
v 0.02167414 -0.01159483 0.04105723
v 0.02913364 -0.01769501 0.04138583
v 0.03044128 -0.02180898 0.03888083
v 0.02949719 -0.02519596 0.03533864
v 0.02655434 -0.02694839 0.03170842
v 0.02240125 -0.02659672 0.02896291
v 0.01815075 -0.02423513 0.02783769
v 0.01494176 -0.02049649 0.02863431
v 0.01363411 -0.01638252 0.03113931
v 0.0145782 -0.01299554 0.0346815
v 0.01752106 -0.0112431 0.03831166
v 0.02283269 -0.01782441 0.04056489
v 0.02057105 -0.01656789 0.03996617
v 0.02454016 -0.01981372 0.04014105
v 0.02523594 -0.0220027 0.03880811
v 0.0247336 -0.0238049 0.03692341
v 0.02316774 -0.0247373 0.0349918
v 0.02095793 -0.0245502 0.03353095
v 0.01869629 -0.02329361 0.03293222
v 0.01698882 -0.02130437 0.03335607
v 0.01629304 -0.01911533 0.03468895
v 0.01679538 -0.01731318 0.03657371
v 0.01836124 -0.01638073 0.03850532
v 0.02032231 -0.0210672 0.03735232
v 0.05073385 -0.020271 -0.03394735
v 0.05132634 -0.01742202 -0.02962643
v 0.04923194 -0.01635271 -0.0308603
v 0.05311304 -0.01937371 -0.02940059
v 0.05411328 -0.02168489 -0.03024346
v 0.05405907 -0.02373624 -0.03192908
v 0.05296492 -0.02497816 -0.03400582
v 0.05112401 -0.02507782 -0.03591728
v 0.04902961 -0.02400857 -0.03715122
v 0.04724291 -0.02205682 -0.037377
v 0.04624267 -0.01974565 -0.03653413
v 0.04629688 -0.01769429 -0.03484851
v 0.04739103 -0.01645237 -0.03277177
v 0.05073562 -0.01580513 -0.02470958
v 0.04679944 -0.01379555 -0.02702862
v 0.0540935 -0.01947314 -0.02428526
v 0.05597336 -0.02381676 -0.02586925
v 0.05587146 -0.02767205 -0.02903718
v 0.05381513 -0.03000605 -0.03294027
v 0.05035536 -0.03019339 -0.03653252
v 0.04641917 -0.02818382 -0.03885156
v 0.04306129 -0.02451581 -0.03927588
v 0.04118144 -0.02017218 -0.03769189
v 0.04128333 -0.01631689 -0.03452396
v 0.04333966 -0.01398283 -0.03062087
v 0.04903293 -0.01561546 -0.01978993
v 0.04372973 -0.01290792 -0.02291429
v 0.053557 -0.02055734 -0.01921821
v 0.05608972 -0.02640945 -0.02135235
v 0.05595244 -0.03160369 -0.02562052
v 0.05318195 -0.03474832 -0.03087902
v 0.04852061 -0.03500068 -0.03571892
v 0.04321741 -0.03229314 -0.03884333
v 0.03869334 -0.02735126 -0.03941506
v 0.03616063 -0.02149916 -0.03728092
v 0.0362979 -0.01630491 -0.03301275
v 0.03906839 -0.01316029 -0.02775419
v 0.04642366 -0.0168758 -0.01546079
v 0.04039308 -0.01379693 -0.0190137
v 0.05156824 -0.02249551 -0.01481062
v 0.05444834 -0.02915031 -0.01723748
v 0.05429223 -0.03505701 -0.02209109
v 0.05114175 -0.03863293 -0.02807087
v 0.04584106 -0.03891987 -0.03357458
v 0.03981048 -0.03584099 -0.03712755
v 0.0346659 -0.03022128 -0.03777766
v 0.0317858 -0.02356648 -0.0353508
v 0.03194191 -0.01765984 -0.03049725
v 0.03509239 -0.01408392 -0.02451742
v 0.04322251 -0.01943421 -0.01224428
v 0.03719193 -0.01635534 -0.01579726
v 0.04836709 -0.02505392 -0.01159418
v 0.05124719 -0.03170872 -0.01402104
v 0.05109108 -0.03761536 -0.01887459
v 0.0479406 -0.04119128 -0.02485442
v 0.04263991 -0.04147828 -0.03035814
v 0.03660933 -0.0383994 -0.03391105
v 0.03146475 -0.03277969 -0.03456122
v 0.02858466 -0.02612489 -0.03213435
v 0.02874076 -0.02021819 -0.02728075
v 0.03189124 -0.01664227 -0.02130097
v 0.03981558 -0.02298206 -0.0105285
v 0.03451238 -0.02027452 -0.01365292
v 0.04433965 -0.02792394 -0.009956777
v 0.04687237 -0.03377604 -0.01209092
v 0.04673509 -0.03897029 -0.01635909
v 0.0439646 -0.04211491 -0.02161765
v 0.03930326 -0.04236728 -0.02645755
v 0.03400005 -0.03965974 -0.0295819
v 0.02947599 -0.03471786 -0.03015363
v 0.02694327 -0.02886575 -0.02801949
v 0.02708055 -0.02367151 -0.02375132
v 0.02985104 -0.02052689 -0.01849282
v 0.03661381 -0.02709138 -0.01052028
v 0.03267764 -0.02508181 -0.01283932
v 0.0399717 -0.03075939 -0.01009595
v 0.04185155 -0.03510302 -0.01167995
v 0.04174966 -0.03895831 -0.01484787
v 0.03969333 -0.04129237 -0.01875091
v 0.03623355 -0.04147965 -0.02234322
v 0.03229737 -0.03947008 -0.02466226
v 0.02893949 -0.03580207 -0.02508658
v 0.02705964 -0.03145844 -0.02350259
v 0.02716153 -0.02760315 -0.02033466
v 0.02921786 -0.02526915 -0.01643157
v 0.03400338 -0.03126669 -0.01222062
v 0.03190899 -0.03019738 -0.01345456
v 0.03579008 -0.03321838 -0.01199484
v 0.03679032 -0.03552955 -0.01283771
v 0.03673611 -0.03758091 -0.01452333
v 0.03564196 -0.03882283 -0.01660007
v 0.03380105 -0.03892249 -0.01851153
v 0.03170665 -0.03785318 -0.01974541
v 0.02991996 -0.03590149 -0.01997119
v 0.02891971 -0.03359032 -0.01912838
v 0.02897393 -0.03153896 -0.01744276
v 0.03006808 -0.03029704 -0.01536602
v 0.03229914 -0.0350042 -0.01542449
v -0.0007814355 0.002728939 -0.04362649
v -0.0007148311 0.006189585 -0.03973317
v -0.003076119 0.006528854 -0.04090011
v 0.001523459 0.004791915 -0.03943485
v 0.003039004 0.002710402 -0.04008496
v 0.003425715 0.0005027056 -0.04150939
v 0.002579974 -0.001239598 -0.04332644
v 0.000728393 -0.002049625 -0.04504919
v -0.001632895 -0.001710355 -0.04621607
v -0.003871186 -0.000312686 -0.04651445
v -0.005386731 0.001768827 -0.04586428
v -0.005773442 0.003976524 -0.04443985
v -0.004927699 0.005718827 -0.04262286
v -0.001441119 0.00825423 -0.03500581
v -0.005878888 0.008891881 -0.03719884
v 0.002765492 0.005627513 -0.03444511
v 0.005613785 0.001715422 -0.03566694
v 0.006340564 -0.002433658 -0.03834397
v 0.004751088 -0.005708098 -0.04175889
v 0.001271255 -0.007230461 -0.04499662
v -0.003166515 -0.00659281 -0.04718965
v -0.007373124 -0.003966093 -0.04775035
v -0.01022142 -5.406141E-05 -0.04652852
v -0.01094819 0.004095078 -0.04385149
v -0.009358719 0.007369518 -0.04043663
v -0.002872694 0.008673847 -0.03001451
v -0.008851685 0.009532869 -0.03296924
v 0.002794856 0.005134821 -0.02925909
v 0.006632351 -0.0001358986 -0.03090531
v 0.007611537 -0.00572598 -0.03451204
v 0.005470043 -0.01013756 -0.03911293
v 0.0007816777 -0.01218867 -0.04347509
v -0.005197315 -0.01132959 -0.04642975
v -0.01086486 -0.007790565 -0.04718524
v -0.01470236 -0.002519906 -0.04553902
v -0.01568154 0.003070176 -0.04193228
v -0.01354005 0.007481813 -0.0373314
v -0.004836891 0.007397771 -0.02536136
v -0.01163595 0.008374631 -0.02872133
v 0.00160801 0.003373325 -0.02450234
v 0.005971849 -0.00262028 -0.02637428
v 0.007085338 -0.008977056 -0.03047574
v 0.004650122 -0.0139938 -0.03570765
v -0.0006812923 -0.01632619 -0.04066819
v -0.007480351 -0.01534927 -0.0440281
v -0.01392525 -0.01132488 -0.04488719
v -0.01828909 -0.005331278 -0.04301518
v -0.01940258 0.001025558 -0.03891373
v -0.01696736 0.006042242 -0.03368181
v -0.007096795 0.004579902 -0.02160758
v -0.01389585 0.005556822 -0.02496749
v -0.0006518941 0.0005555153 -0.0207485
v 0.003711944 -0.005438089 -0.0226205
v 0.004825434 -0.01179492 -0.02672195
v 0.002390215 -0.01681161 -0.03195387
v -0.002941197 -0.019144 -0.03691435
v -0.009740256 -0.01816714 -0.04027432
v -0.01618516 -0.01414269 -0.04113334
v -0.02054899 -0.008149087 -0.0392614
v -0.02166248 -0.001792312 -0.03515995
v -0.01922726 0.003224432 -0.02992803
v -0.009379832 0.0005602241 -0.01920593
v -0.01535882 0.001419246 -0.02216059
v -0.003712282 -0.002978802 -0.01845044
v 0.0001252145 -0.008249462 -0.02009666
v 0.001104401 -0.01383954 -0.0237034
v -0.001037093 -0.01825118 -0.02830428
v -0.00572546 -0.02030224 -0.03266644
v -0.01170445 -0.01944321 -0.03562117
v -0.017372 -0.01590419 -0.0363766
v -0.0212095 -0.01063347 -0.03473037
v -0.02218868 -0.005043387 -0.03112364
v -0.02004719 -0.0006318092 -0.02652276
v -0.01141063 -0.004176557 -0.01844603
v -0.0158484 -0.003538907 -0.02063906
v -0.007204019 -0.006803274 -0.01788533
v -0.004355727 -0.01071531 -0.01910716
v -0.003628947 -0.01486444 -0.02178419
v -0.005218422 -0.01813889 -0.02519906
v -0.008698255 -0.01966125 -0.02843684
v -0.01313603 -0.0190236 -0.03062987
v -0.01734264 -0.01639682 -0.03119057
v -0.02019093 -0.01248479 -0.02996874
v -0.0209177 -0.00833571 -0.02729172
v -0.01932823 -0.005061269 -0.02387679
v -0.01294425 -0.009059012 -0.01941961
v -0.01530554 -0.008719742 -0.02058649
v -0.01070596 -0.01045668 -0.01912123
v -0.009190414 -0.01253819 -0.0197714
v -0.008803703 -0.01474589 -0.02119583
v -0.009649446 -0.01648819 -0.02301282
v -0.01150102 -0.01729822 -0.02473557
v -0.01386231 -0.01695895 -0.02590251
v -0.0161006 -0.01556128 -0.02620083
v -0.01761614 -0.01347977 -0.02555072
v -0.01800286 -0.01127207 -0.02412629
v -0.01715711 -0.009529769 -0.02230924
v -0.01379571 -0.01349831 -0.02200919
v -0.03834685 -0.04525173 -0.04047537
v -0.03847609 -0.04286367 -0.03584731
v -0.04102338 -0.04309189 -0.03656262
v -0.03591792 -0.04346752 -0.03622621
v -0.03403432 -0.04474151 -0.03759784
v -0.03333001 -0.0463444 -0.03959459
v -0.0339937 -0.04784667 -0.04168153
v -0.03584755 -0.04884571 -0.04329938
v -0.03839485 -0.04907393 -0.04401469
v -0.04095302 -0.04847008 -0.04363579
v -0.04283661 -0.04719603 -0.04226416
v -0.04354093 -0.04559314 -0.04026741
v -0.04287724 -0.04409093 -0.03818047
v -0.038767 -0.04219776 -0.03068882
v -0.04355433 -0.04262662 -0.03203315
v -0.0339592 -0.04333258 -0.03140092
v -0.03041919 -0.04572695 -0.0339787
v -0.02909551 -0.04873937 -0.03773141
v -0.03034284 -0.05156267 -0.04165357
v -0.03382696 -0.05344027 -0.04469413
v -0.0386143 -0.05386919 -0.04603851
v -0.0434221 -0.05273438 -0.04532635
v -0.0469621 -0.05033994 -0.04274857
v -0.04828577 -0.04732752 -0.03899586
v -0.04703844 -0.04450423 -0.03507376
v -0.03918446 -0.04333431 -0.02562201
v -0.04563442 -0.04391211 -0.02743322
v -0.03270694 -0.04486316 -0.02658147
v -0.0279375 -0.04808915 -0.03005451
v -0.02615411 -0.05214781 -0.03511053
v -0.02783463 -0.0559516 -0.04039478
v -0.03252877 -0.05848134 -0.04449135
v -0.03897873 -0.05905914 -0.04630262
v -0.04545626 -0.05753022 -0.04534316
v -0.0502257 -0.05430424 -0.04187012
v -0.05200908 -0.05024558 -0.03681409
v -0.05032856 -0.04644179 -0.03152984
v -0.03967814 -0.0461362 -0.02125806
v -0.04701277 -0.04679322 -0.02331775
v -0.03231217 -0.04787481 -0.02234912
v -0.02688857 -0.05154324 -0.02629852
v -0.02486057 -0.05615854 -0.03204799
v -0.0267716 -0.06048405 -0.03805703
v -0.03210957 -0.06336075 -0.04271549
v -0.0394442 -0.06401783 -0.04477519
v -0.04681017 -0.06227922 -0.04368412
v -0.05223377 -0.05861074 -0.03973472
v -0.05426177 -0.05399543 -0.03398526
v -0.05235074 -0.04966992 -0.02797621
v -0.04018849 -0.05026549 -0.01812333
v -0.04752312 -0.05092257 -0.02018303
v -0.03282253 -0.0520041 -0.01921439
v -0.02739892 -0.05567259 -0.0231638
v -0.02537093 -0.06028789 -0.02891326
v -0.02728195 -0.0646134 -0.0349223
v -0.03261992 -0.0674901 -0.03958076
v -0.03995455 -0.06814712 -0.04164046
v -0.04732051 -0.06640851 -0.0405494
v -0.05274412 -0.06274009 -0.03659999
v -0.05477212 -0.05812478 -0.03085053
v -0.05286109 -0.05379927 -0.02484149
v -0.04065396 -0.05522418 -0.0165959
v -0.04710392 -0.05580199 -0.01840717
v -0.03417643 -0.0567531 -0.01755536
v -0.029407 -0.05997908 -0.0210284
v -0.02762361 -0.06403774 -0.02608442
v -0.02930413 -0.06784153 -0.03136867
v -0.03399827 -0.07037121 -0.0354653
v -0.04044823 -0.07094902 -0.03727651
v -0.04692575 -0.06942016 -0.03631705
v -0.05169519 -0.06619418 -0.03284401
v -0.05347858 -0.06213552 -0.02778798
v -0.05179805 -0.05833173 -0.02250373
v -0.0410184 -0.06041414 -0.01686001
v -0.04580573 -0.06084305 -0.01820439
v -0.0362106 -0.06154895 -0.01757216
v -0.03267059 -0.06394339 -0.02014995
v -0.03134692 -0.0669558 -0.02390265
v -0.03259424 -0.0697791 -0.02782476
v -0.03607836 -0.0716567 -0.03086537
v -0.0408657 -0.07208556 -0.03220969
v -0.0456735 -0.07095075 -0.0314976
v -0.0492135 -0.06855637 -0.02891982
v -0.05053718 -0.06554395 -0.02516711
v -0.04928984 -0.06272066 -0.02124494
v -0.04123785 -0.06520945 -0.01888382
v -0.04378513 -0.06543761 -0.01959914
v -0.03867967 -0.06581324 -0.01926273
v -0.03679608 -0.06708729 -0.02063435
v -0.03609176 -0.06869018 -0.02263111
v -0.03675545 -0.0701924 -0.02471805
v -0.03860931 -0.07119143 -0.0263359
v -0.0411566 -0.07141966 -0.02705121
v -0.04371477 -0.0708158 -0.0266723
v -0.04559837 -0.06954181 -0.02530068
v -0.04630268 -0.06793892 -0.02330393
v -0.04563899 -0.06643671 -0.02121699
v -0.04128584 -0.0690316 -0.02242315
v -0.0038228 -0.04734749 -0.06147242
v -0.003301499 -0.04472268 -0.05700284
v -0.005849769 -0.04440659 -0.05768019
v -0.0009562913 -0.04591477 -0.05736524
v 0.0005574562 -0.04766345 -0.05867028
v 0.0008341372 -0.04950011 -0.06056833
v -0.0002003834 -0.05093265 -0.06255072
v -0.002268909 -0.05157727 -0.06408638
v -0.00481718 -0.05126113 -0.06476372
v -0.007162387 -0.05006903 -0.06440133
v -0.008676134 -0.04832035 -0.06309628
v -0.008952815 -0.0464837 -0.06119823
v -0.007918293 -0.04505116 -0.05921584
v -0.003316155 -0.04370338 -0.05189413
v -0.008105334 -0.04310924 -0.05316716
v 0.001091395 -0.04594374 -0.05257523
v 0.003936311 -0.04923016 -0.0550279
v 0.004456302 -0.05268198 -0.05859506
v 0.002512038 -0.05537432 -0.06232077
v -0.001375519 -0.05658573 -0.06520677
v -0.006164702 -0.05599165 -0.0664798
v -0.01057225 -0.05375123 -0.06579876
v -0.01341716 -0.05046481 -0.06334603
v -0.01393715 -0.04701298 -0.05977893
v -0.01199289 -0.04432064 -0.05605316
v -0.003864994 -0.04441243 -0.04676241
v -0.01031744 -0.043612 -0.04847759
v 0.002073279 -0.04743093 -0.04768008
v 0.005906223 -0.05185872 -0.05098456
v 0.006606805 -0.05650932 -0.05579054
v 0.003987307 -0.06013668 -0.06081021
v -0.001250384 -0.06176883 -0.06469852
v -0.007702833 -0.0609684 -0.0664137
v -0.0136411 -0.0579499 -0.06549603
v -0.01747405 -0.05352211 -0.06219155
v -0.01817463 -0.04887152 -0.05738556
v -0.01555513 -0.04524416 -0.0523659
v -0.004881825 -0.04676437 -0.04222673
v -0.01221927 -0.04585421 -0.04417711
v 0.00187093 -0.05019689 -0.04327023
v 0.006229593 -0.05523199 -0.04702795
v 0.007026267 -0.06052047 -0.0524931
v 0.004047481 -0.06464535 -0.05820125
v -0.0019086 -0.06650132 -0.0626229
v -0.009246053 -0.06559116 -0.06457329
v -0.0159988 -0.06215864 -0.06352979
v -0.02035747 -0.05712354 -0.05977207
v -0.02115414 -0.05183506 -0.05430692
v -0.01817535 -0.04771018 -0.04859877
v -0.006243998 -0.05047554 -0.0388341
v -0.01358145 -0.04956537 -0.04078448
v 0.0005087573 -0.05390805 -0.03987759
v 0.00486742 -0.05894315 -0.04363531
v 0.005664092 -0.06423163 -0.04910046
v 0.002685307 -0.06835651 -0.05480862
v -0.003270775 -0.07021248 -0.05923027
v -0.01060823 -0.06930232 -0.06118065
v -0.01736098 -0.06586981 -0.06013715
v -0.02171964 -0.06083471 -0.05637944
v -0.02251632 -0.05554622 -0.05091429
v -0.01953753 -0.05142134 -0.04520613
v -0.007787218 -0.0550983 -0.03699368
v -0.01423966 -0.05429792 -0.03870887
v -0.001848945 -0.05811679 -0.03791136
v 0.001983998 -0.06254458 -0.04121584
v 0.00268458 -0.06719518 -0.04602182
v 6.508268E-05 -0.07082254 -0.05104148
v -0.00517261 -0.07245469 -0.05492979
v -0.01162506 -0.07165426 -0.05664498
v -0.01756333 -0.06863576 -0.0557273
v -0.02139627 -0.06420797 -0.05242282
v -0.02209685 -0.05955738 -0.04761684
v -0.01947735 -0.05593002 -0.04259717
v -0.00932535 -0.06007504 -0.03692758
v -0.01411453 -0.05948097 -0.03820062
v -0.0049178 -0.06231546 -0.03760862
v -0.002072886 -0.06560189 -0.04006135
v -0.001552893 -0.06905371 -0.04362845
v -0.003497157 -0.07174605 -0.04735422
v -0.007384716 -0.07295746 -0.05024022
v -0.0121739 -0.07236332 -0.05151325
v -0.01658144 -0.07012296 -0.05083215
v -0.01942636 -0.06683654 -0.04837948
v -0.01994635 -0.06338471 -0.04481232
v -0.01800208 -0.06069237 -0.04108661
v -0.01067287 -0.06480557 -0.03864366
v -0.01322114 -0.06448948 -0.03932101
v -0.008327663 -0.06599766 -0.03900605
v -0.006813915 -0.06774634 -0.0403111
v -0.006537234 -0.069583 -0.04220915
v -0.007571755 -0.07101554 -0.04419154
v -0.00964028 -0.0716601 -0.04572719
v -0.01218855 -0.07134402 -0.04640454
v -0.01453376 -0.07015193 -0.04604214
v -0.0160475 -0.06840324 -0.0447371
v -0.01632418 -0.06656659 -0.04283905
v -0.01528966 -0.06513405 -0.04085666
v -0.01166725 -0.06871921 -0.04193497
v -0.04411417 -0.02307671 -0.02386296
v -0.04481041 -0.02055448 -0.01935828
v -0.04719191 -0.02051252 -0.02053267
v -0.04231483 -0.02145612 -0.01925051
v -0.04037385 -0.02297574 -0.02023828
v -0.03950756 -0.0247063 -0.02205688
v -0.03994808 -0.02618402 -0.02421898
v -0.04157738 -0.02701294 -0.02614534
v -0.04395887 -0.02697092 -0.02731967
v -0.04645445 -0.02606934 -0.02742743
v -0.04839543 -0.02454966 -0.02643967
v -0.04926172 -0.02281916 -0.02462107
v -0.0488212 -0.02134144 -0.02245897
v -0.04596361 -0.01970857 -0.01434898
v -0.05043936 -0.01962972 -0.01655608
v -0.04127344 -0.02140301 -0.01414651
v -0.0376256 -0.02425903 -0.01600289
v -0.03599751 -0.02751136 -0.01942068
v -0.03682542 -0.03028852 -0.02348417
v -0.03988749 -0.0318464 -0.0271045
v -0.04436324 -0.03176755 -0.02931154
v -0.04905339 -0.03007305 -0.02951407
v -0.05270123 -0.02721703 -0.02765769
v -0.05432933 -0.0239647 -0.02423984
v -0.05350142 -0.02118754 -0.02017641
v -0.04743467 -0.02064091 -0.00943929
v -0.05346483 -0.02053463 -0.01241291
v -0.04111563 -0.02292389 -0.009166479
v -0.03620091 -0.02677178 -0.01166761
v -0.03400739 -0.03115362 -0.01627243
v -0.03512282 -0.0348953 -0.02174711
v -0.03924833 -0.03699416 -0.02662474
v -0.0452785 -0.03688794 -0.0295983
v -0.05159753 -0.03460497 -0.02987111
v -0.05651225 -0.03075707 -0.02737004
v -0.05870578 -0.02637523 -0.02276522
v -0.05759034 -0.02263355 -0.01729053
v -0.04904617 -0.02323914 -0.005221426
v -0.05590341 -0.02311826 -0.008602858
v -0.04186042 -0.02583516 -0.004911184
v -0.03627161 -0.03021085 -0.00775528
v -0.03377722 -0.03519374 -0.01299173
v -0.03504565 -0.03944856 -0.01921731
v -0.03973701 -0.04183537 -0.02476394
v -0.04659425 -0.04171455 -0.02814537
v -0.05378 -0.03911847 -0.02845562
v -0.05936881 -0.03474277 -0.02561146
v -0.06186319 -0.02975994 -0.02037507
v -0.06059477 -0.02550507 -0.01414949
v -0.05060373 -0.02718973 -0.002204001
v -0.05746097 -0.02706891 -0.005585432
v -0.04341799 -0.02978581 -0.001893759
v -0.03782917 -0.03416151 -0.004737914
v -0.03533479 -0.03914434 -0.009974301
v -0.03660321 -0.04339921 -0.01619989
v -0.04129457 -0.04578602 -0.02174652
v -0.04815181 -0.04566514 -0.02512795
v -0.05533756 -0.04306912 -0.02543819
v -0.06092637 -0.03869343 -0.02259409
v -0.06342075 -0.03371054 -0.01735765
v -0.06215233 -0.02945572 -0.01113206
v -0.05191948 -0.03201634 -0.0007510781
v -0.05794965 -0.03191012 -0.003724635
v -0.04560045 -0.03429931 -0.0004782677
v -0.04068573 -0.03814721 -0.002979338
v -0.0384922 -0.04252905 -0.007584155
v -0.03960764 -0.04627073 -0.01305884
v -0.04373315 -0.04836965 -0.01793647
v -0.04976331 -0.04826337 -0.02091008
v -0.05608235 -0.04598039 -0.02118289
v -0.06099707 -0.0421325 -0.01868176
v -0.06319059 -0.03775066 -0.01407695
v -0.06207515 -0.03400898 -0.008602262
v -0.05283474 -0.03713673 -0.001037836
v -0.05731049 -0.03705788 -0.003244877
v -0.04814459 -0.03883123 -0.0008352995
v -0.04449674 -0.04168725 -0.002691686
v -0.04286865 -0.04493958 -0.006109536
v -0.04369656 -0.04771674 -0.01017296
v -0.04675862 -0.04927456 -0.01379329
v -0.05123437 -0.04919571 -0.01600039
v -0.05592453 -0.04750127 -0.01620287
v -0.05957238 -0.04464525 -0.01434648
v -0.06120046 -0.04139292 -0.01092869
v -0.06037256 -0.03861576 -0.006865203
v -0.05323911 -0.04193336 -0.003029704
v -0.0556206 -0.0418914 -0.004204035
v -0.05074353 -0.04283494 -0.002921939
v -0.04880255 -0.04435462 -0.003909707
v -0.04793626 -0.04608512 -0.005728304
v -0.04837678 -0.04756284 -0.007890403
v -0.05000608 -0.04839176 -0.009816706
v -0.05238757 -0.0483498 -0.0109911
v -0.05488315 -0.04744816 -0.01109886
v -0.05682413 -0.04592854 -0.01011109
v -0.05769041 -0.04419798 -0.008292496
v -0.0572499 -0.04272026 -0.006130397
v -0.05308381 -0.04582757 -0.006486416
v -0.01917813 -0.02613413 -0.05415756
v -0.01850304 -0.02270639 -0.05029321
v -0.02095777 -0.02223843 -0.05119199
v -0.01632112 -0.02421945 -0.05024481
v -0.01499665 -0.02637213 -0.05105966
v -0.01488452 -0.0285877 -0.0525195
v -0.01601478 -0.03027248 -0.05423313
v -0.01808457 -0.03097498 -0.05574137
v -0.0205393 -0.03050703 -0.05664015
v -0.02272122 -0.02899402 -0.05668855
v -0.02404569 -0.02684128 -0.05587369
v -0.02415782 -0.02462572 -0.05441386
v -0.02302756 -0.02294093 -0.05270022
v -0.01859547 -0.02063721 -0.04551321
v -0.02320884 -0.01975775 -0.04720235
v -0.0144948 -0.02348083 -0.0454222
v -0.01200561 -0.02752662 -0.04695368
v -0.01179487 -0.03169054 -0.04969722
v -0.01391906 -0.03485686 -0.05291784
v -0.01780899 -0.03617716 -0.0557524
v -0.02242238 -0.03529769 -0.05744153
v -0.02652304 -0.03245407 -0.05753255
v -0.02901223 -0.02840829 -0.05600107
v -0.02922297 -0.02424443 -0.05325752
v -0.02709878 -0.02107811 -0.05003691
v -0.01944425 -0.02017623 -0.04039413
v -0.02565983 -0.01899135 -0.04266983
v -0.01391943 -0.02400738 -0.04027146
v -0.01056576 -0.02945828 -0.04233479
v -0.01028184 -0.03506827 -0.04603124
v -0.01314375 -0.03933424 -0.05037028
v -0.01838464 -0.04111314 -0.05418932
v -0.02460023 -0.0399282 -0.05646503
v -0.03012505 -0.03609705 -0.0565877
v -0.03347872 -0.0306462 -0.05452436
v -0.03376264 -0.02503616 -0.05082792
v -0.03090073 -0.02077019 -0.04648888
v -0.02094702 -0.02137899 -0.03555334
v -0.02801512 -0.02003157 -0.03814119
v -0.01466443 -0.02573562 -0.03541386
v -0.01085077 -0.03193414 -0.0377602
v -0.01052791 -0.03831363 -0.04196358
v -0.01378235 -0.04316467 -0.04689777
v -0.01974208 -0.04518753 -0.05124062
v -0.02681019 -0.04384011 -0.05382848
v -0.03309277 -0.03948349 -0.05396795
v -0.03690643 -0.03328502 -0.05162162
v -0.03722929 -0.02690554 -0.04741824
v -0.03397485 -0.02205443 -0.04248405
v -0.02292251 -0.02410048 -0.03157473
v -0.02999062 -0.02275306 -0.03416258
v -0.01663992 -0.02845711 -0.03143525
v -0.01282627 -0.03465557 -0.03378159
v -0.0125034 -0.04103506 -0.03798497
v -0.01575785 -0.04588616 -0.04291916
v -0.02171758 -0.04790902 -0.04726201
v -0.02878568 -0.0465616 -0.04984987
v -0.03506827 -0.04220498 -0.04998934
v -0.03888193 -0.03600645 -0.04764301
v -0.03920479 -0.02962697 -0.04343963
v -0.03595035 -0.02477592 -0.03850543
v -0.02513247 -0.02801239 -0.02893817
v -0.03134806 -0.02682745 -0.03121388
v -0.01960765 -0.03184354 -0.02881551
v -0.01625398 -0.03729439 -0.03087884
v -0.01597005 -0.04290444 -0.03457528
v -0.01883196 -0.0471704 -0.03891432
v -0.02407286 -0.04894924 -0.04273337
v -0.03028845 -0.04776436 -0.04500908
v -0.03581326 -0.04393321 -0.04513174
v -0.03916694 -0.03848231 -0.04306841
v -0.03945086 -0.03287232 -0.03937197
v -0.03658895 -0.02860636 -0.03503293
v -0.02731032 -0.0326429 -0.02796167
v -0.0319237 -0.03176343 -0.02965081
v -0.02320965 -0.03548652 -0.02787066
v -0.02072047 -0.0395323 -0.02940214
v -0.02050973 -0.04369617 -0.03214568
v -0.02263392 -0.04686248 -0.0353663
v -0.02652385 -0.04818285 -0.03820086
v -0.03113723 -0.04730338 -0.03988999
v -0.0352379 -0.04445976 -0.03998101
v -0.03772709 -0.04041398 -0.03844953
v -0.03793783 -0.03625005 -0.03570598
v -0.03581364 -0.03308374 -0.03248537
v -0.0291934 -0.03743356 -0.02876306
v -0.03164812 -0.03696561 -0.02966183
v -0.02701148 -0.03894657 -0.02871466
v -0.02568701 -0.04109931 -0.02952951
v -0.02557488 -0.04331487 -0.03098935
v -0.02670514 -0.0449996 -0.03270298
v -0.02877493 -0.04570216 -0.03421122
v -0.03122965 -0.0452342 -0.03511
v -0.03341158 -0.04372114 -0.0351584
v -0.03473604 -0.04156846 -0.03434354
v -0.03484818 -0.03935289 -0.0328837
v -0.03371792 -0.03766811 -0.03117007
v -0.03055457 -0.04180646 -0.03124565
v -0.01825975 0.004841328 -0.00347507
v -0.01836754 0.007577479 0.0009566545
v -0.02070571 0.008072078 -0.0002012849
v -0.01610707 0.006188571 0.00107348
v -0.01452999 0.004277527 0.000117898
v -0.01405886 0.00235641 -0.001654029
v -0.01481995 0.0009399652 -0.00376755
v -0.0166093 0.0004077554 -0.005656302
v -0.01894747 0.0009023547 -0.006814182
v -0.02120794 0.002291203 -0.006931007
v -0.02278502 0.004202247 -0.005975425
v -0.02325614 0.006123424 -0.004203498
v -0.02249506 0.007539868 -0.002090037
v -0.01925783 0.008780837 0.005946398
v -0.02365215 0.009710371 0.003770232
v -0.01500954 0.006170571 0.006165922
v -0.01204558 0.002578974 0.004370034
v -0.01116017 -0.001031578 0.001039922
v -0.01259053 -0.00369364 -0.002932131
v -0.01595342 -0.004693925 -0.006481826
v -0.02034773 -0.003764391 -0.008657992
v -0.02459603 -0.001154065 -0.008877575
v -0.02755998 0.002437532 -0.007081687
v -0.0284454 0.006048083 -0.003751516
v -0.02701503 0.008710146 0.0002205372
v -0.02082324 0.008306265 0.01089233
v -0.02674369 0.009558618 0.007960379
v -0.01509952 0.004789412 0.01118815
v -0.0111062 -4.953146E-05 0.008768559
v -0.009913286 -0.004913986 0.004281878
v -0.01184041 -0.008500576 -0.001069665
v -0.01637121 -0.009848237 -0.005852103
v -0.02229166 -0.008595884 -0.008784056
v -0.02801537 -0.005079091 -0.009079874
v -0.03200869 -0.0002401471 -0.006660283
v -0.03320161 0.004624367 -0.002173603
v -0.03127449 0.008210957 0.003177941
v -0.02287496 0.006210923 0.01519799
v -0.02960744 0.007635057 0.01186389
v -0.01636619 0.00221175 0.01553434
v -0.01182515 -0.003290892 0.01278287
v -0.01046862 -0.00882256 0.007680833
v -0.01266006 -0.01290113 0.001595318
v -0.01781229 -0.01443362 -0.003843129
v -0.02454478 -0.01300949 -0.007177234
v -0.03105355 -0.009010315 -0.007513642
v -0.03559459 -0.003507674 -0.004762173
v -0.03695112 0.002023995 0.0003399253
v -0.03475968 0.006102562 0.00642544
v -0.02516552 0.002747595 0.01834393
v -0.031898 0.004171729 0.01500982
v -0.01865674 -0.001251578 0.01868033
v -0.01411571 -0.00675422 0.01592886
v -0.01275917 -0.01228595 0.01082677
v -0.01495062 -0.01636446 0.004741251
v -0.02010285 -0.01789695 -0.0006971955
v -0.02683534 -0.01647282 -0.004031301
v -0.0333441 -0.01247364 -0.00436765
v -0.03788514 -0.006971002 -0.00161618
v -0.03924168 -0.001439333 0.003485858
v -0.03705023 0.002639234 0.009571433
v -0.02741863 -0.001666009 0.01995075
v -0.03333908 -0.0004136562 0.0170188
v -0.02169492 -0.005182803 0.02024657
v -0.0177016 -0.01002175 0.01782697
v -0.01650868 -0.01488626 0.01334029
v -0.0184358 -0.01847285 0.007988751
v -0.02296661 -0.01982051 0.003206313
v -0.02888705 -0.01856816 0.0002743602
v -0.03461077 -0.01505131 -2.145767E-05
v -0.03860409 -0.01021236 0.002398133
v -0.03979701 -0.005347908 0.006884813
v -0.03786988 -0.001761317 0.01223636
v -0.02936256 -0.006497502 0.01982468
v -0.03375688 -0.005567968 0.01764852
v -0.02511426 -0.009107828 0.02004427
v -0.02215031 -0.01269943 0.01824838
v -0.02126489 -0.01630998 0.01491821
v -0.02269526 -0.01897204 0.01094615
v -0.02605814 -0.01997226 0.00739646
v -0.03045246 -0.01904273 0.005220294
v -0.03470076 -0.01643246 0.00500077
v -0.03766471 -0.01284087 0.006796658
v -0.03855012 -0.009230316 0.01012677
v -0.03711976 -0.006568253 0.01409882
v -0.03076283 -0.01116425 0.01798087
v -0.03310099 -0.01066965 0.01682299
v -0.02850235 -0.0125531 0.0180977
v -0.02692527 -0.01446414 0.01714212
v -0.02645415 -0.01638532 0.01537019
v -0.02721523 -0.01780176 0.01325673
v -0.02900458 -0.01833397 0.01136798
v -0.03134275 -0.01783937 0.01021004
v -0.03360322 -0.01645046 0.01009321
v -0.03518031 -0.01453942 0.01104879
v -0.03565143 -0.0126183 0.01282072
v -0.03489035 -0.01120186 0.01493424
v -0.03145054 -0.01510322 0.01464176
v -0.05042924 -0.04073703 0.02300096
v -0.05002728 -0.043091 0.02763081
v -0.05256834 -0.04340941 0.02692789
v -0.04754567 -0.04236823 0.02702123
v -0.04578844 -0.04143476 0.02526248
v -0.04522644 -0.0405407 0.02282584
v -0.04601026 -0.03992563 0.02036417
v -0.04792988 -0.03975439 0.0185371
v -0.05047094 -0.0400728 0.01783419
v -0.05295255 -0.04079556 0.01844376
v -0.05470978 -0.04172903 0.02020252
v -0.05527177 -0.0426231 0.02263916
v -0.05448795 -0.04323816 0.02510083
v -0.04931355 -0.0468508 0.0311653
v -0.05408917 -0.04744923 0.02984428
v -0.04464964 -0.04549241 0.03001964
v -0.04134712 -0.04373807 0.02671432
v -0.04029091 -0.04205781 0.0221349
v -0.04176402 -0.04090184 0.01750851
v -0.04537173 -0.04057997 0.01407474
v -0.05014734 -0.04117841 0.01275373
v -0.05481125 -0.0425368 0.01389939
v -0.05811376 -0.0442912 0.0172047
v -0.05916997 -0.04597145 0.02178413
v -0.05769686 -0.04712737 0.02641052
v -0.04837412 -0.05156291 0.03317821
v -0.05480829 -0.05236918 0.03139836
v -0.04209045 -0.04973274 0.03163469
v -0.03764098 -0.04736912 0.02718139
v -0.03621796 -0.04510534 0.02101153
v -0.03820267 -0.04354793 0.01477844
v -0.04306331 -0.0431143 0.0101521
v -0.04949749 -0.04392058 0.008372307
v -0.05578116 -0.04575074 0.009915829
v -0.06023061 -0.04811436 0.01436913
v -0.06165364 -0.05037814 0.02053893
v -0.05966893 -0.05193555 0.02677208
v -0.0473223 -0.05665904 0.03342664
v -0.05463897 -0.05757588 0.03140271
v -0.04017678 -0.05457783 0.0316714
v -0.03511704 -0.05189002 0.02660728
v -0.03349883 -0.04931569 0.01959127
v -0.03575576 -0.04754472 0.01250321
v -0.04128308 -0.04705161 0.007242382
v -0.04859976 -0.04796845 0.005218446
v -0.05574527 -0.0500496 0.006973684
v -0.06080502 -0.05273747 0.01203775
v -0.06242322 -0.0553118 0.01905382
v -0.06016629 -0.05708277 0.02614188
v -0.04628497 -0.06152445 0.03188068
v -0.05360164 -0.06244129 0.02985674
v -0.03913945 -0.0594433 0.03012544
v -0.03407971 -0.05675542 0.02506137
v -0.0324615 -0.0541811 0.01804531
v -0.03471843 -0.05241013 0.01095724
v -0.04024575 -0.05191702 0.005696416
v -0.04756242 -0.05283386 0.003672481
v -0.05470794 -0.05491507 0.005427718
v -0.05976769 -0.05760288 0.01049185
v -0.06138588 -0.06017721 0.01750785
v -0.05912896 -0.06194818 0.02459592
v -0.04538724 -0.06557232 0.02872682
v -0.05182141 -0.06637859 0.02694696
v -0.03910357 -0.06374216 0.02718329
v -0.03465411 -0.06137854 0.02272999
v -0.03323108 -0.05911475 0.0165602
v -0.03521579 -0.05755734 0.01032704
v -0.04007643 -0.05712372 0.005700767
v -0.04651061 -0.05792999 0.003920913
v -0.05279428 -0.05976015 0.005464435
v -0.05724373 -0.06212378 0.009917736
v -0.05866676 -0.06438756 0.01608759
v -0.05668205 -0.06594497 0.02232069
v -0.04473738 -0.06831449 0.0243454
v -0.049513 -0.06891292 0.02302438
v -0.04007347 -0.0669561 0.02319974
v -0.03677096 -0.0652017 0.01989442
v -0.03571475 -0.06352144 0.015315
v -0.03718786 -0.06236553 0.0106886
v -0.04079556 -0.06204367 0.007254839
v -0.04557118 -0.0626421 0.005933821
v -0.05023509 -0.06400049 0.007079482
v -0.0535376 -0.06575483 0.0103848
v -0.05459381 -0.06743509 0.01496422
v -0.0531207 -0.06859106 0.01959062
v -0.04441379 -0.0694201 0.01926494
v -0.04695484 -0.06973851 0.01856202
v -0.04193217 -0.06869733 0.01865536
v -0.04017495 -0.06776386 0.01689661
v -0.03961295 -0.0668698 0.01445997
v -0.04039677 -0.06625473 0.0119983
v -0.04231639 -0.06608349 0.01017123
v -0.04485744 -0.0664019 0.009468317
v -0.04733905 -0.06712466 0.01007789
v -0.04909628 -0.06805813 0.01183665
v -0.04965828 -0.0689522 0.01427329
v -0.04887445 -0.06956726 0.01673496
v -0.04445548 -0.06875587 0.01409817
v -0.03899545 -0.0089553 0.04005826
v -0.03888921 -0.01129186 0.04471308
v -0.04132242 -0.01177835 0.04376692
v -0.0364143 -0.01040173 0.04434592
v -0.03456083 -0.009346366 0.04276371
v -0.03382543 -0.008408666 0.04039049
v -0.03440516 -0.007839799 0.03786212
v -0.03614468 -0.007792234 0.03585607
v -0.03857789 -0.008278668 0.03490984
v -0.0410528 -0.009168863 0.03527707
v -0.04290628 -0.01022416 0.03685921
v -0.04364167 -0.01116192 0.03923249
v -0.04306194 -0.01173079 0.04176086
v -0.03827199 -0.01500654 0.04831296
v -0.04284492 -0.01592082 0.04653466
v -0.03362068 -0.01333356 0.04762286
v -0.03013729 -0.01135015 0.0446493
v -0.02875519 -0.009587824 0.04018909
v -0.02984473 -0.008518696 0.03543729
v -0.03311396 -0.008429289 0.03166711
v -0.03768689 -0.009343565 0.02988887
v -0.04233821 -0.01101655 0.03057897
v -0.04582159 -0.01299989 0.03355247
v -0.04720368 -0.01476228 0.03801274
v -0.04611415 -0.01583141 0.04276454
v -0.03721823 -0.01965123 0.05042356
v -0.04337932 -0.02088302 0.04802769
v -0.03095153 -0.01739722 0.04949379
v -0.02625837 -0.01472503 0.04548758
v -0.02439628 -0.01235062 0.0394783
v -0.02586421 -0.01091015 0.03307623
v -0.03026883 -0.01078975 0.02799672
v -0.03642992 -0.01202154 0.02560085
v -0.04269662 -0.01427549 0.02653062
v -0.04738978 -0.01694769 0.03053689
v -0.04925186 -0.01932216 0.03654611
v -0.04778393 -0.02076256 0.04294819
v -0.03585503 -0.02466571 0.05079043
v -0.04286116 -0.02606648 0.04806596
v -0.02872879 -0.02210259 0.0497331
v -0.02339193 -0.01906389 0.0451774
v -0.02127445 -0.0163638 0.03834391
v -0.02294371 -0.0147258 0.03106374
v -0.02795246 -0.01458883 0.02528757
v -0.03495859 -0.0159896 0.0225631
v -0.04208482 -0.01855272 0.02362037
v -0.04742169 -0.02159142 0.02817607
v -0.04953917 -0.02429152 0.03500956
v -0.0478699 -0.02592951 0.04228973
v -0.0343468 -0.02944529 0.04936922
v -0.04135293 -0.030846 0.04664475
v -0.02722057 -0.02688211 0.04831195
v -0.02188371 -0.02384341 0.04375625
v -0.01976622 -0.02114332 0.03692275
v -0.02143549 -0.01950532 0.02964258
v -0.02644423 -0.01936835 0.02386636
v -0.03345037 -0.02076912 0.02114189
v -0.04057659 -0.02333224 0.02219921
v -0.04591346 -0.02637094 0.02675492
v -0.04803094 -0.02907103 0.03358841
v -0.04636167 -0.03070903 0.04086858
v -0.03287547 -0.03341329 0.04633147
v -0.03903656 -0.03464508 0.0439356
v -0.02660877 -0.03115934 0.04540169
v -0.02191561 -0.02848715 0.04139543
v -0.02005352 -0.02611268 0.0353862
v -0.02152145 -0.02467227 0.02898413
v -0.02592607 -0.02455181 0.02390462
v -0.03208716 -0.0257836 0.02150875
v -0.03835386 -0.02803761 0.02243853
v -0.04304702 -0.0307098 0.02644473
v -0.0449091 -0.03308421 0.03245401
v -0.04344117 -0.03452468 0.03885609
v -0.0316185 -0.03609127 0.04204345
v -0.03619143 -0.03700554 0.0402652
v -0.02696718 -0.03441828 0.04135334
v -0.02348379 -0.03243494 0.03837985
v -0.0221017 -0.03067255 0.03391957
v -0.02319124 -0.02960342 0.02916777
v -0.02646047 -0.02951401 0.02539766
v -0.03103339 -0.03042829 0.02361935
v -0.03568471 -0.03210127 0.02430946
v -0.0391681 -0.03408468 0.02728301
v -0.04055019 -0.03584701 0.03174323
v -0.03946065 -0.03691614 0.03649509
v -0.0307275 -0.03715616 0.03702247
v -0.0331607 -0.0376426 0.03607625
v -0.02825258 -0.03626597 0.03665525
v -0.02639911 -0.03521067 0.0350731
v -0.02566372 -0.03427291 0.03269982
v -0.02624345 -0.03370404 0.03017145
v -0.02798297 -0.03365648 0.0281654
v -0.03041617 -0.03414297 0.02721924
v -0.03289108 -0.03503311 0.0275864
v -0.03474455 -0.03608847 0.02916861
v -0.03547995 -0.03702617 0.03154182
v -0.03490022 -0.03759503 0.03407019
v -0.03030993 -0.03647953 0.03187406
v 0.03176649 0.01195842 -0.008370638
v 0.03425793 0.01032394 -0.004097462
v 0.03168065 0.01018989 -0.003471315
v 0.03616999 0.01065713 -0.005910039
v 0.0369045 0.01110023 -0.008423328
v 0.03626464 0.01153439 -0.01096392
v 0.03442188 0.01184338 -0.012851
v 0.03186997 0.01194435 -0.01357901
v 0.02929269 0.0118103 -0.0129528
v 0.02738063 0.01147711 -0.01114023
v 0.02664613 0.01103401 -0.008626938
v 0.02728598 0.01059985 -0.006086409
v 0.02912875 0.01029086 -0.004199266
v 0.03646649 0.007104099 -0.0006487966
v 0.0316228 0.00685215 0.0005280375
v 0.04005999 0.007730305 -0.004055381
v 0.04144041 0.008562982 -0.008778811
v 0.04023788 0.009379029 -0.0135535
v 0.03677461 0.009959698 -0.0171001
v 0.03197859 0.01014948 -0.01846826
v 0.0271349 0.00989753 -0.01729143
v 0.02354141 0.009271324 -0.0138849
v 0.02216098 0.008438647 -0.009161472
v 0.02336351 0.0076226 -0.004386783
v 0.02682678 0.007041931 -0.0008401871
v 0.03812581 0.002687216 0.001559377
v 0.03159992 0.002347767 0.00314492
v 0.0429673 0.00353092 -0.003030241
v 0.04482715 0.004652798 -0.009394109
v 0.04320698 0.005752206 -0.01582706
v 0.03854094 0.006534576 -0.02060539
v 0.03207926 0.00679028 -0.02244872
v 0.02555338 0.006450772 -0.02086318
v 0.02071188 0.005607069 -0.01627356
v 0.01885204 0.00448525 -0.009909689
v 0.0204722 0.003385842 -0.003476739
v 0.02513826 0.002603471 0.001301587
v 0.03903572 -0.002393961 0.002260804
v 0.03161475 -0.00278002 0.004063845
v 0.04454127 -0.001434505 -0.002958298
v 0.04665621 -0.0001587868 -0.01019502
v 0.04481382 0.001091421 -0.01751029
v 0.03950779 0.00198108 -0.02294403
v 0.03215985 0.002271831 -0.02504021
v 0.02473889 0.001885831 -0.02323717
v 0.01923333 0.0009263754 -0.01801807
v 0.01711841 -0.0003493428 -0.01078135
v 0.01896079 -0.00159955 -0.00346607
v 0.02426682 -0.002489209 0.001967669
v 0.03908649 -0.007526577 0.001370847
v 0.03166553 -0.007912636 0.003173888
v 0.04459205 -0.006567121 -0.003848255
v 0.04670697 -0.005291402 -0.01108497
v 0.04486459 -0.004041195 -0.01840025
v 0.03955856 -0.003151536 -0.02383399
v 0.03221063 -0.002860725 -0.02593017
v 0.02478966 -0.003246784 -0.02412713
v 0.01928411 -0.00420624 -0.01890802
v 0.01716918 -0.005481958 -0.0116713
v 0.01901156 -0.006732166 -0.004356027
v 0.0243176 -0.007621825 0.001077712
v 0.038272 -0.01209152 -0.001003146
v 0.03174612 -0.01243103 0.000582397
v 0.0431135 -0.01124781 -0.005592763
v 0.04497334 -0.01012599 -0.01195663
v 0.04335318 -0.009026587 -0.01838958
v 0.03868713 -0.008244216 -0.02316791
v 0.03222546 -0.007988513 -0.02501124
v 0.02569957 -0.008327961 -0.0234257
v 0.02085808 -0.009171665 -0.01883608
v 0.01899824 -0.01029354 -0.01247221
v 0.0206184 -0.01139295 -0.006039262
v 0.02528445 -0.01217532 -0.001260936
v 0.03669048 -0.01553828 -0.004574895
v 0.03184679 -0.01579022 -0.003398061
v 0.04028398 -0.01491207 -0.00798142
v 0.0416644 -0.01407939 -0.01270485
v 0.04046187 -0.01326334 -0.01747954
v 0.0369986 -0.01268268 -0.02102613
v 0.03220258 -0.0124929 -0.02239436
v 0.02735889 -0.01274484 -0.02121747
v 0.02376539 -0.01337105 -0.01781094
v 0.02238497 -0.01420373 -0.01308751
v 0.0235875 -0.01501977 -0.008312821
v 0.02705077 -0.01560044 -0.004766226
v 0.03453269 -0.01745105 -0.008913517
v 0.03195542 -0.0175851 -0.008287311
v 0.03644475 -0.01711786 -0.01072609
v 0.03717925 -0.01667476 -0.01323938
v 0.0365394 -0.0162406 -0.01577991
v 0.03469664 -0.01593161 -0.01766706
v 0.03214473 -0.01583064 -0.01839501
v 0.02956745 -0.01596469 -0.01776886
v 0.02765539 -0.01629788 -0.01595628
v 0.02692089 -0.01674098 -0.01344299
v 0.02756074 -0.01717514 -0.0109024
v 0.02940351 -0.01748413 -0.009015322
v 0.03205889 -0.01759917 -0.01349568
v 0.03501942 0.1748239 0.02373099
v 0.03437676 0.1707452 0.02690727
v 0.03248863 0.170469 0.02506036
v 0.0365733 0.1719498 0.0277884
v 0.03848968 0.17376 0.02746779
v 0.03961242 0.1756909 0.0260312
v 0.03964067 0.1772249 0.02386367
v 0.03856686 0.1779512 0.02154589
v 0.03667872 0.1776749 0.01969898
v 0.03448218 0.1764703 0.01881778
v 0.0325658 0.17466 0.01913846
v 0.03144307 0.1727292 0.02057505
v 0.03141482 0.1711951 0.02274257
v 0.03482825 0.1659306 0.02884471
v 0.03127972 0.1654114 0.02537364
v 0.0389564 0.1681945 0.03050077
v 0.04255802 0.1715967 0.02989817
v 0.04466807 0.1752254 0.02719831
v 0.04472116 0.1781085 0.02312464
v 0.04270306 0.1794733 0.01876867
v 0.03915452 0.1789543 0.01529759
v 0.03502638 0.1766903 0.01364154
v 0.03142476 0.173288 0.01424414
v 0.02931471 0.1696593 0.01694405
v 0.02926162 0.1667762 0.02101773
v 0.03631944 0.1609607 0.02930969
v 0.03153851 0.1602613 0.02463311
v 0.04188128 0.1640109 0.03154093
v 0.04673373 0.1685948 0.030729
v 0.04957659 0.1734838 0.02709144
v 0.04964811 0.1773682 0.02160305
v 0.04692914 0.179207 0.01573426
v 0.04214821 0.1785076 0.01105773
v 0.03658637 0.1754574 0.008826494
v 0.03173392 0.1708736 0.009638429
v 0.02889106 0.1659846 0.01327592
v 0.02881954 0.1621001 0.01876438
v 0.03867047 0.1564353 0.02824605
v 0.0332338 0.1556399 0.02292812
v 0.04499516 0.1599039 0.03078336
v 0.05051316 0.1651164 0.02986002
v 0.05374594 0.1706761 0.02572364
v 0.05382728 0.1750931 0.01948237
v 0.05073537 0.1771842 0.01280868
v 0.0452987 0.1763888 0.007490695
v 0.03897401 0.1729203 0.004953444
v 0.03345601 0.1677077 0.00587672
v 0.03022323 0.1621482 0.01001316
v 0.03014189 0.157731 0.01625443
v 0.04159776 0.1529 0.02578217
v 0.03616109 0.1521047 0.02046418
v 0.04792245 0.1563686 0.02831942
v 0.05344045 0.1615811 0.02739614
v 0.05667324 0.1671407 0.0232597
v 0.05675457 0.1715578 0.0170185
v 0.05366267 0.1736489 0.01034474
v 0.04822599 0.1728535 0.005026817
v 0.04190131 0.1693849 0.002489567
v 0.0363833 0.1641725 0.003412843
v 0.03315052 0.1586128 0.007549226
v 0.03306919 0.1541957 0.01379049
v 0.04474825 0.1507812 0.02221513
v 0.03996732 0.1500818 0.01753861
v 0.05031008 0.1538314 0.02444637
v 0.05516254 0.1584153 0.02363443
v 0.0580054 0.1633043 0.01999694
v 0.05807693 0.1671887 0.01450849
v 0.05535795 0.1690275 0.008639753
v 0.05057701 0.1683281 0.003963172
v 0.04501518 0.1652778 0.001731932
v 0.04016273 0.1606941 0.002543867
v 0.03731987 0.1558051 0.006181419
v 0.03724835 0.1519206 0.01166987
v 0.04774193 0.1503345 0.01797527
v 0.0441934 0.1498155 0.01450419
v 0.05187008 0.1525986 0.01963133
v 0.0554717 0.1560008 0.01902872
v 0.05758175 0.1596295 0.01632881
v 0.05763484 0.1625126 0.01225513
v 0.05561674 0.1638774 0.007899225
v 0.0520682 0.1633583 0.004428148
v 0.04794006 0.1610944 0.002772093
v 0.04433844 0.1576921 0.003374696
v 0.04222839 0.1540634 0.006074548
v 0.0421753 0.1511803 0.01014823
v 0.05021774 0.1516139 0.01357388
v 0.04832961 0.1513377 0.01172698
v 0.05241428 0.1528185 0.01445508
v 0.05433066 0.1546288 0.01413441
v 0.05545339 0.1565596 0.01269782
v 0.05548164 0.1580938 0.01053029
v 0.05440784 0.1588199 0.008212507
v 0.05251969 0.1585436 0.006365597
v 0.05032316 0.157339 0.005484462
v 0.04840678 0.1555288 0.005805075
v 0.04728404 0.1535979 0.007241666
v 0.0472558 0.1520639 0.009409189
v 0.05187704 0.1544649 0.009541869
vn 0.1414443 0.03863433 0.9891921
vn 0.6962819 0.03342756 0.7169898
vn 0.9851635 0.01545148 0.1709216
vn 0.8977461 -0.008425512 -0.4404328
vn 0.4674203 -0.02908446 -0.8835567
vn -0.1414443 -0.03863434 -0.9891921
vn -0.6962819 -0.03342701 -0.7169896
vn -0.9851635 -0.01545168 -0.1709215
vn -0.8977461 0.008425684 0.4404328
vn -0.4674203 0.02908443 0.8835567
vn -0.894048 -0.07264705 0.4420413
vn 0.009128308 -0.9992466 0.03772172
vn -0.9837564 -0.06037218 -0.1690523
vn -0.6959562 -0.0535733 -0.716083
vn -0.1412799 -0.05465678 -0.9884598
vn 0.4674599 -0.06310188 -0.8817593
vn 0.8963171 -0.07580988 -0.4368851
vn 0.9808155 -0.088074 0.1739082
vn 0.691687 -0.09519481 0.715896
vn 0.1414044 -0.09432095 0.9854483
vn -0.4669653 0.0003801579 0.8842756
vn 0.5497202 0.2443662 -0.7988072
vn -0.5633109 -0.06899946 0.8233589
vn 0.02814223 -0.142099 0.9894524
vn -0.9404851 -0.05575204 0.3352306
vn -0.958541 -0.04442572 -0.2814701
vn -0.6105395 -0.03918708 -0.7910158
vn -0.0295343 -0.0418507 -0.9986873
vn 0.5624232 -0.05143916 -0.825248
vn 0.9392579 -0.06450217 -0.3370966
vn 0.9571861 -0.07614481 0.279279
vn 0.6094463 -0.08176333 0.7886
vn 0.9150771 0.2429235 -0.3219036
vn 0.933664 0.2262267 0.2776566
vn 0.598106 0.1993164 0.7762359
vn 0.02991441 0.1700855 0.9849752
vn -0.5553415 0.1523606 0.8175464
vn -0.9201794 0.2058918 0.3329843
vn -0.9327598 0.239213 -0.2696969
vn -0.5992128 0.2033203 -0.7743416
vn -0.0270377 0.2361138 -0.9713492
vn 0.005593873 0.9987909 0.04884196
vn 0.003647744 0.2717416 -0.9623634
vn 0.5989354 0.2011218 0.77513
vn 0.03558091 0.1776985 0.9834415
vn -0.5464165 0.1643286 0.8212339
vn -0.9392311 0.1664434 0.300236
vn -0.9296187 0.2998882 -0.2141872
vn -0.6063014 0.2153604 -0.7655184
vn 0.5836501 0.2029081 -0.7862448
vn -0.01632804 0.9916112 0.1282207
vn -0.01669543 0.7489623 0.6624022
vn 0.07223406 0.7646717 0.6403589
vn 0.1357563 0.8010176 0.5830447
vn 0.1568514 0.848261 0.5058171
vn 0.1298672 0.893743 0.4293693
vn 0.06203339 0.9252769 0.3741852
vn -0.0284727 0.934413 0.3550516
vn -0.1174023 0.9187036 0.3770949
vn -0.180924 0.8823578 0.4344092
vn -0.2020194 0.8351144 0.5116367
vn -0.1750356 0.7896324 0.5880845
vn -0.1072017 0.7580985 0.6432686
vn -0.002881228 0.4694927 0.8829317
vn 0.2511862 0.5143743 0.819954
vn 0.4326684 0.6182134 0.656209
vn 0.4929374 0.7531864 0.4355719
vn 0.4158444 0.8831275 0.2171624
vn 0.2220456 0.973219 0.05950275
vn -0.03652979 0.9993209 0.004838191
vn -0.2905973 0.9544393 0.06781588
vn -0.4720795 0.8506002 0.2315609
vn -0.5323483 0.7156272 0.4521981
vn -0.4552551 0.5856861 0.6706077
vn -0.2614565 0.4955946 0.8282672
vn 0.01102014 0.1375999 0.9904266
vn 0.3957311 0.20556 0.8950654
vn 0.6705331 0.3627942 0.6471213
vn 0.7617929 0.5671715 0.3130307
vn 0.6450576 0.7639293 -0.01768701
vn 0.3516064 0.9003465 -0.2564162
vn -0.03993089 0.9398701 -0.3391897
vn -0.4246418 0.87191 -0.2438284
vn -0.6994436 0.714676 0.004115629
vn -0.7907035 0.5102987 0.338206
vn -0.6739683 0.3135407 0.6689237
vn -0.3805169 0.1771235 0.9076532
vn 0.02332202 -0.203346 0.9788292
vn 0.4904973 -0.1208183 0.8630269
vn 0.8242041 0.07011956 0.5619349
vn 0.9350259 0.3183059 0.1562307
vn 0.7932679 0.5572396 -0.2453775
vn 0.4369143 0.7228984 -0.5352793
vn -0.03855059 0.7708941 -0.6357957
vn -0.5057258 0.6883665 -0.5199933
vn -0.8394325 0.4974286 -0.2189015
vn -0.9502542 0.2492423 0.1868026
vn -0.8084964 0.01030873 0.5884109
vn -0.4521426 -0.1553502 0.8783129
vn 0.03279236 -0.5163473 0.8557512
vn 0.5279983 -0.4288681 0.7330008
vn 0.8817275 -0.226474 0.4138432
vn 0.9991986 0.03660357 -0.0162032
vn 0.8489351 0.2898732 -0.441908
vn 0.4712002 0.4654716 -0.749204
vn -0.03279254 0.5163471 -0.8557513
vn -0.5279983 0.4288678 -0.7330008
vn -0.8817275 0.2264737 -0.4138434
vn -0.9991985 -0.03660383 0.01620292
vn -0.8489351 -0.2898736 0.4419078
vn -0.4712001 -0.4654718 0.749204
vn 0.03855036 -0.7708939 0.6357959
vn 0.5057257 -0.6883665 0.5199934
vn 0.8394325 -0.4974287 0.2189015
vn 0.9502543 -0.2492422 -0.1868026
vn 0.8084964 -0.01030862 -0.5884109
vn 0.4521427 0.15535 -0.8783128
vn -0.02332221 0.203346 -0.9788292
vn -0.4904974 0.1208182 -0.8630268
vn -0.8242041 -0.07011952 -0.561935
vn -0.9350258 -0.3183059 -0.1562308
vn -0.793268 -0.5572395 0.2453776
vn -0.4369142 -0.7228984 0.5352793
vn 0.03993066 -0.9398701 0.3391898
vn 0.4246417 -0.87191 0.2438286
vn 0.6994436 -0.7146759 -0.004115648
vn 0.7907034 -0.5102988 -0.3382061
vn 0.6739683 -0.3135409 -0.6689237
vn 0.380517 -0.1771238 -0.907653
vn -0.0110203 -0.1376 -0.9904267
vn -0.3957313 -0.2055601 -0.8950653
vn -0.6705331 -0.3627941 -0.6471212
vn -0.7617928 -0.5671714 -0.3130308
vn -0.6450577 -0.7639292 0.01768703
vn -0.3516063 -0.9003465 0.2564164
vn 0.03652958 -0.9993209 -0.004838238
vn 0.2905971 -0.9544393 -0.06781592
vn 0.4720795 -0.8506001 -0.231561
vn 0.5323484 -0.7156272 -0.452198
vn 0.4552553 -0.5856861 -0.6706076
vn 0.2614568 -0.4955945 -0.8282672
vn 0.002881154 -0.4694926 -0.8829317
vn -0.2511862 -0.5143743 -0.819954
vn -0.4326685 -0.6182134 -0.6562089
vn -0.4929373 -0.7531865 -0.4355719
vn -0.4158441 -0.8831276 -0.2171623
vn -0.2220454 -0.973219 -0.05950279
vn 0.02847243 -0.934413 -0.3550517
vn 0.1174018 -0.9187036 -0.377095
vn 0.1809244 -0.8823577 -0.4344091
vn 0.2020192 -0.8351144 -0.5116367
vn 0.175035 -0.7896324 -0.5880846
vn 0.1072021 -0.7580986 -0.6432685
vn 0.01669573 -0.7489625 -0.6624021
vn -0.07223371 -0.7646718 -0.6403588
vn -0.1357558 -0.8010178 -0.5830446
vn -0.1568516 -0.8482609 -0.5058172
vn -0.1298672 -0.893743 -0.4293693
vn -0.06203404 -0.9252768 -0.3741854
vn -0.923581 -0.2170991 0.3160161
vn -0.4141084 -0.2052866 0.886776
vn 0.3370879 -0.07047373 0.9388319
vn 0.8907675 0.1085475 0.4413058
vn 0.921736 0.2267751 -0.3146043
vn 0.412361 0.2149599 -0.8852969
vn -0.3387755 0.08021303 -0.9374418
vn -0.8925532 -0.09880536 -0.4399845
vn 0.1621935 -0.9813678 -0.1030082
vn 0.3426023 -0.07098328 0.9367951
vn -0.4084675 -0.2079709 0.8887646
vn -0.9212885 -0.2201005 0.3205982
vn -0.8947833 -0.1000993 -0.4351357
vn -0.3446802 0.08162075 -0.935165
vn 0.4066137 0.2186517 -0.8870494
vn 0.9193579 0.2307339 -0.318658
vn 0.8931103 0.108368 0.4365895
vn -0.1810552 0.9754273 0.1255414
vn 0.1824676 -0.1111885 0.9769047
vn 0.8109377 0.07288254 0.5805758
vn -0.5535199 -0.2259314 0.8016051
vn -0.9656527 -0.2070847 0.1569421
vn -0.8122453 -0.06561964 -0.5796133
vn -0.1832581 0.1155325 -0.9762524
vn 0.5526552 0.2302741 -0.8009657
vn 0.9647995 0.2114489 -0.1563694
vn 0.7372373 0.4208162 -0.5285783
vn 0.7844603 0.3414899 -0.5176936
vn 0.8007978 0.2534527 -0.5426644
vn 0.7818726 0.1802935 -0.5967994
vn 0.7327558 0.141615 -0.6655931
vn 0.6666079 0.1477817 -0.7306125
vn 0.601154 0.1971403 -0.774435
vn 0.5539307 0.2764666 -0.7853197
vn 0.5375937 0.3645035 -0.7603487
vn 0.5565187 0.437663 -0.7062139
vn 0.6056351 0.4763416 -0.6374205
vn 0.6717831 0.4701749 -0.572401
vn 0.7782941 0.589114 -0.2172626
vn 0.9132081 0.362482 -0.1861662
vn 0.9598843 0.1109614 -0.2575068
vn 0.905816 -0.09805326 -0.4121686
vn 0.7654908 -0.2085566 -0.6087102
vn 0.5765082 -0.1909392 -0.7944687
vn 0.3895067 -0.04992182 -0.9196697
vn 0.2545928 0.1767102 -0.950766
vn 0.2079166 0.4282308 -0.8794255
vn 0.261985 0.6372454 -0.7247636
vn 0.4023103 0.7477486 -0.5282219
vn 0.5912927 0.7301313 -0.3424635
vn 0.7226813 0.6815829 0.1147886
vn 0.9269692 0.338415 0.1618749
vn 0.9976467 -0.04243981 0.05385038
vn 0.915776 -0.3589315 -0.1803399
vn 0.7032942 -0.5262565 -0.477945
vn 0.4171357 -0.4995801 -0.7592217
vn 0.1339763 -0.2860503 -0.9488022
vn -0.07031146 0.05711767 -0.9958885
vn -0.1409889 0.4379722 -0.887864
vn -0.05911841 0.7544639 -0.6536737
vn 0.1533633 0.921789 -0.3560686
vn 0.4395221 0.8951126 -0.07479181
vn 0.5830667 0.6916964 0.4261331
vn 0.8311444 0.2749691 0.4833126
vn 0.916972 -0.1875235 0.3521325
vn 0.8175519 -0.5718564 0.06774259
vn 0.5595239 -0.7750482 -0.2936553
vn 0.2120262 -0.7426536 -0.6352248
vn -0.1318296 -0.4833528 -0.8654427
vn -0.3799073 -0.06662548 -0.9226221
vn -0.4657348 0.3958668 -0.7914421
vn -0.3663148 0.7801997 -0.5070522
vn -0.1082867 0.9833915 -0.1456544
vn 0.2392111 0.950997 0.1959153
vn 0.378895 0.6227762 0.6845352
vn 0.6418573 0.1810451 0.7451456
vn 0.7328345 -0.309197 0.6060947
vn 0.6274493 -0.7165899 0.3046414
vn 0.3539395 -0.9319732 -0.07844032
vn -0.01440812 -0.897635 -0.4405041
vn -0.3788953 -0.6227762 -0.6845351
vn -0.6418576 -0.1810451 -0.7451453
vn -0.7328348 0.3091968 -0.6060945
vn -0.6274496 0.7165897 -0.3046412
vn -0.3539398 0.931973 0.07844064
vn 0.01440807 0.8976349 0.4405043
vn 0.1318297 0.4833532 0.8654425
vn 0.3799072 0.06662559 0.9226221
vn 0.4657348 -0.3958668 0.7914421
vn 0.3663149 -0.7801997 0.5070522
vn 0.1082868 -0.9833915 0.1456543
vn -0.2392111 -0.9509971 -0.1959151
vn -0.5830668 -0.6916962 -0.4261332
vn -0.8311445 -0.2749689 -0.4833125
vn -0.916972 0.1875234 -0.3521326
vn -0.817552 0.5718564 -0.0677426
vn -0.5595239 0.7750482 0.2936552
vn -0.2120261 0.7426536 0.6352248
vn -0.1339764 0.2860505 0.9488021
vn 0.0703115 -0.05711748 0.9958885
vn 0.140989 -0.4379723 0.8878639
vn 0.0591183 -0.7544639 0.6536738
vn -0.1533634 -0.9217889 0.3560687
vn -0.4395221 -0.8951126 0.07479211
vn -0.7226815 -0.6815828 -0.1147886
vn -0.9269692 -0.3384148 -0.1618749
vn -0.9976467 0.04243983 -0.05385042
vn -0.9157761 0.3589314 0.1803399
vn -0.7032942 0.5262566 0.4779449
vn -0.4171355 0.4995801 0.7592218
vn -0.3895069 0.04992194 0.9196696
vn -0.254593 -0.1767101 0.950766
vn -0.2079166 -0.4282309 0.8794254
vn -0.261985 -0.6372454 0.7247636
vn -0.4023101 -0.7477487 0.528222
vn -0.5912925 -0.7301314 0.3424636
vn -0.7782942 -0.589114 0.2172625
vn -0.9132081 -0.362482 0.1861662
vn -0.9598843 -0.1109613 0.2575068
vn -0.905816 0.09805318 0.4121687
vn -0.7654906 0.2085565 0.6087104
vn -0.5765082 0.190939 0.7944688
vn -0.6011543 -0.1971402 0.7744349
vn -0.5539312 -0.2764663 0.7853195
vn -0.5375934 -0.3645038 0.7603489
vn -0.5565189 -0.4376628 0.706214
vn -0.6056356 -0.4763412 0.6374202
vn -0.6717829 -0.470175 0.5724013
vn -0.737237 -0.4208162 0.5285786
vn -0.7844601 -0.3414901 0.5176939
vn -0.8007975 -0.253453 0.5426648
vn -0.7818727 -0.1802934 0.5967993
vn -0.7327559 -0.1416151 0.665593
vn -0.6666084 -0.1477814 0.730612
vn -0.3456593 0.9131662 0.2159795
vn -0.2570485 0.9400376 0.2241771
vn -0.1770461 0.9666528 0.1850329
vn -0.1270881 0.9858802 0.1090359
vn -0.1205603 0.9925681 0.01654974
vn -0.1592126 0.9849241 -0.06764452
vn -0.2326869 0.964997 -0.1209863
vn -0.3212978 0.9381254 -0.129184
vn -0.4012997 0.9115106 -0.09003947
vn -0.451258 0.8922831 -0.01404269
vn -0.4577861 0.8855951 0.07844326
vn -0.4191338 0.893239 0.1626376
vn -0.4136944 0.7453475 0.5227945
vn -0.1605371 0.8221182 0.5462139
vn 0.06802823 0.898157 0.4343802
vn 0.2107579 0.9530895 0.2172594
vn 0.2294075 0.9721965 -0.04697134
vn 0.1189796 0.9503582 -0.2875119
vn -0.09093614 0.8934264 -0.439909
vn -0.3440935 0.8166558 -0.4633284
vn -0.5726588 0.7406169 -0.3514948
vn -0.7153883 0.6856846 -0.1343738
vn -0.7340379 0.6665776 0.129857
vn -0.6236101 0.6884158 0.3703974
vn -0.4294513 0.4889624 0.7592677
vn -0.04611856 0.6052092 0.7947295
vn 0.2999772 0.7203478 0.6253901
vn 0.5160996 0.803527 0.2966238
vn 0.5443388 0.832459 -0.1034767
vn 0.3771283 0.7993914 -0.4677048
vn 0.05927181 0.7131847 -0.6984659
vn -0.3240609 0.5969379 -0.7339277
vn -0.6701564 0.4817993 -0.5645882
vn -0.8862788 0.3986199 -0.2358221
vn -0.9145182 0.3696879 0.1642785
vn -0.7473076 0.4027556 0.5285068
vn -0.3942359 0.1804677 0.9011158
vn 0.07126572 0.3216324 0.9441789
vn 0.4915485 0.4614516 0.7385409
vn 0.7539975 0.5624605 0.3393022
vn 0.7882899 0.5975942 -0.1465614
vn 0.5852371 0.5574385 -0.5888631
vn 0.1992469 0.452753 -0.8690888
vn -0.2662547 0.3115883 -0.912152
vn -0.6865372 0.1717691 -0.7065141
vn -0.9489862 0.07076019 -0.3072755
vn -0.9832788 0.03562657 0.1785881
vn -0.7802259 0.07578228 0.6208902
vn -0.314546 -0.1443113 0.9382085
vn 0.1788858 0.005323273 0.9838554
vn 0.6243855 0.1535315 0.7658792
vn 0.9025815 0.260601 0.3426862
vn 0.9389315 0.2978427 -0.1723293
vn 0.7236956 0.2552777 -0.6411693
vn 0.3145459 0.144311 -0.9382085
vn -0.1788858 -0.005323613 -0.9838554
vn -0.6243854 -0.1535318 -0.7658792
vn -0.9025813 -0.2606014 -0.3426863
vn -0.9389313 -0.2978431 0.1723292
vn -0.7236955 -0.2552778 0.6411694
vn -0.1992472 -0.4527528 0.8690889
vn 0.2662546 -0.3115883 0.912152
vn 0.6865372 -0.1717692 0.7065141
vn 0.9489862 -0.0707601 0.3072755
vn 0.9832788 -0.03562647 -0.1785882
vn 0.7802261 -0.07578234 -0.62089
vn 0.3942357 -0.1804677 -0.9011158
vn -0.07126591 -0.3216325 -0.9441789
vn -0.4915484 -0.4614515 -0.7385409
vn -0.7539975 -0.5624605 -0.3393023
vn -0.78829 -0.5975941 0.1465613
vn -0.5852371 -0.5574385 0.5888633
vn -0.05927206 -0.7131847 0.6984658
vn 0.3240607 -0.5969378 0.7339277
vn 0.6701565 -0.4817992 0.5645882
vn 0.8862787 -0.3986201 0.2358221
vn 0.9145181 -0.3696881 -0.1642784
vn 0.7473076 -0.4027558 -0.5285065
vn 0.4294512 -0.4889624 -0.7592677
vn 0.04611835 -0.6052092 -0.7947295
vn -0.2999772 -0.7203478 -0.6253901
vn -0.5160995 -0.803527 -0.2966239
vn -0.5443389 -0.8324589 0.1034767
vn -0.3771282 -0.7993913 0.4677049
vn 0.09093596 -0.8934264 0.4399089
vn 0.3440933 -0.8166558 0.4633283
vn 0.5726588 -0.7406169 0.3514947
vn 0.7153884 -0.6856846 0.1343739
vn 0.734038 -0.6665774 -0.1298569
vn 0.6236103 -0.6884156 -0.3703974
vn 0.4136944 -0.7453475 -0.5227945
vn 0.1605372 -0.8221182 -0.5462139
vn -0.06802831 -0.898157 -0.4343802
vn -0.2107577 -0.9530895 -0.2172593
vn -0.2294073 -0.9721965 0.04697159
vn -0.1189794 -0.9503583 0.287512
vn 0.2326867 -0.9649971 0.120986
vn 0.3212973 -0.9381256 0.1291836
vn 0.4013001 -0.9115103 0.09003966
vn 0.4512579 -0.8922831 0.01404266
vn 0.4577856 -0.8855953 -0.07844355
vn 0.419134 -0.893239 -0.1626373
vn 0.3456595 -0.9131662 -0.2159792
vn 0.2570487 -0.9400376 -0.2241769
vn 0.1770465 -0.9666528 -0.1850326
vn 0.1270879 -0.9858803 -0.1090361
vn 0.1205603 -0.9925681 -0.0165498
vn 0.1592121 -0.9849243 0.06764404
vn 0.496233 0.1975643 0.8454119
vn 0.5548155 0.2482837 0.7940624
vn 0.5751655 0.3273805 0.7496711
vn 0.5518308 0.4136609 0.7241322
vn 0.4910643 0.484006 0.7242888
vn 0.4091476 0.5195669 0.750099
vn 0.3280314 0.5108153 0.7946466
vn 0.2694487 0.4600957 0.8459961
vn 0.2490993 0.3809991 0.8903872
vn 0.2724337 0.2947187 0.9159263
vn 0.3331998 0.2243735 0.9157699
vn 0.4151166 0.1888126 0.8899596
vn 0.5998766 -0.1384302 0.7880262
vn 0.7672438 0.006473889 0.6413229
vn 0.8253838 0.2324516 0.5144978
vn 0.758718 0.4789523 0.4415334
vn 0.5851095 0.6799266 0.4419804
vn 0.3510761 0.7815235 0.5157194
vn 0.1193276 0.7565201 0.6429917
vn -0.04803959 0.6116161 0.789695
vn -0.1061795 0.3856384 0.9165201
vn -0.03951355 0.1391376 0.9894845
vn 0.134095 -0.06183666 0.9890373
vn 0.3681282 -0.1634336 0.9152984
vn 0.627617 -0.450866 0.6346785
vn 0.8810458 -0.2314512 0.4125393
vn 0.9690819 0.1107262 0.2204995
vn 0.8681359 0.4839799 0.1100162
vn 0.6052564 0.7882968 0.1106933
vn 0.2508816 0.9421355 0.2223493
vn -0.1000342 0.904275 0.4150661
vn -0.3534629 0.6848602 0.6372053
vn -0.4414989 0.342683 0.829245
vn -0.3405531 -0.03057068 0.9397282
vn -0.07767356 -0.3348878 0.9390512
vn 0.2767015 -0.4887265 0.8273952
vn 0.5807629 -0.7033958 0.4098155
vn 0.8885151 -0.4369485 0.14006
vn 0.9954222 -0.02142405 -0.09314425
vn 0.872838 0.431838 -0.2273101
vn 0.5536091 0.8013864 -0.2264878
vn 0.1232728 0.9882011 -0.09089795
vn -0.3028632 0.9422251 0.1431285
vn -0.6106154 0.6757778 0.4128841
vn -0.7175223 0.2602535 0.6460882
vn -0.5949382 -0.1930085 0.780254
vn -0.2757094 -0.5625569 0.7794319
vn 0.1546273 -0.7493718 0.6438419
vn 0.4683218 -0.8721792 0.1413442
vn 0.7945392 -0.5897451 -0.1445968
vn 0.9078605 -0.1492891 -0.3917934
vn 0.7779214 0.3311686 -0.5340092
vn 0.4395387 0.72289 -0.5331377
vn -0.01661794 0.9209136 -0.3894123
vn -0.468322 0.872179 -0.1413443
vn -0.7945394 0.5897449 0.1445967
vn -0.9078607 0.1492891 0.3917931
vn -0.7779216 -0.3311686 0.5340088
vn -0.439539 -0.7228902 0.5331373
vn 0.01661797 -0.9209138 0.3894121
vn 0.3028632 -0.9422252 -0.1431281
vn 0.6106153 -0.6757779 -0.412884
vn 0.7175223 -0.2602535 -0.6460882
vn 0.5949383 0.1930085 -0.780254
vn 0.2757094 0.562557 -0.7794318
vn -0.1546272 0.7493717 -0.643842
vn -0.580763 0.7033958 -0.4098155
vn -0.8885153 0.4369484 -0.1400599
vn -0.9954221 0.02142414 0.0931442
vn -0.872838 -0.4318379 0.2273101
vn -0.5536092 -0.8013864 0.226488
vn -0.1232727 -0.9882011 0.09089796
vn 0.100034 -0.9042751 -0.4150659
vn 0.3534629 -0.6848603 -0.6372051
vn 0.4414989 -0.3426829 -0.829245
vn 0.340553 0.03057058 -0.9397283
vn 0.07767347 0.3348876 -0.9390512
vn -0.2767015 0.4887262 -0.8273953
vn -0.6276171 0.4508659 -0.6346784
vn -0.8810459 0.2314511 -0.4125392
vn -0.9690819 -0.1107262 -0.2204995
vn -0.8681359 -0.4839798 -0.1100163
vn -0.6052564 -0.7882968 -0.1106932
vn -0.2508814 -0.9421356 -0.2223492
vn -0.1193278 -0.7565202 -0.6429915
vn 0.04803941 -0.6116161 -0.7896948
vn 0.1061795 -0.3856383 -0.9165201
vn 0.03951364 -0.1391377 -0.9894845
vn -0.1340948 0.06183672 -0.9890373
vn -0.368128 0.1634337 -0.9152985
vn -0.5998766 0.1384302 -0.7880261
vn -0.7672438 -0.006473886 -0.6413229
vn -0.8253838 -0.2324516 -0.5144978
vn -0.7587179 -0.4789524 -0.4415335
vn -0.5851092 -0.6799267 -0.4419806
vn -0.351076 -0.7815235 -0.5157197
vn -0.3280317 -0.5108152 -0.7946465
vn -0.2694492 -0.4600958 -0.8459959
vn -0.2490989 -0.3809989 -0.8903874
vn -0.2724338 -0.2947188 -0.9159262
vn -0.3332004 -0.2243737 -0.9157697
vn -0.4151163 -0.1888126 -0.8899598
vn -0.4962327 -0.1975643 -0.8454121
vn -0.5548152 -0.2482837 -0.7940626
vn -0.5751651 -0.3273805 -0.7496714
vn -0.551831 -0.4136607 -0.7241321
vn -0.4910643 -0.4840059 -0.7242888
vn -0.4091482 -0.5195668 -0.7500987
vn -0.3714553 0.8701128 0.3239208
vn -0.2838284 0.9007645 0.3287322
vn -0.2081255 0.9350279 0.2870656
vn -0.1646305 0.9637223 0.2100861
vn -0.1649974 0.9791591 0.1184204
vn -0.2091287 0.9772019 0.03662981
vn -0.2851982 0.9583753 -0.01336915
vn -0.3728252 0.9277235 -0.01818061
vn -0.4485277 0.8934603 0.02348623
vn -0.4920231 0.8647659 0.1004656
vn -0.4916564 0.8493289 0.192131
vn -0.4475251 0.8512862 0.2739217
vn -0.4096952 0.6716334 0.6172994
vn -0.159349 0.7592042 0.6310443
vn 0.05693296 0.857094 0.5120044
vn 0.1811981 0.9390733 0.2920764
vn 0.1801498 0.9831758 0.03018977
vn 0.05406854 0.9775843 -0.2034836
vn -0.1632618 0.923797 -0.3463304
vn -0.413608 0.8362262 -0.3600754
vn -0.6298899 0.7383364 -0.2410355
vn -0.754155 0.6563572 -0.02110732
vn -0.7531066 0.6122546 0.2407794
vn -0.6270254 0.6178461 0.4744526
vn -0.3967264 0.3942617 0.8289547
vn -0.01765018 0.5268622 0.8497674
vn 0.3098459 0.6750878 0.6695163
vn 0.4980092 0.7992216 0.3364993
vn 0.4964217 0.866002 -0.06005181
vn 0.3055087 0.8575352 -0.4138815
vn -0.02357495 0.77609 -0.6301814
vn -0.4026512 0.6434895 -0.6509941
vn -0.730147 0.495264 -0.470743
vn -0.9183104 0.3711301 -0.1377261
vn -0.916723 0.3043496 0.2588251
vn -0.7258098 0.3128165 0.6126549
vn -0.3372641 0.07639901 0.938305
vn 0.1230686 0.2374229 0.963579
vn 0.5207648 0.4174213 0.7446902
vn 0.7492616 0.5681636 0.3402898
vn 0.7473338 0.6492587 -0.1412636
vn 0.5154979 0.6389771 -0.5709381
vn 0.1158738 0.5400738 -0.8336028
vn -0.3444589 0.3790498 -0.8588768
vn -0.7421548 0.1990515 -0.6399881
vn -0.9706517 0.04830923 -0.2355877
vn -0.9687239 -0.03278579 0.2459657
vn -0.7368879 -0.02250423 0.6756404
vn -0.2401632 -0.2457477 0.9391112
vn 0.2477896 -0.07506239 0.9659017
vn 0.6693475 0.1157359 0.7338795
vn 0.9115542 0.2755227 0.3052151
vn 0.9095107 0.3614834 -0.2052316
vn 0.6637646 0.350585 -0.6606867
vn 0.2401631 0.2457474 -0.9391112
vn -0.2477896 0.07506205 -0.9659017
vn -0.6693473 -0.1157362 -0.7338796
vn -0.911554 -0.275523 -0.3052152
vn -0.9095106 -0.3614838 0.2052315
vn -0.6637644 -0.3505852 0.6606867
vn -0.1158742 -0.5400736 0.8336029
vn 0.3444588 -0.3790499 0.8588768
vn 0.7421548 -0.1990515 0.6399881
vn 0.9706517 -0.04830914 0.2355878
vn 0.9687239 0.03278589 -0.2459657
vn 0.7368879 0.02250415 -0.6756402
vn 0.3372639 -0.07639904 -0.938305
vn -0.1230688 -0.237423 -0.9635789
vn -0.5207647 -0.4174213 -0.7446903
vn -0.7492616 -0.5681636 -0.3402898
vn -0.7473339 -0.6492586 0.1412636
vn -0.5154978 -0.6389771 0.5709382
vn 0.02357471 -0.77609 0.6301814
vn 0.402651 -0.6434895 0.6509942
vn 0.7301471 -0.4952639 0.4707429
vn 0.9183103 -0.3711303 0.1377261
vn 0.9167229 -0.3043498 -0.258825
vn 0.7258099 -0.3128167 -0.6126547
vn 0.3967263 -0.3942618 -0.8289547
vn 0.01764997 -0.5268623 -0.8497674
vn -0.3098459 -0.6750878 -0.6695163
vn -0.4980091 -0.7992216 -0.3364994
vn -0.4964218 -0.8660019 0.06005179
vn -0.3055086 -0.8575351 0.4138816
vn 0.1632616 -0.9237971 0.3463303
vn 0.4136079 -0.8362263 0.3600753
vn 0.62989 -0.7383363 0.2410354
vn 0.754155 -0.6563572 0.02110742
vn 0.7531068 -0.6122545 -0.2407793
vn 0.6270256 -0.617846 -0.4744526
vn 0.4096951 -0.6716334 -0.6172994
vn 0.159349 -0.7592042 -0.6310443
vn -0.05693303 -0.857094 -0.5120044
vn -0.181198 -0.9390733 -0.2920763
vn -0.1801496 -0.9831759 -0.03018954
vn -0.05406833 -0.9775843 0.2034836
vn 0.285198 -0.9583754 0.01336891
vn 0.3728248 -0.9277237 0.01818027
vn 0.4485281 -0.8934602 -0.02348604
vn 0.4920229 -0.8647659 -0.1004656
vn 0.4916559 -0.8493292 -0.1921313
vn 0.4475254 -0.8512862 -0.2739214
vn 0.3714556 -0.8701128 -0.3239205
vn 0.2838287 -0.9007645 -0.3287319
vn 0.2081259 -0.9350279 -0.2870653
vn 0.1646303 -0.9637223 -0.2100863
vn 0.1649974 -0.9791591 -0.1184205
vn 0.2091281 -0.9772019 -0.03663028
vn 0.3238072 0.1609604 0.9323307
vn 0.3895369 0.2153863 0.8954719
vn 0.4156404 0.297091 0.8596394
vn 0.3951242 0.3841819 0.8344347
vn 0.3334857 0.4533233 0.8266108
vn 0.2472403 0.4859884 0.8382646
vn 0.1594986 0.4734251 0.866273
vn 0.09376869 0.4189991 0.9031318
vn 0.06766573 0.3372946 0.9389642
vn 0.08818169 0.2502036 0.9641691
vn 0.1498198 0.1810622 0.9719931
vn 0.2360653 0.1483971 0.9603393
vn 0.4455654 -0.1695882 0.8790401
vn 0.6333517 -0.01409511 0.7737356
vn 0.7079297 0.2193333 0.6713632
vn 0.6493161 0.46815 0.5993533
vn 0.4732165 0.665685 0.5770007
vn 0.2268161 0.7590088 0.6102951
vn -0.02386145 0.7231154 0.690315
vn -0.2116478 0.5676223 0.7956194
vn -0.2862256 0.3341939 0.8979918
vn -0.2276118 0.08537718 0.9700018
vn -0.05151216 -0.1121578 0.9923543
vn 0.194888 -0.2054816 0.95906
vn 0.5100785 -0.4728455 0.7184964
vn 0.7944262 -0.2373967 0.5590438
vn 0.9073527 0.1160626 0.4040305
vn 0.8185994 0.4928231 0.2949923
vn 0.5519477 0.7919321 0.2611459
vn 0.1788468 0.9332438 0.3115605
vn -0.2007315 0.8788935 0.4327275
vn -0.4850791 0.6434447 0.5921801
vn -0.5980055 0.2899856 0.7471934
vn -0.5092523 -0.08677492 0.8562314
vn -0.2426007 -0.3858842 0.8900778
vn 0.1305005 -0.5271957 0.8396632
vn 0.5130605 -0.7138037 0.476711
vn 0.858359 -0.4278855 0.2830791
vn 0.9954919 0.001339236 0.09483805
vn 0.887714 0.4588598 -0.03757289
vn 0.5639045 0.8220841 -0.07867428
vn 0.1108279 0.9936864 -0.01745312
vn -0.3501146 0.927686 0.1296864
vn -0.6954132 0.6417677 0.3233184
vn -0.8325458 0.2125432 0.5115592
vn -0.7247679 -0.2449773 0.6439702
vn -0.4009585 -0.6082016 0.6850717
vn 0.05211837 -0.7798041 0.6238505
vn 0.4574827 -0.8699896 0.1839231
vn 0.8234993 -0.5669163 -0.02132692
vn 0.96886 -0.1119381 -0.2208624
vn 0.8546154 0.3730337 -0.361218
vn 0.5113773 0.7580514 -0.4047856
vn 0.031116 0.9399499 -0.3398911
vn -0.4574829 0.8699895 -0.1839232
vn -0.8234994 0.5669161 0.02132669
vn -0.96886 0.1119381 0.2208621
vn -0.8546156 -0.3730337 0.3612177
vn -0.5113775 -0.7580515 0.4047852
vn -0.03111593 -0.93995 0.3398909
vn 0.3501145 -0.9276861 -0.1296861
vn 0.6954131 -0.6417678 -0.3233183
vn 0.8325459 -0.2125432 -0.5115593
vn 0.724768 0.2449773 -0.6439701
vn 0.4009585 0.6082017 -0.6850716
vn -0.05211823 0.7798039 -0.6238506
vn -0.5130606 0.7138036 -0.4767109
vn -0.8583592 0.4278854 -0.283079
vn -0.9954919 -0.001339141 -0.09483809
vn -0.8877139 -0.4588598 0.03757285
vn -0.5639045 -0.8220841 0.07867441
vn -0.1108277 -0.9936864 0.01745314
vn 0.2007313 -0.8788936 -0.4327274
vn 0.4850791 -0.6434448 -0.59218
vn 0.5980055 -0.2899855 -0.7471934
vn 0.5092522 0.08677481 -0.8562315
vn 0.2426006 0.385884 -0.8900779
vn -0.1305005 0.5271955 -0.8396633
vn -0.5100787 0.4728453 -0.7184964
vn -0.7944263 0.2373966 -0.5590437
vn -0.9073527 -0.1160626 -0.4040305
vn -0.8185995 -0.492823 -0.2949924
vn -0.5519478 -0.7919322 -0.2611459
vn -0.1788466 -0.9332438 -0.3115605
vn 0.02386124 -0.7231154 -0.6903149
vn 0.2116476 -0.5676224 -0.7956194
vn 0.2862257 -0.3341939 -0.8979919
vn 0.2276119 -0.08537722 -0.9700018
vn 0.05151239 0.1121578 -0.9923543
vn -0.1948878 0.2054817 -0.95906
vn -0.4455655 0.1695882 -0.87904
vn -0.6333517 0.01409511 -0.7737356
vn -0.7079297 -0.2193333 -0.6713632
vn -0.649316 -0.46815 -0.5993533
vn -0.4732162 -0.6656851 -0.5770009
vn -0.2268159 -0.7590088 -0.6102952
vn -0.1594989 -0.473425 -0.866273
vn -0.09376927 -0.4189992 -0.9031317
vn -0.0676653 -0.3372944 -0.9389642
vn -0.08818183 -0.2502037 -0.9641691
vn -0.1498204 -0.1810624 -0.9719929
vn -0.2360649 -0.1483971 -0.9603394
vn -0.3238069 -0.1609605 -0.9323308
vn -0.3895365 -0.2153863 -0.8954719
vn -0.41564 -0.297091 -0.8596396
vn -0.3951244 -0.3841819 -0.8344345
vn -0.3334858 -0.4533232 -0.8266108
vn -0.2472409 -0.4859884 -0.8382644
vn 0.6380954 0.6594938 -0.397369
vn 0.7039469 0.5944607 -0.3886841
vn 0.7456385 0.5174446 -0.4198504
vn 0.7519996 0.4490816 -0.4825168
vn 0.7213259 0.4076892 -0.5598915
vn 0.661836 0.404359 -0.6312424
vn 0.589471 0.4399827 -0.6774505
vn 0.5236194 0.5050158 -0.6861354
vn 0.4819284 0.5820317 -0.6549689
vn 0.4755671 0.650395 -0.5923027
vn 0.5062403 0.6917874 -0.5149282
vn 0.5657304 0.6951176 -0.4435772
vn 0.6050107 0.7932377 -0.06881867
vn 0.7931453 0.6074405 -0.04400702
vn 0.9122576 0.3874072 -0.1330483
vn 0.9304317 0.1920952 -0.3120838
vn 0.8427979 0.07383841 -0.5331413
vn 0.6728373 0.06432368 -0.7369888
vn 0.4660911 0.1661003 -0.8690051
vn 0.2779565 0.3518975 -0.8938167
vn 0.1588442 0.5719309 -0.8047755
vn 0.1406702 0.7672428 -0.6257399
vn 0.2283041 0.8854996 -0.4046823
vn 0.3982647 0.8950143 -0.2008349
vn 0.4980379 0.8266767 0.2618471
vn 0.7829127 0.5453412 0.2994171
vn 0.9632737 0.2121647 0.1645901
vn 0.9907931 -0.0835783 -0.1065071
vn 0.8580971 -0.2626437 -0.4412343
vn 0.6007416 -0.277051 -0.7499015
vn 0.2876846 -0.1229398 -0.9498018
vn 0.002809789 0.1583957 -0.9873718
vn -0.177551 0.491572 -0.8525448
vn -0.2050706 0.787315 -0.5814476
vn -0.07237471 0.9663804 -0.2467203
vn 0.1849811 0.9807878 0.0619471
vn 0.3346579 0.7619289 0.5544983
vn 0.6805969 0.4202882 0.6001216
vn 0.8996189 0.01569392 0.4363937
vn 0.9330372 -0.3434427 0.1071858
vn 0.7718974 -0.5608914 -0.2992916
vn 0.4593767 -0.578387 -0.6741229
vn 0.07921464 -0.3912416 -0.9168725
vn -0.2667243 -0.04960066 -0.9624957
vn -0.4857462 0.3549934 -0.798768
vn -0.5191645 0.71413 -0.4695601
vn -0.3580246 0.9315788 -0.06308281
vn -0.0455038 0.9490744 0.3117487
vn 0.1353849 0.6111805 0.7798265
vn 0.5020801 0.2490411 0.8281873
vn 0.7342435 -0.1798289 0.6546358
vn 0.7696669 -0.5605137 0.3056754
vn 0.5988585 -0.7910094 -0.1251905
vn 0.2675866 -0.8095548 -0.5225119
vn -0.1353852 -0.6111805 -0.7798265
vn -0.5020804 -0.2490412 -0.8281871
vn -0.7342437 0.1798286 -0.6546357
vn -0.7696671 0.5605134 -0.3056753
vn -0.5988588 0.7910091 0.1251908
vn -0.2675866 0.8095545 0.522512
vn -0.0792146 0.3912419 0.9168724
vn 0.2667242 0.04960075 0.9624957
vn 0.4857462 -0.3549934 0.798768
vn 0.5191646 -0.71413 0.4695601
vn 0.3580247 -0.9315788 0.06308272
vn 0.04550386 -0.9490744 -0.3117486
vn -0.3346581 -0.7619289 -0.5544984
vn -0.680597 -0.420288 -0.6001215
vn -0.8996189 -0.015694 -0.4363938
vn -0.9330372 0.3434427 -0.1071858
vn -0.7718973 0.5608915 0.2992915
vn -0.4593766 0.578387 0.6741229
vn -0.2876848 0.12294 0.9498017
vn -0.00280981 -0.1583955 0.9873717
vn 0.1775511 -0.4915721 0.8525447
vn 0.2050704 -0.787315 0.5814477
vn 0.07237454 -0.9663804 0.2467204
vn -0.1849811 -0.9807878 -0.06194679
vn -0.4980381 -0.8266767 -0.2618471
vn -0.7829129 -0.5453411 -0.2994171
vn -0.9632738 -0.2121647 -0.1645901
vn -0.9907931 0.08357818 0.1065071
vn -0.8580971 0.2626437 0.4412343
vn -0.6007414 0.2770511 0.7499017
vn -0.4660912 -0.1661002 0.869005
vn -0.2779567 -0.3518974 0.8938167
vn -0.1588442 -0.5719309 0.8047755
vn -0.1406702 -0.7672428 0.62574
vn -0.2283039 -0.8854996 0.4046824
vn -0.3982644 -0.8950144 0.2008349
vn -0.6050108 -0.7932377 0.06881861
vn -0.7931452 -0.6074406 0.04400703
vn -0.9122577 -0.3874071 0.1330483
vn -0.9304317 -0.1920953 0.312084
vn -0.8427978 -0.07383854 0.5331416
vn -0.6728371 -0.06432383 0.736989
vn -0.5894713 -0.4399827 0.6774503
vn -0.5236199 -0.5050156 0.6861352
vn -0.481928 -0.5820319 0.654969
vn -0.4755672 -0.6503949 0.5923027
vn -0.5062408 -0.6917871 0.514928
vn -0.5657301 -0.6951177 0.4435775
vn -0.6380953 -0.6594939 0.3973693
vn -0.7039467 -0.5944608 0.3886843
vn -0.7456382 -0.5174448 0.4198508
vn -0.7519997 -0.4490815 0.4825166
vn -0.7213259 -0.4076893 0.5598914
vn -0.6618365 -0.4043588 0.631242
vn -0.7046562 0.146795 0.694198
vn -0.6691246 0.2318723 0.7060507
vn -0.6610593 0.3202968 0.6785356
vn -0.682621 0.3883756 0.6190259
vn -0.7280319 0.4178672 0.5434671
vn -0.7851248 0.400869 0.4721049
vn -0.8386008 0.3419364 0.4240615
vn -0.8741325 0.2568589 0.4122087
vn -0.8821976 0.1684349 0.4397241
vn -0.8606361 0.1003558 0.4992337
vn -0.8152253 0.07086393 0.5747921
vn -0.7581323 0.08786225 0.6461544
vn -0.4819387 -0.06553777 0.8737504
vn -0.3804269 0.1775251 0.9076124
vn -0.3573841 0.430152 0.8290029
vn -0.4189846 0.624652 0.6589855
vn -0.5487225 0.7089089 0.443116
vn -0.7118351 0.6603459 0.2392364
vn -0.8646159 0.4919758 0.1019765
vn -0.9661278 0.248913 0.06811459
vn -0.9891706 -0.003713921 0.1467241
vn -0.92757 -0.1982138 0.3167417
vn -0.797832 -0.2824706 0.5326111
vn -0.6347195 -0.2339078 0.7364907
vn -0.2041662 -0.2656859 0.9421927
vn -0.05045617 0.1023617 0.9934668
vn -0.01556455 0.4848917 0.8744357
vn -0.1088406 0.7794052 0.6169937
vn -0.305291 0.9069875 0.2901224
vn -0.552277 0.8334533 -0.01859348
vn -0.7836191 0.5785057 -0.2264337
vn -0.9373292 0.2104581 -0.2777077
vn -0.9722207 -0.1720717 -0.1586766
vn -0.8789447 -0.4665852 0.09876517
vn -0.6824942 -0.5941678 0.4256365
vn -0.4355081 -0.5206333 0.7343526
vn 0.0916768 -0.4301862 0.8980731
vn 0.2783351 0.01675391 0.9603379
vn 0.3207059 0.4812807 0.815792
vn 0.2074358 0.8389243 0.5031663
vn -0.03112459 0.9938545 0.1062289
vn -0.3310532 0.9045579 -0.2686614
vn -0.6119844 0.5949613 -0.5210531
vn -0.7986426 0.1480211 -0.5833178
vn -0.8410134 -0.3165054 -0.438772
vn -0.7277433 -0.674149 -0.1261464
vn -0.489183 -0.8290792 0.2707911
vn -0.1892543 -0.7397826 0.6456816
vn 0.3729404 -0.5433283 0.7521368
vn 0.5707984 -0.06957173 0.8181375
vn 0.6157115 0.4228267 0.6649188
vn 0.4956451 0.8019288 0.3335357
vn 0.2427711 0.9661548 -0.08721812
vn -0.07515323 0.8715005 -0.4846019
vn -0.3729403 0.543328 -0.7521371
vn -0.5707982 0.06957154 -0.8181378
vn -0.6157112 -0.4228267 -0.6649191
vn -0.4956449 -0.8019289 -0.333536
vn -0.2427708 -0.9661549 0.08721784
vn 0.07515348 -0.8715005 0.4846019
vn 0.611984 -0.5949614 0.5210533
vn 0.7986426 -0.1480213 0.5833178
vn 0.8410133 0.3165054 0.438772
vn 0.7277433 0.674149 0.1261465
vn 0.4891829 0.8290792 -0.2707911
vn 0.1892544 0.7397826 -0.6456815
vn -0.09167691 0.430186 -0.8980731
vn -0.2783352 -0.01675412 -0.9603379
vn -0.3207059 -0.4812807 -0.815792
vn -0.2074358 -0.8389243 -0.5031664
vn 0.03112446 -0.9938545 -0.1062288
vn 0.3310532 -0.9045578 0.2686615
vn 0.783619 -0.5785059 0.2264337
vn 0.9373291 -0.2104582 0.2777078
vn 0.9722207 0.1720718 0.1586766
vn 0.8789448 0.4665851 -0.09876523
vn 0.6824943 0.5941676 -0.4256366
vn 0.4355083 0.5206332 -0.7343525
vn 0.2041661 0.2656857 -0.9421928
vn 0.0504561 -0.1023619 -0.9934669
vn 0.01556451 -0.4848917 -0.8744357
vn 0.1088406 -0.7794051 -0.6169938
vn 0.3052909 -0.9069876 -0.2901224
vn 0.5522771 -0.8334533 0.01859368
vn 0.8646157 -0.4919759 -0.1019766
vn 0.9661276 -0.2489131 -0.0681147
vn 0.9891705 0.003714002 -0.1467241
vn 0.92757 0.1982138 -0.3167416
vn 0.797832 0.2824708 -0.5326109
vn 0.6347196 0.233908 -0.7364905
vn 0.4819387 0.06553774 -0.8737506
vn 0.3804269 -0.177525 -0.9076124
vn 0.3573841 -0.4301521 -0.8290029
vn 0.4189847 -0.6246519 -0.6589854
vn 0.5487229 -0.7089087 -0.4431159
vn 0.7118353 -0.6603458 -0.2392364
vn 0.8386006 -0.3419366 -0.4240617
vn 0.8741322 -0.2568593 -0.412209
vn 0.8821977 -0.1684345 -0.4397238
vn 0.860636 -0.100356 -0.4992337
vn 0.8152251 -0.0708644 -0.5747925
vn 0.7581326 -0.08786205 -0.6461542
vn 0.7046565 -0.1467948 -0.6941978
vn 0.6691248 -0.2318722 -0.7060505
vn 0.6610597 -0.3202966 -0.6785354
vn 0.6826208 -0.3883757 -0.6190261
vn 0.7280319 -0.4178673 -0.5434672
vn 0.7851244 -0.4008694 -0.4721054
vn -0.4278445 0.8925912 0.1422323
vn -0.3451967 0.9225518 0.1724458
vn -0.2593064 0.9533318 0.1546568
vn -0.1931872 0.976684 0.0936325
vn -0.1645555 0.9863513 0.005724559
vn -0.1810837 0.9797429 -0.08551276
vn -0.2383422 0.9586302 -0.1556315
vn -0.3209901 0.9286695 -0.185845
vn -0.4068801 0.8978897 -0.1680557
vn -0.4729995 0.8745375 -0.1070316
vn -0.5016314 0.8648701 -0.019124
vn -0.4851031 0.8714784 0.07211341
vn -0.5613389 0.7132972 0.4196495
vn -0.3252174 0.7988935 0.5059672
vn -0.07983035 0.8868315 0.4551451
vn 0.1090712 0.9535483 0.280801
vn 0.1908711 0.9811673 0.02965025
vn 0.1436511 0.9622878 -0.231012
vn -0.01993612 0.9019688 -0.4313408
vn -0.2560576 0.8163725 -0.5176585
vn -0.5014447 0.7284347 -0.4668365
vn -0.6903461 0.661718 -0.2924922
vn -0.772146 0.634099 -0.04134132
vn -0.724926 0.6529784 0.2193208
vn -0.6230998 0.4496072 0.64
vn -0.2655629 0.5792178 0.7707031
vn 0.1060045 0.7123742 0.6937479
vn 0.3920407 0.8133973 0.4297544
vn 0.5159028 0.8552181 0.04945963
vn 0.4444019 0.8266309 -0.3452368
vn 0.1966966 0.7352952 -0.6485764
vn -0.1608403 0.6056848 -0.7792795
vn -0.5324074 0.4725284 -0.7023242
vn -0.8184437 0.3715051 -0.4383309
vn -0.9423058 0.3296841 -0.05803609
vn -0.8708049 0.3582716 0.3366606
vn -0.6100637 0.1386054 0.7801352
vn -0.1758873 0.2959985 0.938855
vn 0.275327 0.4576975 0.8454041
vn 0.6226762 0.5803754 0.5248227
vn 0.7730886 0.6311607 0.06301016
vn 0.6862612 0.5964457 -0.416291
vn 0.3854593 0.4855318 -0.7846528
vn -0.04871709 0.3281388 -0.9433725
vn -0.4999311 0.1664398 -0.8499216
vn -0.8472803 0.04376195 -0.5293403
vn -0.9976927 -0.007023354 -0.06752778
vn -0.9108654 0.02769175 0.4117737
vn -0.5276273 -0.1838711 0.8293376
vn -0.06740021 -0.01703455 0.9975806
vn 0.4108869 0.1543664 0.8985227
vn 0.7790771 0.284405 0.5587063
vn 0.9385142 0.3382374 0.06918512
vn 0.8464773 0.3014394 -0.4388743
vn 0.5276272 0.1838708 -0.8293377
vn 0.0674002 0.01703421 -0.9975806
vn -0.4108867 -0.1543668 -0.8985227
vn -0.7790769 -0.2844053 -0.5587064
vn -0.9385141 -0.3382379 -0.06918512
vn -0.846477 -0.3014396 0.4388744
vn -0.3854597 -0.4855317 0.7846527
vn 0.04871697 -0.3281389 0.9433724
vn 0.4999311 -0.1664398 0.8499216
vn 0.8472803 -0.04376186 0.5293403
vn 0.9976927 0.007023453 0.06752774
vn 0.9108654 -0.02769182 -0.4117735
vn 0.6100636 -0.1386054 -0.7801353
vn 0.1758871 -0.2959985 -0.938855
vn -0.2753269 -0.4576975 -0.8454041
vn -0.6226762 -0.5803754 -0.5248227
vn -0.7730886 -0.6311606 -0.06301021
vn -0.6862612 -0.5964456 0.4162911
vn -0.1966969 -0.7352952 0.6485763
vn 0.1608402 -0.6056848 0.7792795
vn 0.5324075 -0.4725283 0.7023242
vn 0.8184436 -0.3715053 0.4383309
vn 0.9423057 -0.3296843 0.05803612
vn 0.8708049 -0.3582718 -0.3366604
vn 0.6230997 -0.4496073 -0.6400001
vn 0.2655626 -0.5792178 -0.7707031
vn -0.1060045 -0.7123742 -0.6937479
vn -0.3920406 -0.8133973 -0.4297545
vn -0.5159029 -0.8552182 -0.04945968
vn -0.4444019 -0.8266308 0.345237
vn 0.01993598 -0.9019689 0.4313406
vn 0.2560575 -0.8163727 0.5176584
vn 0.5014447 -0.7284346 0.4668364
vn 0.6903461 -0.661718 0.2924923
vn 0.7721461 -0.6340988 0.04134147
vn 0.7249262 -0.6529782 -0.2193207
vn 0.5613388 -0.7132972 -0.4196495
vn 0.3252175 -0.7988935 -0.5059672
vn 0.07983028 -0.8868315 -0.4551451
vn -0.109071 -0.9535483 -0.2808009
vn -0.1908709 -0.9811673 -0.02964994
vn -0.1436509 -0.9622878 0.2310122
vn 0.2383421 -0.9586303 0.1556312
vn 0.3209897 -0.9286698 0.1858446
vn 0.4068803 -0.8978896 0.168056
vn 0.4729993 -0.8745375 0.1070316
vn 0.501631 -0.8648704 0.01912359
vn 0.4851033 -0.8714784 -0.07211305
vn 0.4278447 -0.8925912 -0.1422319
vn 0.3451969 -0.9225518 -0.1724454
vn 0.2593067 -0.9533318 -0.1546564
vn 0.1931871 -0.976684 -0.09363275
vn 0.1645555 -0.9863513 -0.00572462
vn 0.1810833 -0.9797431 0.08551216
vn -0.6542151 0.6588433 0.3713868
vn -0.5814916 0.7042386 0.4073273
vn -0.5101582 0.7629489 0.3970487
vn -0.4593279 0.819243 0.3433059
vn -0.4426204 0.8580369 0.2604993
vn -0.4645132 0.8689358 0.1708164
vn -0.519139 0.8490195 0.0982887
vn -0.5918624 0.803624 0.06234806
vn -0.6631957 0.744914 0.07262706
vn -0.7140262 0.6886199 0.1263697
vn -0.7307338 0.6498259 0.2091759
vn -0.7088411 0.638927 0.2988589
vn -0.7048538 0.3861717 0.5950232
vn -0.497086 0.5158646 0.6977029
vn -0.2932875 0.6835985 0.6683379
vn -0.148066 0.8444293 0.5147967
vn -0.1003333 0.9552626 0.2782204
vn -0.1628797 0.9864007 0.02199909
vn -0.3189454 0.9295 -0.1852122
vn -0.5267133 0.7998071 -0.2878919
vn -0.7305117 0.6320732 -0.2585269
vn -0.8757332 0.4712424 -0.1049855
vn -0.9234658 0.3604091 0.1315908
vn -0.8609195 0.3292711 0.387812
vn -0.6676844 0.07120916 0.7410309
vn -0.3530808 0.2675911 0.8965093
vn -0.0444874 0.5215754 0.8520446
vn 0.1754083 0.7651068 0.6195511
vn 0.2476854 0.9329315 0.2613252
vn 0.1529774 0.9800809 -0.1266467
vn -0.08333896 0.8939214 -0.440408
vn -0.3979425 0.6975393 -0.5958864
vn -0.7065358 0.4435553 -0.5514217
vn -0.9264315 0.2000238 -0.3189283
vn -0.9987087 0.03219892 0.03929763
vn -0.9040006 -0.0149504 0.4272698
vn -0.5525987 -0.2453448 0.7965178
vn -0.1705586 -0.006867572 0.9853236
vn 0.204183 0.3015592 0.9313278
vn 0.4712142 0.5972925 0.6489983
vn 0.5589842 0.8010911 0.2139853
vn 0.4439751 0.8583473 -0.2571499
vn 0.1570035 0.7537191 -0.6381673
vn -0.2250366 0.5152418 -0.826973
vn -0.5997781 0.2068151 -0.7729772
vn -0.8668093 -0.08891816 -0.4906478
vn -0.9545794 -0.2927167 -0.05563477
vn -0.8395702 -0.3499729 0.4155007
vn -0.3760893 -0.529504 0.7603831
vn 0.02887338 -0.2767181 0.9605173
vn 0.4260996 0.05021423 0.9032816
vn 0.7091526 0.3636916 0.6040125
vn 0.8021889 0.5797181 0.1428986
vn 0.6802793 0.6404096 -0.3565049
vn 0.3760893 0.5295038 -0.7603832
vn -0.02887329 0.2767178 -0.9605173
vn -0.4260993 -0.05021447 -0.9032817
vn -0.7091523 -0.3636918 -0.6040126
vn -0.8021886 -0.5797184 -0.1428987
vn -0.6802791 -0.6404098 0.356505
vn -0.1570039 -0.753719 0.6381673
vn 0.2250365 -0.5152419 0.826973
vn 0.5997781 -0.2068152 0.7729772
vn 0.8668092 0.08891825 0.4906479
vn 0.9545793 0.2927168 0.05563475
vn 0.8395703 0.3499728 -0.4155006
vn 0.5525985 0.2453448 -0.7965179
vn 0.1705585 0.006867439 -0.9853237
vn -0.204183 -0.3015592 -0.9313278
vn -0.4712142 -0.5972925 -0.6489983
vn -0.5589843 -0.8010911 -0.2139853
vn -0.4439751 -0.8583472 0.25715
vn 0.08333874 -0.8939214 0.440408
vn 0.3979424 -0.6975394 0.5958865
vn 0.7065359 -0.4435552 0.5514217
vn 0.9264314 -0.2000239 0.3189283
vn 0.9987087 -0.03219914 -0.03929765
vn 0.9040006 0.01495014 -0.4272697
vn 0.6676843 -0.07120927 -0.741031
vn 0.3530806 -0.2675912 -0.8965093
vn 0.04448737 -0.5215754 -0.8520446
vn -0.1754082 -0.7651068 -0.6195512
vn -0.2476855 -0.9329315 -0.2613252
vn -0.1529774 -0.9800808 0.1266469
vn 0.3189453 -0.9295001 0.1852121
vn 0.5267132 -0.7998073 0.2878918
vn 0.7305117 -0.6320732 0.2585269
vn 0.8757332 -0.4712424 0.1049856
vn 0.9234659 -0.360409 -0.1315906
vn 0.8609197 -0.329271 -0.3878118
vn 0.7048537 -0.3861717 -0.5950233
vn 0.497086 -0.5158646 -0.6977029
vn 0.2932875 -0.6835985 -0.6683379
vn 0.1480661 -0.8444294 -0.5147966
vn 0.1003335 -0.9552627 -0.2782201
vn 0.1628798 -0.9864007 -0.02199899
vn 0.5191389 -0.8490195 -0.098289
vn 0.5918621 -0.8036242 -0.06234854
vn 0.6631959 -0.7449138 -0.07262674
vn 0.7140261 -0.68862 -0.1263698
vn 0.7307335 -0.649826 -0.2091763
vn 0.7088413 -0.638927 -0.2988585
vn 0.6542153 -0.6588433 -0.3713865
vn 0.5814919 -0.7042386 -0.407327
vn 0.5101585 -0.7629489 -0.3970483
vn 0.4593278 -0.819243 -0.3433061
vn 0.4426205 -0.8580369 -0.2604994
vn 0.4645128 -0.8689358 -0.170817
vn -0.5700403 0.8064992 -0.1568858
vn -0.4943405 0.8578599 -0.1403705
vn -0.4139456 0.8944019 -0.1693941
vn -0.3503971 0.906334 -0.2361792
vn -0.3207223 0.8904593 -0.3228304
vn -0.3328732 0.8510309 -0.4061302
vn -0.3835931 0.7986146 -0.4637576
vn -0.459293 0.7472536 -0.4802729
vn -0.5396876 0.7107121 -0.451249
vn -0.6032364 0.6987798 -0.3844642
vn -0.6329113 0.7146542 -0.2978132
vn -0.6207604 0.7540826 -0.2145133
vn -0.6823792 0.711527 0.1675948
vn -0.4661078 0.8582624 0.2147771
vn -0.2364213 0.9626622 0.1318579
vn -0.05486398 0.9967525 -0.05894453
vn 0.02991602 0.9513988 -0.3065049
vn -0.004798247 0.8387536 -0.5444902
vn -0.1497048 0.6890001 -0.7091314
vn -0.3659763 0.5422646 -0.7563137
vn -0.5956628 0.4378649 -0.6733946
vn -0.77722 0.4037748 -0.482592
vn -0.8619999 0.4491284 -0.2350315
vn -0.8272858 0.5617737 0.002953542
vn -0.7084839 0.5307439 0.4651468
vn -0.3810039 0.7529319 0.5365907
vn -0.03321061 0.911015 0.4110338
vn 0.241705 0.9626347 0.122119
vn 0.3700795 0.8939598 -0.2527392
vn 0.317515 0.7233916 -0.6130978
vn 0.09809604 0.4966335 -0.8623992
vn -0.2293839 0.2744455 -0.933843
vn -0.577177 0.1163626 -0.8082861
vn -0.8520926 0.06474266 -0.5193714
vn -0.9804671 0.1334175 -0.1445131
vn -0.9279026 0.3039859 0.2158457
vn -0.6504951 0.2912921 0.7014308
vn -0.2528186 0.561107 0.7881889
vn 0.1695257 0.7530759 0.6357184
vn 0.5033705 0.8157606 0.2848735
vn 0.6592625 0.7323649 -0.170337
vn 0.5954306 0.5252347 -0.60794
vn 0.3289784 0.2498701 -0.9106801
vn -0.06869814 -0.01994475 -0.9974381
vn -0.4910422 -0.2119135 -0.8449677
vn -0.8248869 -0.2745982 -0.4941229
vn -0.980779 -0.1912025 -0.03891239
vn -0.9169471 0.0159278 0.3986908
vn -0.5191211 0.02195357 0.8544188
vn -0.09758382 0.3079574 0.9463824
vn 0.3501011 0.5114443 0.7847637
vn 0.7039766 0.57789 0.4128682
vn 0.8692222 0.4894905 -0.06965496
vn 0.8015603 0.2699325 -0.5335143
vn 0.5191211 -0.02195388 -0.8544188
vn 0.09758387 -0.3079577 -0.9463823
vn -0.3501009 -0.5114446 -0.7847636
vn -0.7039763 -0.5778903 -0.4128682
vn -0.869222 -0.489491 0.06965512
vn -0.8015602 -0.2699327 0.5335144
vn -0.3289788 -0.24987 0.9106799
vn 0.06869804 0.01994468 0.9974381
vn 0.4910422 0.2119135 0.8449677
vn 0.8248869 0.2745983 0.4941229
vn 0.980779 0.1912026 0.03891232
vn 0.9169472 -0.0159278 -0.3986906
vn 0.6504949 -0.2912922 -0.7014309
vn 0.2528184 -0.5611072 -0.7881888
vn -0.1695256 -0.7530758 -0.6357184
vn -0.5033705 -0.8157606 -0.2848736
vn -0.6592625 -0.7323648 0.1703369
vn -0.5954306 -0.5252347 0.60794
vn -0.09809627 -0.4966336 0.8623991
vn 0.2293837 -0.2744455 0.9338431
vn 0.5771771 -0.1163625 0.8082861
vn 0.8520926 -0.0647428 0.5193714
vn 0.9804671 -0.1334177 0.1445132
vn 0.9279026 -0.3039861 -0.2158454
vn 0.7084838 -0.530744 -0.4651468
vn 0.3810038 -0.752932 -0.5365907
vn 0.03321058 -0.911015 -0.4110338
vn -0.2417049 -0.9626348 -0.1221191
vn -0.3700795 -0.8939598 0.2527392
vn -0.317515 -0.7233915 0.613098
vn 0.1497047 -0.6890002 0.7091313
vn 0.3659762 -0.5422648 0.7563137
vn 0.5956628 -0.4378649 0.6733946
vn 0.77722 -0.4037747 0.4825921
vn 0.862 -0.4491282 0.2350316
vn 0.8272859 -0.5617735 -0.002953456
vn 0.6823792 -0.711527 -0.1675948
vn 0.4661078 -0.8582624 -0.2147771
vn 0.2364212 -0.9626622 -0.1318579
vn 0.05486408 -0.9967525 0.05894465
vn -0.02991584 -0.9513988 0.3065053
vn 0.004798423 -0.8387535 0.5444903
vn 0.3835931 -0.7986147 0.4637574
vn 0.4592927 -0.747254 0.4802725
vn 0.5396878 -0.7107118 0.4512492
vn 0.6032363 -0.6987799 0.3844642
vn 0.632911 -0.7146546 0.2978129
vn 0.6207605 -0.7540824 0.2145136
vn 0.5700405 -0.8064991 0.1568861
vn 0.4943407 -0.8578598 0.1403708
vn 0.4139459 -0.8944017 0.1693945
vn 0.350397 -0.9063341 0.2361789
vn 0.3207223 -0.8904593 0.3228303
vn 0.3328729 -0.8510314 0.4061297
vn -0.8878812 0.391791 0.2411779
vn -0.8422796 0.4689761 0.2657565
vn -0.8002277 0.5485209 0.2424054
vn -0.7729931 0.609112 0.1773821
vn -0.7678728 0.6345141 0.08810974
vn -0.7862393 0.6179204 -0.001491706
vn -0.8231708 0.5637779 -0.06741264
vn -0.8687723 0.4865927 -0.09199129
vn -0.9108241 0.4070482 -0.06863979
vn -0.938059 0.346457 -0.0036167
vn -0.9431793 0.3210546 0.08565532
vn -0.9248128 0.3376484 0.1752568
vn -0.8389191 0.1712056 0.516627
vn -0.7086374 0.3917204 0.5868459
vn -0.588496 0.6189784 0.5201328
vn -0.5106866 0.7920861 0.3343636
vn -0.496058 0.8646593 0.07931481
vn -0.5485305 0.817252 -0.1766739
vn -0.6540434 0.6625671 -0.3650096
vn -0.7843251 0.4420523 -0.4352286
vn -0.9044666 0.2147944 -0.3685156
vn -0.982276 0.04168685 -0.1827461
vn -0.9969044 -0.03088633 0.07230277
vn -0.9444321 0.01652091 0.3282913
vn -0.6875626 -0.06619868 0.7231013
vn -0.4902891 0.2677066 0.8294274
vn -0.3083699 0.6118227 0.7284099
vn -0.1905502 0.8739437 0.4471164
vn -0.1683997 0.9838346 0.06091923
vn -0.2478536 0.9120501 -0.3267003
vn -0.4076224 0.677825 -0.6118801
vn -0.6048959 0.3439197 -0.7182063
vn -0.7868151 -0.0001961921 -0.6171888
vn -0.9046347 -0.2623173 -0.3358954
vn -0.9267852 -0.3722084 0.0503018
vn -0.8473313 -0.3004238 0.4379216
vn -0.4584129 -0.2906696 0.8398624
vn -0.2188531 0.1148096 0.96898
vn 0.002061269 0.5326884 0.846309
vn 0.1451361 0.850996 0.5047191
vn 0.1720345 0.9844425 0.03573905
vn 0.07554932 0.8972709 -0.4349684
vn -0.1184665 0.6128385 -0.7812777
vn -0.3580264 0.2073592 -0.9103951
vn -0.5789406 -0.2105193 -0.7877242
vn -0.7220154 -0.5288269 -0.4461344
vn -0.7489139 -0.6622734 0.02284565
vn -0.6524287 -0.5751017 0.4935533
vn -0.1801717 -0.4788594 0.8592042
vn 0.07376195 -0.04905142 0.9960688
vn 0.3079312 0.3939 0.8660376
vn 0.4595905 0.7313061 0.5039524
vn 0.4881029 0.8727593 0.006833478
vn 0.3858285 0.7803574 -0.4921165
vn 0.1801718 0.4788592 -0.8592043
vn -0.07376174 0.04905116 -0.9960689
vn -0.3079309 -0.3939002 -0.8660377
vn -0.4595901 -0.7313063 -0.5039525
vn -0.4881025 -0.8727595 -0.00683352
vn -0.3858283 -0.7803574 0.4921166
vn 0.1184661 -0.6128386 0.7812776
vn 0.3580264 -0.2073594 0.9103951
vn 0.5789406 0.2105193 0.7877242
vn 0.7220154 0.528827 0.4461344
vn 0.7489139 0.6622735 -0.02284569
vn 0.6524288 0.5751017 -0.4935532
vn 0.4584129 0.2906695 -0.8398625
vn 0.218853 -0.1148098 -0.96898
vn -0.002061226 -0.5326883 -0.8463091
vn -0.1451361 -0.850996 -0.5047191
vn -0.1720347 -0.9844424 -0.03573908
vn -0.07554933 -0.8972708 0.4349684
vn 0.4076222 -0.6778252 0.6118801
vn 0.6048958 -0.3439198 0.7182063
vn 0.7868151 0.0001963043 0.6171888
vn 0.9046348 0.2623172 0.3358954
vn 0.9267852 0.3722081 -0.05030177
vn 0.8473314 0.3004236 -0.4379214
vn 0.6875626 0.06619852 -0.7231013
vn 0.490289 -0.2677068 -0.8294274
vn 0.3083698 -0.6118227 -0.7284099
vn 0.1905503 -0.8739436 -0.4471165
vn 0.1683996 -0.9838346 -0.06091926
vn 0.2478536 -0.9120501 0.3267006
vn 0.6540433 -0.6625673 0.3650095
vn 0.7843251 -0.4420525 0.4352285
vn 0.9044666 -0.2147943 0.3685155
vn 0.982276 -0.04168684 0.1827462
vn 0.9969044 0.0308865 -0.0723026
vn 0.9444321 -0.0165207 -0.3282911
vn 0.838919 -0.1712056 -0.516627
vn 0.7086374 -0.3917204 -0.5868459
vn 0.588496 -0.6189785 -0.5201328
vn 0.5106866 -0.792086 -0.3343635
vn 0.4960583 -0.8646592 -0.07931452
vn 0.5485306 -0.8172518 0.1766739
vn 0.8231707 -0.563778 0.06741235
vn 0.8687721 -0.486593 0.09199086
vn 0.9108241 -0.4070479 0.06864005
vn 0.9380589 -0.3464572 0.003616636
vn 0.9431791 -0.3210551 -0.08565572
vn 0.9248129 -0.3376482 -0.1752565
vn 0.8878814 -0.3917909 -0.2411776
vn 0.8422799 -0.468976 -0.2657562
vn 0.8002281 -0.5485207 -0.242405
vn 0.772993 -0.6091121 -0.1773823
vn 0.7678728 -0.6345141 -0.0881098
vn 0.786239 -0.6179207 0.001491131
vn -0.901023 0.3651128 0.2342015
vn -0.8573605 0.441016 0.2654013
vn -0.8155921 0.5223909 0.2488319
vn -0.7869092 0.5874334 0.1889337
vn -0.7789971 0.6187157 0.1017566
vn -0.7939764 0.6078552 0.01065899
vn -0.8278326 0.5577628 -0.05994849
vn -0.871495 0.4818594 -0.09114845
vn -0.9132633 0.4004849 -0.07457867
vn -0.9419464 0.3354422 -0.01468071
vn -0.9498585 0.3041597 0.07249611
vn -0.9348793 0.3150203 0.1635938
vn -0.8587998 0.1274253 0.4962115
vn -0.7340581 0.3442782 0.5853472
vn -0.6147264 0.5767645 0.5380095
vn -0.5327796 0.7625898 0.3668826
vn -0.5101751 0.8519624 0.1178197
vn -0.55297 0.8209349 -0.1424434
vn -0.6496971 0.6778212 -0.3441687
vn -0.7744389 0.4609683 -0.4333044
vn -0.8937705 0.2284821 -0.3859667
vn -0.9757174 0.04265682 -0.2148396
vn -0.9983218 -0.04671578 0.03422339
vn -0.9555269 -0.01568828 0.2944864
vn -0.7116027 -0.1213567 0.6920218
vn -0.5227179 0.2070035 0.8269919
vn -0.3420248 0.5590364 0.7553128
vn -0.2179402 0.8404146 0.4961908
vn -0.1837124 0.9757434 0.1190576
vn -0.2485126 0.9287613 -0.2750344
vn -0.3949779 0.7120571 -0.5804887
vn -0.5838627 0.3836969 -0.7154587
vn -0.7645556 0.03166425 -0.6437796
vn -0.8886402 -0.2497141 -0.3846578
vn -0.922868 -0.385043 -0.00752441
vn -0.8580678 -0.3380608 0.3865678
vn -0.4836882 -0.3504566 0.8020137
vn -0.2543152 0.04828904 0.9659151
vn -0.03488994 0.4757815 0.8788713
vn 0.1157927 0.8174743 0.5642055
vn 0.1573574 0.9818113 0.1062322
vn 0.07866689 0.9247585 -0.372335
vn -0.09919371 0.6616029 -0.7432646
vn -0.3285667 0.2628573 -0.9071659
vn -0.5479918 -0.164635 -0.8201221
vn -0.6986745 -0.5063278 -0.5054564
vn -0.7402393 -0.6706647 -0.04748314
vn -0.6615487 -0.6136119 0.4310843
vn -0.2037821 -0.5363917 0.8189975
vn 0.03935334 -0.1137213 0.992733
vn 0.2719442 0.3394207 0.9004665
vn 0.4316678 0.7016151 0.5669209
vn 0.4757265 0.8758123 0.08146913
vn 0.3923145 0.8153363 -0.4258123
vn 0.2037823 0.5363914 -0.8189976
vn -0.03935313 0.113721 -0.9927331
vn -0.2719439 -0.3394209 -0.9004666
vn -0.4316674 -0.7016152 -0.5669209
vn -0.475726 -0.8758125 -0.08146919
vn -0.3923143 -0.8153363 0.4258123
vn 0.09919333 -0.661603 0.7432646
vn 0.3285666 -0.2628574 0.9071659
vn 0.5479919 0.164635 0.8201221
vn 0.6986744 0.5063279 0.5054564
vn 0.7402392 0.6706648 0.0474831
vn 0.6615489 0.6136119 -0.4310842
vn 0.4836881 0.3504564 -0.8020138
vn 0.2543152 -0.04828923 -0.9659151
vn 0.03488998 -0.4757814 -0.8788713
vn -0.1157927 -0.8174743 -0.5642055
vn -0.1573575 -0.9818113 -0.1062323
vn -0.0786669 -0.9247584 0.372335
vn 0.3949777 -0.7120573 0.5804886
vn 0.5838625 -0.383697 0.7154588
vn 0.7645556 -0.03166414 0.6437796
vn 0.8886402 0.249714 0.3846577
vn 0.9228681 0.3850428 0.007524426
vn 0.8580679 0.3380606 -0.3865677
vn 0.7116026 0.1213566 -0.692022
vn 0.5227177 -0.2070037 -0.8269919
vn 0.3420248 -0.5590364 -0.7553128
vn 0.2179403 -0.8404146 -0.4961909
vn 0.1837123 -0.9757434 -0.1190576
vn 0.2485126 -0.9287612 0.2750346
vn 0.6496971 -0.6778213 0.3441685
vn 0.7744389 -0.4609685 0.4333043
vn 0.8937705 -0.228482 0.3859667
vn 0.9757174 -0.04265682 0.2148397
vn 0.9983218 0.04671594 -0.03422322
vn 0.9555269 0.01568848 -0.2944862
vn 0.8587997 -0.1274254 -0.4962115
vn 0.7340581 -0.3442782 -0.5853472
vn 0.6147264 -0.5767645 -0.5380095
vn 0.5327797 -0.7625898 -0.3668825
vn 0.5101752 -0.8519624 -0.1178194
vn 0.5529701 -0.8209348 0.1424435
vn 0.8278326 -0.5577629 0.05994821
vn 0.8714949 -0.4818597 0.09114799
vn 0.9132634 -0.4004846 0.07457896
vn 0.9419463 -0.3354424 0.01468063
vn 0.9498584 -0.3041601 -0.07249653
vn 0.9348794 -0.3150201 -0.1635935
vn 0.9010231 -0.3651127 -0.2342011
vn 0.8573607 -0.4410159 -0.265401
vn 0.8155923 -0.5223907 -0.2488316
vn 0.7869091 -0.5874335 -0.188934
vn 0.7789972 -0.6187156 -0.1017567
vn 0.7939761 -0.6078555 -0.01065959
vn -0.9068531 0.253731 0.3365085
vn -0.8729129 0.3390873 0.3507746
vn -0.8487048 0.4226195 0.3179515
vn -0.8407146 0.4819457 0.2468347
vn -0.8510834 0.5011697 0.1564801
vn -0.8770331 0.47514 0.07109758
vn -0.9116101 0.4108322 0.01356629
vn -0.9455501 0.3254758 -0.0006998499
vn -0.9697583 0.2419441 0.03212358
vn -0.9777486 0.1826177 0.1032402
vn -0.9673799 0.1633933 0.1935945
vn -0.9414302 0.1894231 0.2789771
vn -0.7865462 0.06551262 0.6140467
vn -0.6895808 0.3093721 0.6548032
vn -0.6204181 0.5480219 0.561029
vn -0.5975901 0.7175159 0.3578506
vn -0.6272135 0.7724385 0.09970976
vn -0.7013509 0.698073 -0.1442255
vn -0.800137 0.5143459 -0.3085921
vn -0.8971024 0.2704864 -0.3493487
vn -0.966265 0.03183669 -0.2555744
vn -0.9890931 -0.1376573 -0.05239595
vn -0.9594697 -0.1925799 0.205745
vn -0.8853323 -0.1182144 0.4496801
vn -0.5716779 -0.1271317 0.810569
vn -0.4248522 0.2421223 0.8722829
vn -0.3201254 0.6034878 0.7302891
vn -0.2855591 0.8601372 0.4226347
vn -0.3304151 0.9433014 0.03175545
vn -0.4426745 0.8306967 -0.3376128
vn -0.5922574 0.5524953 -0.5864983
vn -0.7390831 0.1832414 -0.6482121
vn -0.8438097 -0.1781239 -0.5062184
vn -0.878376 -0.4347734 -0.1985641
vn -0.8335199 -0.5179377 0.1923151
vn -0.7212605 -0.4053329 0.5616837
vn -0.294051 -0.3006256 0.9072807
vn -0.1157527 0.1477794 0.9822233
vn 0.01142263 0.5866052 0.8097926
vn 0.05339843 0.8982683 0.4361912
vn -0.001072782 0.9992591 -0.03847448
vn -0.1373954 0.8625171 -0.4870182
vn -0.319042 0.5246822 -0.7892534
vn -0.4973403 0.07627717 -0.8641959
vn -0.6245155 -0.3625484 -0.6917652
vn -0.6664913 -0.6742114 -0.318164
vn -0.6120202 -0.7752022 0.1565017
vn -0.4756975 -0.6384603 0.6050458
vn 0.01324518 -0.4374132 0.8991631
vn 0.2022415 0.03789609 0.9786022
vn 0.3370474 0.5030513 0.7958256
vn 0.3815418 0.8334143 0.3998082
vn 0.3238024 0.9404645 -0.1033375
vn 0.1793003 0.795518 -0.5787941
vn -0.01324502 0.437413 -0.8991632
vn -0.2022412 -0.03789631 -0.9786022
vn -0.3370471 -0.5030514 -0.7958257
vn -0.3815414 -0.8334143 -0.3998084
vn -0.3238019 -0.9404646 0.1033374
vn -0.1793001 -0.795518 0.5787941
vn 0.3190416 -0.5246823 0.7892535
vn 0.4973402 -0.07627729 0.8641959
vn 0.6245155 0.3625483 0.6917652
vn 0.6664913 0.6742115 0.318164
vn 0.6120201 0.7752023 -0.1565018
vn 0.4756976 0.6384603 -0.6050457
vn 0.2940509 0.3006254 -0.9072808
vn 0.1157527 -0.1477796 -0.9822233
vn -0.01142261 -0.5866051 -0.8097926
vn -0.05339841 -0.8982682 -0.4361913
vn 0.001072649 -0.9992591 0.03847446
vn 0.1373954 -0.8625171 0.4870184
vn 0.5922572 -0.5524955 0.5864982
vn 0.7390829 -0.1832415 0.6482123
vn 0.8438097 0.1781241 0.5062184
vn 0.8783761 0.4347732 0.1985641
vn 0.83352 0.5179375 -0.1923151
vn 0.7212608 0.4053328 -0.5616835
vn 0.5716778 0.1271315 -0.810569
vn 0.4248521 -0.2421225 -0.8722829
vn 0.3201254 -0.6034879 -0.7302891
vn 0.2855591 -0.8601371 -0.4226348
vn 0.330415 -0.9433014 -0.03175548
vn 0.4426744 -0.8306966 0.337613
vn 0.800137 -0.5143461 0.308592
vn 0.8971024 -0.2704865 0.3493485
vn 0.9662651 -0.03183662 0.2555744
vn 0.9890931 0.1376573 0.05239606
vn 0.9594697 0.19258 -0.2057448
vn 0.8853323 0.1182146 -0.44968
vn 0.7865461 -0.06551265 -0.6140468
vn 0.6895809 -0.3093721 -0.6548032
vn 0.6204181 -0.5480219 -0.561029
vn 0.5975902 -0.7175159 -0.3578506
vn 0.6272137 -0.7724384 -0.09970951
vn 0.701351 -0.6980729 0.1442255
vn 0.91161 -0.4108324 -0.01356655
vn 0.94555 -0.3254762 0.000699459
vn 0.9697584 -0.2419437 -0.03212335
vn 0.9777486 -0.1826178 -0.1032402
vn 0.9673797 -0.1633938 -0.1935949
vn 0.9414303 -0.1894228 -0.2789768
vn 0.9068533 -0.2537309 -0.3365082
vn 0.8729131 -0.3390871 -0.3507743
vn 0.848705 -0.4226192 -0.3179511
vn 0.8407145 -0.4819458 -0.2468349
vn 0.8510834 -0.5011697 -0.1564801
vn 0.8770329 -0.4751405 -0.0710981
vn -0.4299723 0.7843989 0.4470372
vn -0.3454593 0.8228976 0.4511068
vn -0.2760473 0.8692309 0.4101653
vn -0.2403343 0.9109839 0.3351832
vn -0.2478894 0.9369689 0.2462522
vn -0.2966888 0.9402232 0.1672007
vn -0.3736556 0.9198751 0.1192114
vn -0.4581686 0.8813762 0.1151417
vn -0.5275802 0.8350432 0.1560835
vn -0.5632935 0.7932902 0.2310654
vn -0.5557387 0.767305 0.3199962
vn -0.5069392 0.7640507 0.3990478
vn -0.4310462 0.5499983 0.7153329
vn -0.1895965 0.6599879 0.7269588
vn 0.008712607 0.792361 0.6099902
vn 0.1107445 0.9116483 0.3957689
vn 0.08915995 0.9858869 0.1416951
vn -0.05025804 0.9951847 -0.08415263
vn -0.2701518 0.9370502 -0.2212579
vn -0.5116014 0.8270605 -0.2328838
vn -0.7099106 0.6946875 -0.1159153
vn -0.8119425 0.5754002 0.09830628
vn -0.7903578 0.5011616 0.3523801
vn -0.6509399 0.4918639 0.5782277
vn -0.379001 0.2523847 0.8903148
vn -0.01339599 0.4189319 0.9079189
vn 0.2868855 0.6193724 0.7308041
vn 0.4413831 0.7999983 0.4064282
vn 0.4086993 0.912411 0.02170733
vn 0.1975918 0.9264897 -0.3202727
vn -0.1353735 0.8384618 -0.5278786
vn -0.5009785 0.6719146 -0.5454828
vn -0.8012598 0.4714743 -0.368368
vn -0.9557573 0.2908483 -0.04399223
vn -0.9230736 0.1784354 0.3407286
vn -0.711966 0.1643569 0.6827088
vn -0.2833962 -0.06855553 0.9565494
vn 0.1605776 0.1336917 0.9779271
vn 0.5252256 0.3770975 0.7628471
vn 0.7128404 0.5964412 0.3689398
vn 0.6731507 0.73295 -0.09824732
vn 0.4167915 0.7500466 -0.5135321
vn 0.01245373 0.6431496 -0.7656393
vn -0.4315201 0.4409024 -0.7870169
vn -0.7961679 0.1974967 -0.5719369
vn -0.9837825 -0.02184698 -0.1780298
vn -0.944093 -0.1583558 0.2891574
vn -0.6877337 -0.1754523 0.7044424
vn -0.1568006 -0.3772038 0.9127601
vn 0.3138118 -0.1628218 0.9354203
vn 0.7003387 0.09518827 0.7074355
vn 0.8992103 0.3276926 0.2898939
vn 0.8571393 0.4723919 -0.2053246
vn 0.5853984 0.4905142 -0.6455265
vn 0.1568005 0.3772035 -0.9127602
vn -0.3138118 0.1628215 -0.9354205
vn -0.7003385 -0.09518856 -0.7074356
vn -0.8992101 -0.3276929 -0.2898941
vn -0.8571391 -0.4723923 0.2053244
vn -0.5853983 -0.4905144 0.6455265
vn -0.01245407 -0.6431494 0.7656395
vn 0.43152 -0.4409024 0.7870169
vn 0.7961679 -0.1974967 0.571937
vn 0.9837825 0.02184707 0.1780299
vn 0.944093 0.1583559 -0.2891574
vn 0.6877338 0.1754523 -0.7044423
vn 0.283396 0.0685555 -0.9565495
vn -0.1605778 -0.1336918 -0.977927
vn -0.5252256 -0.3770974 -0.7628471
vn -0.7128403 -0.5964411 -0.3689399
vn -0.6731508 -0.7329499 0.09824733
vn -0.4167914 -0.7500465 0.5135322
vn 0.1353733 -0.8384618 0.5278786
vn 0.5009783 -0.6719146 0.5454829
vn 0.8012598 -0.4714741 0.368368
vn 0.9557572 -0.2908484 0.04399221
vn 0.9230736 -0.1784356 -0.3407286
vn 0.7119661 -0.1643571 -0.6827087
vn 0.3790008 -0.2523848 -0.8903147
vn 0.0133958 -0.418932 -0.9079189
vn -0.2868855 -0.6193724 -0.7308041
vn -0.441383 -0.7999982 -0.4064282
vn -0.4086993 -0.9124109 -0.02170734
vn -0.1975917 -0.9264895 0.3202728
vn 0.2701517 -0.9370502 0.2212578
vn 0.5116014 -0.8270606 0.2328837
vn 0.7099106 -0.6946874 0.1159152
vn 0.8119424 -0.5754002 -0.09830616
vn 0.7903579 -0.5011615 -0.35238
vn 0.6509401 -0.4918637 -0.5782276
vn 0.4310461 -0.5499983 -0.7153329
vn 0.1895965 -0.6599879 -0.7269588
vn -0.008712673 -0.7923611 -0.6099902
vn -0.1107444 -0.9116484 -0.3957688
vn -0.08915966 -0.985887 -0.1416949
vn 0.05025825 -0.9951847 0.08415266
vn 0.3736554 -0.9198751 -0.1192117
vn 0.4581681 -0.8813764 -0.115142
vn 0.5275806 -0.835043 -0.1560833
vn 0.5632933 -0.7932903 -0.2310655
vn 0.5557382 -0.7673053 -0.3199965
vn 0.5069395 -0.7640507 -0.3990475
vn 0.4299725 -0.7843989 -0.447037
vn 0.3454596 -0.8228976 -0.4511066
vn 0.2760477 -0.8692309 -0.410165
vn 0.2403342 -0.9109839 -0.3351834
vn 0.2478894 -0.9369689 -0.2462523
vn 0.2966882 -0.9402233 -0.1672012
vn -0.3456956 0.9116716 0.2221473
vn -0.2578851 0.9356281 0.2410297
vn -0.1735391 0.9617455 0.2119668
vn -0.1152575 0.9830256 0.1427465
vn -0.09865646 0.9937664 0.05191656
vn -0.1281849 0.9910899 -0.0361857
vn -0.1959296 0.9757136 -0.09795243
vn -0.2837402 0.9517569 -0.1168349
vn -0.3680858 0.9256398 -0.08777162
vn -0.4263677 0.9043597 -0.01855155
vn -0.442969 0.8936187 0.07227808
vn -0.4134405 0.8962952 0.1603804
vn -0.4502334 0.7319272 0.5114415
vn -0.1993624 0.8003702 0.5653867
vn 0.04161252 0.8749868 0.4823552
vn 0.2081224 0.9357834 0.2845952
vn 0.255551 0.9664698 0.02509643
vn 0.1711897 0.9588234 -0.2266091
vn -0.0223566 0.9148932 -0.4030764
vn -0.2732277 0.8464502 -0.4570216
vn -0.5142026 0.7718337 -0.3739901
vn -0.6807123 0.7110371 -0.17623
vn -0.728141 0.6803507 0.08326891
vn -0.6437797 0.687997 0.3349743
vn -0.4972851 0.4655005 0.7321317
vn -0.1174142 0.5691375 0.813816
vn 0.2474722 0.6821226 0.6880889
vn 0.4996028 0.7741814 0.388639
vn 0.5714195 0.8206469 -0.004296413
vn 0.4436791 0.8090687 -0.3854305
vn 0.1506094 0.7425492 -0.652639
vn -0.2292615 0.6389121 -0.7343231
vn -0.5941476 0.5259272 -0.6085961
vn -0.8462783 0.4338683 -0.3091463
vn -0.9180951 0.3874026 0.08378915
vn -0.7903546 0.3989809 0.4649235
vn -0.4846909 0.1499473 0.861737
vn -0.02339322 0.2757993 0.9609305
vn 0.419708 0.4130032 0.8082534
vn 0.7258838 0.5247952 0.4446152
vn 0.8130947 0.5812208 -0.03254743
vn 0.6579727 0.5671608 -0.4953792
vn 0.3020824 0.4863825 -0.8198648
vn -0.1592154 0.3605305 -0.9190583
vn -0.6023164 0.2233267 -0.7663813
vn -0.9084921 0.1115347 -0.4027431
vn -0.9957032 0.05510915 0.07441952
vn -0.8405811 0.06916912 0.5372515
vn -0.41699 -0.1783107 0.8912489
vn 0.07198572 -0.04490766 0.9963942
vn 0.5416731 0.1005284 0.8345564
vn 0.8662194 0.2190279 0.4490999
vn 0.958663 0.278839 -0.0566925
vn 0.7942336 0.2639355 -0.5472943
vn 0.4169899 0.1783105 -0.8912491
vn -0.07198576 0.04490733 -0.9963942
vn -0.5416729 -0.1005288 -0.8345565
vn -0.8662193 -0.2190282 -0.4491
vn -0.9586629 -0.2788395 0.05669247
vn -0.7942335 -0.2639357 0.5472944
vn -0.3020827 -0.4863823 0.8198648
vn 0.1592152 -0.3605306 0.9190584
vn 0.6023164 -0.2233267 0.7663813
vn 0.9084921 -0.1115346 0.4027432
vn 0.9957032 -0.05510905 -0.07441956
vn 0.8405811 -0.06916919 -0.5372514
vn 0.4846908 -0.1499473 -0.861737
vn 0.02339302 -0.2757995 -0.9609305
vn -0.419708 -0.4130032 -0.8082535
vn -0.7258838 -0.5247952 -0.4446152
vn -0.8130949 -0.5812207 0.0325474
vn -0.6579727 -0.5671608 0.4953793
vn -0.1506097 -0.7425492 0.6526389
vn 0.2292613 -0.6389121 0.7343232
vn 0.5941477 -0.5259271 0.6085961
vn 0.8462782 -0.4338684 0.3091463
vn 0.9180951 -0.3874028 -0.08378911
vn 0.7903546 -0.3989812 -0.4649233
vn 0.497285 -0.4655006 -0.7321317
vn 0.117414 -0.5691376 -0.813816
vn -0.2474722 -0.6821226 -0.688089
vn -0.4996027 -0.7741814 -0.3886391
vn -0.5714196 -0.8206469 0.004296377
vn -0.4436791 -0.8090686 0.3854307
vn 0.02235644 -0.9148933 0.4030763
vn 0.2732275 -0.8464503 0.4570215
vn 0.5142027 -0.7718337 0.3739901
vn 0.6807123 -0.711037 0.1762301
vn 0.7281411 -0.6803506 -0.08326877
vn 0.6437799 -0.687997 -0.3349742
vn 0.4502334 -0.7319272 -0.5114416
vn 0.1993624 -0.8003703 -0.5653867
vn -0.04161259 -0.8749868 -0.4823551
vn -0.2081223 -0.9357835 -0.2845951
vn -0.2555508 -0.9664699 -0.02509615
vn -0.1711895 -0.9588234 0.2266092
vn 0.1959295 -0.9757136 0.09795217
vn 0.2837398 -0.951757 0.1168345
vn 0.3680861 -0.9256396 0.08777186
vn 0.4263675 -0.9043598 0.01855149
vn 0.4429685 -0.8936189 -0.07227844
vn 0.4134407 -0.8962952 -0.1603801
vn 0.3456958 -0.9116716 -0.222147
vn 0.2578853 -0.9356282 -0.2410294
vn 0.1735394 -0.9617455 -0.2119664
vn 0.1152574 -0.9830256 -0.1427467
vn 0.09865648 -0.9937664 -0.05191663
vn 0.1281844 -0.99109 0.03618515
vn -0.3256573 0.808953 -0.4894307
vn -0.2524716 0.8542895 -0.454365
vn -0.1618354 0.8748049 -0.4566464
vn -0.07803413 0.8650023 -0.495663
vn -0.0235222 0.8275086 -0.5609601
vn -0.01290635 0.7723699 -0.635042
vn -0.04903057 0.7143612 -0.6980574
vn -0.1222163 0.6690245 -0.7331232
vn -0.2128523 0.6485097 -0.7308415
vn -0.2966537 0.658312 -0.6918251
vn -0.3511658 0.6958053 -0.6265282
vn -0.3617816 0.7509442 -0.5524463
vn -0.5586229 0.7997004 -0.2200447
vn -0.349534 0.9292247 -0.1198643
vn -0.09058817 0.9878368 -0.1263817
vn 0.1488303 0.9598317 -0.2378504
vn 0.3045695 0.8527133 -0.4244026
vn 0.3348991 0.6951836 -0.6360521
vn 0.2316925 0.5294532 -0.816087
vn 0.02260355 0.399929 -0.9162675
vn -0.2363422 0.3413169 -0.9097501
vn -0.4757607 0.3693222 -0.7982813
vn -0.6314999 0.4764406 -0.611729
vn -0.6618295 0.6339701 -0.4000795
vn -0.7182634 0.6921155 0.07123107
vn -0.4016594 0.8882422 0.2229251
vn -0.00956131 0.9769931 0.2130564
vn 0.3529682 0.9345875 0.04426946
vn 0.5887897 0.7723877 -0.2382096
vn 0.634715 0.5338555 -0.5586905
vn 0.4784385 0.2829049 -0.831301
vn 0.1618345 0.08677824 -0.982995
vn -0.2302633 -0.001972591 -0.9731264
vn -0.5927928 0.04043287 -0.8043395
vn -0.8286145 0.2026324 -0.5218603
vn -0.8745399 0.441165 -0.2013792
vn -0.7897727 0.505255 0.3478166
vn -0.4053034 0.7434223 0.5320268
vn 0.07084242 0.8511973 0.5200427
vn 0.5110816 0.7997019 0.3150756
vn 0.7974523 0.6027341 -0.02795395
vn 0.8532219 0.3130715 -0.4171313
vn 0.663447 0.008328602 -0.748177
vn 0.2789776 -0.2298386 -0.9323872
vn -0.197168 -0.3376136 -0.9204031
vn -0.6374071 -0.2861182 -0.715436
vn -0.9237779 -0.08915042 -0.3724065
vn -0.9795476 0.2005124 0.01677111
vn -0.7702066 0.263371 0.5808766
vn -0.362669 0.5158283 0.7761395
vn 0.1420456 0.6300697 0.7634364
vn 0.6086991 0.5754845 0.5461713
vn 0.9122521 0.3666987 0.18256
vn 0.971368 0.05965622 -0.2299682
vn 0.7702065 -0.2633713 -0.5808765
vn 0.3626689 -0.5158285 -0.7761393
vn -0.1420455 -0.63007 -0.7634363
vn -0.6086989 -0.5754848 -0.5461711
vn -0.912252 -0.366699 -0.1825597
vn -0.971368 -0.05965631 0.2299684
vn -0.6634473 -0.008328463 0.7481768
vn -0.2789777 0.2298385 0.9323871
vn 0.197168 0.3376136 0.9204031
vn 0.6374071 0.2861183 0.715436
vn 0.9237779 0.08915048 0.3724065
vn 0.9795476 -0.2005123 -0.01677093
vn 0.7897726 -0.5052552 -0.3478167
vn 0.4053032 -0.7434224 -0.5320268
vn -0.07084233 -0.8511974 -0.5200428
vn -0.5110815 -0.7997019 -0.3150756
vn -0.7974523 -0.6027341 0.02795384
vn -0.853222 -0.3130714 0.4171314
vn -0.4784387 -0.282905 0.8313009
vn -0.1618347 -0.08677821 0.982995
vn 0.2302634 0.001972667 0.9731264
vn 0.5927927 -0.04043299 0.8043395
vn 0.8286144 -0.2026326 0.5218604
vn 0.8745397 -0.4411651 0.2013795
vn 0.7182633 -0.6921156 -0.0712311
vn 0.4016592 -0.8882422 -0.2229251
vn 0.009561298 -0.9769931 -0.2130565
vn -0.3529681 -0.9345875 -0.04426947
vn -0.5887898 -0.7723879 0.2382095
vn -0.6347151 -0.5338553 0.5586907
vn -0.2316926 -0.5294533 0.8160868
vn -0.02260363 -0.3999291 0.9162673
vn 0.2363423 -0.3413169 0.90975
vn 0.4757607 -0.3693221 0.7982813
vn 0.6314999 -0.4764404 0.6117291
vn 0.6618297 -0.63397 0.4000797
vn 0.5586229 -0.7997005 0.2200447
vn 0.349534 -0.9292247 0.1198644
vn 0.09058812 -0.9878368 0.1263817
vn -0.1488302 -0.9598316 0.2378506
vn -0.3045694 -0.8527131 0.4244029
vn -0.3348989 -0.6951836 0.6360523
vn 0.04903053 -0.7143614 0.6980572
vn 0.1222161 -0.6690249 0.7331228
vn 0.2128525 -0.6485093 0.7308417
vn 0.2966536 -0.6583121 0.691825
vn 0.3511655 -0.6958058 0.6265279
vn 0.3617817 -0.750944 0.5524467
vn 0.3256574 -0.8089528 0.489431
vn 0.2524717 -0.8542894 0.4543653
vn 0.1618355 -0.8748046 0.4566468
vn 0.07803411 -0.8650024 0.4956628
vn 0.02352224 -0.8275086 0.5609601
vn 0.01290617 -0.7723703 0.6350414
vn -0.9793243 0.2022918 -0.001358594
vn -0.9577091 0.2858087 0.03326598
vn -0.9276562 0.3728642 0.02064963
vn -0.897218 0.4401323 -0.03582648
vn -0.8745503 0.4695888 -0.1210293
vn -0.8657272 0.4533405 -0.2121295
vn -0.8731126 0.3957417 -0.2847157
vn -0.8947276 0.3122247 -0.3193403
vn -0.9247807 0.2251696 -0.3067236
vn -0.955219 0.1579013 -0.2502477
vn -0.9778866 0.1284445 -0.1650452
vn -0.9867098 0.144693 -0.07394496
vn -0.9598856 -0.01543616 0.2799669
vn -0.8981317 0.2231683 0.3788869
vn -0.812271 0.4718841 0.3428429
vn -0.7253096 0.664068 0.1814929
vn -0.6605487 0.7482247 -0.06192949
vn -0.6353411 0.701804 -0.3221999
vn -0.656441 0.5372448 -0.5295784
vn -0.7181949 0.2986403 -0.6284984
vn -0.8040556 0.0499245 -0.5924543
vn -0.8910171 -0.1422593 -0.4311042
vn -0.9557779 -0.2264159 -0.1876817
vn -0.9809855 -0.1799953 0.07258858
vn -0.8225793 -0.2270468 0.5213569
vn -0.7290713 0.13425 0.6711423
vn -0.5990602 0.5108577 0.6165642
vn -0.4673824 0.8018642 0.3722466
vn -0.369321 0.9292947 0.003654202
vn -0.3311515 0.8590043 -0.3904489
vn -0.3631012 0.6098272 -0.7044632
vn -0.4566093 0.2485303 -0.8542486
vn -0.5866204 -0.1280771 -0.7996705
vn -0.718298 -0.4190837 -0.555353
vn -0.8163593 -0.5465145 -0.1867605
vn -0.854529 -0.4762239 0.2073428
vn -0.591258 -0.4073175 0.6960649
vn -0.4777062 0.03142471 0.8779575
vn -0.3198267 0.4887597 0.8116803
vn -0.1599233 0.8421447 0.5149922
vn -0.04084217 0.9968904 0.06739061
vn 0.005509161 0.911533 -0.41119
vn -0.03328908 0.6089437 -0.7925146
vn -0.146841 0.1702015 -0.9744071
vn -0.3047204 -0.2871334 -0.9081299
vn -0.4646237 -0.6405182 -0.6114419
vn -0.583705 -0.795264 -0.1638404
vn -0.6300564 -0.7099066 0.3147406
vn -0.2957236 -0.5386186 0.7889472
vn -0.1753585 -0.07355178 0.9817533
vn -0.008006169 0.4112233 0.9114995
vn 0.1614914 0.7858113 0.5970101
vn 0.2877176 0.9498419 0.1225524
vn 0.33685 0.859363 -0.3847432
vn 0.2957238 0.5386184 -0.7889472
vn 0.1753588 0.07355157 -0.9817533
vn 0.008006527 -0.4112234 -0.9114994
vn -0.161491 -0.7858114 -0.5970102
vn -0.2877171 -0.949842 -0.1225524
vn -0.3368497 -0.859363 0.3847434
vn 0.03328873 -0.6089439 0.7925145
vn 0.146841 -0.1702016 0.9744071
vn 0.3047204 0.2871334 0.9081299
vn 0.4646237 0.6405183 0.611442
vn 0.5837049 0.7952641 0.1638403
vn 0.6300564 0.7099066 -0.3147404
vn 0.591258 0.4073174 -0.6960651
vn 0.4777062 -0.03142492 -0.8779575
vn 0.3198268 -0.4887596 -0.8116803
vn 0.1599234 -0.8421446 -0.5149922
vn 0.04084205 -0.9968904 -0.06739067
vn -0.005509209 -0.911533 0.4111902
vn 0.3631011 -0.6098273 0.7044631
vn 0.4566092 -0.2485304 0.8542486
vn 0.5866204 0.1280772 0.7996705
vn 0.718298 0.4190836 0.5553529
vn 0.8163595 0.5465143 0.1867605
vn 0.8545291 0.4762237 -0.2073426
vn 0.8225793 0.2270467 -0.5213569
vn 0.7290712 -0.1342502 -0.6711424
vn 0.5990601 -0.5108576 -0.6165642
vn 0.4673825 -0.8018641 -0.3722467
vn 0.369321 -0.9292947 -0.003654257
vn 0.3311514 -0.8590043 0.390449
vn 0.656441 -0.5372449 0.5295782
vn 0.7181949 -0.2986404 0.6284983
vn 0.8040556 -0.04992442 0.5924543
vn 0.8910171 0.1422593 0.4311043
vn 0.9557779 0.2264161 0.1876819
vn 0.9809855 0.1799955 -0.07258844
vn 0.9598855 0.01543613 -0.279967
vn 0.8981318 -0.2231683 -0.3788869
vn 0.8122709 -0.4718842 -0.3428428
vn 0.7253097 -0.664068 -0.1814927
vn 0.6605488 -0.7482246 0.06192982
vn 0.6353412 -0.7018039 0.3222001
vn 0.8731126 -0.3957419 0.2847154
vn 0.8947276 -0.3122251 0.3193399
vn 0.9247807 -0.2251693 0.3067239
vn 0.955219 -0.1579015 0.2502477
vn 0.9778866 -0.128445 0.1650448
vn 0.9867098 -0.1446928 0.07394533
vn 0.9793244 -0.2022917 0.001358922
vn 0.9577092 -0.2858085 -0.03326565
vn 0.9276562 -0.3728639 -0.0206492
vn 0.8972179 -0.4401323 0.03582622
vn 0.8745503 -0.4695888 0.1210293
vn 0.8657271 -0.4533408 0.2121289
vn 0.5078272 0.7170294 -0.477473
vn 0.5853153 0.6703037 -0.4561787
vn 0.6445341 0.6006655 -0.4730507
vn 0.6696163 0.526774 -0.5235677
vn 0.6538417 0.4684284 -0.5941934
vn 0.6014364 0.4412625 -0.6660043
vn 0.5264434 0.4525552 -0.7197577
vn 0.4489551 0.4992809 -0.741052
vn 0.3897369 0.5689191 -0.7241797
vn 0.3646543 0.6428107 -0.6736629
vn 0.3804285 0.7011563 -0.6030374
vn 0.432834 0.7283221 -0.5312265
vn 0.424629 0.8880532 -0.1762151
vn 0.6460093 0.7545593 -0.1153792
vn 0.8151962 0.5556044 -0.1635817
vn 0.8868565 0.3444981 -0.3079068
vn 0.8417889 0.1778063 -0.5096827
vn 0.6920688 0.1001939 -0.714844
vn 0.4778141 0.132457 -0.8684174
vn 0.2564339 0.2659509 -0.9292533
vn 0.087247 0.4649059 -0.8810508
vn 0.01558685 0.6760122 -0.7367256
vn 0.06065455 0.8427039 -0.5349497
vn 0.2103745 0.9203163 -0.3297884
vn 0.2907336 0.9463702 0.1409163
vn 0.6259493 0.7442328 0.2330346
vn 0.8821337 0.4429735 0.1600459
vn 0.9906423 0.1233146 -0.05849246
vn 0.9224004 -0.1290915 -0.3640233
vn 0.6956933 -0.2466128 -0.6746799
vn 0.3712669 -0.1977596 -0.9072222
vn 0.03605125 0.004377865 -0.9993404
vn -0.220133 0.3056371 -0.9263517
vn -0.3286417 0.6252958 -0.7078134
vn -0.2604 0.877702 -0.4022824
vn -0.03369264 0.9952234 -0.09162572
vn 0.1254536 0.8918515 0.4345831
vn 0.532524 0.6463851 0.5464472
vn 0.8436226 0.2805496 0.4578131
vn 0.9753905 -0.1076294 0.1924302
vn 0.8925207 -0.4141397 -0.1785924
vn 0.617218 -0.5568522 -0.5558395
vn 0.2232495 -0.4975271 -0.8382282
vn -0.1838209 -0.2520607 -0.9500923
vn -0.4949194 0.1137746 -0.8614582
vn -0.6266872 0.5019535 -0.5960753
vn -0.5438175 0.8084639 -0.2250527
vn -0.2685147 0.9511765 0.1521946
vn -0.05183196 0.7363707 0.67459
vn 0.3796628 0.4761763 0.7931661
vn 0.7094272 0.08839063 0.6992139
vn 0.8491012 -0.3230791 0.417908
vn 0.7612591 -0.6479802 0.0246241
vn 0.4694383 -0.7992554 -0.375258
vn 0.05183167 -0.7363708 -0.6745899
vn -0.379663 -0.4761764 -0.7931659
vn -0.7094274 -0.08839089 -0.6992137
vn -0.8491014 0.3230788 -0.4179079
vn -0.7612594 0.6479799 -0.0246238
vn -0.4694383 0.7992553 0.3752582
vn -0.2232495 0.4975275 0.838228
vn 0.1838208 0.2520608 0.9500923
vn 0.4949194 -0.1137746 0.8614582
vn 0.6266873 -0.5019535 0.5960753
vn 0.5438175 -0.8084639 0.2250526
vn 0.2685148 -0.9511765 -0.1521944
vn -0.1254537 -0.8918514 -0.4345832
vn -0.5325242 -0.646385 -0.5464472
vn -0.8436226 -0.2805497 -0.4578131
vn -0.9753905 0.1076294 -0.1924302
vn -0.8925206 0.4141398 0.1785923
vn -0.617218 0.5568523 0.5558396
vn -0.3712671 0.1977598 0.9072221
vn -0.03605131 -0.00437768 0.9993404
vn 0.2201331 -0.3056371 0.9263517
vn 0.3286416 -0.6252958 0.7078134
vn 0.2603998 -0.877702 0.4022826
vn 0.03369255 -0.9952233 0.09162602
vn -0.2907338 -0.9463702 -0.1409163
vn -0.6259494 -0.7442327 -0.2330346
vn -0.8821337 -0.4429734 -0.1600459
vn -0.9906423 -0.1233147 0.05849243
vn -0.9224004 0.1290916 0.3640233
vn -0.6956931 0.246613 0.67468
vn -0.4778143 -0.132457 0.8684173
vn -0.2564341 -0.2659509 0.9292533
vn -0.08724695 -0.4649059 0.8810508
vn -0.01558679 -0.6760121 0.7367257
vn -0.06065432 -0.8427039 0.5349498
vn -0.2103743 -0.9203164 0.3297885
vn -0.4246291 -0.8880532 0.176215
vn -0.6460093 -0.7545593 0.1153792
vn -0.8151963 -0.5556043 0.1635817
vn -0.8868564 -0.3444982 0.307907
vn -0.8417887 -0.1778064 0.509683
vn -0.6920686 -0.100194 0.7148442
vn -0.5264436 -0.4525553 0.7197575
vn -0.4489556 -0.4992809 0.7410516
vn -0.3897365 -0.5689192 0.7241799
vn -0.3646545 -0.6428106 0.6736629
vn -0.3804291 -0.7011561 0.6030371
vn -0.4328337 -0.7283221 0.5312268
vn -0.5078269 -0.7170294 0.4774732
vn -0.585315 -0.6703038 0.456179
vn -0.6445336 -0.6006655 0.4730511
vn -0.6696165 -0.526774 0.5235676
vn -0.6538417 -0.4684284 0.5941934
vn -0.6014369 -0.4412625 0.6660038
vn 0.4411304 0.8088697 -0.3887593
vn 0.5180073 0.7573604 -0.3975849
vn 0.5673192 0.6936122 -0.4439045
vn 0.5758538 0.634706 -0.5153067
vn 0.5413244 0.5964255 -0.5926589
vn 0.4729827 0.5890283 -0.6552351
vn 0.3891419 0.6144961 -0.6862676
vn 0.3122648 0.6660054 -0.677442
vn 0.2629535 0.7297536 -0.6311223
vn 0.2544186 0.7886599 -0.5597203
vn 0.2889475 0.8269404 -0.4823681
vn 0.3572894 0.8343375 -0.4197919
vn 0.4364888 0.8986324 -0.04401528
vn 0.6561224 0.7514723 -0.06923048
vn 0.7970058 0.5693449 -0.2015642
vn 0.8213897 0.4010509 -0.4055577
vn 0.7227405 0.2916847 -0.6265512
vn 0.5274905 0.2705509 -0.8053298
vn 0.2879576 0.3433122 -0.8939895
vn 0.06832401 0.4904723 -0.8687743
vn -0.07255947 0.6725998 -0.7364406
vn -0.09694318 0.8408937 -0.532447
vn 0.001706232 0.9502599 -0.3114535
vn 0.1969561 0.9713937 -0.132675
vn 0.3781677 0.8759587 0.2994753
vn 0.7107387 0.6531278 0.2612943
vn 0.9240658 0.3773488 0.06091334
vn 0.960988 0.1225167 -0.2479754
vn 0.8116122 -0.0430865 -0.5826057
vn 0.5159635 -0.0750875 -0.8533133
vn 0.1532605 0.03508837 -0.9875627
vn -0.1793104 0.2579194 -0.9493816
vn -0.3926373 0.5336983 -0.7490008
vn -0.4295596 0.7885302 -0.440112
vn -0.280184 0.9541335 -0.1054817
vn 0.01546502 0.9861345 0.1652261
vn 0.2765211 0.7505003 0.6002378
vn 0.6803799 0.4799047 0.5538725
vn 0.9394345 0.1450113 0.3105391
vn 0.9842712 -0.164445 -0.06456117
vn 0.8028761 -0.3655458 -0.4709207
vn 0.4438539 -0.4044064 -0.7996557
vn 0.003404141 -0.270614 -0.9626819
vn -0.4004546 -1.825165E-05 -0.9163166
vn -0.6595091 0.3348749 -0.6729833
vn -0.7043458 0.6443312 -0.2978831
vn -0.5229507 0.8454322 0.1084764
vn -0.1639283 0.8842927 0.4372116
vn 0.1447519 0.5411906 0.8283475
vn 0.5728422 0.2543591 0.7792004
vn 0.8474401 -0.1006279 0.5212671
vn 0.894967 -0.4286516 0.1236607
vn 0.7026882 -0.6418186 -0.3070804
vn 0.3221246 -0.6830107 -0.6555396
vn -0.1447522 -0.5411907 -0.8283474
vn -0.5728425 -0.2543592 -0.7792001
vn -0.8474402 0.1006275 -0.5212669
vn -0.8949671 0.4286513 -0.1236606
vn -0.7026884 0.6418182 0.3070806
vn -0.3221246 0.6830106 0.6555398
vn -0.003404193 0.2706143 0.9626818
vn 0.4004545 1.832209E-05 0.9163166
vn 0.6595091 -0.3348749 0.6729833
vn 0.7043458 -0.6443312 0.2978831
vn 0.5229507 -0.8454321 -0.1084765
vn 0.1639284 -0.8842928 -0.4372114
vn -0.2765213 -0.7505003 -0.6002378
vn -0.6803801 -0.4799046 -0.5538724
vn -0.9394345 -0.1450114 -0.3105392
vn -0.9842712 0.164445 0.06456116
vn -0.8028761 0.3655459 0.4709206
vn -0.4438538 0.4044064 0.7996557
vn -0.1532607 -0.03508819 0.9875627
vn 0.1793103 -0.2579192 0.9493817
vn 0.3926373 -0.5336983 0.7490008
vn 0.4295595 -0.7885302 0.4401121
vn 0.2801838 -0.9541335 0.1054819
vn -0.01546504 -0.9861345 -0.1652258
vn -0.3781679 -0.8759587 -0.2994753
vn -0.7107388 -0.6531277 -0.2612942
vn -0.9240658 -0.3773488 -0.06091337
vn -0.960988 -0.1225168 0.2479754
vn -0.8116122 0.04308655 0.5826056
vn -0.5159633 0.07508758 0.8533134
vn -0.2879578 -0.3433121 0.8939894
vn -0.0683242 -0.4904723 0.8687743
vn 0.07255951 -0.6725999 0.7364405
vn 0.09694325 -0.8408937 0.5324471
vn -0.001705998 -0.9502599 0.3114536
vn -0.1969558 -0.9713938 0.132675
vn -0.4364889 -0.8986324 0.04401523
vn -0.6561223 -0.7514723 0.06923049
vn -0.7970059 -0.5693448 0.2015642
vn -0.8213897 -0.401051 0.4055578
vn -0.7227402 -0.2916848 0.6265513
vn -0.5274903 -0.2705511 0.8053299
vn -0.3891421 -0.6144961 0.6862674
vn -0.3122654 -0.6660053 0.6774418
vn -0.2629531 -0.7297536 0.6311223
vn -0.2544188 -0.7886598 0.5597203
vn -0.2889481 -0.8269402 0.4823681
vn -0.357289 -0.8343376 0.4197921
vn -0.4411302 -0.8088698 0.3887596
vn -0.518007 -0.7573605 0.3975851
vn -0.5673188 -0.6936123 0.4439048
vn -0.5758539 -0.6347059 0.5153065
vn -0.5413245 -0.5964255 0.5926588
vn -0.4729833 -0.5890282 0.6552348
vn 0.510343 0.7431583 -0.4327422
vn 0.5859767 0.6895963 -0.4255446
vn 0.6382589 0.6194783 -0.4570255
vn 0.6531812 0.551592 -0.5187492
vn 0.6267455 0.5041273 -0.5941766
vn 0.5660346 0.4898027 -0.6630975
vn 0.4873169 0.5124561 -0.7070438
vn 0.411683 0.566018 -0.7142414
vn 0.3594014 0.636136 -0.6827603
vn 0.3444788 0.7040225 -0.6210368
vn 0.3709142 0.7514871 -0.5456096
vn 0.4316253 0.7658117 -0.4766887
vn 0.4681424 0.8773424 -0.105418
vn 0.6842245 0.7243178 -0.0848558
vn 0.833594 0.5239921 -0.1747956
vn 0.8762273 0.3300422 -0.3511379
vn 0.8007011 0.194437 -0.5666322
vn 0.6272522 0.1535117 -0.7635372
vn 0.4023565 0.2182323 -0.8890917
vn 0.1862744 0.3712569 -0.909654
vn 0.03690498 0.5715826 -0.8197142
vn -0.005728226 0.7655325 -0.6433718
vn 0.06979805 0.9011377 -0.4278774
vn 0.2432469 0.942063 -0.2309726
vn 0.3690905 0.9008526 0.2285538
vn 0.6962838 0.6691416 0.2596893
vn 0.9224603 0.3658065 0.1235018
vn 0.987016 0.07212605 -0.1435174
vn 0.8726535 -0.1332085 -0.4698207
vn 0.610016 -0.1951778 -0.7679754
vn 0.2694768 -0.09717731 -0.9580913
vn -0.05771642 0.1345337 -0.9892268
vn -0.2838928 0.4378686 -0.8530393
vn -0.3484487 0.731549 -0.5860202
vn -0.2340862 0.9368836 -0.2597167
vn 0.02855153 0.998853 0.03843813
vn 0.228663 0.8176454 0.5283648
vn 0.6259915 0.5362662 0.5661743
vn 0.9006498 0.1679101 0.4007944
vn 0.9790434 -0.188722 0.07653864
vn 0.8401667 -0.4380707 -0.3197091
vn 0.5212319 -0.5133235 -0.6817745
vn 0.1076968 -0.3943162 -0.9126424
vn -0.2896316 -0.112937 -0.9504519
vn -0.5642899 0.255419 -0.7850721
vn -0.6426834 0.612051 -0.4608164
vn -0.5038068 0.8613998 -0.06456865
vn -0.1848717 0.9366525 0.2974969
vn 0.06411199 0.6423397 0.7637339
vn 0.4852801 0.3440776 0.803812
vn 0.776418 -0.04637984 0.6285094
vn 0.8595151 -0.4244098 0.2847983
vn 0.712306 -0.6887196 -0.1352243
vn 0.3742349 -0.7684875 -0.5190138
vn -0.06411228 -0.6423398 -0.7637337
vn -0.4852804 -0.3440778 -0.8038118
vn -0.7764181 0.04637957 -0.6285092
vn -0.8595154 0.4244095 -0.2847981
vn -0.7123062 0.6887193 0.1352246
vn -0.3742349 0.7684873 0.5190139
vn -0.1076968 0.3943166 0.9126422
vn 0.2896315 0.112937 0.9504519
vn 0.5642898 -0.2554189 0.7850721
vn 0.6426835 -0.6120509 0.4608163
vn 0.5038068 -0.8613998 0.06456855
vn 0.1848718 -0.9366526 -0.2974968
vn -0.2286632 -0.8176453 -0.5283649
vn -0.6259916 -0.536266 -0.5661743
vn -0.9006498 -0.1679102 -0.4007945
vn -0.9790434 0.188722 -0.07653866
vn -0.8401667 0.4380708 0.319709
vn -0.5212318 0.5133235 0.6817745
vn -0.269477 0.09717748 0.9580912
vn 0.05771637 -0.1345336 0.9892268
vn 0.2838929 -0.4378687 0.8530393
vn 0.3484485 -0.731549 0.5860202
vn 0.2340861 -0.9368836 0.2597168
vn -0.02855159 -0.998853 -0.03843783
vn -0.3690906 -0.9008526 -0.2285538
vn -0.6962839 -0.6691414 -0.2596893
vn -0.9224603 -0.3658065 -0.1235018
vn -0.987016 -0.07212617 0.1435173
vn -0.8726534 0.1332085 0.4698206
vn -0.6100158 0.1951779 0.7679755
vn -0.4023567 -0.2182322 0.8890916
vn -0.1862745 -0.3712569 0.9096538
vn -0.03690493 -0.5715827 0.8197141
vn 0.005728292 -0.7655325 0.6433718
vn -0.06979782 -0.9011377 0.4278775
vn -0.2432467 -0.942063 0.2309726
vn -0.4681425 -0.8773424 0.105418
vn -0.6842245 -0.7243178 0.08485582
vn -0.833594 -0.523992 0.1747955
vn -0.8762273 -0.3300423 0.351138
vn -0.8007009 -0.1944371 0.5666324
vn -0.627252 -0.1535119 0.7635372
vn -0.4873172 -0.5124562 0.7070436
vn -0.4116836 -0.5660179 0.7142411
vn -0.359401 -0.6361361 0.6827604
vn -0.344479 -0.7040223 0.6210368
vn -0.3709148 -0.751487 0.5456094
vn -0.4316249 -0.7658117 0.4766889
vn -0.5103428 -0.7431583 0.4327424
vn -0.5859764 -0.6895964 0.4255449
vn -0.6382585 -0.6194784 0.4570258
vn -0.6531814 -0.5515919 0.518749
vn -0.6267455 -0.5041273 0.5941765
vn -0.5660351 -0.4898026 0.6630971
vn 0.5148292 0.6745081 -0.5291407
vn 0.5867471 0.6156955 -0.5259725
vn 0.630292 0.539988 -0.5578038
vn 0.6337968 0.4676712 -0.616105
vn 0.5963226 0.4181221 -0.6852542
vn 0.52791 0.4046177 -0.7467233
vn 0.4468912 0.430776 -0.784041
vn 0.3749731 0.4895886 -0.7872092
vn 0.3314288 0.565296 -0.7553777
vn 0.3279237 0.6376129 -0.6970767
vn 0.3653975 0.687162 -0.6279275
vn 0.4338102 0.7006665 -0.5664585
vn 0.5166191 0.8303708 -0.20878
vn 0.7220852 0.6623452 -0.1997295
vn 0.8464925 0.4460506 -0.2906704
vn 0.8565065 0.2394429 -0.457235
vn 0.7494437 0.09788248 -0.6547925
vn 0.5539913 0.05930038 -0.8304079
vn 0.3225211 0.1340345 -0.9370245
vn 0.117055 0.3020602 -0.946075
vn -0.007352357 0.5183548 -0.8551341
vn -0.01736607 0.7249625 -0.6885694
vn 0.08969676 0.8665229 -0.4910119
vn 0.2851491 0.905105 -0.3153966
vn 0.4547343 0.880926 0.131096
vn 0.7658526 0.6265004 0.1448002
vn 0.9542314 0.2989852 0.007096724
vn 0.9693944 -0.01386192 -0.2451169
vn 0.8072789 -0.2282139 -0.5442602
vn 0.5113237 -0.2866352 -0.810178
vn 0.1608294 -0.1734719 -0.9716179
vn -0.150289 0.08095371 -0.9853222
vn -0.3386676 0.4084687 -0.8476188
vn -0.3538308 0.7213158 -0.5954052
vn -0.1917154 0.9356678 -0.2962617
vn 0.1042401 0.9940892 -0.03034378
vn 0.3405737 0.8265288 0.4481736
vn 0.7183815 0.5175661 0.4648154
vn 0.94714 0.1198468 0.2975946
vn 0.9655534 -0.2600604 -0.008681923
vn 0.7686878 -0.5203595 -0.3719479
vn 0.4092933 -0.5913036 -0.6948662
vn -0.01633087 -0.4538834 -0.8909115
vn -0.3941387 -0.1449206 -0.9075532
vn -0.6228971 0.2527986 -0.7403325
vn -0.6413105 0.6327056 -0.434056
vn -0.4444449 0.8930048 -0.07079007
vn -0.08505018 0.963949 0.2521285
vn 0.1891593 0.6786186 0.7097151
vn 0.5896356 0.351118 0.7273555
vn 0.8321196 -0.07046457 0.5501015
vn 0.8516378 -0.4731661 0.2254484
vn 0.6429603 -0.7490832 -0.1596135
vn 0.262002 -0.824284 -0.5019071
vn -0.1891596 -0.6786187 -0.709715
vn -0.5896358 -0.3511181 -0.7273553
vn -0.8321198 0.07046432 -0.5501013
vn -0.851638 0.4731658 -0.2254482
vn -0.6429605 0.749083 0.1596138
vn -0.262002 0.8242839 0.5019073
vn 0.01633085 0.4538838 0.8909113
vn 0.3941385 0.1449207 0.9075532
vn 0.6228971 -0.2527985 0.7403325
vn 0.6413105 -0.6327056 0.4340559
vn 0.4444449 -0.8930048 0.07078997
vn 0.08505026 -0.9639491 -0.2521284
vn -0.3405738 -0.8265287 -0.4481737
vn -0.7183816 -0.517566 -0.4648154
vn -0.94714 -0.1198468 -0.2975947
vn -0.9655533 0.2600603 0.008681909
vn -0.7686878 0.5203595 0.3719477
vn -0.4092933 0.5913036 0.6948663
vn -0.1608295 0.1734721 0.9716179
vn 0.150289 -0.08095352 0.9853222
vn 0.3386677 -0.4084688 0.8476188
vn 0.3538307 -0.7213157 0.5954053
vn 0.1917153 -0.9356678 0.2962618
vn -0.1042402 -0.9940892 0.03034409
vn -0.4547344 -0.880926 -0.1310959
vn -0.7658527 -0.6265002 -0.1448002
vn -0.9542314 -0.2989852 -0.007096757
vn -0.9693945 0.01386179 0.2451168
vn -0.8072789 0.2282139 0.5442601
vn -0.5113235 0.2866353 0.8101781
vn -0.3225213 -0.1340345 0.9370245
vn -0.1170552 -0.3020602 0.946075
vn 0.00735239 -0.5183548 0.8551341
vn 0.01736615 -0.7249624 0.6885695
vn -0.08969653 -0.8665229 0.4910119
vn -0.2851489 -0.9051051 0.3153966
vn -0.5166192 -0.8303708 0.2087799
vn -0.7220852 -0.6623452 0.1997295
vn -0.8464926 -0.4460506 0.2906704
vn -0.8565063 -0.239443 0.4572351
vn -0.7494435 -0.09788258 0.6547928
vn -0.5539911 -0.05930051 0.8304079
vn -0.4468915 -0.430776 0.7840409
vn -0.3749737 -0.4895885 0.7872089
vn -0.3314283 -0.5652961 0.7553778
vn -0.3279239 -0.6376128 0.6970767
vn -0.365398 -0.6871619 0.6279274
vn -0.4338099 -0.7006665 0.5664587
vn -0.5148289 -0.6745082 0.5291409
vn -0.5867468 -0.6156955 0.5259727
vn -0.6302916 -0.5399882 0.5578041
vn -0.633797 -0.4676712 0.6161048
vn -0.5963227 -0.4181221 0.6852542
vn -0.5279106 -0.4046175 0.7467229
vn 0.6081667 0.6218401 -0.4934048
vn 0.6784896 0.567102 -0.4669553
vn 0.7289867 0.4898617 -0.4781359
vn 0.7461278 0.4108157 -0.5239502
vn 0.7253203 0.3511441 -0.5921219
vn 0.672139 0.326836 -0.6643851
vn 0.6008347 0.3444046 -0.7213759
vn 0.5305116 0.3991427 -0.7478253
vn 0.4800151 0.4763829 -0.7366444
vn 0.4628736 0.555429 -0.6908304
vn 0.4836808 0.6151006 -0.622659
vn 0.5368623 0.6394087 -0.5503958
vn 0.5379255 0.8178571 -0.2043184
vn 0.738835 0.661472 -0.1287545
vn 0.8831044 0.4407984 -0.1606968
vn 0.9320769 0.2149656 -0.2915861
vn 0.8726304 0.04448531 -0.4863509
vn 0.7206933 -0.02496247 -0.6928045
vn 0.5169774 0.02523077 -0.8556272
vn 0.3160679 0.1816159 -0.931191
vn 0.1717986 0.4022894 -0.8992489
vn 0.1228262 0.6281223 -0.7683594
vn 0.1822727 0.7986026 -0.5735945
vn 0.3342098 0.8680503 -0.367141
vn 0.4027798 0.9093305 0.1043391
vn 0.7069985 0.672531 0.2187585
vn 0.9254525 0.3383851 0.1703914
vn 0.9996071 -0.003572799 -0.0278025
vn 0.9095926 -0.2617155 -0.3227172
vn 0.6795284 -0.3668738 -0.6353304
vn 0.3710599 -0.2908707 -0.8818781
vn 0.06684117 -0.05407118 -0.9962974
vn -0.1516127 0.2800745 -0.9479303
vn -0.2257674 0.6220323 -0.7497365
vn -0.1357531 0.8801752 -0.4548217
vn 0.09431133 0.9853336 -0.1422083
vn 0.2230662 0.8916187 0.3940273
vn 0.5924955 0.6040604 0.5329731
vn 0.857776 0.198289 0.4742382
vn 0.9478258 -0.2169689 0.2335607
vn 0.8385165 -0.5304455 -0.1245701
vn 0.5591372 -0.658145 -0.5041934
vn 0.1845472 -0.5658503 -0.8035894
vn -0.1848821 -0.2782919 -0.9425351
vn -0.4501625 0.1274793 -0.8838002
vn -0.5402125 0.5427372 -0.6431228
vn -0.430903 0.8562139 -0.284992
vn -0.1515235 0.9839134 0.09463148
vn 0.02041499 0.7724586 0.6347368
vn 0.41201 0.4676467 0.7820194
vn 0.6932074 0.03752905 0.7197605
vn 0.7886603 -0.4026444 0.4646424
vn 0.6727923 -0.7349297 0.08502373
vn 0.3766502 -0.8702911 -0.3173771
vn -0.02041529 -0.7724587 -0.6347368
vn -0.4120103 -0.4676468 -0.7820193
vn -0.6932076 -0.03752928 -0.7197603
vn -0.7886605 0.4026441 -0.4646422
vn -0.6727926 0.7349294 -0.08502343
vn -0.3766501 0.8702909 0.3173773
vn -0.1845471 0.5658506 0.8035891
vn 0.184882 0.2782919 0.942535
vn 0.4501625 -0.1274793 0.8838002
vn 0.5402125 -0.5427372 0.6431227
vn 0.4309031 -0.8562139 0.2849919
vn 0.1515236 -0.9839134 -0.0946313
vn -0.2230663 -0.8916186 -0.3940274
vn -0.5924956 -0.6040602 -0.5329731
vn -0.857776 -0.1982891 -0.4742382
vn -0.9478259 0.2169689 -0.2335607
vn -0.8385165 0.5304456 0.12457
vn -0.5591371 0.658145 0.5041934
vn -0.37106 0.2908708 0.881878
vn -0.06684121 0.05407137 0.9962974
vn 0.1516128 -0.2800746 0.9479303
vn 0.2257673 -0.6220323 0.7497365
vn 0.1357529 -0.8801751 0.4548218
vn -0.09431142 -0.9853335 0.1422086
vn -0.4027798 -0.9093304 -0.1043391
vn -0.7069986 -0.6725308 -0.2187585
vn -0.9254525 -0.3383851 -0.1703914
vn -0.9996071 0.003572669 0.02780247
vn -0.9095926 0.2617155 0.3227171
vn -0.6795283 0.3668739 0.6353306
vn -0.5169776 -0.02523072 0.8556271
vn -0.3160681 -0.1816158 0.931191
vn -0.1717985 -0.4022895 0.8992488
vn -0.1228261 -0.6281222 0.7683595
vn -0.1822725 -0.7986026 0.5735946
vn -0.3342095 -0.8680504 0.3671411
vn -0.5379255 -0.817857 0.2043183
vn -0.738835 -0.661472 0.1287545
vn -0.8831044 -0.4407983 0.1606967
vn -0.9320768 -0.2149657 0.2915862
vn -0.8726303 -0.04448536 0.4863512
vn -0.7206932 0.02496235 0.6928046
vn -0.600835 -0.3444046 0.7213757
vn -0.5305121 -0.3991427 0.747825
vn -0.4800147 -0.476383 0.7366446
vn -0.4628738 -0.5554289 0.6908304
vn -0.4836813 -0.6151005 0.6226587
vn -0.5368619 -0.6394087 0.550396
vn -0.6081665 -0.6218401 0.493405
vn -0.6784893 -0.567102 0.4669556
vn -0.7289863 -0.4898618 0.4781363
vn -0.746128 -0.4108157 0.52395
vn -0.7253204 -0.3511441 0.5921218
vn -0.6721395 -0.326836 0.6643845
vn 0.4006066 0.6814024 -0.61254
vn 0.483948 0.6499305 -0.5859904
vn 0.5519645 0.5868897 -0.5923646
vn 0.5864316 0.5091717 -0.6299541
vn 0.5781143 0.437601 -0.6886865
vn 0.5292407 0.391355 -0.7528251
vn 0.4529072 0.3828252 -0.8051832
vn 0.3695656 0.414297 -0.8317327
vn 0.3015497 0.477338 -0.8253583
vn 0.2670822 0.5550559 -0.787769
vn 0.2753992 0.6266265 -0.7290367
vn 0.324273 0.6728726 -0.6648982
vn 0.2976525 0.8908048 -0.3433218
vn 0.5357553 0.8008903 -0.2674716
vn 0.7300772 0.6207843 -0.2856821
vn 0.8285498 0.398746 -0.3930736
vn 0.8047876 0.1942705 -0.5608707
vn 0.6651572 0.06214662 -0.7441127
vn 0.447073 0.0377771 -0.8936994
vn 0.2089702 0.1276917 -0.9695495
vn 0.01464838 0.3077977 -0.9513391
vn -0.08382408 0.529836 -0.8439475
vn -0.06006178 0.7343115 -0.6761503
vn 0.0795685 0.8664353 -0.4929084
vn 0.1600253 0.9864183 -0.0370245
vn 0.5205625 0.8502691 0.07782838
vn 0.8148064 0.5775509 0.05025395
vn 0.9639145 0.2413387 -0.1123593
vn 0.9279333 -0.06827984 -0.3664392
vn 0.7165042 -0.2683427 -0.6439053
vn 0.386279 -0.3052432 -0.8704109
vn 0.0257419 -0.1690938 -0.9852638
vn -0.2685018 0.1036241 -0.9576893
vn -0.41761 0.4398362 -0.7950761
vn -0.381629 0.7494549 -0.5409961
vn -0.1701996 0.9495178 -0.2635299
vn 0.006504478 0.9636688 0.2670211
vn 0.4443242 0.7983354 0.4064932
vn 0.8016405 0.4671591 0.373008
vn 0.9827104 0.0588784 0.175538
vn 0.9390166 -0.3171081 -0.133005
vn 0.6822668 -0.5600552 -0.4699471
vn 0.2812566 -0.6048655 -0.7450051
vn -0.1565631 -0.439532 -0.884477
vn -0.5138792 -0.1083559 -0.8509919
vn -0.6949492 0.2999247 -0.653522
vn -0.6512553 0.6759112 -0.344979
vn -0.3945054 0.9188585 -0.008036672
vn -0.1456188 0.8313232 0.5363739
vn 0.3184702 0.6560698 0.6842144
vn 0.6972255 0.3050228 0.6487201
vn 0.8891596 -0.1277547 0.439402
vn 0.8428441 -0.5263004 0.1123464
vn 0.5706893 -0.7838244 -0.2448124
vn 0.1456185 -0.8313233 -0.5363738
vn -0.3184704 -0.6560699 -0.6842142
vn -0.6972256 -0.3050231 -0.6487199
vn -0.8891597 0.1277544 -0.4394017
vn -0.8428444 0.5263002 -0.1123461
vn -0.5706893 0.7838244 0.2448126
vn -0.2812567 0.6048657 0.7450048
vn 0.156563 0.4395321 0.884477
vn 0.5138792 0.1083559 0.8509919
vn 0.6949492 -0.2999246 0.6535219
vn 0.6512554 -0.6759112 0.3449789
vn 0.3945054 -0.9188585 0.008036844
vn -0.006504634 -0.9636687 -0.2670213
vn -0.4443244 -0.7983353 -0.4064932
vn -0.8016405 -0.4671591 -0.3730081
vn -0.9827104 -0.05887846 -0.175538
vn -0.9390166 0.3171081 0.1330048
vn -0.6822668 0.5600553 0.4699471
vn -0.3862792 0.3052433 0.8704108
vn -0.02574199 0.169094 0.9852638
vn 0.2685019 -0.1036242 0.9576893
vn 0.4176098 -0.4398362 0.7950762
vn 0.3816288 -0.7494549 0.5409962
vn 0.1701995 -0.9495178 0.2635302
vn -0.1600255 -0.9864183 0.03702448
vn -0.5205626 -0.850269 -0.07782843
vn -0.8148064 -0.577551 -0.05025399
vn -0.9639144 -0.2413389 0.1123593
vn -0.9279333 0.06827986 0.3664391
vn -0.716504 0.2683428 0.6439054
vn -0.4470732 -0.03777713 0.8936993
vn -0.2089704 -0.1276917 0.9695495
vn -0.01464833 -0.3077977 0.9513391
vn 0.08382414 -0.5298359 0.8439475
vn 0.06006199 -0.7343115 0.6761503
vn -0.07956825 -0.8664353 0.4929085
vn -0.2976526 -0.8908048 0.3433217
vn -0.5357553 -0.8008903 0.2674716
vn -0.7300773 -0.6207842 0.2856821
vn -0.8285497 -0.398746 0.3930738
vn -0.8047874 -0.1942705 0.560871
vn -0.665157 -0.06214669 0.7441128
vn -0.4529074 -0.3828253 0.805183
vn -0.3695661 -0.4142972 0.8317324
vn -0.3015493 -0.477338 0.8253585
vn -0.2670824 -0.5550559 0.787769
vn -0.2753997 -0.6266265 0.7290365
vn -0.3242727 -0.6728725 0.6648984
vn -0.4006064 -0.6814023 0.6125402
vn -0.4839477 -0.6499304 0.5859907
vn -0.5519641 -0.5868896 0.592365
vn -0.5864318 -0.5091718 0.6299539
vn -0.5781143 -0.4376011 0.6886865
vn -0.5292411 -0.3913552 0.7528247
vn 0.04874669 0.8881653 -0.4569313
vn 0.1412544 0.8813595 -0.4508356
vn 0.2217357 0.8473341 -0.4825539
vn 0.2686264 0.7952065 -0.5435867
vn 0.2693625 0.7389442 -0.6175803
vn 0.2237461 0.6936225 -0.6847084
vn 0.1440012 0.6713856 -0.7269835
vn 0.05149338 0.6781914 -0.7330791
vn -0.02898741 0.7122169 -0.7013608
vn -0.07587844 0.7643445 -0.640328
vn -0.0766149 0.8206066 -0.5663347
vn -0.03099836 0.8659284 -0.4992065
vn -0.05197917 0.9900531 -0.1307403
vn 0.2123113 0.9706086 -0.1133263
vn 0.4422451 0.8733992 -0.2039442
vn 0.5762115 0.724472 -0.3783129
vn 0.5783146 0.563732 -0.5897105
vn 0.4479903 0.4342492 -0.7814937
vn 0.2201596 0.3707186 -0.9022735
vn -0.04413096 0.3901631 -0.9196876
vn -0.2740647 0.4873725 -0.8290698
vn -0.408031 0.6362998 -0.6547009
vn -0.4101339 0.7970399 -0.4433032
vn -0.2798098 0.9265226 -0.2515202
vn -0.1443518 0.9680079 0.2052396
vn 0.255839 0.938565 0.2316081
vn 0.6040067 0.7913696 0.09439375
vn 0.8068598 0.5658628 -0.1696369
vn 0.8100441 0.3224688 -0.4897372
vn 0.6127063 0.126405 -0.7801364
vn 0.2677228 0.0302065 -0.9630224
vn -0.1324679 0.0596495 -0.9893909
vn -0.4806354 0.2068448 -0.8521765
vn -0.6834886 0.4323515 -0.5881459
vn -0.686673 0.6757454 -0.2680455
vn -0.4893351 0.8718094 0.02235379
vn -0.21771 0.8323119 0.509764
vn 0.2682633 0.7965577 0.5417847
vn 0.6910622 0.6178104 0.3751579
vn 0.9373976 0.3439653 0.05453117
vn 0.9412645 0.04839902 -0.3341839
vn 0.7016266 -0.1896918 -0.6868313
vn 0.2826945 -0.306511 -0.9089196
vn -0.2032787 -0.2707567 -0.9409403
vn -0.6260774 -0.09200953 -0.7743136
vn -0.8724128 0.1818355 -0.4536869
vn -0.8762797 0.4774019 -0.06497187
vn -0.6366417 0.7154928 0.2876758
vn -0.2652145 0.6035761 0.7519024
vn 0.2499172 0.5656766 0.7858444
vn 0.698084 0.3762045 0.60922
vn 0.9591995 0.08592864 0.2693557
vn 0.9632984 -0.2273717 -0.1426822
vn 0.7092823 -0.479748 -0.5164887
vn 0.2652143 -0.6035764 -0.7519023
vn -0.2499174 -0.5656769 -0.7858442
vn -0.698084 -0.3762048 -0.6092198
vn -0.9591996 -0.08592901 -0.2693556
vn -0.9632986 0.2273714 0.1426825
vn -0.7092822 0.4797479 0.5164889
vn -0.2826947 0.3065112 0.9089195
vn 0.2032786 0.2707567 0.9409403
vn 0.6260774 0.09200953 0.7743135
vn 0.8724129 -0.1818355 0.4536868
vn 0.8762797 -0.4774019 0.06497177
vn 0.6366418 -0.7154928 -0.2876756
vn 0.2177098 -0.8323119 -0.5097641
vn -0.2682635 -0.7965577 -0.5417846
vn -0.6910621 -0.6178105 -0.3751579
vn -0.9373976 -0.3439654 -0.05453119
vn -0.9412645 -0.04839893 0.3341838
vn -0.7016265 0.1896918 0.6868314
vn -0.2677231 -0.03020644 0.9630223
vn 0.1324678 -0.05964937 0.9893909
vn 0.4806355 -0.2068448 0.8521765
vn 0.6834885 -0.4323516 0.588146
vn 0.6866729 -0.6757455 0.2680456
vn 0.489335 -0.8718094 -0.02235349
vn 0.1443516 -0.9680079 -0.2052396
vn -0.2558392 -0.9385649 -0.2316081
vn -0.6040067 -0.7913696 -0.09439378
vn -0.8068597 -0.5658628 0.1696369
vn -0.8100441 -0.3224688 0.4897372
vn -0.6127062 -0.1264049 0.7801365
vn -0.2201598 -0.3707186 0.9022735
vn 0.04413079 -0.3901632 0.9196876
vn 0.2740647 -0.4873725 0.8290697
vn 0.408031 -0.6362997 0.6547011
vn 0.4101341 -0.7970397 0.4433032
vn 0.27981 -0.9265225 0.2515202
vn 0.05197911 -0.9900531 0.1307403
vn -0.2123113 -0.9706086 0.1133263
vn -0.4422451 -0.8733991 0.2039442
vn -0.5762115 -0.724472 0.378313
vn -0.5783144 -0.563732 0.5897108
vn -0.4479901 -0.4342492 0.7814938
vn -0.1440014 -0.6713858 0.7269834
vn -0.05149389 -0.6781915 0.7330789
vn 0.02898782 -0.7122168 0.7013608
vn 0.07587826 -0.7643445 0.640328
vn 0.07661432 -0.8206068 0.5663345
vn 0.03099868 -0.8659282 0.4992068
vn -0.04874647 -0.8881652 0.4569315
vn -0.1412541 -0.8813593 0.4508359
vn -0.2217353 -0.847334 0.4825542
vn -0.2686266 -0.7952065 0.5435866
vn -0.2693625 -0.7389442 0.6175802
vn -0.2237466 -0.6936227 0.684708
vn 0.2385209 0.8250105 -0.5123138
vn 0.3271876 0.797683 -0.5066065
vn 0.3971087 0.7443987 -0.5368197
vn 0.4295496 0.6794351 -0.5948572
vn 0.4158182 0.6201991 -0.6651679
vn 0.359593 0.5825631 -0.7289123
vn 0.2759407 0.5766116 -0.7690096
vn 0.1872739 0.6039391 -0.7747169
vn 0.1173534 0.6572235 -0.7445036
vn 0.08491213 0.722187 -0.6864662
vn 0.09864318 0.7814229 -0.6161557
vn 0.1548685 0.819059 -0.5524113
vn 0.1709911 0.9663211 -0.1923163
vn 0.4243079 0.888247 -0.1760118
vn 0.6240714 0.736015 -0.2623296
vn 0.7167552 0.5504157 -0.4281409
vn 0.6775249 0.3811801 -0.6290166
vn 0.5168916 0.2736548 -0.8111327
vn 0.2778976 0.2566512 -0.9256906
vn 0.02458081 0.3347254 -0.9419951
vn -0.1751826 0.4869574 -0.8556773
vn -0.2678663 0.6725568 -0.6898659
vn -0.2286358 0.8417923 -0.4889902
vn -0.06800269 0.9493176 -0.3068742
vn 0.0837051 0.9858588 0.1451754
vn 0.4672794 0.8676383 0.1698638
vn 0.7697631 0.6371274 0.0391606
vn 0.9101056 0.3560913 -0.2119123
vn 0.8507024 0.09983334 -0.5160801
vn 0.6074706 -0.06298219 -0.7918414
vn 0.2455837 -0.08872911 -0.965306
vn -0.1379905 0.02949138 -0.9899944
vn -0.440474 0.2600023 -0.8592913
vn -0.5808167 0.5410383 -0.6082184
vn -0.5214136 0.7972962 -0.3040504
vn -0.2781816 0.9601119 -0.0282891
vn -0.01156398 0.8887428 0.4582605
vn 0.454231 0.7451813 0.4882408
vn 0.8215533 0.4652594 0.3295209
vn 0.9919788 0.1239821 0.02462953
vn 0.9198423 -0.1872057 -0.3447379
vn 0.6244728 -0.3849214 -0.6796097
vn 0.185014 -0.4161873 -0.8902572
vn -0.280781 -0.2726258 -0.9202376
vn -0.6481031 0.007295968 -0.7615178
vn -0.8185286 0.3485732 -0.4566264
vn -0.7463921 0.6597611 -0.08725902
vn -0.4510225 0.8574769 0.247613
vn -0.1041865 0.691613 0.7147144
vn 0.3895563 0.5394378 0.7464938
vn 0.7789178 0.2427205 0.5782506
vn 0.9595689 -0.1190335 0.2550658
vn 0.8831043 -0.4488926 -0.1364637
vn 0.5700125 -0.6584713 -0.4914279
vn 0.1041862 -0.6916131 -0.7147143
vn -0.3895565 -0.5394379 -0.7464935
vn -0.7789179 -0.2427208 -0.5782504
vn -0.959569 0.1190331 -0.2550656
vn -0.8831044 0.4488923 0.136464
vn -0.5700125 0.6584712 0.4914281
vn -0.1850141 0.4161876 0.8902571
vn 0.2807809 0.2726259 0.9202377
vn 0.6481031 -0.007295964 0.7615177
vn 0.8185287 -0.3485732 0.4566264
vn 0.7463922 -0.6597611 0.08725893
vn 0.4510226 -0.8574769 -0.2476128
vn 0.01156381 -0.8887427 -0.4582605
vn -0.4542312 -0.7451812 -0.4882408
vn -0.8215532 -0.4652594 -0.3295209
vn -0.9919788 -0.1239821 -0.02462954
vn -0.9198423 0.1872057 0.3447378
vn -0.6244727 0.3849214 0.6796097
vn -0.245584 0.08872923 0.965306
vn 0.1379905 -0.02949121 0.9899945
vn 0.4404741 -0.2600023 0.8592913
vn 0.5808166 -0.5410383 0.6082185
vn 0.5214136 -0.7972962 0.3040506
vn 0.2781816 -0.9601119 0.02828941
vn -0.08370528 -0.9858588 -0.1451754
vn -0.4672796 -0.8676382 -0.1698638
vn -0.7697631 -0.6371274 -0.03916063
vn -0.9101056 -0.3560914 0.2119122
vn -0.8507025 -0.09983332 0.5160801
vn -0.6074705 0.06298234 0.7918414
vn -0.2778979 -0.2566513 0.9256905
vn -0.024581 -0.3347254 0.941995
vn 0.1751827 -0.4869574 0.8556772
vn 0.2678663 -0.6725568 0.689866
vn 0.228636 -0.8417923 0.4889902
vn 0.06800293 -0.9493176 0.3068742
vn -0.1709912 -0.9663211 0.1923162
vn -0.4243079 -0.888247 0.1760118
vn -0.6240715 -0.736015 0.2623296
vn -0.7167551 -0.5504157 0.428141
vn -0.6775246 -0.3811801 0.6290169
vn -0.5168914 -0.2736549 0.8111327
vn -0.275941 -0.5766116 0.7690095
vn -0.1872745 -0.6039391 0.7747166
vn -0.1173529 -0.6572234 0.7445037
vn -0.0849123 -0.722187 0.6864662
vn -0.09864379 -0.7814229 0.6161556
vn -0.1548682 -0.8190589 0.5524114
vn -0.2385207 -0.8250105 0.512314
vn -0.3271873 -0.797683 0.5066068
vn -0.3971083 -0.7443987 0.53682
vn -0.4295498 -0.6794352 0.594857
vn -0.4158182 -0.6201992 0.6651678
vn -0.3595936 -0.5825633 0.7289119
vn 0.2355469 0.8630555 -0.4468254
vn 0.3239164 0.8459588 -0.4235941
vn 0.4043033 0.8020872 -0.4395396
vn 0.4551685 0.7431963 -0.4903885
vn 0.4628832 0.6850657 -0.5625159
vn 0.4253795 0.6432715 -0.6365957
vn 0.3527076 0.6290126 -0.6927774
vn 0.264338 0.6461092 -0.7160087
vn 0.1839516 0.6899809 -0.700063
vn 0.1330861 0.7488718 -0.6492143
vn 0.1253711 0.8070022 -0.5770872
vn 0.1628749 0.8487965 -0.5030073
vn 0.08927595 0.9852725 -0.1458351
vn 0.3417438 0.9364275 -0.0794653
vn 0.5714076 0.8110877 -0.1250204
vn 0.7167292 0.6428379 -0.270294
vn 0.7387698 0.4767604 -0.47636
vn 0.6316233 0.3573554 -0.6880038
vn 0.4240001 0.3166176 -0.8485147
vn 0.1715322 0.3654627 -0.9148846
vn -0.05813155 0.4908024 -0.8693295
vn -0.203453 0.6590524 -0.7240558
vn -0.2254935 0.8251299 -0.5179897
vn -0.1183472 0.9445348 -0.3063461
vn -0.06516043 0.9837518 0.1672915
vn 0.3171284 0.9097904 0.2677893
vn 0.6648874 0.7199998 0.1988093
vn 0.8849345 0.4652344 -0.02116519
vn 0.9183084 0.2137584 -0.3331923
vn 0.7560666 0.03295456 -0.6536645
vn 0.4416815 -0.02873086 -0.8967118
vn 0.0593927 0.04523063 -0.9972095
vn -0.288366 0.2350212 -0.9282296
vn -0.5084133 0.4897864 -0.7082551
vn -0.5417874 0.7412624 -0.3962279
vn -0.3795454 0.9220664 -0.0757555
vn -0.2085782 0.8662808 0.4539304
vn 0.2556558 0.7764654 0.5759702
vn 0.6779583 0.5459924 0.4922041
vn 0.9451733 0.2366171 0.2250772
vn 0.9857011 -0.06876376 -0.1538341
vn 0.7886822 -0.2883236 -0.5430009
vn 0.4069074 -0.3632316 -0.8381463
vn -0.05732657 -0.2734161 -0.9601861
vn -0.4796289 -0.04294332 -0.87642
vn -0.7468439 0.266432 -0.6092932
vn -0.7873718 0.5718129 -0.2303819
vn -0.5903527 0.7913728 0.1587851
vn -0.3262075 0.6516416 0.6848007
vn 0.1658806 0.5564372 0.814163
vn 0.6135212 0.3121358 0.725371
vn 0.8967692 -0.01580205 0.4422164
vn 0.9397286 -0.3395059 0.04057042
vn 0.7308885 -0.5722393 -0.3719465
vn 0.3262073 -0.6516418 -0.6848006
vn -0.1658808 -0.5564374 -0.8141628
vn -0.6135212 -0.3121361 -0.7253708
vn -0.8967692 0.0158017 -0.4422163
vn -0.9397288 0.3395055 -0.04057014
vn -0.7308885 0.5722392 0.3719468
vn -0.4069075 0.3632319 0.8381461
vn 0.05732645 0.2734162 0.9601861
vn 0.4796289 0.04294332 0.87642
vn 0.746844 -0.2664319 0.6092932
vn 0.7873718 -0.5718129 0.2303818
vn 0.5903528 -0.7913728 -0.158785
vn 0.208578 -0.8662808 -0.4539305
vn -0.255656 -0.7764654 -0.5759702
vn -0.6779582 -0.5459925 -0.4922042
vn -0.9451733 -0.2366171 -0.2250772
vn -0.9857011 0.06876384 0.153834
vn -0.7886821 0.2883236 0.543001
vn -0.4416817 0.02873095 0.8967116
vn -0.05939282 -0.04523049 0.9972095
vn 0.2883661 -0.2350211 0.9282295
vn 0.5084131 -0.4897864 0.7082551
vn 0.5417872 -0.7412625 0.396228
vn 0.3795453 -0.9220665 0.0757558
vn 0.06516027 -0.9837518 -0.1672915
vn -0.3171286 -0.9097903 -0.2677893
vn -0.6648874 -0.7199997 -0.1988094
vn -0.8849344 -0.4652345 0.02116515
vn -0.9183084 -0.2137583 0.3331922
vn -0.7560666 -0.03295441 0.6536646
vn -0.4240003 -0.3166177 0.8485146
vn -0.1715324 -0.3654627 0.9148845
vn 0.05813162 -0.4908025 0.8693295
vn 0.203453 -0.6590523 0.7240559
vn 0.2254937 -0.8251298 0.5179898
vn 0.1183474 -0.9445348 0.3063461
vn -0.08927599 -0.9852725 0.1458351
vn -0.3417438 -0.9364275 0.07946531
vn -0.5714077 -0.8110877 0.1250204
vn -0.7167291 -0.6428379 0.2702941
vn -0.7387696 -0.4767603 0.4763603
vn -0.6316232 -0.3573554 0.6880039
vn -0.3527078 -0.6290128 0.6927772
vn -0.2643384 -0.6461093 0.7160084
vn -0.1839512 -0.6899808 0.7000632
vn -0.1330862 -0.7488718 0.6492143
vn -0.1253716 -0.8070023 0.5770869
vn -0.1628746 -0.8487964 0.5030076
vn -0.2355468 -0.8630554 0.4468257
vn -0.3239161 -0.8459587 0.4235944
vn -0.4043029 -0.8020872 0.4395399
vn -0.4551687 -0.7431964 0.4903883
vn -0.4628832 -0.6850658 0.5625159
vn -0.42538 -0.6432717 0.6365952
vn 0.3654674 0.6637386 -0.6525984
vn 0.4494805 0.6278445 -0.6354358
vn 0.5130134 0.5614237 -0.6493233
vn 0.5390432 0.4822737 -0.6905394
vn 0.5205956 0.4116026 -0.7480399
vn 0.4626127 0.3683467 -0.8064181
vn 0.3806325 0.3640964 -0.850031
vn 0.2966192 0.3999905 -0.8671936
vn 0.2330869 0.4664113 -0.853306
vn 0.2070568 0.5455613 -0.8120902
vn 0.225504 0.6162323 -0.7545897
vn 0.2834869 0.6594883 -0.6962115
vn 0.3038386 0.8764492 -0.3735224
vn 0.5438604 0.7739006 -0.3244903
vn 0.7253729 0.584138 -0.3641661
vn 0.7997403 0.3580084 -0.4819186
vn 0.7470357 0.1561029 -0.6461962
vn 0.5813811 0.03252174 -0.8129812
vn 0.3471639 0.02037867 -0.937583
vn 0.1071422 0.1229273 -0.9866152
vn -0.07437037 0.3126898 -0.9469394
vn -0.1487375 0.5388196 -0.8291868
vn -0.09603294 0.7407251 -0.6649091
vn 0.06962159 0.8643062 -0.4981242
vn 0.2059745 0.9770753 -0.05383782
vn 0.5694173 0.8217953 0.02040699
vn 0.8442653 0.5344553 -0.03967046
vn 0.9568729 0.1920479 -0.2179724
vn 0.8770671 -0.1136793 -0.4667231
vn 0.6262318 -0.3008066 -0.7192699
vn 0.271578 -0.3191937 -0.9079432
vn -0.09186485 -0.1639137 -0.982188
vn -0.3667126 0.1234262 -0.9221106
vn -0.4793203 0.4658335 -0.7438086
vn -0.3995147 0.7715607 -0.4950578
vn -0.1486792 0.9586882 -0.2425109
vn 0.08594035 0.9603315 0.2652882
vn 0.5272886 0.7717667 0.3554476
vn 0.8610514 0.4228342 0.2824924
vn 0.9977968 0.007030322 0.06597064
vn 0.9008843 -0.3642305 -0.2361007
vn 0.5962816 -0.5914694 -0.542782
vn 0.1656063 -0.6137979 -0.7718982
vn -0.275742 -0.425233 -0.8620576
vn -0.6095046 -0.07630073 -0.7891023
vn -0.74625 0.339503 -0.5725806
vn -0.6493376 0.710764 -0.2705093
vn -0.3447346 0.938003 0.03617212
vn -0.04222305 0.8342886 0.5497088
vn 0.4256061 0.6344099 0.6452779
vn 0.7793946 0.2645414 0.5679454
vn 0.9243448 -0.1762107 0.3384323
vn 0.8216176 -0.5697473 0.01823671
vn 0.4987386 -0.8106205 -0.3068455
vn 0.04222278 -0.8342887 -0.5497087
vn -0.4256063 -0.63441 -0.6452777
vn -0.7793947 -0.2645417 -0.5679451
vn -0.924345 0.1762104 -0.3384321
vn -0.8216178 0.569747 -0.01823634
vn -0.4987386 0.8106205 0.3068458
vn -0.1656063 0.6137982 0.7718979
vn 0.2757419 0.4252331 0.8620576
vn 0.6095046 0.07630074 0.7891023
vn 0.7462501 -0.339503 0.5725806
vn 0.6493376 -0.710764 0.2705092
vn 0.3447347 -0.938003 -0.03617195
vn -0.08594052 -0.9603314 -0.2652883
vn -0.5272887 -0.7717665 -0.3554476
vn -0.8610513 -0.4228342 -0.2824924
vn -0.9977968 -0.007030371 -0.06597065
vn -0.9008843 0.3642306 0.2361006
vn -0.5962815 0.5914695 0.542782
vn -0.2715782 0.3191938 0.9079431
vn 0.09186476 0.1639139 0.982188
vn 0.3667127 -0.1234262 0.9221105
vn 0.4793202 -0.4658335 0.7438086
vn 0.3995146 -0.7715607 0.4950579
vn 0.1486791 -0.9586881 0.2425112
vn -0.2059746 -0.9770752 0.05383782
vn -0.5694174 -0.8217952 -0.02040702
vn -0.8442653 -0.5344553 0.03967042
vn -0.9568728 -0.192048 0.2179724
vn -0.8770671 0.1136793 0.4667231
vn -0.6262316 0.3008068 0.7192699
vn -0.3471642 -0.02037868 0.937583
vn -0.1071424 -0.1229274 0.9866151
vn 0.07437043 -0.3126899 0.9469393
vn 0.1487376 -0.5388195 0.8291869
vn 0.09603317 -0.740725 0.6649091
vn -0.06962133 -0.8643062 0.4981242
vn -0.3038387 -0.8764492 0.3735223
vn -0.5438603 -0.7739005 0.3244903
vn -0.725373 -0.584138 0.3641661
vn -0.7997401 -0.3580084 0.4819188
vn -0.7470355 -0.1561029 0.6461965
vn -0.5813809 -0.03252181 0.8129813
vn -0.3806328 -0.3640965 0.8500309
vn -0.2966197 -0.3999905 0.8671934
vn -0.2330864 -0.4664113 0.8533061
vn -0.2070569 -0.5455613 0.8120901
vn -0.2255046 -0.6162324 0.7545896
vn -0.2834866 -0.6594882 0.6962117
vn -0.3654671 -0.6637385 0.6525987
vn -0.4494802 -0.6278445 0.6354361
vn -0.513013 -0.5614237 0.6493236
vn -0.5390434 -0.4822738 0.6905392
vn -0.5205956 -0.4116026 0.7480398
vn -0.4626133 -0.3683468 0.8064178
vn 0.4006868 0.7839205 -0.4742562
vn 0.4840112 0.7497929 -0.4511584
vn 0.5535446 0.6900004 -0.466356
vn 0.5906563 0.6205642 -0.5157765
vn 0.5854024 0.5600897 -0.5861772
vn 0.5391902 0.5247809 -0.6586949
vn 0.4644032 0.524099 -0.7138978
vn 0.3810787 0.5582265 -0.7369955
vn 0.3115458 0.618019 -0.7217976
vn 0.2744338 0.6874553 -0.6723775
vn 0.2796873 0.7479297 -0.6019769
vn 0.3258997 0.7832385 -0.5294591
vn 0.2863955 0.9418018 -0.1760308
vn 0.5244497 0.8443005 -0.1100423
vn 0.7231055 0.6734747 -0.1534612
vn 0.8291333 0.4750971 -0.2946534
vn 0.8141232 0.302323 -0.4957864
vn 0.6820968 0.2014467 -0.7029675
vn 0.4684308 0.1994983 -0.8606818
vn 0.2303766 0.2969997 -0.9266703
vn 0.03172077 0.4678255 -0.8832515
vn -0.07430696 0.6662031 -0.7420592
vn -0.05929678 0.8389774 -0.540926
vn 0.07272963 0.9398535 -0.3337451
vn 0.1390373 0.98061 0.138104
vn 0.4995008 0.8329726 0.2380243
vn 0.8003073 0.5743067 0.1722791
vn 0.9608556 0.2739218 -0.04151531
vn 0.9381269 0.01230558 -0.3460729
vn 0.7382116 -0.1404419 -0.6597876
vn 0.4146766 -0.1433921 -0.8986001
vn 0.05421304 0.004245261 -0.9985204
vn -0.2465932 0.2629111 -0.9327752
vn -0.4071417 0.563296 -0.7189808
vn -0.3844132 0.8249121 -0.4144231
vn -0.1844976 0.9776598 -0.1007082
vn -0.02152983 0.9029669 0.4291705
vn 0.4162005 0.7236829 0.5505091
vn 0.781486 0.4095709 0.4706711
vn 0.9764485 0.04479727 0.211049
vn 0.9488479 -0.2728973 -0.1587917
vn 0.70608 -0.4583868 -0.5397525
vn 0.3131938 -0.4619695 -0.8297553
vn -0.1245365 -0.2826855 -0.951094
vn -0.4898219 0.03142636 -0.871256
vn -0.6847843 0.3962 -0.611634
vn -0.6571838 0.7138947 -0.2417932
vn -0.4144156 0.8993842 0.1391678
vn -0.1774037 0.7234164 0.6672307
vn 0.2865905 0.5333752 0.7958497
vn 0.6737931 0.2004165 0.7112215
vn 0.8804533 -0.1862436 0.4360221
vn 0.8511968 -0.5229999 0.04399095
vn 0.5938627 -0.7196189 -0.3598276
vn 0.1774034 -0.7234165 -0.6672306
vn -0.2865908 -0.5333754 -0.7958496
vn -0.6737933 -0.2004168 -0.7112213
vn -0.8804535 0.1862433 -0.4360219
vn -0.8511969 0.5229996 -0.04399066
vn -0.5938627 0.7196187 0.3598279
vn -0.3131939 0.4619699 0.8297551
vn 0.1245364 0.2826855 0.9510939
vn 0.4898219 -0.03142636 0.871256
vn 0.6847844 -0.3961999 0.6116339
vn 0.6571838 -0.7138947 0.2417931
vn 0.4144157 -0.8993842 -0.1391676
vn 0.02152968 -0.9029669 -0.4291705
vn -0.4162007 -0.7236828 -0.5505091
vn -0.781486 -0.409571 -0.4706711
vn -0.9764484 -0.04479731 -0.211049
vn -0.9488478 0.2728974 0.1587916
vn -0.7060799 0.4583869 0.5397525
vn -0.4146768 0.1433923 0.8986
vn -0.05421313 -0.004245088 0.9985204
vn 0.2465933 -0.2629111 0.9327752
vn 0.4071415 -0.563296 0.7189808
vn 0.384413 -0.8249121 0.4144232
vn 0.1844975 -0.9776597 0.1007085
vn -0.1390375 -0.98061 -0.138104
vn -0.499501 -0.8329725 -0.2380244
vn -0.8003073 -0.5743067 -0.1722791
vn -0.9608555 -0.2739219 0.04151528
vn -0.938127 -0.01230554 0.3460728
vn -0.7382115 0.140442 0.6597878
vn -0.468431 -0.1994983 0.8606817
vn -0.2303768 -0.2969998 0.9266703
vn -0.03172071 -0.4678256 0.8832514
vn 0.07430702 -0.6662031 0.7420593
vn 0.059297 -0.8389773 0.5409261
vn -0.07272938 -0.9398535 0.3337452
vn -0.2863955 -0.9418019 0.1760308
vn -0.5244497 -0.8443005 0.1100424
vn -0.7231055 -0.6734746 0.1534612
vn -0.8291333 -0.4750972 0.2946535
vn -0.8141231 -0.302323 0.4957868
vn -0.6820966 -0.2014468 0.7029676
vn -0.4644035 -0.5240991 0.7138975
vn -0.3810792 -0.5582265 0.7369952
vn -0.3115453 -0.618019 0.7217978
vn -0.274434 -0.6874552 0.6723774
vn -0.2796879 -0.7479298 0.6019766
vn -0.3258994 -0.7832384 0.5294594
vn -0.4006865 -0.7839203 0.4742564
vn -0.4840109 -0.7497929 0.4511587
vn -0.5535443 -0.6900004 0.4663564
vn -0.5906564 -0.6205642 0.5157762
vn -0.5854024 -0.5600897 0.5861771
vn -0.5391907 -0.524781 0.6586944
vn -0.2338916 0.8583212 0.456705
vn -0.1428841 0.877187 0.4583962
vn -0.0660797 0.9071972 0.4154837
vn -0.0240574 0.9403106 0.3394661
vn -0.02807667 0.9676543 0.2507126
vn -0.0770613 0.9819018 0.173004
vn -0.1578847 0.9792354 0.1271632
vn -0.2488923 0.9603695 0.1254718
vn -0.3256962 0.9303594 0.1683847
vn -0.3677189 0.8972461 0.2444021
vn -0.3636999 0.8699023 0.3331554
vn -0.3147152 0.8556548 0.410864
vn -0.2794948 0.6289471 0.7254711
vn -0.0194903 0.6828464 0.730302
vn 0.1999386 0.7685847 0.6077023
vn 0.3199962 0.8631886 0.3905226
vn 0.3085132 0.9413091 0.1369558
vn 0.168566 0.9820138 -0.08505522
vn -0.06234596 0.9743959 -0.2160223
vn -0.3223505 0.9204966 -0.2208533
vn -0.5417794 0.8347583 -0.09825361
vn -0.6618369 0.7401544 0.1189263
vn -0.6503537 0.662034 0.3724931
vn -0.5104067 0.6213292 0.5945041
vn -0.2897855 0.3265373 0.8996654
vn 0.1039153 0.408152 0.9069805
vn 0.4361765 0.5379779 0.721339
vn 0.6179687 0.6812279 0.3924835
vn 0.6005809 0.7995186 0.008530447
vn 0.3886721 0.8611539 -0.3276401
vn 0.03902293 0.8496188 -0.5259516
vn -0.3546779 0.7680041 -0.5332667
vn -0.6869389 0.6381784 -0.3476253
vn -0.8687311 0.4949282 -0.0187699
vn -0.8513434 0.3766374 0.3651831
vn -0.6394345 0.3150021 0.7013539
vn -0.2656885 -0.007837988 0.964027
vn 0.2124037 0.09127121 0.9729102
vn 0.6158864 0.2489257 0.7474757
vn 0.8366464 0.422882 0.3481287
vn 0.8155314 0.5665287 -0.118126
vn 0.5581992 0.641376 -0.5263561
vn 0.1336014 0.6273682 -0.7671766
vn -0.3444909 0.528259 -0.7760596
vn -0.7479734 0.3706045 -0.5506253
vn -0.9687334 0.1966483 -0.1512783
vn -0.9476184 0.05300159 0.3149765
vn -0.690286 -0.02184564 0.7232068
vn -0.2116238 -0.3366593 0.917538
vn 0.2951541 -0.2316037 0.9269541
vn 0.7228458 -0.06448998 0.6879935
vn 0.9568514 0.1199037 0.2646857
vn 0.9344695 0.2721692 -0.2295444
vn 0.6616973 0.3515073 -0.6622684
vn 0.2116236 0.3366591 -0.9175381
vn -0.2951542 0.2316034 -0.9269542
vn -0.7228457 0.06448966 -0.6879936
vn -0.9568513 -0.119904 -0.2646859
vn -0.9344694 -0.2721696 0.2295443
vn -0.6616971 -0.3515075 0.6622685
vn -0.1336017 -0.627368 0.7671767
vn 0.3444907 -0.528259 0.7760596
vn 0.7479733 -0.3706045 0.5506253
vn 0.9687334 -0.1966482 0.1512784
vn 0.9476184 -0.05300149 -0.3149765
vn 0.6902862 0.02184554 -0.7232067
vn 0.2656883 0.007837989 -0.9640272
vn -0.2124039 -0.09127128 -0.9729102
vn -0.6158864 -0.2489257 -0.7474758
vn -0.8366464 -0.422882 -0.3481288
vn -0.8155315 -0.5665286 0.1181261
vn -0.558199 -0.6413759 0.5263562
vn -0.03902318 -0.8496188 0.5259516
vn 0.3546778 -0.768004 0.5332668
vn 0.686939 -0.6381783 0.3476253
vn 0.8687311 -0.4949283 0.01876988
vn 0.8513433 -0.3766376 -0.3651831
vn 0.6394345 -0.3150024 -0.7013537
vn 0.2897854 -0.3265374 -0.8996654
vn -0.1039155 -0.4081521 -0.9069804
vn -0.4361765 -0.5379778 -0.721339
vn -0.6179686 -0.6812279 -0.3924836
vn -0.6005809 -0.7995185 -0.008530459
vn -0.388672 -0.8611538 0.3276403
vn 0.06234576 -0.9743959 0.2160222
vn 0.3223504 -0.9204967 0.2208532
vn 0.5417795 -0.8347583 0.09825356
vn 0.6618369 -0.7401544 -0.1189262
vn 0.6503539 -0.6620339 -0.372493
vn 0.5104069 -0.6213291 -0.594504
vn 0.2794948 -0.6289471 -0.7254711
vn 0.01949033 -0.6828464 -0.730302
vn -0.1999387 -0.7685847 -0.6077023
vn -0.3199961 -0.8631887 -0.3905225
vn -0.3085129 -0.9413092 -0.1369556
vn -0.1685658 -0.9820139 0.08505525
vn 0.1578845 -0.9792354 -0.1271634
vn 0.2488918 -0.9603695 -0.1254722
vn 0.3256966 -0.9303593 -0.1683845
vn 0.3677187 -0.8972461 -0.2444021
vn 0.3636993 -0.8699024 -0.3331557
vn 0.3147155 -0.8556548 -0.4108637
vn 0.2338919 -0.8583213 -0.4567047
vn 0.1428844 -0.8771871 -0.458396
vn 0.06608013 -0.9071974 -0.4154834
vn 0.02405722 -0.9403105 -0.3394663
vn 0.02807667 -0.9676543 -0.2507126
vn 0.07706074 -0.9819018 -0.1730045
vn -0.3345398 0.8391463 0.428855
vn -0.2456078 0.86409 0.4393465
vn -0.167181 0.899341 0.4040251
vn -0.1202729 0.935454 0.3323556
vn -0.1174524 0.9627525 0.2435419
vn -0.1594757 0.9739218 0.1613812
vn -0.2350818 0.9659692 0.1078891
vn -0.3240138 0.9410254 0.09739752
vn -0.4024402 0.9057745 0.1327193
vn -0.4493485 0.8696616 0.2043887
vn -0.4521694 0.842363 0.2932021
vn -0.4101459 0.8311937 0.3753629
vn -0.390583 0.6063535 0.6926618
vn -0.1365083 0.6776169 0.7226347
vn 0.08755588 0.7783283 0.6217226
vn 0.2215718 0.8815022 0.4169651
vn 0.2296301 0.9594932 0.1632266
vn 0.109571 0.9914038 -0.07150417
vn -0.1064349 0.9686833 -0.2243307
vn -0.3605097 0.8974199 -0.2543035
vn -0.5845739 0.7967085 -0.1533915
vn -0.7185897 0.6935347 0.0513662
vn -0.7266479 0.6155437 0.3051048
vn -0.606589 0.5836331 0.5398354
vn -0.3974272 0.3033744 0.8660344
vn -0.01270527 0.4112821 0.9114196
vn 0.3265747 0.5637802 0.7586178
vn 0.5295027 0.720007 0.448572
vn 0.5417045 0.8381016 0.06435895
vn 0.3599104 0.8864207 -0.2910719
vn 0.03283203 0.8520173 -0.5224832
vn -0.3518899 0.7441096 -0.5678683
vn -0.6911697 0.5916116 -0.4150665
vn -0.8940977 0.4353848 -0.1050209
vn -0.9062995 0.31729 0.2791922
vn -0.7245053 0.2689709 0.6346233
vn -0.3572672 -0.028827 0.9335573
vn 0.1099214 0.1022111 0.9886709
vn 0.5219274 0.2873978 0.8031154
vn 0.7683538 0.4771124 0.4266102
vn 0.7831709 0.6205211 -0.03996046
vn 0.5624086 0.6791977 -0.4715793
vn 0.1652198 0.6374198 -0.7525946
vn -0.3019688 0.5063816 -0.8077081
vn -0.7139747 0.321195 -0.6221527
vn -0.9604011 0.1314804 -0.2456475
vn -0.9752183 -0.01192828 0.2209231
vn -0.7544559 -0.07060491 0.6525422
vn -0.2769183 -0.3531108 0.8936605
vn 0.2183018 -0.2142105 0.952081
vn 0.6550282 -0.01791266 0.7553921
vn 0.9162402 0.1831848 0.3562966
vn 0.9319465 0.335198 -0.1382684
vn 0.6979383 0.3973953 -0.5957845
vn 0.2769181 0.3531106 -0.8936606
vn -0.2183018 0.2142102 -0.952081
vn -0.6550281 0.01791236 -0.7553923
vn -0.9162401 -0.1831851 -0.3562968
vn -0.9319463 -0.3351985 0.1382682
vn -0.6979382 -0.3973955 0.5957845
vn -0.1652201 -0.6374195 0.7525946
vn 0.3019688 -0.5063817 0.8077082
vn 0.7139747 -0.321195 0.6221527
vn 0.9604011 -0.1314803 0.2456476
vn 0.9752183 0.01192838 -0.2209231
vn 0.754456 0.07060481 -0.6525421
vn 0.3572671 0.02882699 -0.9335573
vn -0.1099215 -0.1022112 -0.9886709
vn -0.5219274 -0.2873978 -0.8031154
vn -0.7683538 -0.4771124 -0.4266102
vn -0.783171 -0.620521 0.03996046
vn -0.5624086 -0.6791977 0.4715794
vn -0.03283228 -0.8520173 0.5224831
vn 0.3518898 -0.7441097 0.5678684
vn 0.6911698 -0.5916116 0.4150665
vn 0.8940977 -0.4353849 0.1050209
vn 0.9062995 -0.3172902 -0.2791922
vn 0.7245054 -0.2689712 -0.6346231
vn 0.3974271 -0.3033745 -0.8660344
vn 0.01270507 -0.4112821 -0.9114196
vn -0.3265748 -0.5637802 -0.7586178
vn -0.5295027 -0.720007 -0.4485721
vn -0.5417045 -0.8381016 -0.06435897
vn -0.3599104 -0.8864207 0.2910721
vn 0.1064348 -0.9686834 0.2243305
vn 0.3605096 -0.89742 0.2543034
vn 0.5845739 -0.7967085 0.1533915
vn 0.7185897 -0.6935347 -0.0513661
vn 0.726648 -0.6155436 -0.3051046
vn 0.6065891 -0.5836331 -0.5398353
vn 0.390583 -0.6063535 -0.6926619
vn 0.1365083 -0.677617 -0.7226347
vn -0.08755594 -0.7783283 -0.6217226
vn -0.2215717 -0.8815022 -0.416965
vn -0.2296298 -0.9594933 -0.1632264
vn -0.1095708 -0.9914038 0.07150422
vn 0.2350816 -0.9659693 -0.1078894
vn 0.3240134 -0.9410255 -0.09739789
vn 0.4024406 -0.9057744 -0.1327191
vn 0.4493484 -0.8696616 -0.2043887
vn 0.4521689 -0.8423632 -0.2932024
vn 0.4101462 -0.8311937 -0.3753626
vn 0.33454 -0.8391464 -0.4288548
vn 0.2456081 -0.86409 -0.4393463
vn 0.1671814 -0.8993411 -0.4040248
vn 0.1202728 -0.935454 -0.3323558
vn 0.1174524 -0.9627525 -0.2435419
vn 0.1594752 -0.9739218 -0.1613816
vn 0.03367988 0.9398736 0.3398577
vn 0.1150239 0.9483402 0.2956692
vn 0.1629774 0.9624056 0.2172879
vn 0.1646921 0.9783006 0.1257158
vn 0.119709 0.9917663 0.04548969
vn 0.04008038 0.9991947 -0.001893909
vn -0.05285589 0.9985952 -0.00373857
vn -0.1342 0.9901284 0.0404499
vn -0.1821529 0.9760633 0.1188313
vn -0.183868 0.9601682 0.2104034
vn -0.1388853 0.9467024 0.2906294
vn -0.05925658 0.9392741 0.338013
vn 0.11525 0.7618135 0.6374619
vn 0.3476458 0.7860026 0.5112165
vn 0.4846485 0.8261867 0.2872829
vn 0.4895484 0.8715984 0.02566377
vn 0.3610328 0.9100696 -0.2035402
vn 0.1335366 0.9312923 -0.338914
vn -0.1319818 0.9295795 -0.3441843
vn -0.3643776 0.9053904 -0.2179389
vn -0.5013803 0.8652063 0.005994778
vn -0.5062801 0.8197947 0.2676139
vn -0.3777643 0.7813234 0.4968179
vn -0.1502683 0.7601008 0.6321917
vn 0.1810432 0.4933569 0.8507775
vn 0.5329388 0.5299844 0.6596158
vn 0.7403895 0.5908315 0.3205334
vn 0.747809 0.6595942 -0.07561249
vn 0.5532093 0.7178478 -0.422675
vn 0.2087332 0.7499831 -0.627659
vn -0.1933173 0.7473896 -0.6356392
vn -0.5452128 0.7107622 -0.4444774
vn -0.7526634 0.6499152 -0.1053953
vn -0.760083 0.5811523 0.2907506
vn -0.5654833 0.5228986 0.6378132
vn -0.221007 0.4907633 0.8427973
vn 0.2240705 0.1725335 0.9591792
vn 0.6513962 0.2170122 0.7270411
vn 0.9033148 0.2909021 0.3152752
vn 0.9123247 0.3744044 -0.1657862
vn 0.6760117 0.4451449 -0.5872428
vn 0.2576959 0.4841686 -0.836166
vn -0.2305358 0.4810192 -0.8458568
vn -0.6578615 0.4365405 -0.6137187
vn -0.90978 0.3626506 -0.201953
vn -0.9187899 0.2791483 0.2791083
vn -0.682477 0.2084079 0.700565
vn -0.2641609 0.1693841 0.9494883
vn 0.2409412 -0.1634975 0.9566692
vn 0.6939065 -0.1163502 0.7106028
vn 0.9609403 -0.03802691 0.2741309
vn 0.9704908 0.05048557 -0.2357941
vn 0.7199991 0.1254704 -0.6825383
vn 0.2765841 0.1668356 -0.9463969
vn -0.2409414 0.1634972 -0.9566692
vn -0.6939067 0.1163498 -0.7106028
vn -0.9609403 0.03802656 -0.274131
vn -0.9704908 -0.05048591 0.2357939
vn -0.7199991 -0.1254709 0.6825382
vn -0.276584 -0.1668359 0.9463969
vn 0.2305356 -0.4810189 0.8458571
vn 0.6578614 -0.4365405 0.6137189
vn 0.90978 -0.3626506 0.201953
vn 0.9187899 -0.2791482 -0.2791083
vn 0.682477 -0.2084078 -0.700565
vn 0.2641611 -0.1693842 -0.9494883
vn -0.2240706 -0.1725335 -0.9591792
vn -0.6513963 -0.2170122 -0.727041
vn -0.9033148 -0.2909021 -0.3152753
vn -0.9123247 -0.3744044 0.1657861
vn -0.6760118 -0.4451448 0.5872428
vn -0.2576958 -0.4841686 0.8361661
vn 0.1933171 -0.7473896 0.6356393
vn 0.5452127 -0.7107621 0.4444776
vn 0.7526634 -0.6499152 0.1053952
vn 0.7600829 -0.5811524 -0.2907505
vn 0.5654833 -0.5228988 -0.6378131
vn 0.2210071 -0.4907636 -0.8427971
vn -0.1810434 -0.493357 -0.8507774
vn -0.5329389 -0.5299844 -0.6596156
vn -0.7403895 -0.5908315 -0.3205334
vn -0.747809 -0.6595942 0.07561237
vn -0.5532094 -0.7178477 0.422675
vn -0.2087331 -0.7499831 0.6276591
vn 0.1319816 -0.9295795 0.3441843
vn 0.3643774 -0.9053904 0.2179389
vn 0.5013803 -0.8652062 -0.005994856
vn 0.5062802 -0.8197947 -0.2676139
vn 0.3777645 -0.7813233 -0.4968178
vn 0.1502686 -0.7601007 -0.6321917
vn -0.1152501 -0.7618135 -0.637462
vn -0.3476457 -0.7860026 -0.5112165
vn -0.4846485 -0.8261867 -0.2872828
vn -0.4895483 -0.8715984 -0.02566376
vn -0.3610325 -0.9100698 0.2035402
vn -0.1335364 -0.9312923 0.3389139
vn 0.05285559 -0.9985952 0.003738476
vn 0.1341994 -0.9901285 -0.04044994
vn 0.1821534 -0.9760631 -0.1188313
vn 0.1838679 -0.9601682 -0.2104033
vn 0.1388847 -0.9467025 -0.2906294
vn 0.05925699 -0.9392741 -0.3380129
vn -0.03367956 -0.9398737 -0.3398576
vn -0.1150235 -0.9483404 -0.2956692
vn -0.1629769 -0.9624056 -0.2172878
vn -0.1646923 -0.9783006 -0.1257159
vn -0.119709 -0.9917663 -0.04548975
vn -0.04008108 -0.9991946 0.001893788
vn -0.6287071 0.5370353 0.5624237
vn -0.5546954 0.5638672 0.6118552
vn -0.4801726 0.6184951 0.6220114
vn -0.4251063 0.6862813 0.5901718
vn -0.4042514 0.7490626 0.5248677
vn -0.4231964 0.7900169 0.4435969
vn -0.4768642 0.7981703 0.368137
vn -0.5508758 0.7713383 0.3187053
vn -0.6253985 0.7167105 0.3085496
vn -0.6804649 0.6489244 0.3403891
vn -0.7013201 0.5861431 0.4056928
vn -0.682375 0.5451888 0.4869636
vn -0.6992334 0.2094825 0.6835127
vn -0.4877851 0.2861408 0.8247358
vn -0.2748747 0.4422112 0.8537525
vn -0.1175511 0.6358745 0.7627879
vn -0.0579691 0.8152391 0.576216
vn -0.1120939 0.9322444 0.344028
vn -0.2654225 0.9555387 0.1284393
vn -0.4768708 0.8788804 -0.01278369
vn -0.6897813 0.7228101 -0.04180036
vn -0.8471048 0.5291467 0.04916442
vn -0.9066867 0.3497821 0.2357364
vn -0.852562 0.2327768 0.4679242
vn -0.682259 -0.1375329 0.7180582
vn -0.3620823 -0.02145631 0.9318992
vn -0.03969133 0.2148667 0.9758365
vn 0.1985293 0.5081136 0.8380971
vn 0.2887487 0.779709 0.5555881
vn 0.2067926 0.9568791 0.2040077
vn -0.02537901 0.9921516 -0.1224387
vn -0.3455557 0.876075 -0.3362797
vn -0.6679465 0.6397521 -0.3802169
vn -0.906167 0.3465052 -0.2424777
vn -0.9963865 0.07490964 0.04003124
vn -0.9144304 -0.1022606 0.3916119
vn -0.5852135 -0.4608369 0.6671991
vn -0.1964058 -0.3198788 0.9268777
vn 0.195091 -0.03289899 0.9802333
vn 0.4843752 0.3232064 0.8129689
vn 0.5939334 0.6530194 0.469903
vn 0.4944097 0.8681668 0.04295992
vn 0.2124712 0.911 -0.3534616
vn -0.1763366 0.7700419 -0.6131402
vn -0.5678331 0.4830621 -0.6664957
vn -0.8571173 0.1269568 -0.4992313
vn -0.9666756 -0.2028562 -0.1561655
vn -0.8671519 -0.4180036 0.2707778
vn -0.422773 -0.7270736 0.5409501
vn -0.01063665 -0.5776582 0.8162095
vn 0.40435 -0.2734596 0.8727663
vn 0.7109912 0.1040122 0.6954661
vn 0.827123 0.4536139 0.3318162
vn 0.7216278 0.6816702 -0.1207436
vn 0.422773 0.7270734 -0.5409503
vn 0.01063672 0.5776579 -0.8162097
vn -0.4043497 0.2734593 -0.8727665
vn -0.7109909 -0.1040124 -0.6954663
vn -0.8271227 -0.4536143 -0.3318165
vn -0.7216277 -0.6816705 0.1207436
vn -0.2124716 -0.9109998 0.3534616
vn 0.1763365 -0.7700419 0.6131402
vn 0.5678331 -0.4830621 0.6664957
vn 0.8571173 -0.1269567 0.4992314
vn 0.9666756 0.2028563 0.1561655
vn 0.867152 0.4180036 -0.2707777
vn 0.5852134 0.4608369 -0.6671991
vn 0.1964056 0.3198787 -0.9268778
vn -0.1950909 0.03289906 -0.9802333
vn -0.4843751 -0.3232064 -0.8129689
vn -0.5939335 -0.6530193 -0.469903
vn -0.4944097 -0.8681668 -0.04295982
vn 0.02537878 -0.9921516 0.1224385
vn 0.3455555 -0.876075 0.3362797
vn 0.6679465 -0.639752 0.380217
vn 0.906167 -0.3465053 0.2424776
vn 0.9963865 -0.07490984 -0.04003133
vn 0.9144304 0.1022603 -0.3916119
vn 0.6822588 0.1375328 -0.7180582
vn 0.3620821 0.02145623 -0.9318992
vn 0.0396913 -0.2148667 -0.9758365
vn -0.1985292 -0.5081136 -0.8380972
vn -0.2887488 -0.7797089 -0.5555882
vn -0.2067926 -0.9568792 -0.2040075
vn 0.2654224 -0.9555387 -0.1284395
vn 0.4768707 -0.8788805 0.01278352
vn 0.6897814 -0.7228101 0.04180036
vn 0.8471048 -0.5291468 -0.04916432
vn 0.9066868 -0.3497821 -0.2357362
vn 0.8525621 -0.2327768 -0.467924
vn 0.6992334 -0.2094825 -0.6835129
vn 0.4877851 -0.2861408 -0.8247358
vn 0.2748746 -0.4422112 -0.8537525
vn 0.1175512 -0.6358746 -0.7627878
vn 0.05796931 -0.8152393 -0.5762157
vn 0.1120941 -0.9322445 -0.3440279
vn 0.476864 -0.7981702 -0.3681373
vn 0.5508755 -0.7713383 -0.3187059
vn 0.6253987 -0.7167104 -0.3085493
vn 0.6804649 -0.6489244 -0.3403892
vn 0.7013197 -0.5861431 -0.4056932
vn 0.6823752 -0.5451888 -0.4869632
vn 0.6287073 -0.5370355 -0.5624234
vn 0.5546957 -0.5638673 -0.6118549
vn 0.4801728 -0.6184952 -0.6220111
vn 0.4251062 -0.6862812 -0.5901719
vn 0.4042514 -0.7490625 -0.5248677
vn 0.423196 -0.7900167 -0.4435975
vt 0.07851695 0.02391416
vt 0.07649931 0.02808725
vt 0.07604916 0.02786961
vt 0.07806681 0.02369652
vt 0.09499945 -0.006324331
vt 0.09283867 -0.002223522
vt 0.09239632 -0.002456603
vt 0.0945571 -0.006557412
vt 0.1061075 0.008462509
vt 0.1028339 0.01174414
vt 0.1024799 0.01139102
vt 0.1057535 0.00810939
vt 0.03874639 0.09481336
vt 0.034278 0.09358086
vt 0.03441095 0.09309886
vt 0.03887934 0.09433136
vt -0.0479013 0.07336443
vt -0.05053442 0.06954969
vt -0.05012294 0.06926566
vt -0.0474898 0.0730804
vt -0.07649931 0.02808725
vt -0.07851696 0.02391416
vt -0.07806681 0.02369652
vt -0.07604916 0.02786961
vt -0.0928387 -0.002223494
vt -0.09499948 -0.006324296
vt -0.09455713 -0.006557377
vt -0.09239636 -0.002456574
vt -0.1028339 0.01174411
vt -0.1061075 0.008462476
vt -0.1057535 0.008109355
vt -0.1024799 0.01139099
vt -0.034278 0.09358086
vt -0.03874639 0.09481335
vt -0.03887934 0.09433135
vt -0.03441095 0.09309886
vt 0.05053443 0.06954969
vt 0.0479013 0.07336444
vt 0.04748981 0.07308041
vt 0.05012294 0.06926566
vt -0.03283129 0.09935579
vt -0.02843384 0.09789018
vt -0.02328605 0.133552
vt 0.07030884 -0.02584712
vt 0.07115073 -0.02128896
vt 0.06915261 -0.01710648
vt 0.06507769 -0.01489725
vt 0.06048247 -0.01550512
vt 0.05712215 -0.0186979
vt 0.05628027 -0.02325607
vt 0.05827838 -0.02743854
vt 0.0623533 -0.02964777
vt 0.06694852 -0.0290399
vt -0.1061947 0.003631867
vt -0.1030683 0.007053995
vt -0.1335863 0.0266208
vt -0.09420349 -0.007436597
vt -0.09207416 -0.003319372
vt -0.1264271 0.00861321
vt -0.07759202 0.02367597
vt -0.07556458 0.02784432
vt -0.1097471 0.04014904
vt -0.0473819 0.06963752
vt -0.04465945 0.07338903
vt -0.07545401 0.09233422
vt 0.03761425 0.09075077
vt 0.04211915 0.09184229
vt 0.03151701 0.1261521
vt 0.1023836 0.02150764
vt 0.1059237 0.01851548
vt 0.1269983 0.04731818
vt 0.09837044 0.005046231
vt 0.1007077 0.001043403
vt 0.1295413 0.02188427
vt 0.08540763 0.0300335
vt 0.08732625 0.02581397
vt 0.1174979 0.04473779
vt 0.0510101 0.07338818
vt 0.05356271 0.0695191
vt 0.07659827 0.09816082
vt -0.1040558 0.08862878
vt -0.1066349 0.08302423
vt -0.1020081 0.08138542
vt 0.08191408 0.09771915
vt 0.07828508 0.1027085
vt 0.05238045 0.07801484
vt 0.08836398 0.0294989
vt 0.1198281 0.04655273
vt 0.1172903 0.0521761
vt -0.05796166 0.1207765
vt -0.06413002 0.1206558
vt -0.05876847 0.08502541
vt -0.1310365 0.02268129
vt -0.1346314 0.01766734
vt -0.1027445 0.0004210265
vt -0.1222859 0.01726144
vt -0.1249366 0.01169037
vt -0.09042372 0.0002287476
vt -0.1042055 0.0529751
vt -0.1070338 0.04749206
vt -0.07295447 0.0349042
vt -0.06269379 0.1058588
vt -0.06681049 0.1012636
vt -0.0371188 0.08063283
vt 0.06355733 0.1181837
vt 0.05738852 0.1182773
vt 0.06135043 0.08258595
vt 0.1336634 0.0322249
vt 0.1295884 0.03685714
vt 0.1060473 0.01003272
vt 0.129776 0.01819639
vt 0.1269566 0.023684
vt 0.09772719 0.003402055
vt 0.06681643 0.1219089
vt 0.0606521 0.122162
vt 0.06076393 0.1174248
vt 0.06630225 0.1170275
vt 0.1314414 -0.01116181
vt 0.1289123 -0.005534524
vt 0.1248435 -0.007569804
vt 0.1269605 -0.01270296
vt 0.1171355 0.001863099
vt 0.1147736 0.007562623
vt 0.1107512 0.005749836
vt 0.0980447 0.04615936
vt 0.0950687 0.05156365
vt 0.09131514 0.04930772
vt 0.05569282 0.1014705
vt 0.05127091 0.1057728
vt 0.04835715 0.1023889
vt -0.05698066 0.1142177
vt -0.06314973 0.1141427
vt -0.06204267 0.1095591
vt -0.1259355 0.05088118
vt -0.1304653 0.0466926
vt -0.1270812 0.04316702
vt -0.1309442 0.02924151
vt -0.1338951 0.02382348
vt -0.1292826 0.02198363
vt -0.1234482 0.05006439
vt -0.1257964 0.04435923
vt -0.1188801 0.0481168
vt -0.05729418 -0.03123139
vt -0.0517423 -0.03114327
vt -0.04730255 -0.02780867
vt -0.04567073 -0.02250129
vt -0.04747017 -0.01724838
vt -0.05201353 -0.01405637
vt -0.05692108 -0.01436309
vt -0.06215975 -0.01801231
vt -0.06363697 -0.02278647
vt -0.1272009 0.04487006
vt -0.1224512 0.04286759
vt -0.1203219 0.04869552
vt 0.1106776 0.005574487
vt 0.1126955 0.0004015394
vt 0.1170602 0.001684843
vt 0.09096827 0.04872624
vt 0.09363954 0.04385846
vt 0.0977004 0.0455834
vt 0.04807065 0.1015
vt 0.05211992 0.09770067
vt 0.05540781 0.1005935
vt -0.0690581 0.1074752
vt -0.06416167 0.1079284
vt -0.0642475 0.1123931
vt -0.1235204 0.05076719
vt -0.1186908 0.0549432
vt -0.121902 0.0583962
vt -0.1297574 0.02226415
vt -0.1274226 0.02668269
vt -0.1313963 0.02952718
vt -0.09361891 0.08931801
vt -0.09107614 0.09348434
vt -0.09510725 0.09669662
vt -0.05513022 -0.01846474
vt -0.05271549 -0.02418031
vt -0.04855181 -0.02672744
vt 0.004051817 0.006044758
vt 0.003546358 0.005918683
vt 0.00367418 0.005685905
vt 0.006543963 -0.003871632
vt 0.006041564 -0.00373387
vt 0.006038935 -0.003999421
vt 0.00376058 -0.01374229
vt 0.003393597 -0.01337255
vt 0.003259023 -0.01360149
vt -0.003882208 -0.02079739
vt -0.004008259 -0.02029193
vt -0.004241042 -0.02041974
vt -0.01438165 -0.0227455
vt -0.01422519 -0.0222486
vt -0.01449046 -0.02223604
vt -0.02446244 -0.01898172
vt -0.02406998 -0.01863916
vt -0.02428983 -0.0184902
vt -0.03113761 -0.01099014
vt -0.03062538 -0.01089527
vt -0.0307387 -0.0106551
vt -0.03292682 -0.001231743
vt -0.03243503 -0.001403567
vt -0.03241424 -0.001138818
vt -0.02971775 0.007924957
vt -0.02937295 0.007534447
vt -0.02922525 0.007755151
vt -0.02234699 0.01439369
vt -0.0222374 0.0138844
vt -0.02200059 0.01400459
vt -0.01257481 0.01648166
vt -0.01272968 0.01598427
vt -0.01246438 0.01597255
vt -0.002924702 0.01346284
vt -0.003303936 0.01310568
vt -0.003078602 0.01296515
vt 0.03704632 0.024269
vt 0.03691731 0.02450112
vt 0.03641684 0.02435655
vt 0.0366593 0.0239203
vt 0.0444322 -0.001303463
vt 0.04441644 -0.001038367
vt 0.04390271 -0.0009519515
vt 0.04393234 -0.001450167
vt 0.03955013 -0.02806566
vt 0.03965547 -0.02782189
vt 0.03923576 -0.02751331
vt 0.03903777 -0.02797146
vt 0.01897342 -0.05111117
vt 0.01919162 -0.0509598
vt 0.01899816 -0.0504761
vt 0.01858809 -0.0507606
vt -0.01687893 -0.05805601
vt -0.01661382 -0.05807168
vt -0.01646729 -0.05757177
vt -0.01696552 -0.05754231
vt -0.04927836 -0.04231203
vt -0.04907711 -0.0424853
vt -0.04865738 -0.04217674
vt -0.04903561 -0.04185111
vt -0.06482123 -0.01804664
vt -0.06473687 -0.01829845
vt -0.06421838 -0.01824788
vt -0.06437694 -0.01777464
vt -0.06697054 0.005444359
vt -0.0670065 0.00518124
vt -0.06651929 0.004996807
vt -0.06645171 0.005491307
vt -0.05867093 0.02721847
vt -0.05881792 0.0269973
vt -0.05845975 0.02661903
vt -0.05818347 0.02703469
vt -0.03935642 0.04534775
vt -0.03959052 0.04522236
vt -0.03945372 0.0447197
vt -0.03901377 0.04495537
vt -0.01068119 0.0529762
vt -0.01094647 0.05298867
vt -0.01108694 0.05248703
vt -0.01058839 0.05246359
vt 0.01792697 0.04462645
vt 0.01770487 0.04477204
vt 0.01732888 0.04441146
vt 0.01774629 0.04413784
vt 0.06652524 0.03631152
vt 0.06630422 0.03675902
vt 0.06580527 0.03660925
vt 0.06610303 0.03600634
vt 0.07574638 0.00501883
vt 0.07568683 0.00551436
vt 0.07516646 0.005539107
vt 0.07524671 0.004871481
vt 0.07394902 -0.02717885
vt 0.07405915 -0.02669206
vt 0.07357726 -0.02649417
vt 0.07342888 -0.02715003
vt 0.05217095 -0.06480206
vt 0.05250305 -0.06442948
vt 0.05217724 -0.06402299
vt 0.05172982 -0.06452496
vt -0.02153423 -0.08493385
vt -0.02103729 -0.08498029
vt -0.02090322 -0.08447689
vt -0.02157273 -0.08441433
vt -0.07944192 -0.04431718
vt -0.07915298 -0.04472413
vt -0.07868396 -0.04449742
vt -0.07907324 -0.04394913
vt -0.09202673 -0.01104494
vt -0.09194808 -0.0115378
vt -0.09142715 -0.01154242
vt -0.09153314 -0.01087839
vt -0.09174587 0.01260933
vt -0.09183277 0.01211786
vt -0.09134202 0.01194308
vt -0.09122495 0.01260524
vt -0.08295219 0.03677765
vt -0.08320206 0.0363456
vt -0.08280078 0.03601341
vt -0.08246413 0.0365955
vt -0.05811586 0.06511599
vt -0.05853407 0.06484362
vt -0.05832636 0.06436587
vt -0.0577629 0.06473283
vt -0.00830172 0.08239115
vt -0.008799988 0.08241994
vt -0.008916141 0.0819121
vt -0.008244828 0.08187331
vt 0.04107778 0.06686164
vt 0.04068671 0.06717175
vt 0.04029963 0.0668231
vt 0.04082652 0.0664053
vt 0.09040593 0.03712568
vt 0.09016977 0.03775528
vt 0.08966773 0.03761623
vt 0.08993627 0.03690027
vt 0.09709217 0.01186205
vt 0.09698243 0.01252547
vt 0.09646296 0.01248628
vt 0.09658775 0.01173187
vt 0.09896726 -0.01009166
vt 0.098966 -0.009419227
vt 0.09844701 -0.009374093
vt 0.09844845 -0.01013875
vt 0.09474296 -0.03766385
vt 0.09490484 -0.03701119
vt 0.0944123 -0.03684152
vt 0.09422822 -0.0375837
vt -0.04250672 -0.09523501
vt -0.04186213 -0.09542648
vt -0.04167015 -0.0949422
vt -0.04240315 -0.09472445
vt -0.1054851 -0.009354162
vt -0.1053631 -0.01001543
vt -0.1048445 -0.009966624
vt -0.1049832 -0.009214657
vt -0.1064183 0.006969462
vt -0.106439 0.006297351
vt -0.1059218 0.006235256
vt -0.1058982 0.006999554
vt -0.1052324 0.01701012
vt -0.1053613 0.01635015
vt -0.1048608 0.01620545
vt -0.1047143 0.01695594
vt -0.1006677 0.03241292
vt -0.100931 0.03179421
vt -0.1004717 0.03154855
vt -0.1001721 0.03225212
vt -0.08129162 0.06497773
vt -0.08177413 0.06450939
vt -0.08144582 0.06410493
vt -0.08089712 0.0646375
vt -0.004080355 0.101618
vt -0.004750211 0.1016768
vt -0.004841537 0.1011639
vt -0.004079806 0.101097
vt 0.06914996 0.07122447
vt 0.06871336 0.07173588
vt 0.06828878 0.07143404
vt 0.06878527 0.07085248
vt 0.1051693 0.0256599
vt 0.1050085 0.02640746
vt 0.1044992 0.02629789
vt 0.10466 0.02555034
vt 0.1070758 0.01620309
vt 0.1069322 0.01695415
vt 0.1064205 0.01685634
vt 0.1065641 0.01610528
vt 0.1078195 0.0138471
vt 0.1076506 0.01459285
vt 0.1071425 0.01447772
vt 0.1073115 0.01373197
vt 0.1052463 0.02870075
vt 0.1049534 0.02940712
vt 0.1044722 0.0292076
vt 0.1047651 0.02850124
vt -0.0114664 0.1084696
vt -0.01221075 0.1082946
vt -0.01209148 0.1077875
vt -0.01134713 0.1079625
vt -0.09864961 0.04558764
vt -0.09890523 0.04486697
vt -0.09841426 0.04469283
vt -0.09815864 0.0454135
vt -0.1050085 0.02640747
vt -0.1051693 0.02565991
vt -0.10466 0.02555034
vt -0.1044992 0.0262979
vt -0.1069322 0.01695414
vt -0.1070758 0.01620308
vt -0.1065641 0.01610527
vt -0.1064205 0.01685634
vt -0.1076506 0.01459284
vt -0.1078195 0.01384708
vt -0.1073115 0.01373195
vt -0.1071425 0.0144777
vt -0.1049534 0.02940705
vt -0.1052463 0.02870069
vt -0.1047651 0.02850117
vt -0.1044722 0.02920754
vt 0.01221082 0.1082946
vt 0.01146647 0.1084696
vt 0.0113472 0.1079625
vt 0.01209155 0.1077875
vt 0.09890525 0.04486694
vt 0.09864964 0.04558761
vt 0.09815866 0.04541347
vt 0.09841427 0.0446928
vt 0.1063766 0.006249302
vt 0.106353 0.007013599
vt 0.1058358 0.006951505
vt 0.1058565 0.006279393
vt 0.1053074 0.01629265
vt 0.1051609 0.01704314
vt 0.1046605 0.01689844
vt 0.1047893 0.01623848
vt 0.1008903 0.03172677
vt 0.1005908 0.03243034
vt 0.1001315 0.03218468
vt 0.1003948 0.03156596
vt 0.08176275 0.06443144
vt 0.08121406 0.06496402
vt 0.08088575 0.06455956
vt 0.08136826 0.06409122
vt 0.00480172 0.1016172
vt 0.004039989 0.1015503
vt 0.004131319 0.1010374
vt 0.004801172 0.1010963
vt -0.06863483 0.0717295
vt -0.06913133 0.07114796
vt -0.06870674 0.0708461
vt -0.06827013 0.07135751
vt -0.0900938 0.03777602
vt -0.09036233 0.03706006
vt -0.08986029 0.03692101
vt -0.08962414 0.03755061
vt -0.0969119 0.01256053
vt -0.0970367 0.01180612
vt -0.09651723 0.01176694
vt -0.09640749 0.01243035
vt -0.09890206 -0.009373234
vt -0.09890349 -0.01013789
vt -0.09838451 -0.01009276
vt -0.09838325 -0.009420321
vt -0.09485395 -0.03695106
vt -0.09466988 -0.03769324
vt -0.09417734 -0.03752356
vt -0.09433921 -0.03687091
vt 0.04179974 -0.09537841
vt 0.04253274 -0.09516066
vt 0.04234076 -0.09467638
vt 0.04169617 -0.09486787
vt 0.1052919 -0.01004918
vt 0.1054307 -0.009297213
vt 0.1049121 -0.009248405
vt 0.10479 -0.009909674
vt 0.09183683 -0.01160782
vt 0.09194281 -0.01094379
vt 0.09142189 -0.01094841
vt 0.09134322 -0.01144127
vt 0.09175055 0.0120153
vt 0.09163347 0.01267746
vt 0.09114272 0.01250268
vt 0.09122962 0.01201121
vt 0.0831599 0.0362211
vt 0.08282325 0.0368032
vt 0.08242197 0.03647101
vt 0.08267184 0.03603896
vt 0.05855276 0.0647135
vt 0.05798929 0.06508046
vt 0.05778158 0.06460272
vt 0.0581998 0.06433035
vt 0.008892225 0.08232626
vt 0.008220914 0.08228747
vt 0.008337065 0.08177964
vt 0.008835332 0.08180843
vt -0.04055736 0.06714815
vt -0.04108424 0.06673035
vt -0.04069717 0.06638171
vt -0.0403061 0.0666918
vt -0.06617723 0.03679295
vt -0.066475 0.03619004
vt -0.06597605 0.03604027
vt -0.06575504 0.03648777
vt -0.07557837 0.005588601
vt -0.0756586 0.004920975
vt -0.07513826 0.004945722
vt -0.07507869 0.005441251
vt -0.0739819 -0.02658571
vt -0.07383351 -0.02724157
vt -0.07335161 -0.02704369
vt -0.07346175 -0.02655689
vt -0.05248694 -0.064299
vt -0.05203952 -0.06480098
vt -0.05171372 -0.06439449
vt -0.05204581 -0.06402191
vt 0.0209418 -0.08488995
vt 0.02161132 -0.08482739
vt 0.02147724 -0.084324
vt 0.02098031 -0.08437043
vt 0.07902224 -0.04473756
vt 0.07941153 -0.04418927
vt 0.07894251 -0.04396256
vt 0.07865357 -0.04436951
vt 0.06461638 -0.01838125
vt 0.06477494 -0.01790801
vt 0.06425645 -0.01785744
vt 0.06417208 -0.01810925
vt 0.06693517 0.005053631
vt 0.0668676 0.00554813
vt 0.06638039 0.005363697
vt 0.06641635 0.005100579
vt 0.05880932 0.02685139
vt 0.05853305 0.02726704
vt 0.05817487 0.02688877
vt 0.05832187 0.0266676
vt 0.03965193 0.04508971
vt 0.03921198 0.04532538
vt 0.03907518 0.04482272
vt 0.03930927 0.04469732
vt 0.01106725 0.05290633
vt 0.0105687 0.05288289
vt 0.01070917 0.05238125
vt 0.01097445 0.05239372
vt -0.01755899 0.04476253
vt -0.0179764 0.04448891
vt -0.01760041 0.04412833
vt -0.01737832 0.04427392
vt -0.03678374 0.02456046
vt -0.0370262 0.02412422
vt -0.03652572 0.02397964
vt -0.0363967 0.02421176
vt -0.04432172 -0.0009270286
vt -0.04435136 -0.001425244
vt -0.04383763 -0.001338828
vt -0.04382186 -0.001073733
vt -0.03962108 -0.02767983
vt -0.03942309 -0.02813798
vt -0.03900338 -0.0278294
vt -0.03910872 -0.02758562
vt -0.01923742 -0.05082098
vt -0.01882735 -0.05110548
vt -0.01863389 -0.05062179
vt -0.01885209 -0.05047041
vt 0.01649211 -0.05799077
vt 0.01699034 -0.05796131
vt 0.01684381 -0.0574614
vt 0.0165787 -0.05747707
vt 0.04893126 -0.04249483
vt 0.04930949 -0.04216919
vt 0.04888976 -0.04186063
vt 0.04868851 -0.0420339
vt 0.03104927 -0.01109531
vt 0.03116259 -0.01085514
vt 0.03065036 -0.01076026
vt 0.03290229 -0.001366905
vt 0.03288149 -0.001102157
vt 0.0323897 -0.001273981
vt 0.02976252 0.007795183
vt 0.02961483 0.008015887
vt 0.02927003 0.007625376
vt 0.02244955 0.01430236
vt 0.02221274 0.01442256
vt 0.02210315 0.01391327
vt 0.01270897 0.01645249
vt 0.01244366 0.01644078
vt 0.01259854 0.01594339
vt 0.003055927 0.01350344
vt 0.002830595 0.0133629
vt 0.003209827 0.01300574
vt -0.003957193 0.006144317
vt -0.004085019 0.005911541
vt -0.00357956 0.005785466
vt -0.006510253 -0.003738484
vt -0.006507623 -0.004004035
vt -0.006005224 -0.003866273
vt -0.003797645 -0.01361005
vt -0.00366307 -0.01383899
vt -0.003296088 -0.01346925
vt 0.003782633 -0.02070282
vt 0.004015417 -0.02083063
vt 0.004141468 -0.02032517
vt 0.01424736 -0.02271681
vt 0.01451263 -0.02270425
vt 0.01435616 -0.02220736
vt 0.02433282 -0.01902727
vt 0.02455268 -0.01887832
vt 0.02416021 -0.01853576
vt -0.07248593 0.1440478
vt -0.07353658 0.1438723
vt -0.06570192 0.08406271
vt -0.06439337 0.08419378
vt 0.1337034 0.08094597
vt 0.1333566 0.08195313
vt 0.07594201 0.06351261
vt 0.07634937 0.0622622
vt 0.1490403 0.03007515
vt 0.14882 0.03111732
vt 0.0898276 0.01835577
vt 0.09015352 0.01708171
vt 0.1571146 0.00499811
vt 0.1568424 0.006027975
vt 0.09882769 -0.01095748
vt 0.09925959 -0.01219963
vt 0.07438497 0.1434686
vt 0.07333539 0.1436504
vt 0.06489797 0.08371322
vt 0.06620571 0.08357441
vt -0.1345766 0.08080406
vt -0.1349139 0.07979365
vt -0.07716115 0.06161762
vt -0.0767658 0.06287187
vt -0.1494352 0.03120004
vt -0.1496553 0.03015782
vt -0.09057493 0.01716693
vt -0.09024944 0.01844109
vt -0.1571828 0.007486906
vt -0.1574639 0.006459441
vt -0.09971054 -0.01121956
vt -0.09926805 -0.009981155
vt 0.05550383 -0.007974269
vt 0.05681845 -0.008009786
vt 0.05777314 -0.007105323
vt 0.05780865 -0.005790704
vt 0.05690419 -0.004836011
vt 0.05558958 -0.004800497
vt 0.05463488 -0.00570496
vt 0.05459936 -0.007019577
vt 0.1492987 0.0298009
vt 0.1490785 0.03084311
vt 0.08977554 0.01817415
vt 0.1343757 0.08013092
vt 0.1340338 0.0811398
vt 0.07623444 0.06288656
vt -0.06927092 0.1456485
vt -0.07032521 0.1454963
vt -0.06360991 0.08530799
vt -0.1571878 0.007503385
vt -0.1574702 0.006476272
vt -0.09954736 -0.01105234
vt -0.1495771 0.03090746
vt -0.1497971 0.0298652
vt -0.09065261 0.01710587
vt -0.1352185 0.07984775
vt -0.1355498 0.07883535
vt -0.07767957 0.06107913
vt 0.07140785 0.1449787
vt 0.07035472 0.1451388
vt 0.06305175 0.08499616
vt 0.1572615 0.005223281
vt 0.1569868 0.006252485
vt 0.09904493 -0.01154879
vt -0.05362427 -0.004258996
vt -0.05378802 -0.003411841
vt -0.05450283 -0.002928596
vt -0.05534999 -0.003092339
vt -0.05583323 -0.003807159
vt -0.05566949 -0.004654315
vt -0.05495467 -0.005137558
vt -0.05410752 -0.004973813
vt 0.08797435 0.02721658
vt 0.08816727 0.02637559
vt 0.147456 0.03905387
vt 0.155409 0.006893543
vt 0.09662703 -0.007958415
vt 0.09685826 -0.00878969
vt 0.07006858 0.07314336
vt 0.07037482 0.0723367
vt 0.1270047 0.09402528
vt -0.1007789 0.03320414
vt -0.1001236 0.0337655
vt -0.1402877 0.07916157
vt -0.09721545 -0.008249213
vt -0.09698036 -0.007419013
vt -0.1555171 0.0081107
vt -0.08846097 0.02636357
vt -0.08826875 0.02720472
vt -0.1473259 0.040417
vt -0.07097204 0.071991
vt -0.07067052 0.07279944
vt -0.127077 0.09468947
vt 0.1004468 0.03275698
vt 0.1010964 0.03218911
vt 0.1421162 0.0767045
vt -0.08784458 0.05616336
vt -0.08800868 0.05665778
vt -0.08823107 0.05651265
vt -0.06180601 0.08406615
vt -0.06152757 0.08450644
vt -0.06178079 0.08458649
vt -0.03777521 0.09668218
vt -0.03726823 0.09680195
vt -0.03739314 0.09703629
vt -0.0323621 0.09712146
vt -0.03187033 0.09694956
vt -0.0318495 0.0972143
vt -0.03876594 0.09284753
vt -0.0383998 0.09247695
vt -0.03826471 0.09270559
vt -0.05050477 0.08587302
vt -0.05031415 0.08538821
vt -0.05009993 0.08554516
vt -0.06381944 0.07712154
vt -0.06382413 0.07660062
vt -0.06356674 0.07666599
vt -0.07629303 0.06725617
vt -0.07648917 0.06677355
vt -0.07622577 0.06673957
vt -0.08636071 0.05679728
vt -0.08672196 0.05642195
vt -0.08649001 0.05629263
vt -0.09323506 0.04662373
vt -0.09371311 0.04641671
vt -0.09354895 0.04620796
vt -0.09675545 0.03901124
vt -0.09727623 0.03902463
vt -0.09721516 0.03876618
vt -0.09649641 0.03928231
vt -0.09694105 0.03955374
vt -0.09701708 0.03929929
vt -0.02954111 -0.09333605
vt -0.02973336 -0.09315284
vt -0.03016813 -0.09343981
vt -0.02980682 -0.09378414
vt 0.1023069 -0.01017235
vt 0.1020749 -0.01030168
vt 0.1022202 -0.01080197
vt 0.1026561 -0.01055892
vt 0.07605638 0.07150955
vt 0.07589228 0.07130075
vt 0.07621931 0.07089524
vt 0.07652771 0.07128766
vt 0.04235011 0.089485
vt 0.04216956 0.08929025
vt 0.04246249 0.08885945
vt 0.0428018 0.08922547
vt 0.009184709 0.08844969
vt 0.008972092 0.08829057
vt 0.00918278 0.08781414
vt 0.009582379 0.08811317
vt -0.02383247 0.07855942
vt -0.02407512 0.07845151
vt -0.02397552 0.07794018
vt -0.02351948 0.07814299
vt -0.05463376 0.06560643
vt -0.0548955 0.06556147
vt -0.05492464 0.06504135
vt -0.05443274 0.06512584
vt -0.07987951 0.05189727
vt -0.08014406 0.05192063
vt -0.08030505 0.0514252
vt -0.07980789 0.05138127
vt -0.09649225 0.03593525
vt -0.0967425 0.03602411
vt -0.09702242 0.03558476
vt -0.0965521 0.03541775
vt -0.1028466 0.01438496
vt -0.1030695 0.01452929
vt -0.1034435 0.01416658
vt -0.1030245 0.01389533
vt -0.09840647 -0.01493389
vt -0.09859673 -0.01474862
vt -0.09903458 -0.01503088
vt -0.098677 -0.01537908
vt -0.08084258 -0.05180169
vt -0.08100811 -0.05159402
vt -0.0814779 -0.05181915
vt -0.08116681 -0.05220944
vt 0.02190126 -0.07936939
vt 0.02142187 -0.07923051
vt 0.02119569 -0.07969979
vt 0.02184157 -0.0798869
vt 0.09099447 -0.03513076
vt 0.0905013 -0.03520741
vt 0.09049456 -0.03572831
vt 0.09115901 -0.03562504
vt 0.09995512 0.0312916
vt 0.0995095 0.03106683
vt 0.09966347 0.03056915
vt 0.1002638 0.030872
vt 0.07234824 0.0629696
vt 0.07192178 0.06271031
vt 0.07211459 0.06222636
vt 0.07268916 0.06257569
vt 0.03384936 0.06556194
vt 0.03340756 0.06532975
vt 0.03356983 0.06483472
vt 0.03416506 0.06514756
vt -0.008309709 0.05446938
vt -0.008780445 0.05430353
vt -0.008691488 0.05379023
vt -0.008057266 0.05401369
vt -0.04910592 0.04202891
vt -0.04959993 0.04195786
vt -0.04961259 0.04143707
vt -0.048947 0.04153279
vt -0.08177118 0.03330858
vt -0.0822689 0.03334566
vt -0.08239349 0.03283984
vt -0.08172293 0.03278987
vt -0.1000571 0.02416901
vt -0.1005367 0.02430715
vt -0.1007622 0.02383752
vt -0.100116 0.0236514
vt -0.1011344 0.006369702
vt -0.101585 0.006584468
vt -0.1018842 0.006158068
vt -0.1012773 0.005868714
vt -0.0842061 -0.02408737
vt -0.08463468 -0.02383161
vt -0.08497234 -0.02422831
vt -0.08439492 -0.02457289
vt -0.04567768 -0.06113101
vt -0.04611243 -0.06088587
vt -0.04644022 -0.06129076
vt -0.04585449 -0.06162103
vt 0.03438697 -0.05156521
vt 0.03372579 -0.05144266
vt 0.03358588 -0.05194448
vt 0.03433774 -0.05208383
vt 0.08743173 -0.02473532
vt 0.0867625 -0.02480083
vt 0.08676716 -0.02532176
vt 0.08752818 -0.02524726
vt 0.1031848 0.01791868
vt 0.1025486 0.01770078
vt 0.1026732 0.01719493
vt 0.1033966 0.01744273
vt 0.08537044 0.04081338
vt 0.08476059 0.04053013
vt 0.08493734 0.04004008
vt 0.08563085 0.04036218
vt 0.04921677 0.03824622
vt 0.04860309 0.03797133
vt 0.04877312 0.03747892
vt 0.04947098 0.03779151
vt 0.003351832 0.02319424
vt 0.002712252 0.02298663
vt 0.002828599 0.02247884
vt 0.003555903 0.02271493
vt -0.04461325 0.01211552
vt -0.04527936 0.01202351
vt -0.04525403 0.01150318
vt -0.04449657 0.01160781
vt -0.08322833 0.01281403
vt -0.08389902 0.0128623
vt -0.08398227 0.01234805
vt -0.08321957 0.01229316
vt -0.1017649 0.01727915
vt -0.1024141 0.01745442
vt -0.1025939 0.01696548
vt -0.1018556 0.01676617
vt -0.09723857 0.01097595
vt -0.09785896 0.01123535
vt -0.09810168 0.0107744
vt -0.09739619 0.01047943
vt -0.07171141 -0.01154694
vt -0.07231921 -0.01125928
vt -0.07258287 -0.01170858
vt -0.07189171 -0.01203569
vt -0.02646263 -0.04044618
vt -0.02708764 -0.04019814
vt -0.02732191 -0.04066343
vt -0.02661118 -0.0409455
vt 0.04071193 -0.0202376
vt 0.03995566 -0.02012467
vt 0.03987872 -0.0206399
vt 0.04063499 -0.02075283
vt 0.0854864 -0.007355849
vt 0.08472407 -0.007415506
vt 0.08476471 -0.00793486
vt 0.08552705 -0.007875202
vt 0.1033469 0.01488079
vt 0.1026115 0.01467129
vt 0.1027543 0.01417028
vt 0.1034897 0.01437978
vt 0.0927989 0.02336461
vt 0.09209268 0.02307142
vt 0.09229242 0.02259029
vt 0.09299865 0.02288349
vt 0.06116095 0.01129038
vt 0.06045955 0.01098583
vt 0.06066704 0.01050799
vt 0.06136843 0.01081254
vt 0.014322 -0.009951045
vt 0.01359736 -0.01019518
vt 0.01376368 -0.01068886
vt 0.01448832 -0.01044472
vt -0.03995567 -0.02012469
vt -0.04071195 -0.02023762
vt -0.040635 -0.02075285
vt -0.03987873 -0.02063992
vt -0.08472408 -0.00741552
vt -0.08548642 -0.007355864
vt -0.08552705 -0.007875217
vt -0.08476473 -0.007934875
vt -0.1026115 0.01467129
vt -0.1033469 0.01488079
vt -0.1034897 0.01437977
vt -0.1027543 0.01417028
vt -0.09209268 0.02307144
vt -0.0927989 0.02336463
vt -0.09299864 0.02288351
vt -0.09229242 0.02259031
vt -0.06045954 0.01098587
vt -0.06116094 0.01129042
vt -0.06136842 0.01081257
vt -0.06066702 0.01050803
vt -0.01359734 -0.01019516
vt -0.01432198 -0.009951028
vt -0.0144883 -0.01044471
vt -0.01376366 -0.01068884
vt 0.04531627 0.01195392
vt 0.0445588 0.01205855
vt 0.04453348 0.01153822
vt 0.0451996 0.01144621
vt 0.0839496 0.01280192
vt 0.08318691 0.01274703
vt 0.08327015 0.01223278
vt 0.08394085 0.01228104
vt 0.1024752 0.01740479
vt 0.101737 0.01720548
vt 0.1019168 0.01671654
vt 0.102566 0.01689181
vt 0.09792613 0.01119422
vt 0.09722065 0.01089925
vt 0.09746337 0.0104383
vt 0.09808376 0.0106977
vt 0.07238819 -0.01129727
vt 0.07169704 -0.01162438
vt 0.0719607 -0.01207368
vt 0.07256849 -0.01178602
vt 0.02715408 -0.04024049
vt 0.02644334 -0.04052255
vt 0.02667762 -0.04098784
vt 0.02730262 -0.0407398
vt -0.03366885 -0.05149705
vt -0.0344207 -0.0516364
vt -0.0342808 -0.0521382
vt -0.03361962 -0.05201566
vt -0.08672284 -0.02486886
vt -0.08748387 -0.02479436
vt -0.08748852 -0.02531528
vt -0.0868193 -0.0253808
vt -0.1025257 0.01762542
vt -0.1032491 0.01787321
vt -0.1033736 0.01736736
vt -0.1027375 0.01714946
vt -0.08474566 0.04045278
vt -0.08543917 0.04077489
vt -0.08561592 0.04028484
vt -0.08500606 0.04000159
vt -0.04858711 0.0378942
vt -0.04928496 0.03820679
vt -0.049455 0.03771438
vt -0.04884132 0.03743949
vt -0.002688096 0.02291165
vt -0.003415399 0.02314774
vt -0.003531747 0.02263995
vt -0.002892167 0.02243234
vt 0.04967162 0.0418477
vt 0.04900603 0.04194342
vt 0.04901869 0.04142263
vt 0.0495127 0.04135158
vt 0.08236266 0.03325354
vt 0.08169209 0.03320358
vt 0.08181669 0.03269776
vt 0.0823144 0.03273484
vt 0.1006473 0.02423617
vt 0.1000012 0.02405005
vt 0.1002266 0.02358042
vt 0.1007062 0.02371856
vt 0.1017057 0.006532551
vt 0.1010987 0.006243197
vt 0.101398 0.005816798
vt 0.1018485 0.006031564
vt 0.08475976 -0.02387206
vt 0.08418234 -0.02421665
vt 0.08452 -0.02461335
vt 0.08494858 -0.02435759
vt 0.0462365 -0.06092938
vt 0.04565077 -0.06125965
vt 0.04597856 -0.06166454
vt 0.04641331 -0.06141941
vt -0.02131116 -0.07930132
vt -0.02195704 -0.07948843
vt -0.02173085 -0.07995771
vt -0.02125147 -0.07981883
vt -0.09043086 -0.03531834
vt -0.09109531 -0.03521506
vt -0.09108856 -0.03573596
vt -0.09059539 -0.03581262
vt -0.09947663 0.03093955
vt -0.100077 0.0312424
vt -0.100231 0.03074473
vt -0.09978536 0.03051994
vt -0.07189907 0.06258084
vt -0.07247365 0.06293018
vt -0.07266645 0.06244623
vt -0.07224 0.06218695
vt -0.03337683 0.06520194
vt -0.03397206 0.06551478
vt -0.03413433 0.06501975
vt -0.03369253 0.06478755
vt 0.008829371 0.05418151
vt 0.008195151 0.05440496
vt 0.008106193 0.05389166
vt 0.00857693 0.05372582
vt 0.05499566 0.06545506
vt 0.05450378 0.06553955
vt 0.05453292 0.06501941
vt 0.05479465 0.06497446
vt 0.0802681 0.05184333
vt 0.07977094 0.05179941
vt 0.07993193 0.05130396
vt 0.08019647 0.05132734
vt 0.09688197 0.03598031
vt 0.09641165 0.0358133
vt 0.09669156 0.03537395
vt 0.09694181 0.03546282
vt 0.1032153 0.01451894
vt 0.1027964 0.01424769
vt 0.1031703 0.01388498
vt 0.1033932 0.01402931
vt 0.09874173 -0.01473015
vt 0.09838416 -0.01507835
vt 0.09882201 -0.01536061
vt 0.09901226 -0.01517534
vt 0.08114965 -0.05155749
vt 0.08083858 -0.05194778
vt 0.08130836 -0.05217291
vt 0.08147389 -0.05196524
vt 0.0298785 -0.09313595
vt 0.02951719 -0.09348027
vt 0.02995197 -0.09376725
vt 0.03014421 -0.09358405
vt -0.1020158 -0.01043534
vt -0.1024517 -0.01019229
vt -0.1025969 -0.01069258
vt -0.102365 -0.0108219
vt -0.07588927 0.07115461
vt -0.07619767 0.07154703
vt -0.07652469 0.07114153
vt -0.0763606 0.07093272
vt -0.04215463 0.08914484
vt -0.04249395 0.08951085
vt -0.04278687 0.08908007
vt -0.04260633 0.08888532
vt -0.00893123 0.08815021
vt -0.009330829 0.08844925
vt -0.009541517 0.0879728
vt -0.0093289 0.08781369
vt 0.0241461 0.07832372
vt 0.02369007 0.07852653
vt 0.02359047 0.07801519
vt 0.02383312 0.07790728
vt 0.06393949 0.07705496
vt 0.06368209 0.07712033
vt 0.0636868 0.0765994
vt 0.07642914 0.06723849
vt 0.07616576 0.06720452
vt 0.07636189 0.0667219
vt 0.08649375 0.05683131
vt 0.0862618 0.05670201
vt 0.08662306 0.05632667
vt 0.09334464 0.04670649
vt 0.09318047 0.04649774
vt 0.09365852 0.04629072
vt 0.09682001 0.0391325
vt 0.09675895 0.03887405
vt 0.09727971 0.03888744
vt 0.09649195 0.03941951
vt 0.09656797 0.03916506
vt 0.09701261 0.0394365
vt 0.08775254 0.05626519
vt 0.08797493 0.05612006
vt 0.08813903 0.05661448
vt 0.06166896 0.08405942
vt 0.06192218 0.08413947
vt 0.06164374 0.08457975
vt 0.03768203 0.09658141
vt 0.03780694 0.09681575
vt 0.03729995 0.09693553
vt 0.03233758 0.09698635
vt 0.03231674 0.09725109
vt 0.03182498 0.0970792
vt 0.03880336 0.0927154
vt 0.03866827 0.09294404
vt 0.03830212 0.09257347
vt 0.05059108 0.08576638
vt 0.05037686 0.08592333
vt 0.05018625 0.0854385
vt -0.04852293 0.01685034
vt -0.0489976 0.01663571
vt -0.04883013 0.01642961
vt -0.04491282 0.008690185
vt -0.04543174 0.008736006
vt -0.0453869 0.008474255
vt -0.04570081 -0.000169761
vt -0.04612933 0.0001264737
vt -0.04621967 -0.0001232507
vt -0.05081309 -0.00675254
vt -0.05103364 -0.006280588
vt -0.05123762 -0.006450628
vt -0.05873138 -0.008789598
vt -0.05867696 -0.008271506
vt -0.05893942 -0.008311994
vt -0.06686285 -0.005947355
vt -0.06654749 -0.005532715
vt -0.06679286 -0.005431136
vt -0.07282118 0.0001173102
vt -0.07233816 0.0003124233
vt -0.07249709 0.0005251725
vt -0.07543062 0.007257017
vt -0.0749147 0.007184892
vt -0.07494618 0.007448585
vt -0.07448756 0.01404352
vt -0.07407373 0.01372709
vt -0.07397152 0.0139722
vt -0.07021579 0.01953731
vt -0.07001073 0.01905842
vt -0.06980131 0.01922174
vt -0.06332079 0.02257442
vt -0.06337924 0.02205676
vt -0.06311648 0.02209521
vt -0.05534954 0.02184219
vt -0.05565678 0.02142149
vt -0.05540948 0.0213247
vt -0.02116807 0.03868065
vt -0.02133062 0.03889066
vt -0.02180356 0.03867223
vt -0.02149807 0.03827756
vt -0.009844655 0.01435774
vt -0.00989698 0.01461809
vt -0.01041772 0.01463254
vt -0.01031939 0.01414323
vt -0.01069855 -0.01357909
vt -0.01063151 -0.01332213
vt -0.01109329 -0.01308099
vt -0.01121927 -0.01356392
vt -0.02540009 -0.03592103
vt -0.02521571 -0.0357299
vt -0.02550002 -0.03529338
vt -0.02584654 -0.03565257
vt -0.05288035 -0.04078543
vt -0.05261938 -0.04073626
vt -0.05259863 -0.04021573
vt -0.05308909 -0.04030814
vt -0.07926781 -0.0243848
vt -0.07903104 -0.02450505
vt -0.07869704 -0.02410525
vt -0.07914205 -0.02387926
vt -0.09234685 -0.003396173
vt -0.09221245 -0.00362521
vt -0.09171548 -0.00346896
vt -0.09196809 -0.003038509
vt -0.09584878 0.01125457
vt -0.09583481 0.01098938
vt -0.09532168 0.01089948
vt -0.09534794 0.01139789
vt -0.09385298 0.02240707
vt -0.09395554 0.02216211
vt -0.09353232 0.02185835
vt -0.09333958 0.02231872
vt -0.08545714 0.03507897
vt -0.08566122 0.03490903
vt -0.08542606 0.03444418
vt -0.08504253 0.03476356
vt -0.06760073 0.04802435
vt -0.06786302 0.04798279
vt -0.0678989 0.04746308
vt -0.06740595 0.04754119
vt -0.04276096 0.05135056
vt -0.04300561 0.05145388
vt -0.04331069 0.05103163
vt -0.04285092 0.05083745
vt 0.009747791 0.05782843
vt 0.009478487 0.05824864
vt 0.008999238 0.05804443
vt 0.009362065 0.05747829
vt 0.02551977 0.02147017
vt 0.0254194 0.02195908
vt 0.02489878 0.02194067
vt 0.02503401 0.02128197
vt 0.02694471 -0.01958772
vt 0.02700895 -0.01909277
vt 0.02651069 -0.01894071
vt 0.02642414 -0.01960755
vt 0.01053255 -0.05768461
vt 0.01079416 -0.05725957
vt 0.01040214 -0.05691651
vt 0.01004966 -0.05748915
vt -0.04181609 -0.07074233
vt -0.04133618 -0.07060529
vt -0.04139389 -0.07008754
vt -0.04204048 -0.07027219
vt -0.09416375 -0.02389421
vt -0.09376941 -0.02420014
vt -0.09338605 -0.0238474
vt -0.09391735 -0.02343522
vt -0.1033071 0.009724461
vt -0.1031391 0.009254483
vt -0.1026262 0.009345762
vt -0.1028525 0.009978963
vt -0.1037662 0.01839717
vt -0.1037758 0.01789816
vt -0.1032638 0.01780163
vt -0.1032509 0.01847394
vt -0.1030909 0.02153335
vt -0.1032636 0.02106507
vt -0.1028116 0.02080606
vt -0.102579 0.02143698
vt -0.09758069 0.03480906
vt -0.09792875 0.03445137
vt -0.09762104 0.03403101
vt -0.0971521 0.03451293
vt -0.07301152 0.06384618
vt -0.07350101 0.0637487
vt -0.07348567 0.06322798
vt -0.07282619 0.06335931
vt -0.02584462 0.07791899
vt -0.0262859 0.07815216
vt -0.02660252 0.07773848
vt -0.02600798 0.07742432
vt 0.04373393 0.06629067
vt 0.04346569 0.06690728
vt 0.04297147 0.06674257
vt 0.0432765 0.06604138
vt 0.05732419 0.02670633
vt 0.05720165 0.0273675
vt 0.05668303 0.02731828
vt 0.05682238 0.02656643
vt 0.06140697 -0.01519948
vt 0.06139771 -0.01452711
vt 0.06087823 -0.01448814
vt 0.06088875 -0.01525273
vt 0.05651327 -0.05594185
vt 0.05664595 -0.05528264
vt 0.05614635 -0.05513505
vt 0.05599547 -0.05588467
vt -0.002039495 -0.09629874
vt -0.001503209 -0.09589308
vt -0.00177947 -0.09545142
vt -0.002389314 -0.09591272
vt -0.10343 0.01739342
vt -0.1031432 0.01678519
vt -0.1026542 0.01696476
vt -0.1029803 0.01765641
vt -0.09889664 0.03521362
vt -0.09883583 0.03454395
vt -0.09831489 0.03454495
vt -0.09838404 0.03530648
vt -0.09880759 0.02517648
vt -0.09886609 0.0245066
vt -0.09835317 0.02441552
vt -0.09828664 0.02517728
vt -0.1011202 0.01199606
vt -0.1012993 0.01134792
vt -0.1008115 0.01116526
vt -0.1006078 0.0119023
vt -0.1036015 0.01486835
vt -0.1039621 0.01430082
vt -0.1035489 0.01398359
vt -0.1031388 0.01462896
vt -0.08228591 0.06450243
vt -0.08292715 0.06429999
vt -0.0828149 0.06379129
vt -0.08208571 0.0640215
vt 0.002848742 0.09605088
vt 0.0023314 0.09648044
vt 0.00196444 0.09611068
vt 0.002552739 0.0956222
vt 0.07657211 0.05797926
vt 0.07643487 0.0587315
vt 0.07592238 0.05863801
vt 0.07605962 0.05788576
vt 0.08259793 0.02786683
vt 0.08248856 0.02862363
vt 0.08197297 0.02854912
vt 0.08208235 0.02779232
vt 0.08718378 -0.002873651
vt 0.08706758 -0.002117869
vt 0.08655269 -0.00219704
vt 0.08666889 -0.002952821
vt 0.09335943 -0.02339481
vt 0.09318793 -0.02264963
vt 0.09268025 -0.02276646
vt 0.09285174 -0.02351164
vt 0.1030824 0.01721997
vt 0.1025477 0.01776663
vt 0.1021753 0.01740238
vt 0.10271 0.01685571
vt -0.05823365 0.0868649
vt -0.05851052 0.08615212
vt -0.05802492 0.0859635
vt -0.05774806 0.08667628
vt -0.07643486 0.05873151
vt -0.0765721 0.05797927
vt -0.07605961 0.05788577
vt -0.07592237 0.05863802
vt -0.08248855 0.02862363
vt -0.08259792 0.02786683
vt -0.08208233 0.02779232
vt -0.08197296 0.02854912
vt -0.08706756 -0.002117879
vt -0.08718376 -0.002873661
vt -0.08666886 -0.002952831
vt -0.08655266 -0.00219705
vt -0.09318791 -0.02264967
vt -0.0933594 -0.02339485
vt -0.09285172 -0.02351169
vt -0.09268023 -0.02276651
vt -0.1025478 0.01776646
vt -0.1030824 0.0172198
vt -0.10271 0.01685555
vt -0.1021753 0.01740221
vt 0.05851057 0.08615209
vt 0.0582337 0.08686487
vt 0.0577481 0.08667625
vt 0.05802497 0.08596347
vt 0.09876806 0.03450383
vt 0.09883721 0.03526535
vt 0.09831627 0.03526636
vt 0.09825546 0.03459668
vt 0.09880649 0.02445511
vt 0.09873997 0.02521687
vt 0.09822704 0.02512579
vt 0.09828554 0.02445591
vt 0.1012501 0.01128646
vt 0.1010464 0.0120235
vt 0.1005585 0.01184084
vt 0.1007376 0.0111927
vt 0.103933 0.01422765
vt 0.1035229 0.01487302
vt 0.1031097 0.01455578
vt 0.1034703 0.01398825
vt 0.0829519 0.06422521
vt 0.08222272 0.06445543
vt 0.08211047 0.06394672
vt 0.08275171 0.06374428
vt -0.002255092 0.09646077
vt -0.002843391 0.09597231
vt -0.002476431 0.09560253
vt -0.001959088 0.0960321
vt -0.04338874 0.06692408
vt -0.04369378 0.0662229
vt -0.04319955 0.06605819
vt -0.04293131 0.0666748
vt -0.05713046 0.02740119
vt -0.0572698 0.02664933
vt -0.05675118 0.02660011
vt -0.05662864 0.02726128
vt -0.06133323 -0.01448187
vt -0.06134375 -0.01524646
vt -0.06082426 -0.01520749
vt -0.06081501 -0.01453512
vt -0.05659245 -0.05522484
vt -0.05644156 -0.05597446
vt -0.05594196 -0.05582686
vt -0.05607465 -0.05516765
vt 0.001504899 -0.09581434
vt 0.002114743 -0.09627564
vt 0.002391004 -0.09583398
vt 0.001854718 -0.09542832
vt 0.1030658 0.01677073
vt 0.1033919 0.01746238
vt 0.1029029 0.01764195
vt 0.1026161 0.01703372
vt 0.1030169 0.009206128
vt 0.1032432 0.009839329
vt 0.1027303 0.009930609
vt 0.1025623 0.00946063
vt 0.1036786 0.01780961
vt 0.1036657 0.01848192
vt 0.1031538 0.01838539
vt 0.1031634 0.01788639
vt 0.1032008 0.02094956
vt 0.1029682 0.02158048
vt 0.1025162 0.02132147
vt 0.1026889 0.02085318
vt 0.09791836 0.03432033
vt 0.09744941 0.03480225
vt 0.0971417 0.0343819
vt 0.09748977 0.0340242
vt 0.0735667 0.06363484
vt 0.07290722 0.06376617
vt 0.07289188 0.06324546
vt 0.07338137 0.06314798
vt 0.02640874 0.07810526
vt 0.0258142 0.0777911
vt 0.02613082 0.07737742
vt 0.0265721 0.07761059
vt -0.009348528 0.05826827
vt -0.009711355 0.05770212
vt -0.009232106 0.05749793
vt -0.008962801 0.05791813
vt -0.02530516 0.02202407
vt -0.02544039 0.02136538
vt -0.02491977 0.02134697
vt -0.0248194 0.02183587
vt -0.0269221 -0.01899411
vt -0.02683555 -0.01966095
vt -0.0263373 -0.01950888
vt -0.02640153 -0.01901394
vt -0.01075542 -0.05713395
vt -0.01040295 -0.0577066
vt -0.01001092 -0.05736353
vt -0.01027254 -0.0569385
vt 0.04127997 -0.07048647
vt 0.04192655 -0.07067112
vt 0.04198427 -0.07015338
vt 0.04150436 -0.07001632
vt 0.09364037 -0.02417515
vt 0.09417167 -0.02376297
vt 0.09378831 -0.02341023
vt 0.09339397 -0.02371616
vt 0.0920775 -0.003681425
vt 0.09233011 -0.003250974
vt 0.09183314 -0.003094723
vt 0.09169874 -0.003323761
vt 0.09574085 0.01087739
vt 0.09576711 0.01137579
vt 0.09525397 0.0112859
vt 0.09524 0.0110207
vt 0.09391952 0.02202045
vt 0.09372677 0.02248083
vt 0.09330356 0.02217706
vt 0.09340611 0.0219321
vt 0.08569468 0.03476673
vt 0.08531115 0.03508611
vt 0.085076 0.03462126
vt 0.08528008 0.03445131
vt 0.0679646 0.04787767
vt 0.06747165 0.04795577
vt 0.06750754 0.04743607
vt 0.06776982 0.04739451
vt 0.0431474 0.05141832
vt 0.04268763 0.05122414
vt 0.04299271 0.05080188
vt 0.04323736 0.05090521
vt 0.02147162 0.03892916
vt 0.02116612 0.03853448
vt 0.02163907 0.03831606
vt 0.02180162 0.03852607
vt 0.0100062 0.01471524
vt 0.009907863 0.01422593
vt 0.01042861 0.01424038
vt 0.01048093 0.01450073
vt 0.01068712 -0.01318695
vt 0.01081311 -0.01366988
vt 0.01127488 -0.01342874
vt 0.01120785 -0.01317178
vt 0.02519794 -0.03558481
vt 0.02554446 -0.035944
vt 0.02582877 -0.03550748
vt 0.0256444 -0.03531636
vt 0.05252094 -0.0406282
vt 0.05301141 -0.04072061
vt 0.05299066 -0.04020008
vt 0.05272969 -0.04015091
vt 0.07888711 -0.02447949
vt 0.07933212 -0.02425351
vt 0.07899813 -0.02385371
vt 0.07876135 -0.02397395
vt 0.07271364 3.186998E-05
vt 0.07287259 0.000244619
vt 0.07238957 0.0004397322
vt 0.07538009 0.007129288
vt 0.07541157 0.007392979
vt 0.07489566 0.007320856
vt 0.07450639 0.01390753
vt 0.07440417 0.01415263
vt 0.07399035 0.0138362
vt 0.07029898 0.01942804
vt 0.07008956 0.01959136
vt 0.06988449 0.01911247
vt 0.06344707 0.02252053
vt 0.06318431 0.02255898
vt 0.06324275 0.02204132
vt 0.05548598 0.021858
vt 0.05523868 0.02176121
vt 0.05554593 0.02134052
vt 0.04863385 0.01693133
vt 0.04846638 0.01672523
vt 0.04894106 0.0165106
vt 0.04496976 0.008815171
vt 0.04492492 0.00855342
vt 0.04544386 0.00859924
vt 0.04568859 -3.296567E-05
vt 0.04577894 -0.0002826899
vt 0.04620745 1.354466E-05
vt 0.05073348 -0.006640647
vt 0.05093746 -0.006810686
vt 0.05115802 -0.006338734
vt 0.05860548 -0.008734761
vt 0.05886794 -0.00877525
vt 0.05881352 -0.008257157
vt 0.06672673 -0.005965847
vt 0.0669721 -0.005864267
vt 0.06665674 -0.005449628
vt 0.08150833 -0.001691911
vt 0.08099718 -0.001591333
vt 0.08101403 -0.001856363
vt 0.08021407 -0.008483592
vt 0.07982083 -0.008141918
vt 0.07970349 -0.008380156
vt 0.07546582 -0.01539969
vt 0.07530423 -0.01490445
vt 0.0750811 -0.01504845
vt 0.06789298 -0.02038296
vt 0.06801708 -0.01987701
vt 0.06775156 -0.01988158
vt 0.05958278 -0.02100516
vt 0.0599554 -0.02064111
vt 0.05972753 -0.02050473
vt 0.05341762 -0.0164963
vt 0.05392455 -0.01637628
vt 0.05379952 -0.01614199
vt 0.05138794 -0.008497129
vt 0.0518872 -0.008645892
vt 0.05189566 -0.008380463
vt 0.053852 7.849364E-05
vt 0.0542152 -0.0002949725
vt 0.0543521 -6.741724E-05
vt 0.05981378 0.006476542
vt 0.05995027 0.005973795
vt 0.06018035 0.006106402
vt 0.06739879 0.009110129
vt 0.06727388 0.008604379
vt 0.06753941 0.00860852
vt 0.07449193 0.007951176
vt 0.07413705 0.007569804
vt 0.07437115 0.007444425
vt 0.07947581 0.004007476
vt 0.07898049 0.003846067
vt 0.07912441 0.003622883
vt 0.0997172 0.007898639
vt 0.09967778 0.008161261
vt 0.09915838 0.008201386
vt 0.09923246 0.007707817
vt 0.09888123 -0.002691203
vt 0.0989625 -0.00243838
vt 0.0985149 -0.002171855
vt 0.09836216 -0.00264701
vt 0.09108461 -0.02192635
vt 0.09128633 -0.02175362
vt 0.09104481 -0.02129205
vt 0.09066571 -0.02161667
vt 0.06844576 -0.04618962
vt 0.06871126 -0.0461837
vt 0.06881668 -0.04567354
vt 0.06831771 -0.04568466
vt 0.03730933 -0.05240534
vt 0.03751754 -0.05257018
vt 0.03792422 -0.05224459
vt 0.0375329 -0.05193481
vt 0.01837575 -0.03546531
vt 0.01846467 -0.03571554
vt 0.01898215 -0.03565558
vt 0.01881504 -0.03518529
vt 0.01521212 -0.008636197
vt 0.01517984 -0.008899791
vt 0.01566957 -0.009077403
vt 0.01573024 -0.008582007
vt 0.02452761 0.01756475
vt 0.02438554 0.01734039
vt 0.02475199 0.01697013
vt 0.025019 0.01739179
vt 0.04362995 0.03467312
vt 0.04340111 0.03453836
vt 0.04355812 0.03404164
vt 0.04398819 0.0342949
vt 0.06707545 0.03702289
vt 0.06680992 0.0370186
vt 0.06670137 0.03650908
vt 0.06720041 0.03651716
vt 0.08599333 0.02778471
vt 0.08576047 0.02791238
vt 0.08541401 0.02752335
vt 0.08585164 0.0272834
vt 0.09614167 0.01668429
vt 0.09599339 0.01690461
vt 0.09550701 0.01671802
vt 0.09578566 0.01630396
vt 0.1048097 0.01541837
vt 0.1047041 0.01590616
vt 0.1041837 0.01588218
vt 0.1043259 0.01522498
vt 0.1046282 0.01582217
vt 0.1046848 0.01631805
vt 0.1041843 0.01646238
vt 0.1041081 0.01579428
vt 0.1038008 -0.00207907
vt 0.1040727 -0.001660547
vt 0.1036892 -0.001308013
vt 0.1033228 -0.001871891
vt 0.06979785 -0.06488938
vt 0.07029659 -0.06487042
vt 0.07036369 -0.06435382
vt 0.06969173 -0.06437935
vt -0.001640668 -0.07670686
vt -0.00135233 -0.07711424
vt -0.0008829741 -0.07688822
vt -0.001271444 -0.07633935
vt -0.02290407 -0.04295125
vt -0.02283649 -0.04344575
vt -0.0223158 -0.04346206
vt -0.02240686 -0.04279582
vt -0.02153938 -0.002505994
vt -0.02163548 -0.002995752
vt -0.02114809 -0.003179704
vt -0.02101862 -0.002519853
vt -0.006670447 0.03645793
vt -0.006922855 0.03602736
vt -0.006523535 0.03569281
vt -0.006183467 0.03627291
vt 0.02390908 0.06280632
vt 0.02349798 0.06252332
vt 0.02371786 0.06205106
vt 0.02427174 0.06243234
vt 0.06663714 0.06015293
vt 0.06613814 0.06014332
vt 0.06606138 0.05962806
vt 0.06673368 0.059641
vt 0.09591604 0.03430251
vt 0.09549611 0.03457225
vt 0.09514557 0.03418689
vt 0.09571134 0.03382347
vt 0.1042402 0.01742538
vt 0.1039779 0.01785001
vt 0.1034953 0.0176538
vt 0.1038487 0.01708171
vt 0.09772773 0.01758546
vt 0.09756102 0.01823689
vt 0.09704689 0.01815293
vt 0.09723647 0.01741214
vt 0.09387267 0.03723297
vt 0.09380428 0.03790192
vt 0.09328339 0.03789502
vt 0.09336115 0.03713433
vt 0.09322224 0.04867444
vt 0.09326661 0.04934541
vt 0.09275188 0.04942567
vt 0.09270142 0.04866267
vt 0.08126779 -0.06432737
vt 0.08192736 -0.06419651
vt 0.08187161 -0.06367856
vt 0.08112158 -0.06382735
vt -0.0622224 -0.06681256
vt -0.06216817 -0.0674828
vt -0.06164725 -0.06748692
vt -0.06170892 -0.06672474
vt -0.06178469 -0.0337694
vt -0.0618472 -0.03443892
vt -0.06133484 -0.03453308
vt -0.06126375 -0.03377173
vt -0.05423155 0.006586703
vt -0.05439171 0.005933623
vt -0.05389873 0.005765244
vt -0.0537166 0.006507902
vt -0.0387497 0.04938975
vt -0.03903628 0.04878144
vt -0.03858651 0.04851858
vt -0.03826063 0.04921032
vt -0.00401123 0.08414703
vt -0.004496219 0.08368126
vt -0.004170054 0.08327506
vt -0.003618537 0.08380471
vt 0.06578893 0.07621048
vt 0.06511676 0.07619192
vt 0.06508499 0.07567194
vt 0.06584936 0.07569306
vt 0.103704 0.02222079
vt 0.103204 0.02267044
vt 0.1028227 0.02231545
vt 0.1033913 0.02180413
vt 0.102833 0.005861007
vt 0.1025367 0.006464672
vt 0.1020506 0.006277477
vt 0.1023874 0.005591014
vt 0.08032544 0.01384577
vt 0.08012914 0.01458481
vt 0.07962565 0.01445108
vt 0.07982195 0.01371205
vt 0.06970068 0.04986604
vt 0.06947836 0.05059766
vt 0.06897993 0.0504462
vt 0.06920224 0.04971457
vt 0.0470229 0.08584674
vt 0.04667182 0.08652605
vt 0.04620903 0.08628687
vt 0.0465601 0.08560757
vt -0.06211871 0.0850995
vt -0.06288197 0.08514573
vt -0.06291346 0.08462574
vt -0.0621502 0.08457951
vt -0.1007501 -0.01506392
vt -0.1011168 -0.01573493
vt -0.1006596 -0.01598473
vt -0.100293 -0.01531372
vt -0.08918503 -0.0135533
vt -0.08941115 -0.01428376
vt -0.08891351 -0.01443782
vt -0.08868738 -0.01370736
vt -0.08012915 0.01458483
vt -0.08032545 0.01384579
vt -0.07982196 0.01371206
vt -0.07962567 0.0144511
vt -0.06947839 0.05059766
vt -0.0697007 0.04986604
vt -0.06920227 0.04971458
vt -0.06897995 0.0504462
vt -0.04667188 0.08652603
vt -0.04702295 0.08584673
vt -0.04656016 0.08560754
vt -0.04620909 0.08628686
vt 0.06288192 0.08514577
vt 0.06211866 0.08509953
vt 0.06215016 0.08457954
vt 0.06291342 0.08462578
vt 0.1011168 -0.015735
vt 0.1007501 -0.01506399
vt 0.1002929 -0.01531379
vt 0.1006596 -0.01598481
vt 0.08941113 -0.01428377
vt 0.08918501 -0.01355331
vt 0.08868737 -0.01370737
vt 0.08891349 -0.01443783
vt 0.05434071 0.005873615
vt 0.05415858 0.006616273
vt 0.05366559 0.006447895
vt 0.05382575 0.005794813
vt 0.03899816 0.0487125
vt 0.03867228 0.04940424
vt 0.03822251 0.04914137
vt 0.03850909 0.04853307
vt 0.00448525 0.08360325
vt 0.003933733 0.08413292
vt 0.003607569 0.08372672
vt 0.004092558 0.08326094
vt -0.06507242 0.07612681
vt -0.06583679 0.07614793
vt -0.06580503 0.07562796
vt -0.06513285 0.07560939
vt -0.103127 0.02265379
vt -0.1036956 0.02214246
vt -0.1033143 0.02178748
vt -0.1028143 0.02223713
vt -0.1024591 0.006477942
vt -0.1027959 0.005791478
vt -0.1023098 0.005604283
vt -0.1020136 0.006207949
vt -0.09748773 0.01826575
vt -0.09767731 0.01752496
vt -0.09716316 0.01744099
vt -0.09699646 0.01809243
vt -0.09373607 0.03794131
vt -0.09381383 0.03718061
vt -0.09329293 0.03717371
vt -0.09322454 0.03784266
vt -0.09320594 0.04939564
vt -0.09315547 0.04863264
vt -0.09264074 0.0487129
vt -0.09268512 0.04938387
vt -0.08196019 -0.06412487
vt -0.08121015 -0.06427367
vt -0.08115441 -0.06375571
vt -0.08181398 -0.06362486
vt 0.06210083 -0.06752361
vt 0.0621625 -0.06676143
vt 0.06164157 -0.06676555
vt 0.06158734 -0.06743579
vt 0.06178791 -0.03449076
vt 0.06171682 -0.03372941
vt 0.06120446 -0.03382357
vt 0.06126698 -0.03449308
vt 0.0215552 -0.00309985
vt 0.02142573 -0.002439999
vt 0.02093834 -0.002623951
vt 0.02103444 -0.003113709
vt 0.006881447 0.0359026
vt 0.00654138 0.0364827
vt 0.00614206 0.03614815
vt 0.006394468 0.03571758
vt -0.02348264 0.06239278
vt -0.02403652 0.06277407
vt -0.0242564 0.0623018
vt -0.02384529 0.0620188
vt -0.06605338 0.06004285
vt -0.06672569 0.06005578
vt -0.06664892 0.05954053
vt -0.06614992 0.05953093
vt -0.09536978 0.03453594
vt -0.09593555 0.03417252
vt -0.095585 0.03378716
vt -0.09516508 0.0340569
vt -0.1038483 0.01787182
vt -0.1042016 0.01729972
vt -0.103719 0.01710351
vt -0.1034568 0.01752814
vt -0.1045891 0.01596996
vt -0.1047314 0.01531275
vt -0.104211 0.01528877
vt -0.1041054 0.01577657
vt -0.1045965 0.01641536
vt -0.1045202 0.01574726
vt -0.1040197 0.01589159
vt -0.1040763 0.01638747
vt -0.104037 -0.001534029
vt -0.1036707 -0.002097908
vt -0.1032872 -0.001745373
vt -0.1035591 -0.001326851
vt -0.07037945 -0.06476835
vt -0.06970751 -0.06479389
vt -0.06977461 -0.06427728
vt -0.07027335 -0.06425833
vt 0.001221606 -0.07712789
vt 0.001610076 -0.07657902
vt 0.001140721 -0.076353
vt 0.0008523829 -0.07676038
vt 0.02272685 -0.04351822
vt 0.02281791 -0.04285198
vt 0.02229722 -0.04286829
vt 0.02222964 -0.04336279
vt -0.01525293 -0.009026404
vt -0.0153136 -0.008531008
vt -0.01580333 -0.00870862
vt -0.01577105 -0.008972214
vt -0.02439736 0.01719467
vt -0.02466437 0.01761634
vt -0.02503083 0.01724608
vt -0.02488875 0.01702171
vt -0.04334513 0.03440334
vt -0.04377519 0.0346566
vt -0.0439322 0.03415988
vt -0.04370336 0.03402512
vt -0.06669457 0.03692879
vt -0.06719361 0.03693686
vt -0.06708506 0.03642735
vt -0.06681953 0.03642305
vt -0.08561581 0.02789143
vt -0.08605344 0.02765148
vt -0.08570697 0.02726245
vt -0.08547411 0.02739012
vt -0.09585525 0.01695239
vt -0.0961339 0.01653833
vt -0.09564751 0.01635174
vt -0.09549925 0.01657206
vt -0.09957348 0.008263678
vt -0.09964756 0.007770109
vt -0.09912816 0.007810231
vt -0.09908874 0.008072856
vt -0.09891452 -0.002300306
vt -0.09876179 -0.002775462
vt -0.09831418 -0.002508936
vt -0.09839545 -0.002256116
vt -0.09131783 -0.02161089
vt -0.09093873 -0.02193551
vt -0.09069721 -0.02147393
vt -0.09089892 -0.0213012
vt -0.06882603 -0.04609318
vt -0.06832705 -0.0461043
vt -0.06843249 -0.04559413
vt -0.06869798 -0.04558822
vt -0.03766366 -0.05257368
vt -0.03727234 -0.0522639
vt -0.03767902 -0.05193831
vt -0.03788723 -0.05210315
vt -0.01858663 -0.0357961
vt -0.01841952 -0.03532581
vt -0.01893701 -0.03526585
vt -0.01902592 -0.03551609
vt -0.05141871 -0.008630983
vt -0.05142717 -0.008365555
vt -0.05192642 -0.008514317
vt -0.05381356 -5.338178E-05
vt -0.05395046 0.0001741736
vt -0.05431365 -0.0001992923
vt -0.0597162 0.006379955
vt -0.05994629 0.006512562
vt -0.06008278 0.006009815
vt -0.06726657 0.009073047
vt -0.0675321 0.009077187
vt -0.06740718 0.008571439
vt -0.07435836 0.007982965
vt -0.07459246 0.007857586
vt -0.07423759 0.007476214
vt -0.07937441 0.004100119
vt -0.07951833 0.003876935
vt -0.07902302 0.003715526
vt -0.08146496 -0.001561601
vt -0.0814818 -0.001826633
vt -0.08097066 -0.001726053
vt -0.08024132 -0.008348993
vt -0.08012399 -0.008587228
vt -0.07973075 -0.008245555
vt -0.07555839 -0.01529825
vt -0.07533526 -0.01544226
vt -0.07517367 -0.01494701
vt -0.06802516 -0.02034569
vt -0.06775963 -0.02035026
vt -0.06788374 -0.01984431
vt -0.0597147 -0.02104332
vt -0.05948683 -0.02090694
vt -0.05985945 -0.02054289
vt -0.05351104 -0.01659702
vt -0.05338601 -0.01636273
vt -0.05389293 -0.01624271
vt -0.04170444 0.01672872
vt -0.04218774 0.01653427
vt -0.04202909 0.01632131
vt -0.03812451 0.007833457
vt -0.03864085 0.007902532
vt -0.03860781 0.00763903
vt -0.03941189 -0.001732411
vt -0.03982675 -0.001417333
vt -0.03992816 -0.001662772
vt -0.04528042 -0.008899594
vt -0.04548137 -0.008418967
vt -0.04569218 -0.008580474
vt -0.05401308 -0.011387
vt -0.05394079 -0.01087109
vt -0.05420449 -0.01090249
vt -0.06288858 -0.008783909
vt -0.06256232 -0.008377788
vt -0.06280489 -0.008269728
vt -0.06940427 -0.002573408
vt -0.06891745 -0.002387966
vt -0.06907211 -0.00217209
vt -0.07222387 0.005187055
vt -0.07170923 0.005106269
vt -0.07173628 0.005370453
vt -0.07100949 0.01292907
vt -0.07060137 0.01260532
vt -0.0704948 0.01284857
vt -0.06597818 0.01938044
vt -0.06578393 0.01889707
vt -0.06557091 0.01905562
vt -0.05802623 0.02299518
vt -0.05809992 0.02247947
vt -0.05783614 0.02251016
vt -0.04907376 0.02224304
vt -0.04939622 0.02183389
vt -0.04915264 0.02172811
vt -0.01046276 0.03905723
vt -0.01061183 0.03927701
vt -0.01109753 0.03908868
vt -0.01081738 0.03867562
vt -6.708633E-05 0.01248229
vt -0.0001019019 0.01274557
vt -0.0006205166 0.01279477
vt -0.0005550836 0.01229998
vt -0.002952898 -0.0167132
vt -0.002868364 -0.01646145
vt -0.003312472 -0.01618914
vt -0.003471347 -0.01666228
vt -0.0200446 -0.03963828
vt -0.01984802 -0.03945971
vt -0.02010296 -0.03900541
vt -0.02047239 -0.039341
vt -0.04929871 -0.04530573
vt -0.04903572 -0.04526884
vt -0.0489906 -0.04474986
vt -0.04948486 -0.04481918
vt -0.0771471 -0.03067402
vt -0.07691205 -0.03079762
vt -0.07657241 -0.03040262
vt -0.07701416 -0.03017033
vt -0.09206595 -0.01015979
vt -0.09192984 -0.01038782
vt -0.09143405 -0.01022788
vt -0.09168985 -0.009799322
vt -0.09658368 0.006253959
vt -0.09656605 0.005988979
vt -0.09605174 0.005906158
vt -0.09608485 0.006404156
vt -0.09422348 0.02051111
vt -0.09432359 0.02026513
vt -0.09389736 0.01996561
vt -0.09370922 0.02042789
vt -0.08379397 0.03669969
vt -0.0839987 0.03653055
vt -0.08376535 0.03606478
vt -0.08338059 0.03638268
vt -0.06205635 0.05194496
vt -0.0623197 0.05191075
vt -0.06237009 0.05139225
vt -0.06187516 0.05145654
vt -0.03335505 0.05443915
vt -0.03359409 0.05455484
vt -0.03392037 0.05414873
vt -0.03347113 0.0539313
vt 0.02430256 0.05594806
vt 0.02406908 0.05638918
vt 0.02357452 0.05622547
vt 0.02388909 0.05563116
vt 0.03728912 0.01693292
vt 0.03722835 0.01742831
vt 0.03670793 0.01745178
vt 0.0367898 0.01678435
vt 0.03524546 -0.02500246
vt 0.03535202 -0.02451487
vt 0.03486869 -0.02432052
vt 0.03472511 -0.02497745
vt 0.01408953 -0.06315485
vt 0.01439273 -0.06275841
vt 0.01403735 -0.06237751
vt 0.01362885 -0.06291164
vt -0.04127649 -0.07535107
vt -0.04078706 -0.07525336
vt -0.04080264 -0.07473265
vt -0.04146206 -0.0748643
vt -0.09383569 -0.03478276
vt -0.09343668 -0.03508258
vt -0.09305881 -0.03472398
vt -0.09359638 -0.03432003
vt -0.1069199 -0.001781083
vt -0.1067321 -0.002243504
vt -0.1062235 -0.002130525
vt -0.1064765 -0.001507507
vt -0.1085777 0.01025869
vt -0.1085662 0.009759721
vt -0.1080506 0.00968495
vt -0.1080662 0.0103572
vt -0.1073931 0.01779021
vt -0.1075479 0.01731573
vt -0.1070865 0.017074
vt -0.1068779 0.01771325
vt -0.09961779 0.03655437
vt -0.09995781 0.03618901
vt -0.09964082 0.03577561
vt -0.09918272 0.03626786
vt -0.06765555 0.07122105
vt -0.06814755 0.07113722
vt -0.0681467 0.07061628
vt -0.06748382 0.07072923
vt -0.01150336 0.08208756
vt -0.01192508 0.08235449
vt -0.01227305 0.0819668
vt -0.01170487 0.08160716
vt 0.0604493 0.0593178
vt 0.0602437 0.05995802
vt 0.05973555 0.05984326
vt 0.05996936 0.05911522
vt 0.06962974 0.01912174
vt 0.06956359 0.01979091
vt 0.06904267 0.01978576
vt 0.06911789 0.01902481
vt 0.07000111 -0.02250428
vt 0.07005345 -0.02183389
vt 0.06953972 -0.02174752
vt 0.0694802 -0.02250987
vt 0.05885677 -0.06446995
vt 0.05907654 -0.06383444
vt 0.05860121 -0.06362127
vt 0.05835129 -0.06434394
vt -0.01740528 -0.1001288
vt -0.01678683 -0.09986479
vt -0.01694813 -0.09936944
vt -0.0176514 -0.09966963
vt -0.1092594 -0.003584262
vt -0.108907 -0.004156948
vt -0.1084409 -0.003924273
vt -0.1088417 -0.003273038
vt -0.1081779 0.02067203
vt -0.1080642 0.02000928
vt -0.107545 0.02005157
vt -0.1076743 0.02080521
vt -0.1073341 0.01522197
vt -0.1073489 0.0145497
vt -0.1068312 0.01449216
vt -0.1068143 0.01525663
vt -0.1083453 0.005968783
vt -0.1084828 0.005310566
vt -0.1079843 0.005159308
vt -0.1078279 0.005907805
vt -0.1092765 0.01303855
vt -0.1095993 0.01244866
vt -0.1091662 0.01215911
vt -0.1087992 0.01282991
vt -0.07890074 0.07425667
vt -0.07954565 0.07406627
vt -0.07944294 0.07355555
vt -0.07870958 0.07377208
vt 0.02560193 0.09616389
vt 0.02514724 0.0966593
vt 0.02473377 0.09634241
vt 0.02525081 0.09577905
vt 0.09142888 0.04531518
vt 0.09136844 0.04607745
vt 0.09084912 0.04603627
vt 0.09090956 0.045274
vt 0.09375469 0.01816579
vt 0.0937058 0.01892889
vt 0.09318592 0.01889558
vt 0.09323481 0.01813248
vt 0.09567585 -0.01043919
vt 0.09562295 -0.009676365
vt 0.09510325 -0.009712408
vt 0.09515615 -0.01047524
vt 0.09861942 -0.03144919
vt 0.09853824 -0.03068885
vt 0.09802025 -0.03074414
vt 0.09810141 -0.03150449
vt 0.1096866 -0.002571261
vt 0.1093163 -0.001902227
vt 0.1088605 -0.002154483
vt 0.1092308 -0.002823516
vt -0.08494379 0.06856284
vt -0.08506481 0.06780781
vt -0.08455043 0.06772537
vt -0.08442942 0.06848039
vt -0.09136841 0.04607745
vt -0.09142885 0.04531518
vt -0.09090953 0.045274
vt -0.0908491 0.04603627
vt -0.09370578 0.01892888
vt -0.09375468 0.01816579
vt -0.09323479 0.01813247
vt -0.09318591 0.01889557
vt -0.09562293 -0.009676379
vt -0.09567583 -0.0104392
vt -0.09515613 -0.01047525
vt -0.09510323 -0.009712419
vt -0.09853823 -0.03068889
vt -0.09861939 -0.03144924
vt -0.09810138 -0.03150453
vt -0.09802022 -0.03074419
vt -0.1093163 -0.001902565
vt -0.1096866 -0.0025716
vt -0.1092308 -0.002823855
vt -0.1088605 -0.00215482
vt 0.08506484 0.06780777
vt 0.08494383 0.06856279
vt 0.08442946 0.06848034
vt 0.08455047 0.06772532
vt 0.1079934 0.01997464
vt 0.1081227 0.02072829
vt 0.1076035 0.02077058
vt 0.1074898 0.02010783
vt 0.1072861 0.01450219
vt 0.1072692 0.01526667
vt 0.1067515 0.01520913
vt 0.1067663 0.01453686
vt 0.1084298 0.005252364
vt 0.1082734 0.006000861
vt 0.1077749 0.005849603
vt 0.1079124 0.005191386
vt 0.1095654 0.01237754
vt 0.1091983 0.01304834
vt 0.1087653 0.01275879
vt 0.1090881 0.0121689
vt 0.07957179 0.07399197
vt 0.07883843 0.0742085
vt 0.07873572 0.07369778
vt 0.07938063 0.07350738
vt -0.02506898 0.09665011
vt -0.02558602 0.09608676
vt -0.02517255 0.09576986
vt -0.02471787 0.09626527
vt -0.06016881 0.05998239
vt -0.06040262 0.05925435
vt -0.05989447 0.05913959
vt -0.05968886 0.05977982
vt -0.06949551 0.01983051
vt -0.06957072 0.01906955
vt -0.06904981 0.0190644
vt -0.06898366 0.01973357
vt -0.06999338 -0.02178293
vt -0.06993386 -0.02254527
vt -0.06942012 -0.02245891
vt -0.06947247 -0.02178852
vt -0.05903126 -0.06376999
vt -0.05878134 -0.06449266
vt -0.05830601 -0.06427948
vt -0.05852579 -0.06364398
vt 0.01676946 -0.09978797
vt 0.01747273 -0.1000882
vt 0.01763403 -0.0995928
vt 0.01701558 -0.09932882
vt 0.1088285 -0.004162739
vt 0.1092292 -0.003511506
vt 0.1087631 -0.003278829
vt 0.1084107 -0.003851515
vt 0.1066079 -0.002286627
vt 0.1068609 -0.001663609
vt 0.1063524 -0.00155063
vt 0.1061646 -0.002013051
vt 0.1084654 0.00967536
vt 0.1084809 0.01034761
vt 0.1079654 0.01027284
vt 0.1079538 0.009773877
vt 0.1074809 0.01720269
vt 0.1072723 0.01784194
vt 0.1068108 0.0176002
vt 0.1069656 0.01712573
vt 0.09994452 0.03605824
vt 0.09948641 0.03655049
vt 0.09916942 0.03613709
vt 0.09950943 0.03577174
vt 0.06821639 0.07102522
vt 0.06755351 0.07113817
vt 0.06755266 0.07061723
vt 0.06804466 0.07053339
vt 0.0120512 0.08231732
vt 0.01148302 0.08195768
vt 0.01183099 0.08156999
vt 0.01225271 0.08183692
vt -0.02394119 0.05641953
vt -0.02425575 0.05582521
vt -0.02376119 0.05566151
vt -0.02352772 0.05610263
vt -0.03711971 0.01750228
vt -0.03720159 0.01683485
vt -0.03668117 0.01685832
vt -0.0366204 0.01735371
vt -0.03527398 -0.0244091
vt -0.0351304 -0.02506603
vt -0.03464707 -0.02487168
vt -0.03475363 -0.0243841
vt -0.01436689 -0.06262951
vt -0.01395839 -0.06316364
vt -0.01360301 -0.06278274
vt -0.01390621 -0.06238629
vt 0.0407214 -0.07513949
vt 0.04138082 -0.07527114
vt 0.0413964 -0.07475043
vt 0.04090696 -0.07465272
vt 0.09330805 -0.03505562
vt 0.09384562 -0.03465167
vt 0.09346775 -0.03429306
vt 0.09306874 -0.03459289
vt 0.09179448 -0.01044303
vt 0.09205028 -0.01001448
vt 0.09155449 -0.009854535
vt 0.09141839 -0.01008257
vt 0.09647056 0.005878292
vt 0.09650367 0.00637629
vt 0.09598935 0.006293469
vt 0.09597173 0.00602849
vt 0.09428616 0.02012384
vt 0.09409802 0.02058612
vt 0.09367179 0.0202866
vt 0.0937719 0.02004063
vt 0.08403271 0.03638838
vt 0.08364795 0.03670628
vt 0.08341461 0.03624051
vt 0.08361933 0.03607137
vt 0.06242418 0.05180852
vt 0.06192924 0.05187281
vt 0.06197964 0.05135431
vt 0.06224299 0.0513201
vt 0.03373752 0.05452657
vt 0.03328828 0.05430914
vt 0.03361455 0.05390303
vt 0.03385359 0.05401872
vt 0.01075014 0.03932429
vt 0.01046999 0.03891123
vt 0.01095569 0.0387229
vt 0.01110476 0.03894268
vt 0.0002043867 0.0128498
vt 0.0001389537 0.01235501
vt 0.0006575684 0.01240421
vt 0.0006923837 0.01266748
vt 0.002914557 -0.01632277
vt 0.003073431 -0.01679591
vt 0.003517539 -0.0165236
vt 0.003433005 -0.01627185
vt 0.01982075 -0.03931611
vt 0.02019018 -0.03965169
vt 0.02044511 -0.03919739
vt 0.02024854 -0.03901883
vt 0.04893234 -0.04516552
vt 0.04942659 -0.04523484
vt 0.04938147 -0.04471585
vt 0.04911849 -0.04467897
vt 0.07676779 -0.03077412
vt 0.07720952 -0.03054183
vt 0.07686989 -0.03014682
vt 0.07663484 -0.03027042
vt 0.06929845 -0.002660976
vt 0.06945312 -0.002445101
vt 0.0689663 -0.002259658
vt 0.07217549 0.005058493
vt 0.07220254 0.005322676
vt 0.07168789 0.005241891
vt 0.07103074 0.01279344
vt 0.07092417 0.01303669
vt 0.07051605 0.01271293
vt 0.06606379 0.01927308
vt 0.06585076 0.01943163
vt 0.06565652 0.01894826
vt 0.05815405 0.02294504
vt 0.05789026 0.02297572
vt 0.05796395 0.02246001
vt 0.04920954 0.02226385
vt 0.04896595 0.02215806
vt 0.04928841 0.02174892
vt 0.04181187 0.01681431
vt 0.04165322 0.01660134
vt 0.04213652 0.01640689
vt 0.03817579 0.007960873
vt 0.03814275 0.007697371
vt 0.0386591 0.007766446
vt 0.03939358 -0.001596296
vt 0.03949498 -0.001841734
vt 0.03990985 -0.001526656
vt 0.04519628 -0.008791066
vt 0.04540709 -0.008952574
vt 0.04560804 -0.008471947
vt 0.05388536 -0.01133654
vt 0.05414906 -0.01136794
vt 0.05407677 -0.01085204
vt 0.06275299 -0.008806007
vt 0.06299558 -0.008697948
vt 0.06266931 -0.008291828
vt 0.07948261 0.009196116
vt 0.07897302 0.009304262
vt 0.07898592 0.009039012
vt 0.07800345 0.002043764
vt 0.0776141 0.002389865
vt 0.07749408 0.002152965
vt 0.07300332 -0.004385779
vt 0.07284096 -0.00389078
vt 0.07261805 -0.004035134
vt 0.0652904 -0.008251403
vt 0.06540395 -0.007742985
vt 0.06513859 -0.007753066
vt 0.05684904 -0.007653509
vt 0.05720688 -0.00727491
vt 0.05697376 -0.007147713
vt 0.05032838 -0.002183628
vt 0.05082835 -0.002037253
vt 0.05069123 -0.001809825
vt 0.0477718 0.006469937
vt 0.04827859 0.006349272
vt 0.04827222 0.00661476
vt 0.04987628 0.0153795
vt 0.05025796 0.01502494
vt 0.05038314 0.01525915
vt 0.0559469 0.02166001
vt 0.0561026 0.02116288
vt 0.05632743 0.02130423
vt 0.06410028 0.02358771
vt 0.06398626 0.02307941
vt 0.06425163 0.02308924
vt 0.07189301 0.02122091
vt 0.07153969 0.02083811
vt 0.07177429 0.02071368
vt 0.0773482 0.01593172
vt 0.07685144 0.01577484
vt 0.07699332 0.01555036
vt 0.1002903 0.01191402
vt 0.1002725 0.01217899
vt 0.09975819 0.0122616
vt 0.09979151 0.01176361
vt 0.09831233 -0.0007489515
vt 0.098414 -0.0005036128
vt 0.09798968 -0.0002013974
vt 0.09779862 -0.0006624806
vt 0.08865857 -0.01893939
vt 0.08886915 -0.01877757
vt 0.08865239 -0.01830386
vt 0.08825664 -0.01860797
vt 0.06654944 -0.03761613
vt 0.06681474 -0.03760424
vt 0.06690864 -0.03709183
vt 0.06641004 -0.03711418
vt 0.03765192 -0.04018549
vt 0.03787493 -0.04032966
vt 0.03824862 -0.0399667
vt 0.03782948 -0.03969574
vt 0.01719627 -0.02241029
vt 0.0173145 -0.02264809
vt 0.01782109 -0.02252663
vt 0.0175989 -0.02207972
vt 0.01062332 0.005417821
vt 0.01062238 0.005152259
vt 0.01112965 0.005033688
vt 0.01113142 0.005532784
vt 0.01724517 0.03298063
vt 0.01712754 0.03274254
vt 0.01753099 0.03241298
vt 0.01775206 0.03286044
vt 0.03627513 0.05116967
vt 0.0360573 0.05101775
vt 0.03625195 0.05053454
vt 0.03666132 0.05082005
vt 0.06295581 0.05234114
vt 0.06269047 0.05233018
vt 0.06259476 0.0518181
vt 0.06309344 0.0518387
vt 0.08533011 0.03904308
vt 0.08510129 0.03917788
vt 0.08474299 0.03879973
vt 0.08517301 0.03854639
vt 0.09680224 0.02381703
vt 0.09666894 0.02404672
vt 0.09617124 0.02389289
vt 0.09642174 0.02346121
vt 0.1083676 0.01338998
vt 0.1083295 0.01388762
vt 0.1078107 0.01393479
vt 0.1078621 0.01326433
vt 0.1080197 0.008697588
vt 0.1081511 0.009179085
vt 0.1076783 0.00939791
vt 0.1075013 0.008749196
vt 0.10293 -0.01392562
vt 0.1032645 -0.01355518
vt 0.1029413 -0.01314661
vt 0.1024906 -0.0136457
vt 0.06869315 -0.0605709
vt 0.06919122 -0.060539
vt 0.06924488 -0.06002082
vt 0.06857382 -0.06006381
vt 0.008525219 -0.06914824
vt 0.008890801 -0.06948801
vt 0.009303994 -0.06917076
vt 0.008811451 -0.06871296
vt -0.02081715 -0.0360059
vt -0.02065979 -0.03647954
vt -0.02014497 -0.03639983
vt -0.02035699 -0.03576169
vt -0.02712611 0.006391814
vt -0.02714114 0.005892941
vt -0.02663029 0.005790851
vt -0.02661005 0.006462978
vt -0.0183983 0.04735024
vt -0.01858106 0.04688581
vt -0.01813479 0.04661705
vt -0.01788856 0.04724278
vt 0.009813016 0.07724606
vt 0.009443181 0.07691092
vt 0.009723894 0.07647207
vt 0.01022217 0.07692361
vt 0.06122324 0.07495513
vt 0.06072487 0.07492819
vt 0.06066605 0.07441057
vt 0.06133751 0.07444687
vt 0.09840946 0.03988269
vt 0.09801342 0.04018642
vt 0.09763204 0.03983154
vt 0.09816563 0.03942233
vt 0.1074118 0.01829795
vt 0.1072039 0.01875169
vt 0.1067008 0.01861652
vt 0.1069809 0.0180052
vt 0.1035703 0.01298101
vt 0.1035187 0.01365146
vt 0.1029978 0.01365757
vt 0.1030565 0.01289517
vt 0.1037091 0.02632684
vt 0.1037775 0.02699578
vt 0.103266 0.02709444
vt 0.1031882 0.02633374
vt 0.1072479 0.01960295
vt 0.1075012 0.02022586
vt 0.1070379 0.02046403
vt 0.1067498 0.01975569
vt 0.07507869 -0.0713457
vt 0.07574478 -0.07125355
vt 0.07571935 -0.07073323
vt 0.0749619 -0.07083802
vt -0.03992778 -0.07873962
vt -0.03963271 -0.07934385
vt -0.0391462 -0.0791576
vt -0.03948174 -0.07847048
vt -0.05905883 -0.03553567
vt -0.05897103 -0.03620235
vt -0.05845054 -0.03618031
vt -0.0585504 -0.03542219
vt -0.06080976 0.008862791
vt -0.06084505 0.008191286
vt -0.06032929 0.008117998
vt -0.06028915 0.008881606
vt -0.05400632 0.05198612
vt -0.05416865 0.05133358
vt -0.05367623 0.05116356
vt -0.05349163 0.0519056
vt -0.02932081 0.08971475
vt -0.02968737 0.08915102
vt -0.02927749 0.08882949
vt -0.02886065 0.08947054
vt 0.05715134 0.09017892
vt 0.05648181 0.09011658
vt 0.056484 0.08959564
vt 0.05724537 0.08966653
vt 0.1082221 0.01493799
vt 0.1078134 0.015472
vt 0.1073733 0.01519328
vt 0.107838 0.01458602
vt 0.1060702 0.0008791441
vt 0.1058861 0.001525889
vt 0.1053744 0.001428191
vt 0.1055838 0.0006927405
vt 0.08709689 0.01093473
vt 0.08704449 0.0116976
vt 0.08652477 0.0116619
vt 0.08657718 0.01089903
vt 0.08453738 0.043368
vt 0.08447818 0.04413037
vt 0.0839588 0.04409003
vt 0.08401801 0.04332767
vt 0.07942708 0.06925166
vt 0.07932916 0.07001002
vt 0.0788125 0.06994331
vt 0.07891043 0.06918494
vt -0.0153656 0.1077559
vt -0.01603915 0.1081178
vt -0.01628577 0.107659
vt -0.01561222 0.107297
vt -0.09443587 -0.03989718
vt -0.09454691 -0.04065373
vt -0.09403148 -0.04072938
vt -0.09392045 -0.03997282
vt -0.08957433 -0.02030364
vt -0.08963609 -0.0210658
vt -0.08911686 -0.02110788
vt -0.08905508 -0.02034572
vt -0.08704451 0.01169761
vt -0.08709691 0.01093474
vt -0.08657719 0.01089905
vt -0.08652479 0.01166191
vt -0.0844782 0.04413036
vt -0.0845374 0.043368
vt -0.08401802 0.04332767
vt -0.08395882 0.04409003
vt -0.07932921 0.07000998
vt -0.07942713 0.06925161
vt -0.07891048 0.0691849
vt -0.07881255 0.06994326
vt 0.01603877 0.1081179
vt 0.01536523 0.1077559
vt 0.01561185 0.107297
vt 0.01628539 0.107659
vt 0.09454685 -0.04065382
vt 0.09443582 -0.03989727
vt 0.09392039 -0.03997291
vt 0.09403143 -0.04072947
vt 0.08963609 -0.02106581
vt 0.08957432 -0.02030364
vt 0.08905508 -0.02034573
vt 0.08911685 -0.02110789
vt 0.06078374 0.008141863
vt 0.0607436 0.008905472
vt 0.06022783 0.008832185
vt 0.06026313 0.008160679
vt 0.05411781 0.0512734
vt 0.05393321 0.05201544
vt 0.0534408 0.05184542
vt 0.05360312 0.05119288
vt 0.02965897 0.08907755
vt 0.02924213 0.0897186
vt 0.02883225 0.08939707
vt 0.02919881 0.08883333
vt -0.05644181 0.09004872
vt -0.05720318 0.09011962
vt -0.05720537 0.08959867
vt -0.05653584 0.08953633
vt -0.1077347 0.01546981
vt -0.1081994 0.01486255
vt -0.1077593 0.01458383
vt -0.1073506 0.01511784
vt -0.1058121 0.001552767
vt -0.1060214 0.0008173159
vt -0.1055097 0.0007196182
vt -0.1053257 0.001366363
vt -0.1034515 0.01369254
vt -0.1035102 0.01293013
vt -0.1029893 0.01293625
vt -0.1029376 0.0136067
vt -0.1037187 0.02704815
vt -0.1036409 0.02628746
vt -0.1031293 0.02638611
vt -0.1031977 0.02705505
vt -0.1074594 0.02029263
vt -0.1071714 0.01958429
vt -0.1067081 0.01982246
vt -0.1069613 0.02044537
vt -0.07578172 -0.07118396
vt -0.07502427 -0.07128875
vt -0.07499884 -0.07076843
vt -0.07566493 -0.07067628
vt 0.03955512 -0.07935726
vt 0.03989066 -0.07867015
vt 0.03940415 -0.07848389
vt 0.03910908 -0.07908813
vt 0.0589017 -0.03623972
vt 0.05900155 -0.03548161
vt 0.05848107 -0.03545957
vt 0.05839327 -0.03612624
vt 0.02704497 0.005803316
vt 0.02702473 0.006475443
vt 0.02651388 0.006373352
vt 0.02652891 0.00587448
vt 0.01852085 0.04676896
vt 0.01827461 0.04739468
vt 0.01782835 0.04712593
vt 0.0180111 0.0466615
vt -0.009445325 0.0767795
vt -0.009943603 0.07723103
vt -0.01022432 0.0767922
vt -0.009854482 0.07645705
vt -0.06064367 0.07482482
vt -0.06131511 0.07486112
vt -0.0612563 0.07434351
vt -0.06075793 0.07431657
vt -0.09788449 0.04016075
vt -0.09841807 0.03975154
vt -0.0980367 0.03939666
vt -0.09764066 0.03970039
vt -0.107078 0.01878933
vt -0.1073581 0.01817801
vt -0.106855 0.01804284
vt -0.1066471 0.01849658
vt -0.1082243 0.01396648
vt -0.1082757 0.01329602
vt -0.1077569 0.01334319
vt -0.1077188 0.01384083
vt -0.1080786 0.009288702
vt -0.1079016 0.008639988
vt -0.1074288 0.008858813
vt -0.1075602 0.00934031
vt -0.1032492 -0.01342462
vt -0.1027986 -0.01392372
vt -0.1024754 -0.01351515
vt -0.1028099 -0.0131447
vt -0.06927142 -0.06043481
vt -0.06860036 -0.0604778
vt -0.06865402 -0.05995962
vt -0.06915209 -0.05992771
vt -0.009021548 -0.06947464
vt -0.008529006 -0.06901686
vt -0.008942198 -0.06869959
vt -0.00930778 -0.06903937
vt 0.02053869 -0.03653062
vt 0.02075071 -0.03589248
vt 0.02023589 -0.03581277
vt 0.02007853 -0.03628641
vt -0.0107099 0.005035155
vt -0.01071168 0.00553425
vt -0.01121895 0.005415679
vt -0.011218 0.005150117
vt -0.01715465 0.03259888
vt -0.01737572 0.03304634
vt -0.01777917 0.03271678
vt -0.01766155 0.03247869
vt -0.03601185 0.05087883
vt -0.03642122 0.05116434
vt -0.03661587 0.05068113
vt -0.03639805 0.05052921
vt -0.06257743 0.0522375
vt -0.0630761 0.0522581
vt -0.06298039 0.05174603
vt -0.06271505 0.05173506
vt -0.08495605 0.0391614
vt -0.08538608 0.03890806
vt -0.08502777 0.03852991
vt -0.08479895 0.03866471
vt -0.09653428 0.02410359
vt -0.09678479 0.02367191
vt -0.09628709 0.02351808
vt -0.09615378 0.02374777
vt -0.100177 0.01228963
vt -0.1002103 0.01179164
vt -0.09969597 0.01187425
vt -0.09967824 0.01213922
vt -0.09837745 -0.0003620787
vt -0.0981864 -0.0008231619
vt -0.09776209 -0.0005209463
vt -0.09786374 -0.0002756104
vt -0.08890815 -0.0186367
vt -0.08851241 -0.01894081
vt -0.08829565 -0.0184671
vt -0.08850622 -0.01830529
vt -0.06692743 -0.03751116
vt -0.06642884 -0.03753351
vt -0.06652274 -0.0370211
vt -0.06678803 -0.03700921
vt -0.03802072 -0.04031918
vt -0.03760158 -0.04004822
vt -0.03797527 -0.03968526
vt -0.03819828 -0.03982944
vt -0.01744522 -0.02271348
vt -0.01722303 -0.02226656
vt -0.01772962 -0.02214511
vt -0.01784785 -0.0223829
vt -0.04781 0.006338009
vt -0.04780363 0.006603496
vt -0.04831041 0.006482831
vt -0.04984458 0.01524584
vt -0.04996976 0.01548004
vt -0.05035143 0.01512549
vt -0.05585311 0.02155975
vt -0.05607793 0.0217011
vt -0.05623364 0.02120397
vt -0.06396889 0.02354781
vt -0.06423427 0.02355764
vt -0.06412024 0.02304934
vt -0.07175931 0.02125216
vt -0.07199392 0.02112772
vt -0.0716406 0.02074492
vt -0.07724766 0.0160253
vt -0.07738953 0.01580081
vt -0.07689277 0.01564394
vt -0.07944119 0.009327062
vt -0.07945409 0.00906181
vt -0.0789445 0.009169958
vt -0.07803223 0.002178054
vt -0.07791221 0.001941156
vt -0.07752286 0.002287257
vt -0.07309574 -0.004284185
vt -0.07287283 -0.004428539
vt -0.07271047 -0.00393354
vt -0.06542176 -0.008211398
vt -0.06515639 -0.008221481
vt -0.06526995 -0.007713063
vt -0.05698238 -0.007686385
vt -0.05674925 -0.007559189
vt -0.05710709 -0.00718059
vt -0.05042694 -0.002279328
vt -0.05028983 -0.002051899
vt -0.05078978 -0.001905525
vt -0.09725535 -0.03757562
vt -0.09776968 -0.03749283
vt -0.09774366 -0.03775712
vt -0.09999552 -0.03474095
vt -0.1003821 -0.03439173
vt -0.100504 -0.03462766
vt -0.1080209 -0.0001876927
vt -0.1080089 0.0003331137
vt -0.1082672 0.0002713346
vt -0.09815399 0.04876761
vt -0.09771537 0.04904868
vt -0.09791092 0.04922837
vt -0.08864987 0.06546792
vt -0.08813251 0.06540698
vt -0.08816968 0.06566992
vt -0.09041886 0.06305073
vt -0.08999042 0.0627544
vt -0.08990001 0.0630041
vt -0.09681983 0.05269504
vt -0.09654353 0.05225341
vt -0.09636173 0.052447
vt -0.1032555 0.03851829
vt -0.1031595 0.03800628
vt -0.1029196 0.03812014
vt -0.1072979 0.02241322
vt -0.107389 0.0219003
vt -0.1071243 0.02192206
vt -0.1079093 0.00539909
vt -0.1081748 0.004950883
vt -0.1079194 0.004878244
vt -0.1052426 -0.01162605
vt -0.105651 -0.01194946
vt -0.1054386 -0.01210875
vt -0.1006935 -0.02708407
vt -0.1011939 -0.02722899
vt -0.1010574 -0.02745681
vt -0.03389291 -0.07974634
vt -0.03409064 -0.07956906
vt -0.03451649 -0.07986912
vt -0.03414488 -0.0802023
vt 0.01907462 -0.0943745
vt 0.01887597 -0.09419826
vt 0.01845169 -0.09450053
vt 0.01882503 -0.09483176
vt 0.09879477 -0.0396621
vt 0.09853619 -0.03960159
vt 0.09830681 -0.04006932
vt 0.09879278 -0.04018304
vt 0.06871761 0.0861957
vt 0.06849852 0.08604562
vt 0.06868909 0.08556078
vt 0.06910086 0.08584284
vt 0.005316342 0.1071024
vt 0.005123184 0.1069201
vt 0.005386656 0.1064707
vt 0.005749679 0.1068132
vt -0.03850385 0.09515203
vt -0.03871246 0.09498769
vt -0.03849002 0.09451663
vt -0.03809796 0.09482548
vt -0.07135883 0.07363705
vt -0.07159242 0.07351071
vt -0.07145359 0.0730086
vt -0.0710146 0.07324604
vt -0.09452074 0.0501191
vt -0.0947756 0.0500445
vt -0.09474505 0.04952445
vt -0.09426606 0.04966465
vt -0.1065838 0.02712048
vt -0.106849 0.02710618
vt -0.1069383 0.02659293
vt -0.1064399 0.02661982
vt -0.1062234 0.003573732
vt -0.1064846 0.003621425
vt -0.1066907 0.003142959
vt -0.1061997 0.003053326
vt -0.0934836 -0.0227123
vt -0.09372791 -0.02260821
vt -0.09403433 -0.02302951
vt -0.09357516 -0.02322513
vt -0.06939761 -0.05185638
vt -0.06961747 -0.05170743
vt -0.0699989 -0.05206225
vt -0.06958569 -0.05234219
vt 0.0007957855 -0.06067479
vt 0.0003505029 -0.06044935
vt 4.11557E-05 -0.06086851
vt 0.0006410845 -0.06117224
vt 0.05892086 -0.06135751
vt 0.05845502 -0.06117836
vt 0.05818974 -0.0616267
vt 0.05881737 -0.06186806
vt 0.1045385 -0.01413879
vt 0.1040411 -0.01409747
vt 0.1039122 -0.01460221
vt 0.1045823 -0.01465789
vt 0.09431924 0.05605314
vt 0.09383674 0.05592546
vt 0.09388438 0.0554067
vt 0.09453443 0.05557873
vt 0.04391478 0.08819245
vt 0.04346387 0.08797848
vt 0.0436058 0.08747724
vt 0.0442133 0.08776552
vt -0.009427297 0.08324556
vt -0.009873828 0.08302261
vt -0.009721901 0.08252431
vt -0.009120291 0.08282469
vt -0.05479151 0.06300408
vt -0.05525525 0.06281956
vt -0.05514587 0.06231023
vt -0.05452107 0.06255882
vt -0.088424 0.04212876
vt -0.08891 0.0420152
vt -0.08887752 0.04149527
vt -0.08822273 0.04164827
vt -0.1061002 0.02577253
vt -0.1065988 0.02575037
vt -0.1066625 0.02523334
vt -0.1059908 0.0252632
vt -0.10462 0.01046419
vt -0.1051136 0.01053759
vt -0.1052749 0.01004223
vt -0.1046098 0.009943347
vt -0.08431301 -0.01007213
vt -0.08478729 -0.009916708
vt -0.08502961 -0.01037787
vt -0.0843906 -0.01058726
vt -0.04822085 -0.03678297
vt -0.04867356 -0.03657284
vt -0.04896844 -0.0370023
vt -0.04835851 -0.0372854
vt 0.01915366 -0.02864693
vt 0.01852656 -0.02840421
vt 0.01829625 -0.02887148
vt 0.01900936 -0.02914749
vt 0.07176535 -0.03008659
vt 0.07111579 -0.02991268
vt 0.07093705 -0.030402
vt 0.0716757 -0.03059976
vt 0.1055885 -0.0001289215
vt 0.1049171 -9.205793E-05
vt 0.1048426 -0.0006076443
vt 0.1056062 -0.0006495671
vt 0.09968387 0.04253466
vt 0.0990219 0.0424165
vt 0.09906767 0.04189757
vt 0.09982044 0.04203194
vt 0.05999494 0.06375007
vt 0.05935962 0.06352976
vt 0.05948606 0.06302439
vt 0.06020852 0.06327492
vt 0.00809232 0.05712574
vt 0.007468529 0.05687464
vt 0.007619515 0.05637606
vt 0.008328862 0.05666159
vt -0.04247075 0.03817047
vt -0.04310567 0.03794901
vt -0.04297831 0.03744388
vt -0.04225631 0.03769571
vt -0.08331919 0.02363698
vt -0.0839764 0.02349472
vt -0.08391168 0.02297781
vt -0.08316433 0.02313958
vt -0.1057061 0.02013255
vt -0.1063779 0.02010424
vt -0.1064021 0.01958385
vt -0.1056381 0.01961606
vt -0.1031118 0.02033978
vt -0.1037778 0.02043287
vt -0.1038953 0.01992534
vt -0.103138 0.01981949
vt -0.07667519 0.01188586
vt -0.07732002 0.01207657
vt -0.07751141 0.01159206
vt -0.07677814 0.01137519
vt -0.03341534 -0.008161929
vt -0.03404181 -0.007917603
vt -0.03427332 -0.008384287
vt -0.03356091 -0.008662119
vt 0.0319194 0.005852181
vt 0.03119681 0.006102317
vt 0.0310264 0.005610033
vt 0.03174899 0.0053599
vt 0.07877412 -0.001415977
vt 0.07802825 -0.001247533
vt 0.07791349 -0.001755682
vt 0.07865937 -0.001924125
vt 0.1060942 0.01121445
vt 0.1053303 0.01124881
vt 0.1053069 0.0107284
vt 0.1060708 0.01069403
vt 0.1021794 0.0312583
vt 0.1014229 0.03114642
vt 0.1014992 0.03063108
vt 0.1022556 0.03074296
vt 0.06971309 0.03767587
vt 0.06898092 0.03745536
vt 0.06913114 0.03695655
vt 0.06986332 0.03717706
vt 0.02146521 0.02507304
vt 0.02074894 0.02480534
vt 0.02093131 0.02431737
vt 0.02164759 0.02458506
vt -0.03119681 0.006102287
vt -0.03191941 0.005852154
vt -0.031749 0.00535987
vt -0.03102641 0.005610006
vt -0.07802825 -0.001247559
vt -0.07877412 -0.001416006
vt -0.07865937 -0.001924151
vt -0.07791349 -0.001755708
vt -0.1053303 0.0112488
vt -0.1060942 0.01121443
vt -0.1060708 0.01069401
vt -0.1053069 0.01072838
vt -0.1014229 0.03114643
vt -0.1021794 0.03125831
vt -0.1022556 0.03074297
vt -0.1014992 0.03063109
vt -0.06898091 0.0374554
vt -0.06971309 0.03767591
vt -0.06986331 0.0371771
vt -0.06913114 0.03695659
vt -0.02074892 0.02480536
vt -0.0214652 0.02507306
vt -0.02164757 0.02458508
vt -0.0209313 0.02431738
vt 0.04312814 0.03787351
vt 0.04240614 0.03812534
vt 0.04227879 0.03762021
vt 0.04291371 0.03739875
vt 0.08400795 0.02342255
vt 0.0832606 0.02358433
vt 0.08319589 0.02306742
vt 0.0838531 0.02292516
vt 0.1064213 0.02003849
vt 0.1056573 0.0200707
vt 0.1056815 0.01955032
vt 0.1063534 0.019522
vt 0.1038323 0.02037601
vt 0.103075 0.02027017
vt 0.1031925 0.01976264
vt 0.1038585 0.01985573
vt 0.07738234 0.01202842
vt 0.07664908 0.01181155
vt 0.07684048 0.01132704
vt 0.07748529 0.01151775
vt 0.03410799 -0.007960343
vt 0.03339559 -0.008238174
vt 0.0336271 -0.008704858
vt 0.03425357 -0.008460535
vt -0.01846052 -0.02844712
vt -0.01917363 -0.02872314
vt -0.01894332 -0.02919041
vt -0.01831622 -0.02894769
vt -0.07105476 -0.02996244
vt -0.07179341 -0.0301602
vt -0.07161467 -0.03064952
vt -0.0709651 -0.03047561
vt -0.1048676 -0.0001533062
vt -0.1056311 -0.0001952292
vt -0.1055566 -0.0007108157
vt -0.1048852 -0.0006739519
vt -0.09898771 0.04234552
vt -0.09974048 0.0424799
vt -0.09978627 0.04196096
vt -0.0991243 0.04184281
vt -0.05933699 0.0634543
vt -0.06005944 0.06370483
vt -0.06018588 0.06319946
vt -0.05955056 0.06297915
vt -0.007449583 0.05679818
vt -0.00815893 0.05708371
vt -0.008309918 0.05658513
vt -0.007686126 0.05633404
vt 0.0552992 0.0626957
vt 0.05467442 0.06294431
vt 0.05456503 0.06243497
vt 0.05502877 0.06225045
vt 0.0889719 0.04189926
vt 0.0883171 0.04205225
vt 0.08828462 0.04153232
vt 0.08877062 0.04141876
vt 0.106681 0.02564779
vt 0.1060092 0.02567765
vt 0.106073 0.02516062
vt 0.1065716 0.02513846
vt 0.1052139 0.01045258
vt 0.1045488 0.01035369
vt 0.1047101 0.009858336
vt 0.1052037 0.009931732
vt 0.08490043 -0.009983646
vt 0.08426143 -0.01019304
vt 0.08450375 -0.0106542
vt 0.08497803 -0.01049878
vt 0.04879381 -0.03662601
vt 0.04818388 -0.03690911
vt 0.04847876 -0.03733856
vt 0.04893147 -0.03712844
vt -0.0002285526 -0.0604984
vt -0.0008284816 -0.06080212
vt -0.0005191342 -0.06122127
vt -7.385169E-05 -0.06099584
vt -0.05833869 -0.06123948
vt -0.05896631 -0.06148084
vt -0.05870103 -0.06192919
vt -0.0582352 -0.06175004
vt -0.1039465 -0.01418877
vt -0.1046166 -0.01424445
vt -0.1044877 -0.01474919
vt -0.1039904 -0.01470787
vt -0.09377825 0.05580774
vt -0.09442831 0.05597977
vt -0.09447594 0.05546101
vt -0.09399345 0.05533332
vt -0.04342796 0.08785203
vt -0.04403546 0.08814032
vt -0.04417739 0.08763908
vt -0.04372648 0.08742511
vt 0.00990724 0.08289547
vt 0.009305627 0.08319584
vt 0.009153703 0.08269755
vt 0.009600234 0.0824746
vt 0.07165327 0.07337783
vt 0.07121427 0.07361527
vt 0.07107545 0.07311316
vt 0.07130904 0.07298683
vt 0.09486296 0.04992733
vt 0.09438396 0.05006753
vt 0.09435342 0.04954748
vt 0.09460828 0.04947288
vt 0.1069609 0.02701207
vt 0.1064625 0.02703897
vt 0.1065517 0.02652572
vt 0.1068169 0.02651141
vt 0.1066153 0.0035559
vt 0.1061243 0.003466267
vt 0.1063303 0.002987802
vt 0.1065916 0.003035494
vt 0.0938698 -0.02264332
vt 0.09341065 -0.02283894
vt 0.09371705 -0.02326024
vt 0.09396137 -0.02315615
vt 0.06976348 -0.05171472
vt 0.06935028 -0.05199464
vt 0.0697317 -0.05234947
vt 0.06995156 -0.05220053
vt 0.03423626 -0.0795566
vt 0.03386464 -0.07988976
vt 0.0342905 -0.08018982
vt 0.03448822 -0.08001254
vt -0.01873024 -0.09418654
vt -0.01910358 -0.09451778
vt -0.01867929 -0.09482005
vt -0.01848065 -0.09464381
vt -0.09840248 -0.03966057
vt -0.09888844 -0.03977429
vt -0.09865906 -0.04024202
vt -0.09840049 -0.04018151
vt -0.06845184 0.08590712
vt -0.0688636 0.08618917
vt -0.06905417 0.08570434
vt -0.06883509 0.08555426
vt -0.005098505 0.106776
vt -0.005461529 0.1071185
vt -0.005725001 0.1066691
vt -0.005531843 0.1064869
vt 0.03874981 0.09484635
vt 0.03835775 0.09515519
vt 0.03813531 0.09468414
vt 0.03834392 0.0945198
vt 0.09688521 0.05257431
vt 0.09670341 0.05276789
vt 0.09642711 0.05232626
vt 0.1033605 0.03842978
vt 0.1031206 0.03854364
vt 0.1030245 0.03803162
vt 0.1074274 0.02236744
vt 0.1071627 0.0223892
vt 0.1072538 0.02187628
vt 0.1080466 0.005401759
vt 0.1077912 0.005329121
vt 0.1080567 0.004880914
vt 0.1053699 -0.01157442
vt 0.1051574 -0.01173372
vt 0.1055658 -0.01205713
vt 0.1007917 -0.02698808
vt 0.1006553 -0.02721591
vt 0.1011557 -0.02736082
vt 0.09730323 -0.03744684
vt 0.09727721 -0.03771112
vt 0.09779154 -0.03762834
vt 0.09996571 -0.03460682
vt 0.1000876 -0.03484275
vt 0.1004742 -0.03449354
vt 0.1078999 -0.0001227192
vt 0.1081582 -0.0001845018
vt 0.1081462 0.0003363046
vt 0.09803252 0.04870356
vt 0.09822807 0.04888324
vt 0.09778945 0.04916432
vt 0.08859663 0.06534134
vt 0.08863381 0.06560428
vt 0.08811645 0.06554334
vt 0.09043111 0.06291404
vt 0.0903407 0.06316374
vt 0.08991226 0.06286741
vt 0.01238901 0.1015258
vt 0.01188367 0.1016523
vt 0.01188695 0.1013868
vt 0.008734578 0.09566034
vt 0.00834936 0.09601103
vt 0.008226542 0.09577557
vt -0.0008243871 0.09055877
vt -0.001012882 0.09104441
vt -0.001227782 0.0908884
vt -0.01367673 0.08713831
vt -0.01363625 0.08765768
vt -0.01389753 0.08761014
vt -0.02728276 0.08600297
vt -0.02702284 0.08645444
vt -0.02727915 0.08652391
vt -0.03921376 0.08713896
vt -0.03878343 0.08743255
vt -0.03898407 0.08760653
vt -0.04726533 0.09016519
vt -0.04674894 0.09023392
vt -0.04684991 0.09047954
vt -0.04930436 0.09493762
vt -0.04881854 0.09474955
vt -0.04878896 0.09501345
vt -0.04301963 0.1014288
vt -0.04270833 0.1010111
vt -0.04254288 0.1012188
vt -0.02737618 0.1078552
vt -0.02737093 0.1073343
vt -0.02711483 0.1074046
vt -0.00731515 0.1100975
vt -0.007630335 0.1096827
vt -0.007384921 0.1095812
vt 0.007462675 0.1070533
vt 0.006965404 0.1068981
vt 0.007106554 0.1066731
vt 0.0683972 0.08214753
vt 0.06849258 0.08239538
vt 0.06806071 0.0826867
vt 0.06788145 0.0822209
vt 0.05076988 0.07336734
vt 0.05094321 0.07356854
vt 0.05063477 0.07398836
vt 0.05030902 0.07361023
vt 0.02511872 0.06224264
vt 0.02535019 0.06237281
vt 0.02520312 0.06287257
vt 0.02476809 0.06262792
vt -0.006139914 0.05420588
vt -0.005877315 0.05424546
vt -0.005837524 0.05476489
vt -0.006331046 0.0546905
vt -0.03825141 0.05339013
vt -0.03799223 0.05333229
vt -0.03776769 0.05380236
vt -0.0382548 0.05391106
vt -0.06576468 0.05810537
vt -0.06554248 0.05795994
vt -0.06516676 0.0583208
vt -0.06558435 0.05859412
vt -0.08559557 0.06256853
vt -0.08543564 0.06235651
vt -0.08496002 0.06256904
vt -0.08526058 0.06296749
vt -0.09733261 0.06309575
vt -0.09725431 0.06284199
vt -0.09673477 0.06288009
vt -0.09688191 0.06335701
vt -0.0999773 0.06489317
vt -0.1000086 0.06462946
vt -0.09951816 0.06445371
vt -0.09945939 0.06494935
vt -0.06959205 0.09717011
vt -0.06980498 0.0970114
vt -0.0695952 0.09653457
vt -0.06919503 0.09683284
vt 0.05141455 0.107502
vt 0.05124272 0.1077045
vt 0.05078008 0.107465
vt 0.05110302 0.1070845
vt 0.07532545 0.08855533
vt 0.07531859 0.0888208
vt 0.07480807 0.08892442
vt 0.07482095 0.08842549
vt 0.1002243 0.05215127
vt 0.1005178 0.05255497
vt 0.1001532 0.05292712
vt 0.09975784 0.05238322
vt 0.07763924 0.04645706
vt 0.0780068 0.04679469
vt 0.07772313 0.04723162
vt 0.07722791 0.04677673
vt 0.04400826 0.02877387
vt 0.04445248 0.02900141
vt 0.04429542 0.02949812
vt 0.04369694 0.02919155
vt -0.0002370875 0.01488977
vt 0.0002568962 0.01496103
vt 0.0002693353 0.01548182
vt -0.0003962035 0.01538582
vt -0.04657261 0.0169462
vt -0.04608442 0.01684244
vt -0.04589285 0.01732689
vt -0.0465506 0.01746668
vt -0.08311128 0.03017233
vt -0.08268063 0.02992006
vt -0.08234621 0.03031949
vt -0.08292641 0.03065937
vt -0.1055475 0.03822405
vt -0.105195 0.03787079
vt -0.1047702 0.03817231
vt -0.1052452 0.03864827
vt -0.1161519 0.02857111
vt -0.1158704 0.02815897
vt -0.1153973 0.02837713
vt -0.1157766 0.0289324
vt -0.1162278 -0.004661868
vt -0.1159837 -0.005097184
vt -0.1154932 -0.004921508
vt -0.1158222 -0.004335011
vt -0.0783817 -0.08126391
vt -0.07801522 -0.08160271
vt -0.07760288 -0.08128435
vt -0.07809664 -0.08082788
vt 0.1124187 -0.02734027
vt 0.1127294 -0.02694965
vt 0.1123813 -0.02656207
vt 0.1119627 -0.02708835
vt 0.1141046 0.03467398
vt 0.1143509 0.03510808
vt 0.1139469 0.03543694
vt 0.1136151 0.03485208
vt 0.1136454 0.0302553
vt 0.114115 0.03073652
vt 0.1137759 0.03113196
vt 0.1132418 0.03058472
vt 0.09554642 0.02409943
vt 0.09605987 0.02453363
vt 0.09576003 0.02495962
vt 0.09517615 0.02446587
vt 0.06050915 -0.002779141
vt 0.06110368 -0.002464964
vt 0.06090201 -0.001984638
vt 0.06022594 -0.002341906
vt 0.00577224 -0.02528153
vt 0.006436624 -0.02517783
vt 0.006402167 -0.02465803
vt 0.005646656 -0.02477595
vt -0.05462245 -0.01829372
vt -0.05396696 -0.01844373
vt -0.05380625 -0.0179482
vt -0.05455164 -0.01777761
vt -0.09631938 0.008349936
vt -0.09574147 0.008006176
vt -0.09543656 0.008428568
vt -0.09609375 0.008819478
vt -0.1149968 0.02395337
vt -0.1144954 0.02350524
vt -0.1141153 0.02386137
vt -0.1146854 0.02437097
vt -0.1164184 0.01139245
vt -0.1159505 0.01090951
vt -0.1155458 0.01123747
vt -0.1160778 0.01178664
vt -0.09767561 -0.03229339
vt -0.0971664 -0.03273257
vt -0.09679259 -0.03236976
vt -0.09737162 -0.03187033
vt -0.029187 -0.08844988
vt -0.02854306 -0.08864355
vt -0.02834946 -0.08815992
vt -0.02908172 -0.08793969
vt 0.07984192 -0.06237365
vt 0.08045901 -0.06210651
vt 0.08029519 -0.061612
vt 0.07959346 -0.06191577
vt 0.1156371 0.002206306
vt 0.1161306 0.002662975
vt 0.1158121 0.003075173
vt 0.1152508 0.002555868
vt 0.1172024 0.02076693
vt 0.1177706 0.02127869
vt 0.1174219 0.02166576
vt 0.1168537 0.021154
vt 0.1080621 0.01096226
vt 0.108637 0.01146645
vt 0.1082935 0.01185811
vt 0.1077186 0.01135392
vt 0.07749538 -0.02616711
vt 0.07814577 -0.02576499
vt 0.07787181 -0.0253219
vt 0.07722142 -0.02572401
vt 0.01371876 -0.06152321
vt 0.01446944 -0.06137767
vt 0.01437029 -0.06086625
vt 0.01361961 -0.06101178
vt -0.06448596 -0.04725973
vt -0.0637501 -0.04746759
vt -0.06360848 -0.04696626
vt -0.06434435 -0.0467584
vt -0.1074597 -0.002899629
vt -0.1068283 -0.003330955
vt -0.1065345 -0.002900799
vt -0.1071659 -0.002469473
vt -0.1177706 0.02127869
vt -0.1172024 0.02076693
vt -0.1168537 0.021154
vt -0.1174219 0.02166576
vt -0.108637 0.01146644
vt -0.1080621 0.01096226
vt -0.1077186 0.01135392
vt -0.1082935 0.01185811
vt -0.07814576 -0.02576497
vt -0.07749536 -0.02616708
vt -0.07722141 -0.02572399
vt -0.0778718 -0.02532187
vt -0.01446945 -0.06137763
vt -0.01371876 -0.06152317
vt -0.01361961 -0.06101174
vt -0.01437029 -0.06086621
vt 0.06375007 -0.04746755
vt 0.06448594 -0.04725969
vt 0.06434433 -0.04675836
vt 0.06360846 -0.04696622
vt 0.1068284 -0.003330941
vt 0.1074597 -0.002899615
vt 0.1071659 -0.002469459
vt 0.1065345 -0.002900785
vt 0.1144185 0.0235221
vt 0.1149886 0.0240317
vt 0.1146084 0.02438784
vt 0.1141071 0.02393971
vt 0.1158726 0.01092083
vt 0.1164047 0.01147
vt 0.1159999 0.01179795
vt 0.115532 0.01131502
vt 0.09708978 -0.03271434
vt 0.09766881 -0.03221491
vt 0.09729499 -0.0318521
vt 0.09678579 -0.03229129
vt 0.0284805 -0.08859567
vt 0.02921276 -0.08837546
vt 0.02901916 -0.08789182
vt 0.02837522 -0.08808549
vt -0.08047596 -0.06202959
vt -0.07977423 -0.06233336
vt -0.07961041 -0.06183885
vt -0.0802275 -0.06157171
vt -0.1161211 0.002741152
vt -0.1155598 0.002221846
vt -0.1152413 0.002634045
vt -0.1157349 0.003090716
vt -0.1141015 0.03081413
vt -0.1135674 0.0302669
vt -0.1132283 0.03066233
vt -0.113698 0.03114356
vt -0.09605384 0.02461215
vt -0.09546997 0.0241184
vt -0.09517011 0.0245444
vt -0.09568357 0.0249786
vt -0.06111463 -0.002386952
vt -0.06043855 -0.002744219
vt -0.06023688 -0.002263894
vt -0.06083141 -0.001949717
vt -0.006472345 -0.02510762
vt -0.005716834 -0.02522554
vt -0.005682377 -0.02470574
vt -0.006346761 -0.02460204
vt 0.05390776 -0.01839178
vt 0.05465315 -0.0182212
vt 0.05449244 -0.01772566
vt 0.05383695 -0.01787568
vt 0.09566919 0.008037481
vt 0.09632638 0.008428391
vt 0.09602147 0.008850784
vt 0.09544355 0.008507024
vt 0.1050638 0.03787925
vt 0.1055388 0.0383552
vt 0.105114 0.03865673
vt 0.1047614 0.03830346
vt 0.1157399 0.02814314
vt 0.1161191 0.02869841
vt 0.115646 0.02891657
vt 0.1153646 0.02850443
vt 0.1158551 -0.005124454
vt 0.116184 -0.004537958
vt 0.1156935 -0.004362282
vt 0.1154494 -0.004797597
vt 0.07788454 -0.08158895
vt 0.07837829 -0.08113247
vt 0.07796595 -0.08081411
vt 0.07759947 -0.08115292
vt -0.112706 -0.02682025
vt -0.1122874 -0.02734653
vt -0.1119393 -0.02695895
vt -0.11225 -0.02656833
vt -0.1143077 0.03523224
vt -0.1139759 0.03464738
vt -0.1135719 0.03497624
vt -0.1138182 0.03541034
vt -0.1004888 0.05268319
vt -0.1000934 0.05213929
vt -0.09972885 0.05251144
vt -0.1000223 0.05291514
vt -0.07800376 0.04692609
vt -0.07750855 0.0464712
vt -0.07722488 0.04690813
vt -0.07759243 0.04724576
vt -0.04448456 0.02912887
vt -0.04388607 0.02882231
vt -0.04372902 0.02931901
vt -0.04417323 0.02954655
vt -0.0003285826 0.01507123
vt 0.0003369561 0.01497522
vt 0.0003245171 0.01549602
vt -0.0001694667 0.01556727
vt 0.04597909 0.01692108
vt 0.04663684 0.01706087
vt 0.04644527 0.01754532
vt 0.04595708 0.01744156
vt 0.08255592 0.02996153
vt 0.08313613 0.03030141
vt 0.08280171 0.03070084
vt 0.08237106 0.03044857
vt 0.0852951 0.06231625
vt 0.08559567 0.0627147
vt 0.08512005 0.06292722
vt 0.08496012 0.06271521
vt 0.09713586 0.06275634
vt 0.09728301 0.06323326
vt 0.09676345 0.06327136
vt 0.09668516 0.06301761
vt 0.09993501 0.06450315
vt 0.09987624 0.06499878
vt 0.09938583 0.06482303
vt 0.09941711 0.06455932
vt 0.06984609 0.09687109
vt 0.06944592 0.09716935
vt 0.06923614 0.09669252
vt 0.06944907 0.09653382
vt -0.05110012 0.1077366
vt -0.05142307 0.1073561
vt -0.05096043 0.1071166
vt -0.05078859 0.1073191
vt -0.07522769 0.08893526
vt -0.07524057 0.08843632
vt -0.07473004 0.08853994
vt -0.07472318 0.08880542
vt -0.06845246 0.08253593
vt -0.0682732 0.08207013
vt -0.06784133 0.08236145
vt -0.06793671 0.0826093
vt -0.05095279 0.0737144
vt -0.05062705 0.07333627
vt -0.05031861 0.0737561
vt -0.05049194 0.07395729
vt -0.02540887 0.06250668
vt -0.02497384 0.06226204
vt -0.02482677 0.0627618
vt -0.02505824 0.06289197
vt 0.005774974 0.05434983
vt 0.006268496 0.05427545
vt 0.006228706 0.05479487
vt 0.005966106 0.05483445
vt 0.03785914 0.05339271
vt 0.03834625 0.05350141
vt 0.03812172 0.05397148
vt 0.03786253 0.05391364
vt 0.06539663 0.05796958
vt 0.06581424 0.05824291
vt 0.06543851 0.05860375
vt 0.0652163 0.05845832
vt 0.04718243 0.09005569
vt 0.04728341 0.09030132
vt 0.04676702 0.09037004
vt 0.04928431 0.09480176
vt 0.04925472 0.09506567
vt 0.04876891 0.0948776
vt 0.04307503 0.1013031
vt 0.04290957 0.1015108
vt 0.04259827 0.1010931
vt 0.02749496 0.1077863
vt 0.02723886 0.1078566
vt 0.02723361 0.1073357
vt 0.007451191 0.1101158
vt 0.007205778 0.1100144
vt 0.007520963 0.1095996
vt -0.00736241 0.1071472
vt -0.007503559 0.1069223
vt -0.007006289 0.106767
vt -0.01235233 0.1016581
vt -0.01235561 0.1013926
vt -0.01185027 0.1015191
vt -0.008764924 0.09579428
vt -0.008642105 0.09555882
vt -0.008256888 0.09590952
vt 0.0007375262 0.09066515
vt 0.0009524263 0.09050912
vt 0.001140922 0.09099477
vt 0.01355233 0.0871965
vt 0.0138136 0.08714896
vt 0.01377313 0.08766834
vt 0.02714544 0.08600201
vt 0.02740175 0.08607148
vt 0.02714183 0.08652295
vt 0.03909044 0.08707838
vt 0.03929108 0.08725236
vt 0.03886075 0.08754595
vt -0.06334888 0.01438467
vt -0.06376345 0.01406921
vt -0.06355409 0.01390584
vt -0.05817065 0.007543447
vt -0.05868681 0.007473054
vt -0.05858504 0.007227764
vt -0.05697986 -0.001244771
vt -0.05746388 -0.001052146
vt -0.05749594 -0.001315768
vt -0.06026796 -0.008976193
vt -0.06059154 -0.008567935
vt -0.06075074 -0.008780487
vt -0.06708705 -0.01290253
vt -0.06715754 -0.01238638
vt -0.06740282 -0.01248819
vt -0.07518213 -0.01190996
vt -0.07497589 -0.01143159
vt -0.07523849 -0.01139207
vt -0.08199345 -0.007096939
vt -0.08157079 -0.006792416
vt -0.08177581 -0.006623634
vt -0.08593282 -0.000623422
vt -0.08541433 -0.0005729951
vt -0.08550656 -0.0003239613
vt -0.08655214 0.00592141
vt -0.08607642 0.005709127
vt -0.08603359 0.005971214
vt -0.08390746 0.01175122
vt -0.08359748 0.01133254
vt -0.08343138 0.01153974
vt -0.07833073 0.01600726
vt -0.07826839 0.01549006
vt -0.07802154 0.01558799
vt -0.07083154 0.0172842
vt -0.07103486 0.01680457
vt -0.07077201 0.01676667
vt -0.0415023 0.04177429
vt -0.04170522 0.0419456
vt -0.04212194 0.04163299
vt -0.04174057 0.04131103
vt -0.02495386 0.02130148
vt -0.0250538 0.02154752
vt -0.02556812 0.02146464
vt -0.02538029 0.02100224
vt -0.02045659 -0.006942207
vt -0.02043946 -0.006677196
vt -0.02093856 -0.006527924
vt -0.02097076 -0.007025982
vt -0.02936211 -0.03304116
vt -0.02922527 -0.03281358
vt -0.02960019 -0.03245189
vt -0.02985738 -0.03287963
vt -0.05218574 -0.045468
vt -0.05194842 -0.04534882
vt -0.05207191 -0.04484272
vt -0.05251793 -0.0450667
vt -0.08033641 -0.0355248
vt -0.08007511 -0.0355722
vt -0.07986961 -0.0350935
vt -0.0803607 -0.03500442
vt -0.09793238 -0.0142401
vt -0.0977452 -0.01442848
vt -0.09730276 -0.01415347
vt -0.09765455 -0.01379943
vt -0.103987 0.001506951
vt -0.1039157 0.001251153
vt -0.1033953 0.001275092
vt -0.1035294 0.001755836
vt -0.1043378 0.01108798
vt -0.1043859 0.01082681
vt -0.1039077 0.01062007
vt -0.1038174 0.01111092
vt -0.1001196 0.02124205
vt -0.1002791 0.02102977
vt -0.09994348 0.02063137
vt -0.09964358 0.02103032
vt -0.08807157 0.03536597
vt -0.08831529 0.03526048
vt -0.08822076 0.03474817
vt -0.08776273 0.03494645
vt -0.06604318 0.04622142
vt -0.0663055 0.04626281
vt -0.06649996 0.04577953
vt -0.06600697 0.04570173
vt -0.01349911 0.06775074
vt -0.01384161 0.06811377
vt -0.01427472 0.06782429
vt -0.01381327 0.06733519
vt 0.01108365 0.03456564
vt 0.01091977 0.03503706
vt 0.01040611 0.03495025
vt 0.01062691 0.03431511
vt 0.01824479 -0.008378929
vt 0.01824519 -0.007879832
vt 0.01773158 -0.007792747
vt 0.01773103 -0.00846518
vt 0.009595043 -0.05030773
vt 0.009773284 -0.04984154
vt 0.009324422 -0.04957714
vt 0.009084282 -0.05020523
vt -0.02649307 -0.07668573
vt -0.02609347 -0.0763867
vt -0.02633185 -0.07592349
vt -0.02687023 -0.07632638
vt -0.08824597 -0.04779909
vt -0.08776397 -0.04792858
vt -0.08754699 -0.04745497
vt -0.08819639 -0.04728051
vt -0.1086602 -0.0005441902
vt -0.1083869 -0.000961818
vt -0.1079096 -0.0007530652
vt -0.1082778 -0.0001903973
vt -0.1093448 0.01291663
vt -0.1092684 0.01242342
vt -0.1087475 0.01241644
vt -0.1088504 0.01308094
vt -0.1092852 0.01185521
vt -0.1093743 0.01136415
vt -0.1088844 0.01118708
vt -0.1087642 0.01184868
vt -0.1086206 0.01582981
vt -0.1088806 0.01540376
vt -0.1084872 0.01506222
vt -0.108137 0.01563623
vt -0.09809487 0.04007177
vt -0.09853224 0.03983133
vt -0.09836072 0.03933943
vt -0.09777146 0.03966337
vt -0.05929796 0.07194763
vt -0.05978724 0.07204608
vt -0.05997353 0.07155958
vt -0.0593143 0.07142694
vt 0.02434752 0.08258206
vt 0.0240031 0.08315959
vt 0.02353382 0.08293343
vt 0.02392547 0.08227668
vt 0.04674067 0.04146364
vt 0.04657798 0.04211609
vt 0.04606334 0.04203529
vt 0.04624834 0.04129335
vt 0.0539239 -0.005137735
vt 0.05388247 -0.00446658
vt 0.05336171 -0.004452529
vt 0.05340883 -0.005215735
vt 0.05230915 -0.05041669
vt 0.05239128 -0.04974929
vt 0.0518819 -0.04964015
vt 0.0517885 -0.05039908
vt 0.02791666 -0.09137192
vt 0.02823521 -0.09077972
vt 0.02780007 -0.09049329
vt 0.02743783 -0.09116671
vt -0.1049308 -0.0273499
vt -0.1043678 -0.02771752
vt -0.1040455 -0.02730824
vt -0.1046857 -0.0268902
vt -0.1033803 0.0355234
vt -0.1032201 0.03487033
vt -0.1027052 0.03494916
vt -0.1028874 0.03569181
vt -0.1002096 0.02805735
vt -0.1001993 0.027385
vt -0.09967972 0.02734687
vt -0.09969147 0.02811144
vt -0.1016151 0.008163707
vt -0.1017199 0.0074995
vt -0.1012146 0.007373051
vt -0.1010953 0.008128358
vt -0.1060924 -0.003874903
vt -0.106342 -0.004499295
vt -0.1058773 -0.004734726
vt -0.1055935 -0.00402469
vt -0.1077491 0.02096587
vt -0.1082515 0.02051894
vt -0.1079411 0.02010059
vt -0.1073698 0.02060881
vt -0.04528693 0.09367423
vt -0.04592584 0.09388389
vt -0.04613145 0.09340524
vt -0.04540491 0.09316681
vt 0.07011004 0.07245786
vt 0.06997017 0.07320961
vt 0.06945801 0.07311432
vt 0.06959788 0.07236256
vt 0.07800288 0.03877078
vt 0.07790879 0.03952963
vt 0.0773918 0.03946552
vt 0.0774859 0.03870667
vt 0.0826125 0.00105965
vt 0.08252411 0.001819182
vt 0.08200666 0.001758965
vt 0.08209504 0.0009994328
vt 0.08765151 -0.03131036
vt 0.08754057 -0.03055379
vt 0.08702513 -0.03062938
vt 0.08713607 -0.03138595
vt 0.09844632 -0.0398749
vt 0.09821942 -0.03914468
vt 0.09772194 -0.03929926
vt 0.09794883 -0.04002948
vt -0.01837973 0.1083442
vt -0.01885861 0.107748
vt -0.01845248 0.1074218
vt -0.0179736 0.1080179
vt -0.06997015 0.07320961
vt -0.07011001 0.07245785
vt -0.06959786 0.07236256
vt -0.06945799 0.07311432
vt -0.07790877 0.03952963
vt -0.07800286 0.03877078
vt -0.07748588 0.03870667
vt -0.07739178 0.03946552
vt -0.08252408 0.001819178
vt -0.08261247 0.001059646
vt -0.08209501 0.0009994291
vt -0.08200663 0.001758962
vt -0.08754054 -0.03055381
vt -0.08765148 -0.03131039
vt -0.08713605 -0.03138597
vt -0.08702511 -0.0306294
vt -0.09821936 -0.0391448
vt -0.09844626 -0.03987502
vt -0.09794877 -0.04002959
vt -0.09772188 -0.03929937
vt 0.01885876 0.107748
vt 0.01837989 0.1083441
vt 0.01797375 0.1080179
vt 0.01845263 0.1074217
vt 0.1031471 0.03484079
vt 0.1033293 0.03558344
vt 0.1028143 0.03566227
vt 0.1026541 0.0350092
vt 0.1001347 0.02733988
vt 0.1001465 0.02810444
vt 0.09962692 0.02806632
vt 0.09961657 0.02739396
vt 0.101664 0.007443998
vt 0.1015448 0.008199306
vt 0.1010395 0.008072857
vt 0.1011443 0.00740865
vt 0.1062999 -0.004565824
vt 0.106016 -0.003855791
vt 0.1055513 -0.004091219
vt 0.1058009 -0.004715611
vt 0.1082436 0.02044058
vt 0.1076723 0.02094881
vt 0.1073618 0.02053046
vt 0.1078642 0.02008353
vt 0.04598961 0.09383758
vt 0.04526306 0.09359916
vt 0.04546867 0.0931205
vt 0.04610758 0.09333017
vt -0.02392465 0.08316648
vt -0.0243163 0.08250973
vt -0.02384702 0.08228357
vt -0.0235026 0.0828611
vt -0.04650486 0.04214536
vt -0.04668986 0.04140342
vt -0.04617523 0.04132261
vt -0.04601254 0.04197507
vt -0.05381588 -0.004424483
vt -0.053863 -0.005187688
vt -0.05334224 -0.005173638
vt -0.05330081 -0.004502483
vt -0.05233353 -0.04969572
vt -0.05224013 -0.05045466
vt -0.05173075 -0.05034551
vt -0.05181288 -0.04967811
vt -0.02820085 -0.09070885
vt -0.02783861 -0.09138227
vt -0.02740347 -0.09109584
vt -0.02772202 -0.09050365
vt 0.1042943 -0.02768922
vt 0.1049345 -0.02727118
vt 0.1046122 -0.0268619
vt 0.1040492 -0.02722951
vt 0.1082568 -0.0009802334
vt 0.108625 -0.0004175655
vt 0.1081477 -0.000208813
vt 0.1078744 -0.0006264405
vt 0.1091574 0.01235291
vt 0.1092604 0.01301741
vt 0.1087395 0.01301043
vt 0.1086631 0.01251722
vt 0.1092926 0.01126122
vt 0.1091724 0.01192282
vt 0.1086825 0.01174575
vt 0.1087717 0.01125469
vt 0.1088414 0.01527831
vt 0.1084911 0.01585232
vt 0.1080978 0.01551078
vt 0.1083577 0.01508473
vt 0.09856056 0.03970298
vt 0.0979713 0.04002692
vt 0.09779979 0.03953502
vt 0.09823715 0.03929458
vt 0.05989172 0.07196625
vt 0.0592325 0.07183363
vt 0.05941879 0.07134713
vt 0.05990807 0.07144557
vt 0.01397296 0.06810898
vt 0.01351151 0.06761988
vt 0.01394462 0.0673304
vt 0.01428713 0.06769343
vt -0.01079798 0.03508646
vt -0.01101878 0.03445131
vt -0.01050512 0.0343645
vt -0.01034123 0.03483592
vt -0.01814644 -0.007793084
vt -0.01814589 -0.008465515
vt -0.01763228 -0.008378432
vt -0.01763269 -0.007879335
vt -0.009711913 -0.04972528
vt -0.009471772 -0.05035337
vt -0.009022911 -0.05008897
vt -0.009201152 -0.04962279
vt 0.02608328 -0.07625566
vt 0.02662166 -0.07665854
vt 0.02686004 -0.07619534
vt 0.02646044 -0.07589631
vt 0.08765464 -0.0478556
vt 0.08830404 -0.04768114
vt 0.08808707 -0.04720753
vt 0.08760507 -0.04733702
vt 0.09760051 -0.01444935
vt 0.0979523 -0.01409531
vt 0.09750986 -0.0138203
vt 0.09732268 -0.01400868
vt 0.1037996 0.001162299
vt 0.1039337 0.001643042
vt 0.1034133 0.001666982
vt 0.103342 0.001411184
vt 0.1043206 0.01069605
vt 0.1042302 0.01118691
vt 0.1037521 0.01098017
vt 0.1038001 0.01071899
vt 0.100279 0.0208836
vt 0.09997911 0.02128254
vt 0.09964346 0.02088414
vt 0.09980304 0.02067186
vt 0.08838751 0.03513338
vt 0.08792949 0.03533165
vt 0.08783496 0.03481935
vt 0.08807867 0.03471386
vt 0.06643455 0.04619416
vt 0.06594156 0.04611636
vt 0.06613603 0.04563308
vt 0.06639835 0.04567447
vt 0.04185117 0.04195373
vt 0.04146979 0.04163177
vt 0.04188652 0.04131916
vt 0.04208943 0.04149047
vt 0.02517922 0.02162261
vt 0.02499139 0.02116021
vt 0.0255057 0.02107733
vt 0.02560565 0.02132337
vt 0.02051968 -0.006555007
vt 0.02055188 -0.007053065
vt 0.02105098 -0.006903792
vt 0.02103385 -0.006638781
vt 0.02924048 -0.03266818
vt 0.02949767 -0.03309592
vt 0.02987259 -0.03273424
vt 0.02973575 -0.03250665
vt 0.05188359 -0.04521781
vt 0.0523296 -0.04544179
vt 0.05245309 -0.0449357
vt 0.05221577 -0.04481652
vt 0.07994455 -0.03550649
vt 0.08043563 -0.03541742
vt 0.08023013 -0.03493872
vt 0.07996883 -0.03498612
vt 0.08186867 -0.007154322
vt 0.0820737 -0.00698554
vt 0.08165103 -0.006681018
vt 0.08585385 -0.0007358089
vt 0.08594608 -0.0004867751
vt 0.08542758 -0.0004363481
vt 0.08653904 0.005784737
vt 0.08649621 0.006046825
vt 0.08602048 0.005834541
vt 0.0839632 0.01162572
vt 0.08379709 0.01183292
vt 0.08348711 0.01141424
vt 0.07844121 0.01592574
vt 0.07819436 0.01602367
vt 0.07813203 0.01550647
vt 0.07096799 0.01726851
vt 0.07070515 0.01723061
vt 0.07090847 0.01675098
vt 0.06347513 0.01443875
vt 0.06326576 0.01427538
vt 0.06368033 0.01395992
vt 0.0582539 0.007652687
vt 0.05815213 0.007407397
vt 0.05866829 0.007337005
vt 0.05699862 -0.00110872
vt 0.05703068 -0.001372341
vt 0.0575147 -0.001179716
vt 0.06021635 -0.00884894
vt 0.06037555 -0.009061492
vt 0.06069914 -0.008653234
vt 0.06697784 -0.0128193
vt 0.06722311 -0.01292111
vt 0.06729359 -0.01240496
vt 0.07504557 -0.01189514
vt 0.07530818 -0.01185563
vt 0.07510193 -0.01137725
vt -0.04861848 0.05235587
vt -0.04903687 0.05204549
vt -0.04882951 0.05187958
vt -0.04266833 0.04651869
vt -0.04318657 0.04646562
vt -0.04309307 0.04621706
vt -0.04166347 0.03780474
vt -0.04213997 0.0380153
vt -0.04218185 0.03775306
vt -0.04556338 0.02912873
vt -0.04587717 0.02954457
vt -0.04604138 0.02933587
vt -0.05302285 0.02318763
vt -0.05309546 0.02370349
vt -0.05334032 0.02360068
vt -0.06185787 0.02148719
vt -0.06167053 0.02197328
vt -0.06193449 0.02200247
vt -0.06972434 0.02387029
vt -0.06932445 0.02420417
vt -0.06954099 0.02435791
vt -0.07487262 0.02906459
vt -0.07436096 0.0291625
vt -0.07447571 0.029402
vt -0.07636111 0.03576308
vt -0.075867 0.03559807
vt -0.07584986 0.03586308
vt -0.07376275 0.04301609
vt -0.07341799 0.04262555
vt -0.07327028 0.04284624
vt -0.06715371 0.04957884
vt -0.06706118 0.04906618
vt -0.06682049 0.04917841
vt -0.05781891 0.05334619
vt -0.05801163 0.0528622
vt -0.05774801 0.05283009
vt -0.01897982 0.07876603
vt -0.01916098 0.0789602
vt -0.01961184 0.07869924
vt -0.01927136 0.07833432
vt -0.002998678 0.05922606
vt -0.003057231 0.05948509
vt -0.003578169 0.05948705
vt -0.003468126 0.05900024
vt -0.003169178 0.03219395
vt -0.003108758 0.03245255
vt -0.003576565 0.03268176
vt -0.003690117 0.03219575
vt -0.01607682 0.00596614
vt -0.01591053 0.006173199
vt -0.01623326 0.006582137
vt -0.01654577 0.006192995
vt -0.03908714 -0.0104969
vt -0.03884337 -0.01039151
vt -0.03893767 -0.00987917
vt -0.03939579 -0.01007724
vt -0.0656104 -0.01057857
vt -0.06534657 -0.01060883
vt -0.06517271 -0.01011775
vt -0.06566856 -0.01006088
vt -0.08604597 0.001737236
vt -0.08583058 0.00158189
vt -0.08543889 0.00192535
vt -0.08584368 0.002217306
vt -0.09685978 0.01577509
vt -0.09673722 0.0155395
vt -0.09623294 0.01567021
vt -0.09646327 0.01611297
vt -0.1002907 0.02711721
vt -0.1002806 0.02685184
vt -0.09976888 0.02675437
vt -0.09978776 0.02725311
vt -0.09734825 0.03982265
vt -0.0974607 0.03958208
vt -0.09705023 0.0392613
vt -0.09683888 0.03971343
vt -0.08330296 0.06002556
vt -0.08352956 0.05988707
vt -0.08336444 0.05939299
vt -0.08293858 0.05965326
vt -0.05189751 0.07986109
vt -0.05215982 0.07990248
vt -0.0523543 0.0794192
vt -0.0518613 0.0793414
vt 0.02497946 0.09164558
vt 0.02475361 0.09209065
vt 0.02425631 0.09193549
vt 0.02456059 0.09133585
vt 0.03891759 0.06037365
vt 0.03889217 0.0608721
vt 0.03837473 0.06093249
vt 0.03840899 0.06026093
vt 0.03404944 0.02221947
vt 0.03418284 0.02270041
vt 0.033711 0.02292122
vt 0.03353127 0.02227325
vt 0.01508522 -0.01767989
vt 0.01537688 -0.01727488
vt 0.01501068 -0.01690437
vt 0.01461773 -0.01745004
vt -0.02205666 -0.04514679
vt -0.02161204 -0.04492004
vt -0.02176821 -0.04442305
vt -0.02236724 -0.04472855
vt -0.06995799 -0.03859439
vt -0.06946348 -0.0386619
vt -0.06930812 -0.03816466
vt -0.06997437 -0.0380737
vt -0.0995719 -0.008437151
vt -0.09918927 -0.008757595
vt -0.09879301 -0.008419414
vt -0.09930854 -0.007987683
vt -0.1087367 0.01168064
vt -0.1085148 0.0112336
vt -0.1080161 0.01138438
vt -0.1083151 0.01198668
vt -0.1104373 0.01651405
vt -0.1103711 0.01601936
vt -0.1098505 0.01600157
vt -0.1099396 0.01666806
vt -0.1101909 0.01820669
vt -0.1102944 0.01771843
vt -0.1098098 0.01752715
vt -0.1096704 0.01818497
vt -0.1029887 0.04208606
vt -0.1033298 0.04172171
vt -0.103014 0.04130738
vt -0.1025545 0.04179827
vt -0.03896801 0.09998983
vt -0.03944999 0.1001194
vt -0.03966707 0.09964587
vt -0.0390177 0.09947126
vt 0.07738422 0.07278495
vt 0.07736324 0.07345705
vt 0.07684316 0.07348696
vt 0.076867 0.07272267
vt 0.07488967 0.0492321
vt 0.07497392 0.04989923
vt 0.07446488 0.05000999
vt 0.07436909 0.04925136
vt 0.06625652 0.01261141
vt 0.0664423 0.01325767
vt 0.06595634 0.01344535
vt 0.06574508 0.01271045
vt 0.04794911 -0.03298879
vt 0.04827499 -0.0324006
vt 0.04784345 -0.03210879
vt 0.04747288 -0.03277765
vt 0.003628354 -0.0737827
vt 0.00417355 -0.07338909
vt 0.003907204 -0.07294138
vt 0.003287232 -0.07338897
vt -0.07667983 -0.05748076
vt -0.07601998 -0.0576102
vt -0.07587484 -0.05710988
vt -0.0766252 -0.05696269
vt -0.1093195 -0.0006779932
vt -0.1088796 -0.001186547
vt -0.108457 -0.0008819402
vt -0.1089573 -0.0003036346
vt -0.1099504 0.01817257
vt -0.1096929 0.01755142
vt -0.1091959 0.01770756
vt -0.1094888 0.01841391
vt -0.1067624 0.009173697
vt -0.1066231 0.008515861
vt -0.1061059 0.008578274
vt -0.1062643 0.009326338
vt -0.104289 -0.01153635
vt -0.1042467 -0.01220745
vt -0.1037259 -0.0122208
vt -0.1037741 -0.01145765
vt -0.1053262 -0.02513156
vt -0.1054199 -0.02579742
vt -0.1049125 -0.02591545
vt -0.1048059 -0.02515826
vt 0.03724812 0.1050297
vt 0.03685544 0.1055756
vt 0.03640728 0.10531
vt 0.03685383 0.1046893
vt 0.1072589 0.02944562
vt 0.107568 0.03014503
vt 0.1070915 0.03035561
vt 0.1067824 0.02965621
vt 0.09889793 0.032172
vt 0.09910865 0.03290706
vt 0.09860788 0.03305062
vt 0.09839716 0.03231556
vt 0.09110576 0.007316811
vt 0.09130137 0.008056032
vt 0.09079776 0.008189293
vt 0.09060215 0.007450074
vt 0.08017042 -0.03218224
vt 0.08040814 -0.03145546
vt 0.07991301 -0.03129352
vt 0.07967529 -0.03202029
vt 0.04978001 -0.08109476
vt 0.05020099 -0.08045642
vt 0.0497661 -0.08016963
vt 0.04934512 -0.08080797
vt -0.09309834 -0.05374674
vt -0.09239611 -0.05404936
vt -0.09218995 -0.05357095
vt -0.09289218 -0.05326833
vt -0.107568 0.03014507
vt -0.1072589 0.02944566
vt -0.1067824 0.02965624
vt -0.1070915 0.03035565
vt -0.09910864 0.03290707
vt -0.09889792 0.03217202
vt -0.09839714 0.03231557
vt -0.09860787 0.03305063
vt -0.09130135 0.008056036
vt -0.09110574 0.007316818
vt -0.09060213 0.007450079
vt -0.09079774 0.0081893
vt -0.08040811 -0.03145547
vt -0.08017039 -0.03218224
vt -0.07967526 -0.03202029
vt -0.07991298 -0.03129352
vt -0.0502009 -0.08045645
vt -0.04977992 -0.08109479
vt -0.04934504 -0.08080799
vt -0.04976601 -0.08016965
vt 0.09239612 -0.05404934
vt 0.09309835 -0.05374672
vt 0.09289218 -0.05326831
vt 0.09218995 -0.05357093
vt 0.1088011 -0.001179649
vt 0.1093014 -0.0006013432
vt 0.1088788 -0.0002967363
vt 0.1084389 -0.00080529
vt 0.1096163 0.01753328
vt 0.1099091 0.01823963
vt 0.1094121 0.01839577
vt 0.1091546 0.01777462
vt 0.1065511 0.008483977
vt 0.1067095 0.009232041
vt 0.1061923 0.009294454
vt 0.106053 0.008636618
vt 0.1041801 -0.01224946
vt 0.1042282 -0.01148632
vt 0.1037074 -0.01149966
vt 0.1036651 -0.01217076
vt 0.1053631 -0.02585201
vt 0.1052565 -0.02509482
vt 0.1047491 -0.02521284
vt 0.1048429 -0.02587871
vt -0.03677654 0.1055758
vt -0.03722308 0.1049551
vt -0.03677492 0.1046895
vt -0.03638224 0.1052353
vt -0.07729798 0.07350115
vt -0.07732183 0.07273686
vt -0.07680175 0.07276677
vt -0.07678077 0.07343887
vt -0.07491633 0.04995297
vt -0.07482053 0.04919433
vt -0.0743115 0.04930509
vt -0.07439574 0.04997222
vt -0.06639367 0.01331965
vt -0.06618241 0.01258474
vt -0.06569645 0.01277242
vt -0.06588222 0.01341868
vt -0.04824148 -0.03232931
vt -0.0478709 -0.03299818
vt -0.04743936 -0.03270636
vt -0.04776524 -0.03211818
vt -0.004173589 -0.07331033
vt -0.003553617 -0.07375792
vt -0.003287271 -0.07331021
vt -0.003832467 -0.07291661
vt 0.07596244 -0.0575564
vt 0.0767128 -0.05740921
vt 0.07656766 -0.05690889
vt 0.07590781 -0.05703833
vt 0.09905936 -0.008737487
vt 0.09957489 -0.008305755
vt 0.09917863 -0.007967575
vt 0.098796 -0.008288018
vt 0.1083877 0.01119991
vt 0.1086867 0.01180221
vt 0.1081881 0.01195299
vt 0.1079662 0.01150595
vt 0.1102617 0.01594656
vt 0.1103508 0.01661306
vt 0.1098302 0.01659526
vt 0.109764 0.01610057
vt 0.1102157 0.01761316
vt 0.1100763 0.01827099
vt 0.1095917 0.01807971
vt 0.1096952 0.01759145
vt 0.1033169 0.04159091
vt 0.1028573 0.0420818
vt 0.1025415 0.04166747
vt 0.1028826 0.04130312
vt 0.03955939 0.1000465
vt 0.03891002 0.09987186
vt 0.0391271 0.0993983
vt 0.03960908 0.0995279
vt -0.02462627 0.0921232
vt -0.02493055 0.09152356
vt -0.02443325 0.0913684
vt -0.0242074 0.09181347
vt -0.03878906 0.06095359
vt -0.03882331 0.06028203
vt -0.03830588 0.06034242
vt -0.03828046 0.06084087
vt -0.03411077 0.02281034
vt -0.03393104 0.02216237
vt -0.03345921 0.02238318
vt -0.0335926 0.02286412
vt -0.01534733 -0.01714679
vt -0.01495438 -0.01769246
vt -0.01458817 -0.01732195
vt -0.01487983 -0.01691694
vt 0.02157972 -0.04479263
vt 0.02217874 -0.04509813
vt 0.02233492 -0.04460115
vt 0.0218903 -0.0443744
vt 0.06936426 -0.0385757
vt 0.07003052 -0.03848473
vt 0.06987516 -0.03798749
vt 0.06938065 -0.03805501
vt 0.08568442 0.001584897
vt 0.08608922 0.001876852
vt 0.08569753 0.002220313
vt 0.08548214 0.002064967
vt 0.09660531 0.01547649
vt 0.09683564 0.01591926
vt 0.09633137 0.01604997
vt 0.0962088 0.01581438
vt 0.1001883 0.02673849
vt 0.1002072 0.02723723
vt 0.09969547 0.02713976
vt 0.09968542 0.02687439
vt 0.0974305 0.03943905
vt 0.09721915 0.03989118
vt 0.09680867 0.03957041
vt 0.09692113 0.03932983
vt 0.08358336 0.05975114
vt 0.08315749 0.06001141
vt 0.08299238 0.05951733
vt 0.08321898 0.05937884
vt 0.0522889 0.07983382
vt 0.0517959 0.07975602
vt 0.05199037 0.07927274
vt 0.05225269 0.07931414
vt 0.01930492 0.07898559
vt 0.01896444 0.07862066
vt 0.0194153 0.0783597
vt 0.01959646 0.07855387
vt 0.003168751 0.0595796
vt 0.003058708 0.05909278
vt 0.003579645 0.05909474
vt 0.003638199 0.05935377
vt 0.003167817 0.03258626
vt 0.003281368 0.03210025
vt 0.003749175 0.03232946
vt 0.003688755 0.03258806
vt 0.015906 0.006319309
vt 0.01621851 0.005930167
vt 0.01654124 0.006339106
vt 0.01637495 0.006546165
vt 0.03877113 -0.01026445
vt 0.03922924 -0.01046252
vt 0.03932354 -0.009950178
vt 0.03907978 -0.009844787
vt 0.06522056 -0.01053476
vt 0.0657164 -0.01047788
vt 0.06554254 -0.009986807
vt 0.06527871 -0.01001707
vt 0.06959578 0.02382196
vt 0.06981232 0.02397569
vt 0.06941245 0.02430958
vt 0.07478364 0.02895996
vt 0.07489838 0.02919945
vt 0.07438672 0.02929736
vt 0.0763348 0.03562832
vt 0.07631766 0.03589333
vt 0.07582355 0.03572832
vt 0.07380752 0.04288628
vt 0.0736598 0.04310697
vt 0.07331504 0.04271642
vt 0.06725921 0.049491
vt 0.06701852 0.04960323
vt 0.06692599 0.04909057
vt 0.05795499 0.0533275
vt 0.05769138 0.05329539
vt 0.05788409 0.0528114
vt 0.04874406 0.0524115
vt 0.0485367 0.05224558
vt 0.04895509 0.05193521
vt 0.04274788 0.04663066
vt 0.04265439 0.04638209
vt 0.04317262 0.04632903
vt 0.04167714 0.03794139
vt 0.04171902 0.03767915
vt 0.04219552 0.03788971
vt 0.04550876 0.02925473
vt 0.04567297 0.02904602
vt 0.04598676 0.02946187
vt 0.05291398 0.02327131
vt 0.05315884 0.0231685
vt 0.05323144 0.02368436
vt 0.06172199 0.02150737
vt 0.06198595 0.02153655
vt 0.06179861 0.02202265
vt -0.09023846 0.02012409
vt -0.0906946 0.01987246
vt -0.0905113 0.01968031
vt -0.08733504 0.01513738
vt -0.08785595 0.01514455
vt -0.0877918 0.01488685
vt -0.08742061 0.008906876
vt -0.08787028 0.009169909
vt -0.08794151 0.008914077
vt -0.09048385 0.004147775
vt -0.09074286 0.004599768
vt -0.09093201 0.004413365
vt -0.09530836 0.002795339
vt -0.0953031 0.003316256
vt -0.09556056 0.003251166
vt -0.1000646 0.004779226
vt -0.09979452 0.005224725
vt -0.1000492 0.005299944
vt -0.1033904 0.008348791
vt -0.1029322 0.008596736
vt -0.1031139 0.008790362
vt -0.1049381 0.0118475
vt -0.1044173 0.01183475
vt -0.1044787 0.01209312
vt -0.1048637 0.014916
vt -0.1044169 0.01464822
vt -0.1043429 0.01490328
vt -0.1031679 0.01795617
vt -0.1029124 0.01750219
vt -0.1027218 0.01768712
vt -0.09972876 0.02077382
vt -0.09973545 0.02025292
vt -0.09947781 0.0203173
vt -0.09496085 0.02199737
vt -0.09522948 0.02155103
vt -0.09497456 0.02147661
vt -0.07035007 0.04093875
vt -0.07052176 0.04114135
vt -0.07098457 0.0409022
vt -0.07066189 0.04052144
vt -0.05971168 0.02293055
vt -0.05977081 0.02318945
vt -0.06029176 0.02319024
vt -0.06018062 0.02270367
vt -0.05980823 -0.001546609
vt -0.05974831 -0.001287893
vt -0.06021656 -0.001059585
vt -0.06032918 -0.001545814
vt -0.07091144 -0.02005847
vt -0.07073717 -0.01985809
vt -0.07104363 -0.01943682
vt -0.07137115 -0.01981341
vt -0.08956484 -0.02098447
vt -0.08931004 -0.02090966
vt -0.08934102 -0.02038964
vt -0.0898199 -0.02053024
vt -0.1046341 -0.004683021
vt -0.1043829 -0.00476919
vt -0.1041078 -0.004326858
vt -0.1045798 -0.004164912
vt -0.1093661 0.01085017
vt -0.1091997 0.01064319
vt -0.1087309 0.01087028
vt -0.1090436 0.01125927
vt -0.1093049 0.01516768
vt -0.1092538 0.01490708
vt -0.1087331 0.01489019
vt -0.1088291 0.01537996
vt -0.1092963 0.01364148
vt -0.1093642 0.01338474
vt -0.1089032 0.01314213
vt -0.1087756 0.01362466
vt -0.1090172 0.01651744
vt -0.1091965 0.01632151
vt -0.1089007 0.01589265
vt -0.1085638 0.01626088
vt -0.1034557 0.02929048
vt -0.1037112 0.02921822
vt -0.1036855 0.02869792
vt -0.1032052 0.02883371
vt -0.0882545 0.04268319
vt -0.08850665 0.04276646
vt -0.08877673 0.04232099
vt -0.08830281 0.04216449
vt -0.04131348 0.06450177
vt -0.04158211 0.06492241
vt -0.04206169 0.06471895
vt -0.04169976 0.06415223
vt -0.02510075 0.03158394
vt -0.02518925 0.03207513
vt -0.02571016 0.03206934
vt -0.02559093 0.03140756
vt -0.02470418 -0.01142142
vt -0.0246267 -0.01092837
vt -0.0251207 -0.01076301
vt -0.02522509 -0.01142729
vt -0.04084666 -0.04737064
vt -0.04058357 -0.04694652
vt -0.04097442 -0.04660209
vt -0.04132887 -0.04717351
vt -0.07903854 -0.04970238
vt -0.07857652 -0.04951361
vt -0.07869057 -0.04900531
vt -0.07931305 -0.04925964
vt -0.1087343 -0.001282283
vt -0.1082839 -0.001497337
vt -0.1079843 -0.00107113
vt -0.1085912 -0.0007813857
vt -0.1054761 0.02843698
vt -0.1052281 0.02800388
vt -0.1047393 0.02818398
vt -0.1050735 0.02876748
vt -0.100266 0.02318496
vt -0.1002011 0.02269011
vt -0.09968049 0.02267101
vt -0.09976798 0.02333773
vt -0.1008171 0.005901384
vt -0.1009181 0.005412611
vt -0.1004326 0.005223801
vt -0.1002965 0.005882327
vt -0.1064426 -0.001098716
vt -0.1067257 -0.001509736
vt -0.1063518 -0.001872513
vt -0.1059704 -0.001318746
vt -0.1071901 0.024885
vt -0.107657 0.02470853
vt -0.1075564 0.02419738
vt -0.1069274 0.02443514
vt -0.0769788 0.06598962
vt -0.0774354 0.06619115
vt -0.07772212 0.06575622
vt -0.07710695 0.06548468
vt -0.0009715593 0.0809456
vt -0.001198807 0.08157846
vt -0.001702765 0.08144651
vt -0.001444346 0.08072682
vt 0.01239391 0.03705277
vt 0.01231925 0.03772104
vt 0.01179843 0.03770925
vt 0.01188334 0.03694932
vt 0.01354344 -0.01612842
vt 0.01358758 -0.01545744
vt 0.01307282 -0.01537737
vt 0.01302263 -0.01614038
vt 0.002492473 -0.06540968
vt 0.002687569 -0.06476617
vt 0.002204369 -0.06457148
vt 0.001982513 -0.06530325
vt -0.04905571 -0.08538716
vt -0.04853547 -0.08496112
vt -0.04882855 -0.08453044
vt -0.04942015 -0.08501489
vt -0.1063471 0.03014167
vt -0.1058614 0.0296766
vt -0.1054692 0.03001948
vt -0.1060215 0.03054834
vt -0.08552937 0.05626782
vt -0.08534865 0.05562013
vt -0.08483645 0.05571517
vt -0.08504196 0.0564517
vt -0.079051 0.03203539
vt -0.07901588 0.03136388
vt -0.07849528 0.03134492
vt -0.07853521 0.03210854
vt -0.08032411 -0.004539794
vt -0.08040806 -0.005206968
vt -0.07989898 -0.005317502
vt -0.07980351 -0.004558824
vt -0.08953512 -0.0310139
vt -0.08977748 -0.03164114
vt -0.08931009 -0.03187118
vt -0.08903448 -0.03115791
vt -0.1085743 -0.003140198
vt -0.1091293 -0.003519912
vt -0.1088743 -0.003974202
vt -0.1082432 -0.003542404
vt -0.04962522 0.09327652
vt -0.05015066 0.09369613
vt -0.0505105 0.09331943
vt -0.04991299 0.09284227
vt 0.04632734 0.07849985
vt 0.04629492 0.07926382
vt 0.04577445 0.07924174
vt 0.04580687 0.07847776
vt 0.04847432 0.03694586
vt 0.04845024 0.03771014
vt 0.04792956 0.03769374
vt 0.04795364 0.03692945
vt 0.0500736 -0.01366479
vt 0.05004928 -0.01290051
vt 0.04952859 -0.01291708
vt 0.04955292 -0.01368136
vt 0.05229392 -0.05967261
vt 0.05226022 -0.05890868
vt 0.05173978 -0.05893164
vt 0.05177348 -0.05969556
vt 0.0608546 -0.08509031
vt 0.06075796 -0.08433178
vt 0.06024119 -0.08439761
vt 0.06033783 -0.08515615
vt -0.03861337 0.1025492
vt -0.03869712 0.1017891
vt -0.03817932 0.1017321
vt -0.03809556 0.1024921
vt -0.04629489 0.07926382
vt -0.04632731 0.07849984
vt -0.04580683 0.07847776
vt -0.04577442 0.07924174
vt -0.04845022 0.03771013
vt -0.04847429 0.03694585
vt -0.04795361 0.03692945
vt -0.04792953 0.03769373
vt -0.05004923 -0.01290051
vt -0.05007356 -0.01366478
vt -0.04955288 -0.01368135
vt -0.04952856 -0.01291708
vt -0.05226016 -0.05890869
vt -0.05229386 -0.05967261
vt -0.05177342 -0.05969557
vt -0.05173972 -0.05893166
vt -0.06075778 -0.08433191
vt -0.06085441 -0.08509044
vt -0.06033764 -0.08515627
vt -0.06024101 -0.08439774
vt 0.03869721 0.1017891
vt 0.03861345 0.1025491
vt 0.03809565 0.1024921
vt 0.0381794 0.101732
vt 0.08527473 0.05559291
vt 0.08548023 0.05632944
vt 0.08496803 0.05642448
vt 0.08478731 0.05577679
vt 0.0789497 0.03132117
vt 0.07898964 0.03208479
vt 0.07846904 0.03206583
vt 0.07843392 0.03139432
vt 0.08035047 -0.005260693
vt 0.08025499 -0.004502016
vt 0.07974592 -0.00461255
vt 0.07982986 -0.005279724
vt 0.08973453 -0.03170718
vt 0.08945893 -0.03099391
vt 0.08899152 -0.03122395
vt 0.08923389 -0.03185119
vt 0.1091313 -0.00359866
vt 0.1085002 -0.003166862
vt 0.1082452 -0.003621151
vt 0.1088002 -0.004000865
vt 0.05022658 0.09367499
vt 0.04962907 0.09319782
vt 0.04998891 0.09282113
vt 0.05051435 0.09324075
vt 0.001274478 0.08160026
vt 0.001016064 0.0808806
vt 0.001520018 0.08074863
vt 0.001747265 0.08138151
vt -0.01225066 0.03775976
vt -0.01233557 0.03699983
vt -0.01181476 0.03698804
vt -0.01174009 0.03765631
vt -0.01352688 -0.01540722
vt -0.01347669 -0.01617023
vt -0.01296193 -0.01609016
vt -0.01300607 -0.01541918
vt -0.002639844 -0.06470351
vt -0.002417988 -0.06543528
vt -0.001934787 -0.06524059
vt -0.002129884 -0.06459709
vt 0.04854022 -0.08488251
vt 0.04913183 -0.08536697
vt 0.04942491 -0.0849363
vt 0.04890466 -0.08451025
vt 0.1057839 0.02969083
vt 0.1063362 0.03021969
vt 0.105944 0.03056258
vt 0.1054583 0.03009751
vt 0.1050993 0.02797779
vt 0.1054334 0.0285613
vt 0.1049446 0.02874139
vt 0.1046966 0.0283083
vt 0.1000918 0.02261704
vt 0.1001793 0.02328376
vt 0.09965871 0.02326466
vt 0.09959377 0.02276981
vt 0.1008388 0.005307732
vt 0.1007028 0.005966258
vt 0.1002172 0.005777449
vt 0.1003182 0.005288675
vt 0.1066935 -0.001637159
vt 0.106312 -0.001083392
vt 0.1059382 -0.001446169
vt 0.1062213 -0.001857188
vt 0.1077031 0.02458544
vt 0.1070741 0.02482321
vt 0.1069736 0.02431206
vt 0.1074404 0.02413558
vt 0.07755462 0.06613572
vt 0.07693945 0.06586418
vt 0.07722617 0.06542923
vt 0.07768276 0.06563078
vt 0.04171206 0.06494223
vt 0.04135012 0.06437552
vt 0.04182969 0.06417207
vt 0.04209833 0.0645927
vt 0.02530187 0.03214287
vt 0.02518264 0.03148109
vt 0.02570355 0.03147531
vt 0.02579205 0.0319665
vt 0.02471087 -0.01082741
vt 0.02481526 -0.01149169
vt 0.02530926 -0.01132633
vt 0.02523178 -0.01083328
vt 0.04062188 -0.04682076
vt 0.04097633 -0.04739218
vt 0.04136717 -0.04704776
vt 0.04110409 -0.04662363
vt 0.07853366 -0.04938934
vt 0.07915615 -0.04964368
vt 0.0792702 -0.04913537
vt 0.07880817 -0.0489466
vt 0.1081631 -0.001445467
vt 0.1087699 -0.001155725
vt 0.1084704 -0.0007295172
vt 0.10802 -0.0009445714
vt 0.109058 0.01060728
vt 0.1093707 0.01099626
vt 0.1089019 0.01122335
vt 0.1087355 0.01101638
vt 0.109145 0.01480942
vt 0.1092411 0.01529919
vt 0.1087204 0.01528229
vt 0.1086693 0.01502169
vt 0.109309 0.01324938
vt 0.1091815 0.01373191
vt 0.1087205 0.0134893
vt 0.1087883 0.01323256
vt 0.1092104 0.01617599
vt 0.1088735 0.01654422
vt 0.1085778 0.01611536
vt 0.108757 0.01591943
vt 0.1037997 0.02910183
vt 0.1033194 0.02923762
vt 0.1032936 0.02871732
vt 0.1035492 0.02864506
vt 0.08864512 0.04271958
vt 0.0881712 0.04256307
vt 0.08844128 0.0421176
vt 0.08869344 0.04220088
vt 0.07066434 0.04117357
vt 0.07034166 0.04079282
vt 0.07080446 0.04055366
vt 0.07097616 0.04075626
vt 0.05988254 0.0232837
vt 0.0597714 0.02279714
vt 0.06029234 0.02279793
vt 0.06035148 0.02305682
vt 0.05980763 -0.001154301
vt 0.05992024 -0.001640529
vt 0.06038849 -0.001412222
vt 0.06032857 -0.001153506
vt 0.07072691 -0.01971227
vt 0.07105443 -0.02008886
vt 0.07136088 -0.01966759
vt 0.07118662 -0.01946721
vt 0.0892228 -0.02079236
vt 0.08970168 -0.02093296
vt 0.08973267 -0.02041294
vt 0.08947785 -0.02033813
vt 0.104244 -0.004723885
vt 0.104716 -0.004561939
vt 0.1044409 -0.004119607
vt 0.1041897 -0.004205777
vt 0.1032739 0.008275924
vt 0.1034557 0.00846955
vt 0.1029975 0.008717495
vt 0.1048733 0.01172638
vt 0.1049347 0.01198476
vt 0.1044139 0.01197201
vt 0.1048671 0.01477873
vt 0.1047932 0.01503379
vt 0.1043463 0.01476601
vt 0.1032388 0.01783859
vt 0.1030482 0.01802352
vt 0.1027927 0.01756953
vt 0.09984908 0.02070766
vt 0.09959144 0.02077205
vt 0.09959812 0.02025114
vt 0.09509815 0.02200099
vt 0.09484323 0.02192657
vt 0.09511185 0.02148022
vt 0.09035546 0.020196
vt 0.09017216 0.02000385
vt 0.0906283 0.01975222
vt 0.08740111 0.01525778
vt 0.08733696 0.01500008
vt 0.08785786 0.01500726
vt 0.08741874 0.009044198
vt 0.08748997 0.008788366
vt 0.08793963 0.009051399
vt 0.09041382 0.004265898
vt 0.09060297 0.004079496
vt 0.09086198 0.004531488
vt 0.0951882 0.002861815
vt 0.09544567 0.002796724
vt 0.0954404 0.003317642
vt 0.09992726 0.004775157
vt 0.100182 0.004850376
vt 0.09991193 0.005295875
vt -0.0684484 0.08011568
vt -0.06890845 0.07987127
vt -0.06872819 0.07967625
vt -0.06330014 0.07760027
vt -0.0638201 0.07763229
vt -0.06376832 0.07737182
vt -0.06394355 0.07126784
vt -0.06438123 0.07155035
vt -0.06446362 0.0712979
vt -0.06926152 0.0639158
vt -0.06951571 0.06437051
vt -0.06970683 0.06418612
vt -0.07718201 0.05783716
vt -0.07719906 0.05835782
vt -0.07745351 0.05828176
vt -0.08548277 0.05413418
vt -0.08526035 0.05460525
vt -0.08552147 0.05465368
vt -0.09234583 0.05272808
vt -0.09193236 0.05304496
vt -0.0921423 0.05320761
vt -0.09666605 0.05318107
vt -0.09615257 0.05326893
vt -0.09626259 0.05351062
vt -0.09785827 0.05568272
vt -0.09736637 0.0555112
vt -0.09734573 0.05577596
vt -0.09532422 0.06106944
vt -0.09499063 0.06066931
vt -0.09483673 0.06088574
vt -0.0884404 0.06917453
vt -0.08838173 0.06865689
vt -0.08813419 0.06875307
vt -0.07817967 0.07691368
vt -0.07842594 0.07645462
vt -0.07816766 0.07639287
vt -0.02250714 0.1050452
vt -0.02261468 0.105288
vt -0.02312617 0.1051891
vt -0.02292405 0.1047328
vt -0.01539655 0.08985653
vt -0.01537511 0.09012122
vt -0.01587171 0.0902786
vt -0.01591201 0.08978114
vt -0.02523958 0.06751211
vt -0.02511499 0.06774662
vt -0.02550854 0.06808794
vt -0.02574271 0.06764719
vt -0.04459433 0.04586638
vt -0.04438844 0.04603412
vt -0.0446186 0.04650147
vt -0.04500553 0.04618622
vt -0.06841351 0.03248382
vt -0.06815723 0.03255339
vt -0.06817753 0.03307394
vt -0.0686592 0.0329432
vt -0.09031666 0.02997472
vt -0.09005482 0.02993037
vt -0.08985491 0.03041143
vt -0.09034701 0.03049478
vt -0.1050064 0.03272728
vt -0.1047859 0.03257928
vt -0.104406 0.03293574
vt -0.1048204 0.03321389
vt -0.1119614 0.0327737
vt -0.1118165 0.03255121
vt -0.1113274 0.03273057
vt -0.1115998 0.03314871
vt -0.1140449 0.02844527
vt -0.1139982 0.02818384
vt -0.1134779 0.02815811
vt -0.1135656 0.02864944
vt -0.113697 0.02825257
vt -0.1137727 0.02799802
vt -0.1133194 0.02774135
vt -0.113177 0.02821974
vt -0.1048633 0.05294708
vt -0.1050834 0.05279841
vt -0.1048959 0.05231237
vt -0.1044823 0.05259177
vt -0.06122049 0.09819484
vt -0.06146637 0.0982952
vt -0.06176633 0.09786928
vt -0.06130424 0.09768067
vt 0.04540982 0.1016088
vt 0.04545147 0.1021061
vt 0.04494681 0.1022354
vt 0.04489069 0.1015653
vt 0.03265508 0.08203742
vt 0.03281803 0.08250917
vt 0.03236078 0.08275879
vt 0.03214125 0.08212321
vt 0.01069588 0.05015321
vt 0.01097275 0.05056846
vt 0.01059345 0.05092555
vt 0.01022041 0.05036608
vt -0.02067305 0.01690404
vt -0.02028171 0.0172138
vt -0.02053257 0.01767037
vt -0.02105982 0.01725302
vt -0.05967147 -0.0006688669
vt -0.05919094 -0.0005339949
vt -0.05924631 -1.60026E-05
vt -0.05989372 -0.0001977113
vt -0.09448626 0.006436045
vt -0.09399472 0.006349494
vt -0.09382029 0.006840368
vt -0.09448253 0.006956975
vt -0.1120447 0.02216637
vt -0.1116293 0.02188972
vt -0.1112724 0.02226923
vt -0.1118321 0.02264196
vt -0.1145177 0.02413478
vt -0.1142147 0.02373819
vt -0.1137539 0.02398118
vt -0.1141622 0.02451551
vt -0.1101843 0.007060134
vt -0.1099957 0.006598015
vt -0.1094874 0.006711824
vt -0.1097414 0.007334428
vt -0.1046668 -0.02042605
vt -0.1045953 -0.02092
vt -0.1040745 -0.02093217
vt -0.1041709 -0.02026668
vt -0.1061272 -0.0346388
vt -0.1062369 -0.03512567
vt -0.1057549 -0.0353232
vt -0.105607 -0.03466723
vt 0.02583574 0.1142827
vt 0.02563129 0.114738
vt 0.02512718 0.1146066
vt 0.02540263 0.1139932
vt 0.09372027 0.0666031
vt 0.0940616 0.06718246
vt 0.09363793 0.06748559
vt 0.09324978 0.06682676
vt 0.0691457 0.06218361
vt 0.06947576 0.06276947
vt 0.0690463 0.06306434
vt 0.06867097 0.06239813
vt 0.04209747 0.02830268
vt 0.04249064 0.02884819
vt 0.04209665 0.029189
vt 0.04164955 0.02856866
vt 0.004698253 -0.01424516
vt 0.005205592 -0.01380383
vt 0.004899817 -0.01338206
vt 0.004322895 -0.01388393
vt -0.04870459 -0.03655606
vt -0.04806616 -0.03634495
vt -0.04818528 -0.03583781
vt -0.04891128 -0.03607788
vt -0.0989844 -0.0129056
vt -0.09832615 -0.01304303
vt -0.09817497 -0.01254451
vt -0.09892348 -0.01238823
vt -0.1148661 0.02281538
vt -0.1143278 0.02241243
vt -0.1139799 0.02280021
vt -0.1145921 0.02325843
vt -0.108125 0.02806062
vt -0.1077102 0.02753139
vt -0.1072733 0.02781522
vt -0.1077451 0.02841703
vt -0.09333138 0.001337609
vt -0.09299209 0.000757054
vt -0.09252082 0.0009790629
vt -0.09290665 0.001639247
vt -0.07048773 -0.0453824
vt -0.07015901 -0.04596901
vt -0.0696838 -0.04575557
vt -0.0700576 -0.0450885
vt -0.01352915 -0.09575718
vt -0.01304701 -0.09622589
vt -0.01265224 -0.09588598
vt -0.01320052 -0.09535296
vt 0.1136718 -0.003972693
vt 0.1142381 -0.003610075
vt 0.1139971 -0.003148222
vt 0.1133532 -0.003560574
vt 0.1110651 0.03656049
vt 0.1116112 0.03709573
vt 0.1112466 0.03746777
vt 0.1107005 0.03693254
vt 0.09319653 0.04167194
vt 0.09364088 0.04229425
vt 0.09321692 0.04259697
vt 0.09277258 0.04197466
vt 0.06950043 0.009716051
vt 0.06993544 0.01034492
vt 0.06950702 0.01064128
vt 0.069072 0.01001241
vt 0.03432846 -0.03900665
vt 0.03484195 -0.03844006
vt 0.03445594 -0.03809023
vt 0.03394245 -0.03865682
vt -0.03057705 -0.07118686
vt -0.02988383 -0.07086413
vt -0.03010369 -0.07039185
vt -0.03079692 -0.07071459
vt -0.1051019 -0.02263797
vt -0.1043689 -0.02285572
vt -0.1042206 -0.02235635
vt -0.1049536 -0.02213859
vt -0.1116112 0.03709575
vt -0.1110651 0.03656052
vt -0.1107005 0.03693257
vt -0.1112466 0.0374678
vt -0.09364086 0.04229426
vt -0.09319652 0.04167195
vt -0.09277256 0.04197468
vt -0.0932169 0.04259698
vt -0.06993543 0.01034494
vt -0.06950042 0.009716071
vt -0.06907198 0.01001243
vt -0.06950699 0.0106413
vt -0.03484192 -0.03844002
vt -0.03432843 -0.03900662
vt -0.03394242 -0.03865679
vt -0.03445591 -0.0380902
vt 0.02988387 -0.07086408
vt 0.03057708 -0.07118681
vt 0.03079695 -0.07071454
vt 0.03010373 -0.07039181
vt 0.1043689 -0.0228557
vt 0.1051019 -0.02263795
vt 0.1049536 -0.02213857
vt 0.1042206 -0.02235633
vt 0.1142526 0.02243591
vt 0.1148648 0.02289413
vt 0.1145169 0.02328191
vt 0.1139786 0.02287896
vt 0.1076315 0.0275345
vt 0.1081032 0.02813631
vt 0.1076664 0.02842014
vt 0.1072515 0.02789092
vt 0.09291369 0.0007494678
vt 0.09329952 0.001409654
vt 0.09282824 0.001631661
vt 0.09248896 0.001051106
vt 0.07008076 -0.04597802
vt 0.07045457 -0.04531095
vt 0.06997935 -0.04509751
vt 0.06965064 -0.04568412
vt 0.0129694 -0.09621225
vt 0.01351768 -0.09567924
vt 0.01312291 -0.09533932
vt 0.01264076 -0.09580804
vt -0.1142425 -0.00353146
vt -0.1135985 -0.003943815
vt -0.1133575 -0.00348196
vt -0.1139238 -0.003119341
vt -0.09402998 0.06725461
vt -0.09364183 0.06659579
vt -0.09321816 0.06689891
vt -0.09355948 0.06747827
vt -0.06944274 0.06284099
vt -0.06906743 0.06217478
vt -0.06863796 0.06246964
vt -0.06896801 0.0630555
vt -0.04246581 0.02892295
vt -0.04201871 0.02830261
vt -0.04162472 0.02864342
vt -0.04201788 0.02918893
vt -0.005198474 -0.01372538
vt -0.004621553 -0.01422724
vt -0.004315781 -0.01380547
vt -0.004823119 -0.01336414
vt 0.04804241 -0.03626986
vt 0.04876841 -0.03650993
vt 0.04888754 -0.03600278
vt 0.0482491 -0.03579167
vt 0.09826797 -0.01298994
vt 0.0990165 -0.01283366
vt 0.0988653 -0.01233514
vt 0.09820706 -0.01247256
vt 0.1115024 0.02192393
vt 0.1120621 0.02229666
vt 0.1117052 0.02267617
vt 0.1112898 0.02239951
vt 0.1140836 0.02372932
vt 0.1144918 0.02426365
vt 0.114031 0.02450664
vt 0.113728 0.02411005
vt 0.1098715 0.006555098
vt 0.1101255 0.007177702
vt 0.1096171 0.007291512
vt 0.1094286 0.006829393
vt 0.1044851 -0.02099159
vt 0.1045815 -0.02032609
vt 0.1040606 -0.02033826
vt 0.1039891 -0.02083221
vt 0.1061596 -0.03523187
vt 0.1060117 -0.03457591
vt 0.1055297 -0.03477344
vt 0.1056395 -0.03526031
vt -0.02550545 0.1147766
vt -0.0257809 0.1141632
vt -0.02527678 0.1140318
vt -0.02507234 0.1144871
vt -0.0453602 0.1022007
vt -0.04530408 0.1015307
vt -0.04479942 0.1016599
vt -0.04484107 0.1021573
vt -0.03275289 0.08262333
vt -0.03253336 0.08198775
vt -0.03207611 0.08223737
vt -0.03223905 0.08270912
vt -0.01093861 0.0506954
vt -0.01056557 0.05013593
vt -0.01018626 0.05049301
vt -0.01046314 0.05090826
vt 0.02027508 0.0173451
vt 0.02080233 0.01692775
vt 0.02105319 0.01738432
vt 0.02066186 0.01769408
vt 0.05913419 -0.0004154263
vt 0.05978161 -0.000597137
vt 0.05983698 -7.914389E-05
vt 0.05935645 5.572733E-05
vt 0.09389224 0.006431798
vt 0.09455449 0.006548406
vt 0.09438006 0.00703928
vt 0.09388852 0.006952729
vt 0.1046399 0.03258722
vt 0.1050543 0.03286538
vt 0.1046744 0.03322183
vt 0.1044539 0.03307384
vt 0.111679 0.03250141
vt 0.1119515 0.03291955
vt 0.1114624 0.03309891
vt 0.1113174 0.03287642
vt 0.1138911 0.02808433
vt 0.1139788 0.02857567
vt 0.1134585 0.02854993
vt 0.1134119 0.0282885
vt 0.1137217 0.02786103
vt 0.1135794 0.02833941
vt 0.1131261 0.02808275
vt 0.1132018 0.0278282
vt 0.1051309 0.05266014
vt 0.1047173 0.05293955
vt 0.1045299 0.0524535
vt 0.1047499 0.05230483
vt 0.06160774 0.09825789
vt 0.06114565 0.09806929
vt 0.06144561 0.09764336
vt 0.06169148 0.09774372
vt 0.02274236 0.1053591
vt 0.02254025 0.1049028
vt 0.02305173 0.1048039
vt 0.02315927 0.1050468
vt 0.01545333 0.0902447
vt 0.01549363 0.08974724
vt 0.01599024 0.08990462
vt 0.0159688 0.09016931
vt 0.02513785 0.06789099
vt 0.02537202 0.06745024
vt 0.02576558 0.06779156
vt 0.02564098 0.06802608
vt 0.04435347 0.04617606
vt 0.0447404 0.04586081
vt 0.04497056 0.04632816
vt 0.04476468 0.0464959
vt 0.0680676 0.03266885
vt 0.06854928 0.03253811
vt 0.06856958 0.03305865
vt 0.06831329 0.03312822
vt 0.08992502 0.02999758
vt 0.09041711 0.03008093
vt 0.0902172 0.03056199
vt 0.08995537 0.03051764
vt 0.0922194 0.05267444
vt 0.09242935 0.05283707
vt 0.09201587 0.05315397
vt 0.09657915 0.05307475
vt 0.09668917 0.05331644
vt 0.09617569 0.05340431
vt 0.09783372 0.0555476
vt 0.09781308 0.05581235
vt 0.09732119 0.05564084
vt 0.09537262 0.06094094
vt 0.09521873 0.06115738
vt 0.09488514 0.06075726
vt 0.08855145 0.06909384
vt 0.08830391 0.06919002
vt 0.08824523 0.06867239
vt 0.078317 0.07691048
vt 0.07805871 0.07684873
vt 0.07830499 0.07638969
vt 0.06856428 0.08018941
vt 0.06838402 0.0799944
vt 0.06884407 0.07974999
vt 0.06336041 0.07772367
vt 0.06330863 0.07746321
vt 0.06382859 0.07749523
vt 0.06393567 0.07140493
vt 0.06401807 0.07115247
vt 0.06445575 0.07143499
vt 0.06919023 0.06403317
vt 0.06938135 0.06384879
vt 0.06963554 0.06430351
vt 0.0770648 0.05790872
vt 0.07731925 0.05783266
vt 0.0773363 0.05835333
vt 0.08534578 0.05414438
vt 0.08560689 0.05419281
vt 0.08538447 0.05466389
vt -0.06896672 0.07424058
vt -0.06940545 0.07395967
vt -0.06920997 0.07377991
vt -0.06320976 0.07263319
vt -0.06373066 0.07262689
vt -0.06365987 0.07237093
vt -0.0630862 0.06682611
vt -0.06354234 0.06707775
vt -0.06360712 0.06682022
vt -0.06770203 0.0595798
vt -0.0679864 0.06001627
vt -0.06816461 0.05981938
vt -0.07509581 0.05325516
vt -0.07514846 0.05377344
vt -0.0753971 0.05368014
vt -0.08310741 0.04909985
vt -0.08291868 0.0495854
vt -0.08318254 0.04961535
vt -0.0899276 0.04718759
vt -0.08953832 0.04753377
vt -0.08975955 0.04768068
vt -0.09443113 0.04713598
vt -0.09392586 0.04726278
vt -0.09405401 0.04749537
vt -0.09604969 0.04909082
vt -0.09554551 0.04895975
vt -0.09554641 0.04922532
vt -0.09424879 0.05392114
vt -0.09388175 0.05355146
vt -0.09374721 0.05378042
vt -0.08832292 0.06179671
vt -0.08821768 0.0612865
vt -0.08797986 0.06140468
vt -0.07874976 0.0700367
vt -0.07895453 0.06955768
vt -0.0786918 0.06951899
vt -0.02567114 0.1006505
vt -0.02579615 0.1008848
vt -0.02629903 0.1007488
vt -0.02606409 0.1003085
vt -0.01578723 0.08725215
vt -0.01577901 0.0875176
vt -0.01628285 0.08765001
vt -0.01629828 0.08715115
vt -0.02399374 0.06584477
vt -0.02388031 0.06608488
vt -0.02428947 0.06640732
vt -0.02450266 0.06595605
vt -0.04189855 0.04421475
vt -0.04170167 0.04439297
vt -0.04195579 0.04484772
vt -0.04232582 0.04451279
vt -0.06457271 0.0297017
vt -0.064321 0.02978637
vt -0.0643722 0.0303048
vt -0.06484526 0.03014566
vt -0.08607693 0.02557368
vt -0.08581277 0.02554643
vt -0.08564453 0.02603946
vt -0.086141 0.02609066
vt -0.101026 0.02735862
vt -0.1007961 0.02722567
vt -0.1004409 0.02760671
vt -0.1008729 0.02785657
vt -0.108328 0.0273186
vt -0.1081683 0.02710645
vt -0.1076925 0.02731858
vt -0.1079927 0.02771728
vt -0.1105638 0.02285065
vt -0.110498 0.02259338
vt -0.1099772 0.02260614
vt -0.1101009 0.02308965
vt -0.1106041 0.02071625
vt -0.1106556 0.02045573
vt -0.1101802 0.02024272
vt -0.1100834 0.02073235
vt -0.1054375 0.04006005
vt -0.1056347 0.03988219
vt -0.1053814 0.03942698
vt -0.1050108 0.03976125
vt -0.06837807 0.08786695
vt -0.06863539 0.0879326
vt -0.06887406 0.08746956
vt -0.06839046 0.08734615
vt 0.04560367 0.0976211
vt 0.04564114 0.09811879
vt 0.04513541 0.09824377
vt 0.04508493 0.09757324
vt 0.03317171 0.0802604
vt 0.03332756 0.08073454
vt 0.03286662 0.08097728
vt 0.03265665 0.08033846
vt 0.01224456 0.05041138
vt 0.01251086 0.0508335
vt 0.01212264 0.05118088
vt 0.01176386 0.05061216
vt -0.01721466 0.01773079
vt -0.01683601 0.01805595
vt -0.01710493 0.01850213
vt -0.01761507 0.01806404
vt -0.05415223 -0.001967352
vt -0.05368026 -0.001805057
vt -0.05376534 -0.001291106
vt -0.05440123 -0.001509767
vt -0.08869456 0.001601941
vt -0.08819828 0.001548956
vt -0.08805757 0.002050535
vt -0.0887262 0.002121924
vt -0.1075794 0.01614146
vt -0.107147 0.01589224
vt -0.1068154 0.01629402
vt -0.107398 0.01662979
vt -0.1109351 0.01956792
vt -0.11061 0.01918921
vt -0.1101637 0.01945803
vt -0.1106017 0.01996826
vt -0.1065892 0.004608483
vt -0.1063761 0.004157146
vt -0.1058746 0.004298056
vt -0.1061616 0.004906139
vt -0.1001711 -0.02197193
vt -0.1000689 -0.02246046
vt -0.09954841 -0.02244018
vt -0.099686 -0.02178198
vt -0.09767821 -0.04315369
vt -0.09772091 -0.04365096
vt -0.09721651 -0.04378124
vt -0.097159 -0.04311128
vt 0.01323096 0.1115935
vt 0.01296792 0.1120177
vt 0.01248569 0.1118206
vt 0.01284009 0.1112492
vt 0.09459473 0.05812011
vt 0.09496594 0.0586808
vt 0.09455873 0.0590057
vt 0.0941366 0.05836812
vt 0.06949633 0.05967688
vt 0.06983426 0.06025823
vt 0.06940882 0.06055887
vt 0.06902455 0.05989778
vt 0.04310673 0.02956817
vt 0.04349656 0.03011608
vt 0.04310049 0.03045447
vt 0.0426572 0.02983142
vt 0.008110204 -0.011159
vt 0.008604784 -0.01070342
vt 0.008287141 -0.01029052
vt 0.007724722 -0.01080859
vt -0.04139816 -0.03636008
vt -0.04077374 -0.03611053
vt -0.0409235 -0.03561157
vt -0.04163355 -0.03589535
vt -0.09160735 -0.01952285
vt -0.0909402 -0.01960687
vt -0.0908296 -0.0190978
vt -0.09158827 -0.01900225
vt -0.1109253 0.01537498
vt -0.1103617 0.01500816
vt -0.11004 0.0154179
vt -0.1106809 0.01583502
vt -0.1056231 0.0241498
vt -0.1051845 0.02364005
vt -0.1047611 0.0239435
vt -0.1052598 0.02452317
vt -0.09118707 0.00149778
vt -0.09082951 0.0009282885
vt -0.09036554 0.001165145
vt -0.09077212 0.001812747
vt -0.06928243 -0.04141406
vt -0.06894404 -0.04199515
vt -0.06847242 -0.04177387
vt -0.06885722 -0.04111309
vt -0.02098737 -0.08924994
vt -0.02053073 -0.08974354
vt -0.02011851 -0.08942502
vt -0.02063778 -0.08886372
vt 0.1044712 -0.02890184
vt 0.1051013 -0.02866678
vt 0.1049631 -0.02816449
vt 0.1042467 -0.02843179
vt 0.1089248 0.02760544
vt 0.1095051 0.02810344
vt 0.1091658 0.02849875
vt 0.1085855 0.02800075
vt 0.09222206 0.03836256
vt 0.0926863 0.03897017
vt 0.09227234 0.03928644
vt 0.09180811 0.03867883
vt 0.06914889 0.01104993
vt 0.0695915 0.01167346
vt 0.06916671 0.01197501
vt 0.06872409 0.01135147
vt 0.03636707 -0.03433979
vt 0.03687352 -0.03376689
vt 0.03648322 -0.03342186
vt 0.03597677 -0.03399476
vt -0.02142762 -0.06886254
vt -0.02075776 -0.06849375
vt -0.021009 -0.06803739
vt -0.02167886 -0.06840617
vt -0.09587597 -0.03374108
vt -0.0951231 -0.03387483
vt -0.09503198 -0.03336192
vt -0.09578485 -0.03322817
vt -0.1095051 0.02810347
vt -0.1089248 0.02760546
vt -0.1085855 0.02800078
vt -0.1091658 0.02849878
vt -0.09268627 0.03897018
vt -0.09222203 0.03836257
vt -0.09180809 0.03867884
vt -0.09227232 0.03928645
vt -0.06959148 0.01167348
vt -0.06914887 0.01104995
vt -0.06872407 0.01135149
vt -0.06916668 0.01197502
vt -0.03687349 -0.03376687
vt -0.03636704 -0.03433976
vt -0.03597674 -0.03399473
vt -0.03648319 -0.03342183
vt 0.0207578 -0.06849371
vt 0.02142766 -0.06886249
vt 0.0216789 -0.06840613
vt 0.02100903 -0.06803735
vt 0.0951231 -0.03387481
vt 0.09587598 -0.03374106
vt 0.09578486 -0.03322815
vt 0.09503198 -0.0333619
vt 0.1102882 0.01503652
vt 0.1109291 0.01545364
vt 0.1106074 0.01586338
vt 0.1100438 0.01549657
vt 0.1051061 0.02364674
vt 0.1056047 0.02422641
vt 0.1051813 0.02452986
vt 0.1047428 0.0240201
vt 0.09075092 0.0009231844
vt 0.09115751 0.001570787
vt 0.09069353 0.001807643
vt 0.09033598 0.001238151
vt 0.06886564 -0.04200287
vt 0.06925044 -0.04134209
vt 0.06877883 -0.0411208
vt 0.06844044 -0.04170189
vt 0.02045251 -0.08973403
vt 0.02097178 -0.08917271
vt 0.02055955 -0.0888542
vt 0.02010292 -0.0893478
vt -0.1051221 -0.02859088
vt -0.1044057 -0.02885818
vt -0.1042675 -0.02835589
vt -0.1048975 -0.02812083
vt -0.09493814 0.05875451
vt -0.09451601 0.05811692
vt -0.09410881 0.05844184
vt -0.09448002 0.05900251
vt -0.06980222 0.06033018
vt -0.06941794 0.05966909
vt -0.0689925 0.05996973
vt -0.06933043 0.06055108
vt -0.04347127 0.03019068
vt -0.04302797 0.02956763
vt -0.0426319 0.02990603
vt -0.04302173 0.03045393
vt -0.008595446 -0.0106252
vt -0.008033029 -0.01114327
vt -0.007715385 -0.01073037
vt -0.008209966 -0.01027479
vt 0.04075461 -0.03603413
vt 0.04146466 -0.03631791
vt 0.04161442 -0.03581895
vt 0.04099 -0.0355694
vt 0.09088647 -0.01954926
vt 0.09164514 -0.01945372
vt 0.09153455 -0.01894465
vt 0.09086739 -0.01902867
vt 0.1070226 0.01593458
vt 0.1076052 0.01627035
vt 0.1072736 0.01667213
vt 0.1068412 0.01642292
vt 0.1104785 0.01918782
vt 0.1109165 0.01969805
vt 0.1104703 0.01996688
vt 0.1101452 0.01958817
vt 0.1062497 0.004120953
vt 0.1065368 0.004729037
vt 0.1060353 0.004869947
vt 0.1058222 0.00441861
vt 0.0999545 -0.02252506
vt 0.1000921 -0.02186685
vt 0.09957154 -0.02184657
vt 0.09946942 -0.02233511
vt 0.09762988 -0.04374569
vt 0.09757237 -0.04307573
vt 0.09706798 -0.04320601
vt 0.09711067 -0.04370328
vt -0.01283796 0.1120393
vt -0.01319235 0.1114678
vt -0.01271013 0.1112708
vt -0.01244708 0.1116949
vt -0.04554909 0.09821262
vt -0.04549861 0.09754209
vt -0.04499288 0.09766707
vt -0.04503035 0.09816475
vt -0.03326074 0.08084771
vt -0.03305076 0.08020891
vt -0.03258982 0.08045164
vt -0.03274567 0.08092578
vt -0.01247351 0.05095953
vt -0.01211473 0.05039081
vt -0.01172652 0.05073819
vt -0.01199281 0.05116031
vt 0.01683465 0.01818741
vt 0.01734479 0.01774933
vt 0.0176137 0.0181955
vt 0.01723506 0.01852066
vt 0.05363043 -0.001683421
vt 0.05426632 -0.001902082
vt 0.05435141 -0.001388133
vt 0.05387943 -0.001225837
vt 0.08810163 0.001638021
vt 0.08877026 0.00170941
vt 0.08862954 0.002210989
vt 0.08813327 0.002158003
vt 0.100651 0.02724334
vt 0.1010831 0.0274932
vt 0.1007278 0.02787424
vt 0.1004979 0.02774129
vt 0.1080278 0.02706608
vt 0.108328 0.02746478
vt 0.1078522 0.0276769
vt 0.1076925 0.02746476
vt 0.1103838 0.02250206
vt 0.1105076 0.02298557
vt 0.1099868 0.02299833
vt 0.1099209 0.02274106
vt 0.110592 0.02032412
vt 0.1104952 0.02081374
vt 0.1100198 0.02060073
vt 0.1100713 0.02034021
vt 0.1056625 0.03973865
vt 0.1052919 0.04007291
vt 0.1050386 0.0396177
vt 0.1052358 0.03943984
vt 0.0687703 0.08787625
vt 0.0682867 0.08775284
vt 0.06852538 0.08728979
vt 0.0687827 0.08735545
vt 0.02592868 0.1009464
vt 0.02569374 0.1005061
vt 0.02619662 0.1003701
vt 0.02632164 0.1006044
vt 0.0158633 0.08763702
vt 0.01587874 0.08713817
vt 0.01638257 0.08727058
vt 0.01637435 0.08753602
vt 0.02390995 0.06622801
vt 0.02412314 0.06577674
vt 0.0245323 0.06609918
vt 0.02441887 0.0663393
vt 0.04167412 0.04453653
vt 0.04204414 0.0442016
vt 0.04229828 0.04465635
vt 0.04210139 0.04483457
vt 0.06423839 0.02990695
vt 0.06471144 0.02974782
vt 0.06476264 0.03026624
vt 0.06451094 0.03035091
vt 0.08568761 0.02562192
vt 0.08618407 0.02567313
vt 0.08601583 0.02616616
vt 0.08575167 0.02613891
vt 0.0897976 0.04714331
vt 0.09001883 0.04729021
vt 0.08962955 0.0476364
vt 0.09433636 0.0470366
vt 0.09446452 0.04726919
vt 0.09395924 0.04739598
vt 0.09601428 0.04895813
vt 0.09601518 0.0492237
vt 0.09551099 0.04909263
vt 0.09428587 0.05378894
vt 0.09415133 0.0540179
vt 0.0937843 0.05364821
vt 0.0884262 0.06170632
vt 0.08818838 0.06182449
vt 0.08808314 0.06131428
vt 0.07888629 0.07002139
vt 0.07862355 0.06998269
vt 0.07882832 0.06950368
vt 0.06908818 0.07430468
vt 0.06889271 0.07412492
vt 0.06933144 0.07384401
vt 0.06327893 0.07275182
vt 0.06320814 0.07249586
vt 0.06372905 0.07248956
vt 0.06308781 0.0669634
vt 0.06315259 0.06670587
vt 0.06360872 0.06695751
vt 0.06763884 0.05970173
vt 0.06781705 0.05950484
vt 0.06810142 0.05994131
vt 0.07498379 0.05333459
vt 0.07523242 0.05324129
vt 0.07528508 0.05375957
vt 0.08297147 0.04911967
vt 0.08323534 0.04914961
vt 0.0830466 0.04963516
vt -0.05759774 0.08976306
vt -0.05810153 0.08963051
vt -0.05797072 0.08939939
vt -0.05424445 0.08640523
vt -0.0547447 0.0865506
vt -0.05475136 0.08628512
vt -0.05763267 0.07974668
vt -0.05800465 0.08011138
vt -0.05813609 0.07988063
vt -0.06543184 0.07237436
vt -0.06560021 0.07286735
vt -0.06582134 0.07272029
vt -0.07508823 0.06605057
vt -0.07502304 0.06656743
vt -0.07528628 0.06653241
vt -0.08435567 0.06151207
vt -0.08407111 0.06194844
vt -0.08432319 0.062032
vt -0.09159352 0.05876948
vt -0.09114535 0.05903506
vt -0.0913345 0.05922147
vt -0.09582613 0.05798238
vt -0.09530611 0.05801363
vt -0.09538908 0.0582659
vt -0.09634344 0.06025616
vt -0.09587429 0.06002971
vt -0.09582361 0.0602904
vt -0.09203117 0.06716408
vt -0.0917563 0.06672155
vt -0.09157388 0.06691454
vt -0.08182614 0.07790307
vt -0.08186185 0.07738335
vt -0.08160102 0.07743327
vt -0.06815983 0.0870572
vt -0.06850001 0.08666267
vt -0.06826133 0.08654624
vt 0.005585654 0.1067533
vt 0.00557276 0.1070186
vt 0.005060004 0.1071106
vt 0.005084226 0.1066121
vt -0.001513499 0.09116558
vt -0.001420669 0.09141438
vt -0.00185552 0.09170125
vt -0.002029974 0.09123364
vt -0.0202924 0.07148479
vt -0.02011817 0.07168521
vt -0.0204247 0.07210643
vt -0.02075216 0.07172976
vt -0.04506401 0.05331504
vt -0.04482993 0.05344047
vt -0.04496679 0.05394312
vt -0.04540671 0.0537074
vt -0.07104439 0.0421235
vt -0.0707805 0.04215337
vt -0.0707216 0.04267097
vt -0.07121752 0.04261483
vt -0.09272666 0.03813834
vt -0.09247084 0.0380671
vt -0.09222215 0.03852486
vt -0.09270296 0.03865875
vt -0.1065594 0.03568228
vt -0.1063471 0.03552273
vt -0.1059488 0.03585843
vt -0.1063478 0.03615829
vt -0.1128587 0.02898974
vt -0.1127159 0.02876588
vt -0.1122251 0.02894057
vt -0.1124936 0.02936129
vt -0.1144352 0.01853039
vt -0.1143824 0.01827013
vt -0.1138616 0.01825657
vt -0.1139608 0.01874571
vt -0.1142869 0.01613211
vt -0.1143562 0.01587576
vt -0.1138967 0.01563046
vt -0.1137663 0.01611223
vt -0.09862509 0.06173373
vt -0.09886836 0.06162724
vt -0.09877173 0.06111533
vt -0.09831452 0.06131548
vt -0.01869209 0.1135245
vt -0.0188617 0.1137288
vt -0.01932694 0.1134944
vt -0.01900819 0.1131104
vt 0.06817509 0.08546843
vt 0.06838544 0.08592103
vt 0.06795613 0.08621611
vt 0.06767274 0.08560632
vt 0.04169628 0.07409124
vt 0.04197362 0.07450619
vt 0.04159472 0.07486369
vt 0.04122104 0.07430465
vt 0.01035836 0.04799221
vt 0.01072079 0.04833535
vt 0.01043055 0.04876795
vt 0.009942262 0.04830564
vt -0.02753567 0.02217928
vt -0.02708963 0.02240321
vt -0.02724265 0.02290117
vt -0.02784361 0.02259947
vt -0.06762358 0.01128669
vt -0.06712751 0.01134158
vt -0.06709788 0.01186169
vt -0.06776623 0.01178772
vt -0.0986392 0.01703919
vt -0.09815727 0.01690936
vt -0.09793997 0.01738281
vt -0.09858925 0.01755773
vt -0.1130212 0.02346892
vt -0.112608 0.02318904
vt -0.1122481 0.02356576
vt -0.1128049 0.02394284
vt -0.1134405 0.01473909
vt -0.1131145 0.01436121
vt -0.1126689 0.01463118
vt -0.1131082 0.01514029
vt -0.105027 -0.01241638
vt -0.1047808 -0.0128505
vt -0.1042912 -0.01267245
vt -0.104623 -0.01208756
vt -0.08829723 -0.05285224
vt -0.08810224 -0.05331168
vt -0.08759553 -0.05319079
vt -0.08785821 -0.05257178
vt -0.02308406 -0.1075634
vt -0.02275423 -0.1079379
vt -0.02231143 -0.1076635
vt -0.02275581 -0.1071588
vt 0.0969186 0.06409787
vt 0.09713046 0.06454977
vt 0.09670213 0.06484629
vt 0.0964167 0.06423745
vt 0.09923893 0.05315803
vt 0.0996921 0.05365482
vt 0.09933982 0.05403859
vt 0.09882449 0.05347366
vt 0.07127149 0.05010591
vt 0.07171529 0.05061108
vt 0.07135589 0.0509882
vt 0.07085122 0.05041374
vt 0.03630018 0.02008324
vt 0.03680067 0.02053232
vt 0.03648845 0.02094934
vt 0.03591931 0.02043866
vt -0.009752115 -0.01306206
vt -0.009158446 -0.01274627
vt -0.009361418 -0.01226649
vt -0.01003651 -0.0126256
vt -0.06385885 -0.02199576
vt -0.06319141 -0.02191406
vt -0.06320868 -0.0213934
vt -0.06396768 -0.02148631
vt -0.1038206 0.0006295769
vt -0.1031756 0.0004394546
vt -0.1029847 0.0009241436
vt -0.1037181 0.001140342
vt -0.1146171 0.02209705
vt -0.1140641 0.02171442
vt -0.1137309 0.02211487
vt -0.1143597 0.02254999
vt -0.105509 0.01606582
vt -0.1050381 0.01558579
vt -0.1046354 0.01591625
vt -0.1051709 0.01646212
vt -0.08388437 -0.01775135
vt -0.08344684 -0.01826196
vt -0.0830228 -0.01795933
vt -0.08352036 -0.01737869
vt -0.04318721 -0.06597827
vt -0.04269934 -0.06644102
vt -0.04230878 -0.06609628
vt -0.04286357 -0.06557005
vt 0.04569313 -0.08457752
vt 0.04634421 -0.08474562
vt 0.04651858 -0.08425472
vt 0.0457782 -0.08406357
vt 0.1136872 0.002613791
vt 0.1142654 0.002957082
vt 0.1140402 0.003426808
vt 0.1133827 0.003036431
vt 0.1108087 0.03136031
vt 0.1114057 0.03183814
vt 0.1110802 0.03224485
vt 0.1104832 0.03176703
vt 0.09128831 0.02886326
vt 0.09182505 0.02940788
vt 0.09145401 0.02977355
vt 0.09091727 0.02922893
vt 0.06012348 -0.004412438
vt 0.0606759 -0.003883725
vt 0.06031571 -0.003507374
vt 0.05976328 -0.004036087
vt 0.01176837 -0.04564688
vt 0.01241154 -0.04523331
vt 0.01212978 -0.04479513
vt 0.01148661 -0.04520871
vt -0.05837916 -0.05445235
vt -0.05762372 -0.05433398
vt -0.05770436 -0.05381932
vt -0.0584598 -0.05393768
vt -0.109149 -0.007185228
vt -0.1084322 -0.007451612
vt -0.1082508 -0.006963301
vt -0.1089675 -0.006696917
vt -0.1114057 0.03183816
vt -0.1108087 0.03136034
vt -0.1104832 0.03176704
vt -0.1110801 0.03224487
vt -0.09182502 0.02940789
vt -0.09128828 0.02886327
vt -0.09091724 0.02922894
vt -0.09145398 0.02977356
vt -0.06067589 -0.003883687
vt -0.06012347 -0.0044124
vt -0.05976327 -0.004036049
vt -0.06031569 -0.003507335
vt -0.01241153 -0.04523327
vt -0.01176836 -0.04564685
vt -0.0114866 -0.04520867
vt -0.01212977 -0.0447951
vt 0.05762373 -0.05433394
vt 0.05837917 -0.05445231
vt 0.05845981 -0.05393764
vt 0.05770437 -0.05381928
vt 0.1084322 -0.007451599
vt 0.109149 -0.007185215
vt 0.1089675 -0.006696904
vt 0.1082508 -0.006963287
vt 0.1139899 0.02174068
vt 0.1146186 0.0221758
vt 0.1142855 0.02257626
vt 0.1137325 0.02219362
vt 0.1049603 0.0155976
vt 0.1054957 0.01614347
vt 0.105093 0.01647392
vt 0.1046221 0.01599389
vt 0.08336834 -0.01825543
vt 0.0838659 -0.01767479
vt 0.08344187 -0.01737216
vt 0.08300433 -0.01788277
vt 0.04262193 -0.06642642
vt 0.04317672 -0.06590019
vt 0.04278616 -0.06555545
vt 0.04229829 -0.06601821
vt -0.04640484 -0.0846953
vt -0.04566446 -0.08450415
vt -0.04583883 -0.08401325
vt -0.04648991 -0.08418135
vt -0.1142725 0.003035517
vt -0.113615 0.00264514
vt -0.1133897 0.003114866
vt -0.1139679 0.003458156
vt -0.099676 0.05373194
vt -0.09916066 0.053167
vt -0.09880839 0.05355077
vt -0.09926156 0.05404757
vt -0.07169773 0.05068787
vt -0.07119305 0.0501134
vt -0.07083367 0.05049053
vt -0.07127747 0.0509957
vt -0.03679236 0.02061066
vt -0.03622323 0.02009999
vt -0.035911 0.02051701
vt -0.03641149 0.02096608
vt 0.00914772 -0.01266823
vt 0.009822815 -0.01302734
vt 0.01002579 -0.01254756
vt 0.00943212 -0.01223177
vt 0.0631534 -0.02184508
vt 0.06391238 -0.02193799
vt 0.06392966 -0.02141734
vt 0.06326222 -0.02133563
vt 0.1031133 0.0004876732
vt 0.1038468 0.0007038715
vt 0.1036559 0.001188561
vt 0.1030109 0.0009984386
vt 0.1124808 0.02322227
vt 0.1130375 0.02359935
vt 0.1126777 0.02397606
vt 0.1122645 0.02369618
vt 0.112983 0.01436017
vt 0.1134223 0.01486927
vt 0.1129768 0.01513924
vt 0.1126507 0.01476136
vt 0.1046521 -0.01287714
vt 0.1049838 -0.01229224
vt 0.1044943 -0.01211419
vt 0.104248 -0.01254832
vt 0.08797745 -0.05335283
vt 0.08824013 -0.05273384
vt 0.08773341 -0.05261294
vt 0.08753844 -0.05307237
vt 0.02262293 -0.1079376
vt 0.02306731 -0.107433
vt 0.02262451 -0.1071585
vt 0.02229468 -0.1075331
vt -0.09707773 0.06467025
vt -0.0967923 0.0640614
vt -0.09636398 0.06435792
vt -0.09657583 0.06480982
vt -0.06833233 0.08604128
vt -0.06804894 0.08543148
vt -0.06761962 0.08572657
vt -0.06782997 0.08617917
vt -0.04193961 0.07463314
vt -0.04156593 0.0740741
vt -0.04118703 0.07443161
vt -0.04146437 0.07484655
vt -0.01071577 0.04846669
vt -0.01022748 0.04800438
vt -0.00993724 0.04843698
vt -0.01029967 0.04878012
vt 0.02705651 0.02253043
vt 0.02765746 0.02222872
vt 0.02781048 0.02272669
vt 0.02736444 0.02295062
vt 0.06705224 0.01144934
vt 0.06772058 0.01137538
vt 0.06769095 0.01189548
vt 0.06719489 0.01195038
vt 0.0980479 0.01698224
vt 0.09869718 0.01715716
vt 0.09847987 0.01763061
vt 0.09799795 0.01750078
vt 0.106201 0.03552289
vt 0.1065999 0.03582273
vt 0.1062016 0.03615844
vt 0.1059893 0.03599889
vt 0.1125789 0.02871478
vt 0.1128474 0.0291355
vt 0.1123566 0.02931019
vt 0.1122138 0.02908633
vt 0.114273 0.01817315
vt 0.1143722 0.01866229
vt 0.1138514 0.01864874
vt 0.1137987 0.01838847
vt 0.1143018 0.01574007
vt 0.1141715 0.01622185
vt 0.1137119 0.01597654
vt 0.1137813 0.01572019
vt 0.0989401 0.06149978
vt 0.09848289 0.06169994
vt 0.09838626 0.06118803
vt 0.09862953 0.06108153
vt 0.01900396 0.1137625
vt 0.0186852 0.1133785
vt 0.01915044 0.1131441
vt 0.01932005 0.1133484
vt -0.005479273 0.1071309
vt -0.005503495 0.1066324
vt -0.00499074 0.1067244
vt -0.004977845 0.1069897
vt 0.001462243 0.09155452
vt 0.001636698 0.09108691
vt 0.002071549 0.09137378
vt 0.001978719 0.09162258
vt 0.02010792 0.07183101
vt 0.02043538 0.07145435
vt 0.02074191 0.07187556
vt 0.02056768 0.07207599
vt 0.04476855 0.05357313
vt 0.04520848 0.05333741
vt 0.04534533 0.05384006
vt 0.04511125 0.05396549
vt 0.0706744 0.04225389
vt 0.07117033 0.04219775
vt 0.07111142 0.04271535
vt 0.07084754 0.04274522
vt 0.09233477 0.0381205
vt 0.09281558 0.03825439
vt 0.09256689 0.03871215
vt 0.09231106 0.0386409
vt 0.09147434 0.05870123
vt 0.09166349 0.05888764
vt 0.09121533 0.05915322
vt 0.09575134 0.05786722
vt 0.09583431 0.05811949
vt 0.0953143 0.05815074
vt 0.09633444 0.06011911
vt 0.09628376 0.06037979
vt 0.09581462 0.06015334
vt 0.09209692 0.06704354
vt 0.09191451 0.06723654
vt 0.09163964 0.06679402
vt 0.0819499 0.07784378
vt 0.08168907 0.0778937
vt 0.08172479 0.07737398
vt 0.06829457 0.08708392
vt 0.06805588 0.0869675
vt 0.06839605 0.08657296
vt 0.05769364 0.08986137
vt 0.05756284 0.08963025
vt 0.05806663 0.0894977
vt 0.05427615 0.08653884
vt 0.05428281 0.08627336
vt 0.05478306 0.08641873
vt 0.05759741 0.07987938
vt 0.05772885 0.07964863
vt 0.05810084 0.08001333
vt 0.06534062 0.07247703
vt 0.06556176 0.07232998
vt 0.06573012 0.07282297
vt 0.07496122 0.06610279
vt 0.07522447 0.06606776
vt 0.07515927 0.06658462
vt 0.08421855 0.06150354
vt 0.08447061 0.0615871
vt 0.08418607 0.06202347
vt -0.03107738 0.02957304
vt -0.03156935 0.02940171
vt -0.03142096 0.02918147
vt -0.02790991 0.02081339
vt -0.02842204 0.02090878
vt -0.02840252 0.02064393
vt -0.02967095 0.01137799
vt -0.03006972 0.0117132
vt -0.03018314 0.01147307
vt -0.0358109 0.004158935
vt -0.03599127 0.004647656
vt -0.03620875 0.004495241
vt -0.04455845 0.00130736
vt -0.04447009 0.001820757
vt -0.04473465 0.001797603
vt -0.0533633 0.003344032
vt -0.05302947 0.003743958
vt -0.05326999 0.003856551
vt -0.05988318 0.009109454
vt -0.05939472 0.009290518
vt -0.05954744 0.009507774
vt -0.06273636 0.0167843
vt -0.06222209 0.01670116
vt -0.06224793 0.01696546
vt -0.06142277 0.024778
vt -0.06101678 0.02445158
vt -0.06090863 0.02469413
vt -0.05606185 0.03162788
vt -0.05587462 0.03114174
vt -0.05565932 0.0312972
vt -0.04764317 0.03557479
vt -0.04773042 0.0350612
vt -0.04746592 0.03508493
vt -0.03837335 0.03499212
vt -0.03871132 0.0345957
vt -0.03847199 0.03448061
vt 0.002055391 0.04898397
vt 0.001925843 0.04921579
vt 0.001425695 0.04907006
vt 0.001669166 0.04863438
vt 0.00988386 0.02309431
vt 0.009873127 0.02335965
vt 0.009361133 0.02345581
vt 0.009381302 0.02295712
vt 0.004586773 -0.004759202
vt 0.004693397 -0.004515981
vt 0.004275305 -0.004205204
vt 0.004074919 -0.004662308
vt -0.01348348 -0.02676439
vt -0.01327382 -0.02660141
vt -0.01349321 -0.02612891
vt -0.01388726 -0.02643522
vt -0.04135684 -0.03341115
vt -0.04109253 -0.03338534
vt -0.04102565 -0.03286871
vt -0.04152238 -0.03291721
vt -0.06773279 -0.02206769
vt -0.06749725 -0.02219036
vt -0.06715918 -0.02179401
vt -0.06760184 -0.02156347
vt -0.08323627 -0.003522546
vt -0.08309274 -0.003745982
vt -0.08260248 -0.003569831
vt -0.08287223 -0.003149911
vt -0.08879314 0.01338456
vt -0.08876432 0.01312057
vt -0.08824695 0.01305958
vt -0.08830111 0.01355574
vt -0.08679414 0.02909651
vt -0.08688471 0.02884687
vt -0.08644729 0.02856395
vt -0.08627706 0.02903312
vt -0.0755127 0.04692822
vt -0.07571436 0.04675543
vt -0.07547268 0.04629393
vt -0.07509369 0.04661869
vt -0.05109055 0.06336844
vt -0.05135464 0.06334051
vt -0.05141736 0.06282335
vt -0.05092103 0.06287585
vt -0.02000648 0.06517984
vt -0.02023732 0.06531113
vt -0.02058982 0.06492756
vt -0.02015598 0.06468081
vt 0.03844781 0.0590136
vt 0.03827161 0.05948056
vt 0.03776041 0.0593803
vt 0.0379978 0.05875117
vt 0.04582535 0.02268989
vt 0.04582393 0.02318899
vt 0.04531 0.02327419
vt 0.04531191 0.02260176
vt 0.03917516 -0.01654474
vt 0.03934048 -0.01607382
vt 0.0388845 -0.01582189
vt 0.03866176 -0.01645635
vt 0.01454266 -0.05266533
vt 0.01489385 -0.05231069
vt 0.01458983 -0.05188766
vt 0.01411668 -0.05236545
vt -0.0366312 -0.06457287
vt -0.03613614 -0.06450958
vt -0.03611531 -0.06398905
vt -0.03678232 -0.06407432
vt -0.08365662 -0.0341574
vt -0.08324382 -0.0344379
vt -0.08288343 -0.03406173
vt -0.0834396 -0.03368381
vt -0.09998767 -0.003191205
vt -0.0997631 -0.003636925
vt -0.09926536 -0.003483189
vt -0.09956792 -0.002882672
vt -0.1035211 0.01212295
vt -0.103468 0.01162668
vt -0.102948 0.01159511
vt -0.1030195 0.01226373
vt -0.1027583 0.02212635
vt -0.1028733 0.02164067
vt -0.1023934 0.02143803
vt -0.1022385 0.02209238
vt -0.09463072 0.04226425
vt -0.09494475 0.04187632
vt -0.09460001 0.04148576
vt -0.09417693 0.04200841
vt -0.05668058 0.08057521
vt -0.05717409 0.08050075
vt -0.05718315 0.07997989
vt -0.05651824 0.08008021
vt 0.0073004 0.08728799
vt 0.00691357 0.08760337
vt 0.006521808 0.08725999
vt 0.007042984 0.08683509
vt 0.07323629 0.05342213
vt 0.07313313 0.0540866
vt 0.07261329 0.05405256
vt 0.0727306 0.05329695
vt 0.0755411 0.0198967
vt 0.07556413 0.02056873
vt 0.07504712 0.0206326
vt 0.07502093 0.01986839
vt 0.07063571 -0.01862841
vt 0.07078286 -0.01797228
vt 0.07028662 -0.01781374
vt 0.0701193 -0.01855987
vt 0.05154274 -0.06167291
vt 0.05188175 -0.06109219
vt 0.05145689 -0.06079075
vt 0.05107137 -0.06145112
vt -0.02590249 -0.08962432
vt -0.02524587 -0.08947938
vt -0.02531267 -0.08896274
vt -0.02605936 -0.08912756
vt -0.1011199 -0.02086945
vt -0.1006816 -0.02137941
vt -0.100258 -0.02107616
vt -0.1007564 -0.02049625
vt -0.1065123 0.0112946
vt -0.1063138 0.01065213
vt -0.1058044 0.01076121
vt -0.1060301 0.01149181
vt -0.1058677 0.0134941
vt -0.105806 0.0128245
vt -0.1052851 0.01282616
vt -0.1053552 0.0135876
vt -0.1057897 0.00697204
vt -0.1058469 0.006302044
vt -0.1053338 0.006211976
vt -0.1052688 0.006973866
vt -0.1062544 0.0103881
vt -0.1064845 0.009756276
vt -0.1060127 0.009535361
vt -0.105751 0.01025385
vt -0.07176017 0.07875679
vt -0.07239975 0.07854918
vt -0.0722834 0.07804139
vt -0.07155611 0.07827748
vt 0.05313675 0.08652879
vt 0.05280738 0.08711503
vt 0.0523324 0.08690108
vt 0.05270695 0.08623443
vt 0.09787732 0.0336755
vt 0.09793939 0.03443764
vt 0.09742016 0.03447992
vt 0.09735809 0.03371778
vt 0.096108 0.01604033
vt 0.0961591 0.01680328
vt 0.09563932 0.01683809
vt 0.09558822 0.01607513
vt 0.09436227 -0.009721697
vt 0.09441842 -0.008959098
vt 0.09389888 -0.008920848
vt 0.09384273 -0.009683444
vt 0.09102767 -0.03809852
vt 0.09111606 -0.03733899
vt 0.0905986 -0.03727877
vt 0.09051021 -0.03803831
vt 0.04797735 -0.09318543
vt 0.04844327 -0.0925791
vt 0.04803019 -0.09226169
vt 0.04756428 -0.09286802
vt -0.1014746 0.03474183
vt -0.1013554 0.03398652
vt -0.1008409 0.03406769
vt -0.10096 0.03482301
vt -0.09793936 0.03443765
vt -0.09787731 0.03367551
vt -0.09735809 0.03371779
vt -0.09742014 0.03447993
vt -0.09615909 0.01680328
vt -0.09610799 0.01604032
vt -0.09558821 0.01607513
vt -0.0956393 0.01683808
vt -0.09441841 -0.008959115
vt -0.09436226 -0.00972171
vt -0.09384272 -0.00968346
vt -0.09389887 -0.008920861
vt -0.09111603 -0.03733903
vt -0.09102763 -0.03809857
vt -0.09051017 -0.03803835
vt -0.09059857 -0.03727881
vt -0.04844292 -0.09257928
vt -0.04797701 -0.0931856
vt -0.04756393 -0.09286819
vt -0.04802985 -0.09226186
vt 0.1013555 0.03398648
vt 0.1014746 0.0347418
vt 0.10096 0.03482297
vt 0.1008409 0.03406765
vt 0.1062392 0.01062693
vt 0.1064648 0.01135753
vt 0.1059555 0.01146661
vt 0.105757 0.01082413
vt 0.1057382 0.01278443
vt 0.1058083 0.01354587
vt 0.1052874 0.01354753
vt 0.1052257 0.01287794
vt 0.1057872 0.006250664
vt 0.1057222 0.007012555
vt 0.1052091 0.006922486
vt 0.1052662 0.006252489
vt 0.1064403 0.009691082
vt 0.1061786 0.01040957
vt 0.1057068 0.01018865
vt 0.1059369 0.00955683
vt 0.0724239 0.07847421
vt 0.07169659 0.0787103
vt 0.07158025 0.07820251
vt 0.07221983 0.0779949
vt -0.05272909 0.08712398
vt -0.05310363 0.08645733
vt -0.05262865 0.08624337
vt -0.05229928 0.08682962
vt -0.07306295 0.05412236
vt -0.07318026 0.05336674
vt -0.07266043 0.05333271
vt -0.07255726 0.05399718
vt -0.0755019 0.02061699
vt -0.07547571 0.01985278
vt -0.07495869 0.01991664
vt -0.07498173 0.02058868
vt -0.07073064 -0.0179133
vt -0.07056331 -0.01865943
vt -0.07006709 -0.01850089
vt -0.07021423 -0.01784475
vt -0.05184986 -0.06102017
vt -0.05146434 -0.06168053
vt -0.05103947 -0.06137909
vt -0.05137849 -0.06079838
vt 0.02521458 -0.0894071
vt 0.02596127 -0.08957191
vt 0.02602808 -0.08905527
vt 0.02537145 -0.08891033
vt 0.1006031 -0.02137274
vt 0.1011015 -0.02079283
vt 0.100678 -0.02048958
vt 0.1002396 -0.02099954
vt 0.09963585 -0.003669864
vt 0.09993841 -0.003069348
vt 0.09944067 -0.002915613
vt 0.0992161 -0.003361332
vt 0.1033605 0.011551
vt 0.103432 0.01221963
vt 0.102912 0.01218805
vt 0.102859 0.01169178
vt 0.1027971 0.02153357
vt 0.1026422 0.02218793
vt 0.1021623 0.02198528
vt 0.1022772 0.0214996
vt 0.09492245 0.04174678
vt 0.09449937 0.04226943
vt 0.09415463 0.04187888
vt 0.09446865 0.04149095
vt 0.05724505 0.08039009
vt 0.05658014 0.08049041
vt 0.0565892 0.07996955
vt 0.05708271 0.07989509
vt -0.006783913 0.08758152
vt -0.007305089 0.08715662
vt -0.006913327 0.08681325
vt -0.006526497 0.08712862
vt -0.03814856 0.05952673
vt -0.03838594 0.0588976
vt -0.03787474 0.05879735
vt -0.03769854 0.05926431
vt -0.04572486 0.02327536
vt -0.04572677 0.02260293
vt -0.04521284 0.02268813
vt -0.04521142 0.02318722
vt -0.03927594 -0.01595931
vt -0.0390532 -0.01659377
vt -0.03859722 -0.01634184
vt -0.03876255 -0.01587092
vt -0.01488461 -0.05217957
vt -0.01441146 -0.05265736
vt -0.01410744 -0.05223433
vt -0.01445863 -0.05187969
vt 0.0360627 -0.06440055
vt 0.0367297 -0.06448583
vt 0.03670887 -0.06396531
vt 0.03621381 -0.06390201
vt 0.0831166 -0.03440485
vt 0.08367278 -0.03402693
vt 0.08331239 -0.03365076
vt 0.08289959 -0.03393126
vt 0.08295563 -0.003796709
vt 0.08322538 -0.003376789
vt 0.08273512 -0.003200638
vt 0.08259159 -0.003424073
vt 0.08866422 0.01301403
vt 0.08871838 0.01351018
vt 0.08820102 0.0134492
vt 0.0881722 0.0131852
vt 0.08684187 0.02870712
vt 0.08667164 0.02917629
vt 0.08623423 0.02889337
vt 0.0863248 0.02864373
vt 0.07574582 0.04661267
vt 0.07536682 0.04693742
vt 0.07512515 0.04647593
vt 0.07532681 0.04630313
vt 0.05146152 0.0632408
vt 0.05096519 0.06329329
vt 0.05102791 0.06277613
vt 0.051292 0.06274821
vt 0.0203823 0.06529245
vt 0.01994847 0.0650457
vt 0.02030097 0.06466212
vt 0.02053181 0.06479342
vt -0.001792126 0.04927482
vt -0.002035597 0.04883914
vt -0.001535448 0.04869341
vt -0.0014059 0.04892523
vt -0.009780546 0.02347277
vt -0.009800714 0.02297408
vt -0.009288722 0.02307023
vt -0.009277987 0.02333558
vt -0.004659739 -0.004373742
vt -0.004459354 -0.004830846
vt -0.004041261 -0.004520069
vt -0.004147886 -0.004276848
vt 0.01323561 -0.02646031
vt 0.01362966 -0.02676662
vt 0.01384905 -0.02629412
vt 0.01363938 -0.02613114
vt 0.0409849 -0.03328646
vt 0.04148163 -0.03333495
vt 0.04141475 -0.03281832
vt 0.04115044 -0.03279252
vt 0.06735308 -0.02216629
vt 0.06779574 -0.02193575
vt 0.06745766 -0.0215394
vt 0.06722213 -0.02166207
vt 0.05977817 0.009020944
vt 0.05993089 0.0092382
vt 0.05944242 0.009419264
vt 0.06268857 0.01665553
vt 0.06271441 0.01691983
vt 0.06220014 0.01683669
vt 0.0614449 0.0246425
vt 0.06133676 0.02488505
vt 0.06093076 0.02455862
vt 0.05614901 0.03152177
vt 0.0559337 0.03167722
vt 0.05574648 0.03119108
vt 0.04777225 0.03552803
vt 0.04750776 0.03555175
vt 0.04759501 0.03503817
vt 0.03850822 0.03501815
vt 0.03826889 0.03490306
vt 0.03860686 0.03450663
vt 0.03118064 0.02966363
vt 0.03103225 0.02944339
vt 0.03152421 0.02927205
vt 0.02795461 0.02094326
vt 0.02793508 0.02067841
vt 0.02844722 0.0207738
vt 0.02964593 0.01151302
vt 0.02975935 0.0112729
vt 0.03015812 0.01160811
vt 0.03572223 0.004263797
vt 0.0359397 0.004111382
vt 0.03612008 0.004600103
vt 0.04442922 0.001353809
vt 0.04469377 0.001330655
vt 0.04460542 0.001844052
vt 0.05322815 0.003319399
vt 0.05346866 0.003431992
vt 0.05313484 0.003831917
vt -0.05044081 0.01716651
vt -0.05088634 0.01689655
vt -0.05069538 0.016712
vt -0.04594149 0.009543483
vt -0.04646216 0.009526561
vt -0.04638617 0.009272102
vt -0.04565179 0.0005990523
vt -0.04611326 0.0008407699
vt -0.04617245 0.0005818876
vt -0.04983149 -0.00670763
vt -0.05010916 -0.006266857
vt -0.05029035 -0.006461005
vt -0.05730582 -0.009821402
vt -0.05731713 -0.009300579
vt -0.05757239 -0.009373828
vt -0.06562883 -0.007910462
vt -0.06536745 -0.00745983
vt -0.06562354 -0.007389544
vt -0.07222243 -0.002310383
vt -0.07176639 -0.002058578
vt -0.07194977 -0.001866494
vt -0.07561915 0.004757113
vt -0.07509833 0.004745685
vt -0.07516037 0.005003902
vt -0.07547055 0.01167106
vt -0.07502295 0.01140453
vt -0.07494973 0.0116598
vt -0.07193569 0.01747101
vt -0.07167618 0.01701931
vt -0.07148723 0.01720592
vt -0.06557488 0.02110619
vt -0.06557156 0.02058525
vt -0.0653152 0.02065457
vt -0.05771003 0.02125795
vt -0.05796473 0.02080352
vt -0.05770764 0.02073701
vt -0.0261246 0.0417175
vt -0.02631071 0.04190694
vt -0.0267547 0.04163446
vt -0.02640495 0.04127841
vt -0.01207476 0.01940925
vt -0.01215536 0.01966229
vt -0.01267454 0.01961946
vt -0.01252307 0.01914391
vt -0.009815598 -0.008429924
vt -0.009778334 -0.008166989
vt -0.01026461 -0.007980132
vt -0.01033465 -0.008474292
vt -0.02102488 -0.03299462
vt -0.02086749 -0.03278071
vt -0.02120723 -0.03238579
vt -0.02150301 -0.0327878
vt -0.04632955 -0.04274026
vt -0.04607916 -0.04265177
vt -0.04613826 -0.04213418
vt -0.04660883 -0.04230051
vt -0.07482056 -0.02983799
vt -0.07456897 -0.02992302
vt -0.0742958 -0.02947945
vt -0.07476862 -0.02931964
vt -0.09088991 -0.007969532
vt -0.09073009 -0.008181622
vt -0.09025435 -0.007969346
vt -0.09055471 -0.007570746
vt -0.09590191 0.008131858
vt -0.09586208 0.007869298
vt -0.09534262 0.00783
vt -0.09541748 0.008323452
vt -0.09502535 0.01937605
vt -0.09510354 0.01912226
vt -0.09465273 0.0188612
vt -0.09450579 0.01933818
vt -0.08839837 0.03124167
vt -0.08858248 0.03105029
vt -0.08829756 0.03061417
vt -0.08795155 0.03097385
vt -0.07299417 0.04451074
vt -0.07324918 0.04443657
vt -0.07321951 0.04391648
vt -0.07274027 0.04405586
vt -0.04924003 0.05082003
vt -0.04949587 0.05089123
vt -0.04974447 0.05043343
vt -0.04926364 0.05029963
vt 0.002435829 0.06367871
vt 0.002121707 0.06406656
vt 0.001667978 0.0638106
vt 0.0020912 0.06328806
vt 0.02250971 0.02972964
vt 0.02236683 0.03020785
vt 0.02184984 0.03014384
vt 0.02204233 0.02949955
vt 0.0275303 -0.01092327
vt 0.02754978 -0.01042455
vt 0.02703986 -0.0103179
vt 0.02701362 -0.01098982
vt 0.01681107 -0.05054527
vt 0.0170164 -0.05009037
vt 0.01658386 -0.04980004
vt 0.01630721 -0.05041293
vt -0.02592069 -0.07379694
vt -0.0254823 -0.07355838
vt -0.0256517 -0.07306576
vt -0.02624235 -0.07338716
vt -0.08796906 -0.03597306
vt -0.08752628 -0.03620337
vt -0.08721236 -0.03578763
vt -0.08780892 -0.03547735
vt -0.1029038 0.00570891
vt -0.1026939 0.005256082
vt -0.1021914 0.005393452
vt -0.1024742 0.006003545
vt -0.1037868 0.01777275
vt -0.1037638 0.01727419
vt -0.1032467 0.01721131
vt -0.1032777 0.01788302
vt -0.1034295 0.0203586
vt -0.1035689 0.01987937
vt -0.1030999 0.01965266
vt -0.1029121 0.02029833
vt -0.09985882 0.02993292
vt -0.1001692 0.02954205
vt -0.09982078 0.02915475
vt -0.09940263 0.02968136
vt -0.08152492 0.05608557
vt -0.08199416 0.05591555
vt -0.08190066 0.05540306
vt -0.08126844 0.05563213
vt -0.03778406 0.07706015
vt -0.03825561 0.07722367
vt -0.03850579 0.07676672
vt -0.03787047 0.07654642
vt 0.0365248 0.07446136
vt 0.03620267 0.07505161
vt 0.03572509 0.07484351
vt 0.03609141 0.0741723
vt 0.05450315 0.03591099
vt 0.05434362 0.03656422
vt 0.05382859 0.03648591
vt 0.05401 0.03574308
vt 0.06086106 -0.005931085
vt 0.06081676 -0.005260114
vt 0.06029595 -0.005248281
vt 0.06034632 -0.006011282
vt 0.05951395 -0.0466605
vt 0.05959404 -0.04599285
vt 0.05908432 -0.04588526
vt 0.05899324 -0.04664448
vt 0.02967179 -0.08867203
vt 0.03003863 -0.08810848
vt 0.0296289 -0.08778675
vt 0.02921175 -0.08842761
vt -0.1039145 0.003591753
vt -0.1035355 0.003036283
vt -0.1030809 0.003290629
vt -0.1035118 0.003922288
vt -0.09883577 0.03655953
vt -0.09875236 0.03589229
vt -0.09823175 0.0359109
vt -0.09832659 0.03666965
vt -0.0981957 0.02881123
vt -0.09823766 0.02814011
vt -0.09772265 0.0280617
vt -0.09767493 0.02882488
vt -0.1003063 0.01453758
vt -0.1004631 0.01388369
vt -0.09996926 0.01371784
vt -0.09979095 0.01446142
vt -0.1033789 0.01165691
vt -0.1036966 0.01106426
vt -0.1032611 0.01077846
vt -0.1028998 0.0114524
vt -0.09331514 0.04839756
vt -0.09390067 0.04806691
vt -0.09368566 0.0475924
vt -0.09301983 0.04796841
vt -0.01669675 0.09707738
vt -0.01728825 0.09739719
vt -0.01757561 0.09696268
vt -0.01690297 0.096599
vt 0.07296912 0.06526405
vt 0.0728027 0.06601037
vt 0.07229425 0.065897
vt 0.07246067 0.06515066
vt 0.08080155 0.03533278
vt 0.08067884 0.03608753
vt 0.08016466 0.03600393
vt 0.08028735 0.03524918
vt 0.08591944 0.003823124
vt 0.08579709 0.004577935
vt 0.08528286 0.004494584
vt 0.08540522 0.003739774
vt 0.09188014 -0.01996792
vt 0.09171547 -0.0192212
vt 0.09120675 -0.01933339
vt 0.09137142 -0.02008011
vt 0.1031515 -0.006425736
vt 0.1027612 -0.005768177
vt 0.1023133 -0.006034067
vt 0.1027035 -0.006691626
vt -0.04024933 0.09730893
vt -0.04065163 0.09665865
vt -0.0402086 0.09638457
vt -0.03980631 0.09703486
vt -0.07280268 0.06601037
vt -0.0729691 0.06526405
vt -0.07246065 0.06515066
vt -0.07229422 0.065897
vt -0.08067883 0.03608752
vt -0.08080153 0.03533277
vt -0.08028734 0.03524918
vt -0.08016464 0.03600393
vt -0.08579707 0.004577926
vt -0.08591942 0.003823116
vt -0.08540519 0.003739766
vt -0.08528284 0.004494576
vt -0.09171544 -0.01922124
vt -0.09188011 -0.01996795
vt -0.09137139 -0.02008014
vt -0.09120672 -0.01933342
vt -0.1027612 -0.005768321
vt -0.1031515 -0.006425881
vt -0.1027035 -0.00669177
vt -0.1023132 -0.00603421
vt 0.04065169 0.09665862
vt 0.0402494 0.0973089
vt 0.03980638 0.09703482
vt 0.04020867 0.09638454
vt 0.09868327 0.03585447
vt 0.09877811 0.03661323
vt 0.0982575 0.03663183
vt 0.0981741 0.0359646
vt 0.09817681 0.0280901
vt 0.09812909 0.02885328
vt 0.09761408 0.02877487
vt 0.09765603 0.02810375
vt 0.1004118 0.01382396
vt 0.1002334 0.01456754
vt 0.0997396 0.01440169
vt 0.09989642 0.0137478
vt 0.1036621 0.01099344
vt 0.1033008 0.01166738
vt 0.1028653 0.01138158
vt 0.103183 0.01078893
vt 0.09390941 0.04798862
vt 0.09324358 0.04836463
vt 0.09302858 0.04789012
vt 0.0936141 0.04755947
vt 0.01735923 0.09736296
vt 0.01668659 0.09699927
vt 0.01697395 0.09656475
vt 0.01756546 0.09688457
vt -0.03612454 0.07506149
vt -0.03649085 0.07439028
vt -0.03601327 0.07418218
vt -0.03569115 0.07477243
vt -0.05427064 0.03659385
vt -0.05445205 0.03585102
vt -0.05393703 0.03577271
vt -0.0537775 0.03642594
vt -0.06075001 -0.005218299
vt -0.06080038 -0.0059813
vt -0.06027957 -0.005969466
vt -0.06023527 -0.005298496
vt -0.05953612 -0.04593946
vt -0.05944503 -0.04669868
vt -0.05893533 -0.04659109
vt -0.05901542 -0.04592344
vt -0.0300103 -0.08803498
vt -0.02959315 -0.08867583
vt -0.02918343 -0.08835411
vt -0.02955026 -0.08779056
vt 0.1034568 0.0030342
vt 0.1038877 0.003665857
vt 0.1034331 0.003920205
vt 0.1030541 0.003364736
vt 0.1025678 0.005218997
vt 0.1028506 0.005829091
vt 0.1023481 0.00596646
vt 0.1021382 0.005513632
vt 0.1036611 0.01719217
vt 0.1036921 0.01786389
vt 0.103175 0.01780101
vt 0.103152 0.01730244
vt 0.1034982 0.01976854
vt 0.1033104 0.02041421
vt 0.1028414 0.02018751
vt 0.1029808 0.01970828
vt 0.1001457 0.02941274
vt 0.09972753 0.02993934
vt 0.09937912 0.02955204
vt 0.09968948 0.02916118
vt 0.08204198 0.0557931
vt 0.08140977 0.05602217
vt 0.08131625 0.05550969
vt 0.0817855 0.05533966
vt 0.0383699 0.07715867
vt 0.03773458 0.07693837
vt 0.03798475 0.07648142
vt 0.03845631 0.07664494
vt -0.001990363 0.0640717
vt -0.002413585 0.06354915
vt -0.001959856 0.0632932
vt -0.001645733 0.06368104
vt -0.02224734 0.03026258
vt -0.02243983 0.02961829
vt -0.02192284 0.02955428
vt -0.02177996 0.03003249
vt -0.02745441 -0.01033409
vt -0.02742817 -0.01100601
vt -0.02691826 -0.01089936
vt -0.02693773 -0.01040064
vt -0.01696198 -0.04997071
vt -0.01668533 -0.05058359
vt -0.01625279 -0.05029327
vt -0.01645812 -0.04983837
vt 0.0254534 -0.07343016
vt 0.02604405 -0.07375155
vt 0.02621345 -0.07325893
vt 0.02577506 -0.07302038
vt 0.08740381 -0.03615565
vt 0.08800037 -0.03584537
vt 0.08768645 -0.03542963
vt 0.08724367 -0.03565993
vt 0.09058958 -0.008221972
vt 0.09088993 -0.007823372
vt 0.0904142 -0.007611095
vt 0.09025438 -0.007823186
vt 0.09575762 0.007767033
vt 0.09583248 0.008260485
vt 0.09531302 0.008221187
vt 0.09527319 0.007958626
vt 0.09505388 0.01898478
vt 0.09490694 0.01946176
vt 0.09445613 0.0192007
vt 0.09453432 0.01894691
vt 0.08860006 0.03090518
vt 0.08825405 0.03126486
vt 0.08796913 0.03082873
vt 0.08815324 0.03063735
vt 0.07333674 0.04431953
vt 0.07285751 0.04445891
vt 0.07282784 0.04393882
vt 0.07308284 0.04386465
vt 0.04963195 0.05083783
vt 0.04915113 0.05070402
vt 0.04939973 0.05024622
vt 0.04965556 0.05031742
vt 0.02645525 0.04192862
vt 0.0261055 0.04157257
vt 0.0265495 0.04130009
vt 0.0267356 0.04148953
vt 0.01227459 0.01974686
vt 0.01212312 0.01927131
vt 0.0126423 0.01922848
vt 0.0127229 0.01948152
vt 0.009849011 -0.008039046
vt 0.009919053 -0.008533206
vt 0.01040533 -0.008346349
vt 0.01036806 -0.008083414
vt 0.02086915 -0.03263454
vt 0.02116492 -0.03303655
vt 0.02150466 -0.03264163
vt 0.02134728 -0.03242772
vt 0.04599842 -0.04252992
vt 0.04646899 -0.04269625
vt 0.04652809 -0.04217867
vt 0.0462777 -0.04209016
vt 0.07443021 -0.02987709
vt 0.07490303 -0.02971728
vt 0.07462985 -0.0292737
vt 0.07437827 -0.02935874
vt 0.07210541 -0.00238227
vt 0.07228879 -0.002190185
vt 0.07183273 -0.001938381
vt 0.07555406 0.004636153
vt 0.07561609 0.004894369
vt 0.07509527 0.004882941
vt 0.07547355 0.0115338
vt 0.07540032 0.01178907
vt 0.07495272 0.01152253
vt 0.07200556 0.01735279
vt 0.07181661 0.01753941
vt 0.0715571 0.0170877
vt 0.06569388 0.02103771
vt 0.06543752 0.02110703
vt 0.0654342 0.02058609
vt 0.05784738 0.02125733
vt 0.05759028 0.02119082
vt 0.05784499 0.02073639
vt 0.05056063 0.01723362
vt 0.05036967 0.01704907
vt 0.05081521 0.01677911
vt 0.04601306 0.009660707
vt 0.04593707 0.009406247
vt 0.04645773 0.009389325
vt 0.04565636 0.0007363159
vt 0.04571555 0.0004774338
vt 0.04617702 0.0007191512
vt 0.04976645 -0.006586681
vt 0.04994765 -0.00678083
vt 0.05022532 -0.006340058
vt 0.05718784 -0.009751133
vt 0.0574431 -0.009824382
vt 0.05745441 -0.00930356
vt 0.06549146 -0.007911889
vt 0.06574755 -0.007841603
vt 0.06548618 -0.00739097
vt -0.09970902 0.006376547
vt -0.1001223 0.006059447
vt -0.09991233 0.00589691
vt -0.09712832 0.00152441
vt -0.09764311 0.001444584
vt -0.09753688 0.001201197
vt -0.09640199 -0.00354151
vt -0.09689017 -0.003359681
vt -0.09691637 -0.00362395
vt -0.09808637 -0.006303
vt -0.09841544 -0.005899155
vt -0.09857176 -0.006113842
vt -0.1014566 -0.004783266
vt -0.1015233 -0.004266607
vt -0.1017693 -0.00436661
vt -0.1047544 0.0005143835
vt -0.1045318 0.0009853531
vt -0.1047929 0.001033908
vt -0.1066756 0.006548714
vt -0.106236 0.006828328
vt -0.106431 0.007008663
vt -0.1073365 0.01051432
vt -0.1068157 0.01052845
vt -0.1068904 0.01078331
vt -0.1073605 0.0119243
vt -0.1069007 0.01167945
vt -0.1068398 0.01193792
vt -0.1068513 0.01183886
vt -0.1065664 0.01140269
vt -0.1063884 0.01159978
vt -0.1054288 0.01112032
vt -0.1053872 0.01060103
vt -0.1051366 0.01068902
vt -0.1028769 0.009557575
vt -0.1030885 0.009081515
vt -0.1028263 0.009039094
vt -0.08877905 0.01925154
vt -0.08899171 0.01941061
vt -0.08938931 0.01907402
vt -0.08898965 0.01877506
vt -0.07712625 0.004913632
vt -0.0772494 0.005148913
vt -0.07775335 0.005016926
vt -0.0775219 0.004574741
vt -0.07158004 -0.01669822
vt -0.07159306 -0.01643297
vt -0.07210587 -0.01634125
vt -0.07208139 -0.01683974
vt -0.07620235 -0.0341697
vt -0.07609104 -0.03392859
vt -0.07650305 -0.03360979
vt -0.07671223 -0.03406293
vt -0.09249596 -0.03136078
vt -0.092265 -0.0312297
vt -0.09241405 -0.03073053
vt -0.09284811 -0.03097689
vt -0.1067761 -0.0008322878
vt -0.1065189 -0.0008983227
vt -0.1062796 -0.0004356146
vt -0.106763 -0.0003115088
vt -0.105552 0.02535738
vt -0.1053949 0.02514327
vt -0.1049165 0.02534947
vt -0.1052118 0.02575187
vt -0.1023003 0.02909137
vt -0.1022705 0.02882748
vt -0.1017529 0.02876841
vt -0.1018089 0.02926436
vt -0.1032071 0.02159778
vt -0.1032929 0.02134646
vt -0.1028501 0.02107194
vt -0.1026889 0.02154428
vt -0.1063129 0.01525272
vt -0.1064969 0.01506131
vt -0.1062119 0.01462523
vt -0.105866 0.01498498
vt -0.1070201 0.01641488
vt -0.1072709 0.01632748
vt -0.107214 0.01580964
vt -0.1067427 0.01597389
vt -0.1008373 0.02133838
vt -0.1010994 0.02138075
vt -0.1012957 0.02089819
vt -0.100803 0.02081857
vt -0.07339527 0.040645
vt -0.07378077 0.04096199
vt -0.07417397 0.04062027
vt -0.0736546 0.04019318
vt -0.05072228 0.01794023
vt -0.05096086 0.01837862
vt -0.05145348 0.01820919
vt -0.05113205 0.01761856
vt -0.03740745 -0.02056652
vt -0.03749987 -0.02007606
vt -0.03802072 -0.02008601
vt -0.03789621 -0.02074681
vt -0.03644631 -0.05849596
vt -0.03637543 -0.05800192
vt -0.03687159 -0.05784317
vt -0.03696709 -0.05850879
vt -0.06339303 -0.07215146
vt -0.06306756 -0.07177308
vt -0.06340047 -0.0713724
vt -0.06383897 -0.07188217
vt -0.1068434 0.01792324
vt -0.1063987 0.01769661
vt -0.1060883 0.01811493
vt -0.1066874 0.01842027
vt -0.08521594 0.06091901
vt -0.08507127 0.06044134
vt -0.08455452 0.06050729
vt -0.08474942 0.06115086
vt -0.08127476 0.04691487
vt -0.08131327 0.04641726
vt -0.08080781 0.04629121
vt -0.0807559 0.04696163
vt -0.08755849 0.02148658
vt -0.08774497 0.02102363
vt -0.08730087 0.02075131
vt -0.08704963 0.02137504
vt -0.09868388 0.004656751
vt -0.09901789 0.004285883
vt -0.09869418 0.003877723
vt -0.09824418 0.004377387
vt -0.1071035 0.01118973
vt -0.1075678 0.01100672
vt -0.1074601 0.01049704
vt -0.1068345 0.01074361
vt -0.09821673 0.03447211
vt -0.09870758 0.03456242
vt -0.09888577 0.0340729
vt -0.09822445 0.03395122
vt -0.05066056 0.06558151
vt -0.05112485 0.06606792
vt -0.05153205 0.06574298
vt -0.05100407 0.06518986
vt -0.01991497 0.03467018
vt -0.02021588 0.03527153
vt -0.02070056 0.03508057
vt -0.02035839 0.03439675
vt -0.0006408984 -0.01416312
vt -0.0008356118 -0.01351949
vt -0.001345633 -0.01362561
vt -0.001124214 -0.01435751
vt 0.01346825 -0.06174653
vt 0.0133461 -0.06108529
vt 0.01282745 -0.0611342
vt 0.01296636 -0.06188614
vt 0.02777995 -0.09342593
vt 0.02769756 -0.09275857
vt 0.02717692 -0.09277637
vt 0.02727061 -0.09353527
vt -0.01698292 0.1074678
vt -0.01708947 0.1068039
vt -0.01658444 0.1066761
vt -0.01646327 0.1074311
vt -0.03704163 0.08979683
vt -0.03714427 0.08913229
vt -0.03663848 0.08900751
vt -0.03652178 0.08976321
vt -0.04934276 0.05444011
vt -0.04950861 0.05378845
vt -0.0490171 0.05361579
vt -0.04882852 0.05435682
vt -0.06366378 0.01269868
vt -0.06392176 0.01207771
vt -0.06346027 0.01183604
vt -0.06316689 0.01254219
vt -0.082873 -0.01666054
vt -0.08327114 -0.01720244
vt -0.08288027 -0.01754683
vt -0.08242753 -0.0169306
vt -0.104432 -0.00626787
vt -0.1050279 -0.00657939
vt -0.1048284 -0.007060611
vt -0.1041507 -0.006706368
vt -0.09374119 0.0490104
vt -0.09439407 0.04917134
vt -0.09456304 0.04867855
vt -0.09382059 0.04849555
vt -0.01484557 0.08682147
vt -0.01523303 0.08748069
vt -0.01568214 0.08721672
vt -0.01529469 0.08655749
vt 0.01415282 0.04860542
vt 0.01386879 0.04931537
vt 0.01338512 0.04912186
vt 0.01366915 0.04841191
vt 0.03392691 -0.001445267
vt 0.03365497 -0.0007305997
vt 0.03316808 -0.0009158718
vt 0.03344003 -0.001630542
vt 0.05573256 -0.04315945
vt 0.0553976 -0.04247206
vt 0.0549293 -0.04270025
vt 0.05526426 -0.04338764
vt 0.0917474 -0.04247988
vt 0.09118649 -0.04196018
vt 0.09083243 -0.04234231
vt 0.09139334 -0.04286201
vt 0.08170551 0.07072711
vt 0.08100751 0.07041485
vt 0.08122025 0.06993932
vt 0.08191825 0.07025158
vt 0.01523305 0.08748066
vt 0.01484559 0.08682144
vt 0.01529471 0.08655747
vt 0.01568217 0.08721669
vt -0.01386877 0.04931535
vt -0.0141528 0.0486054
vt -0.01366913 0.0484119
vt -0.0133851 0.04912185
vt -0.03365492 -0.0007306115
vt -0.03392687 -0.00144528
vt -0.03343999 -0.001630552
vt -0.03316804 -0.0009158842
vt -0.05539755 -0.04247208
vt -0.05573251 -0.04315947
vt -0.05526421 -0.04338767
vt -0.05492925 -0.04270028
vt -0.09118645 -0.04196025
vt -0.09174736 -0.04247995
vt -0.09139331 -0.04286208
vt -0.0908324 -0.04234238
vt -0.08100748 0.07041489
vt -0.08170547 0.07072715
vt -0.08191822 0.07025163
vt -0.08122022 0.06993936
vt 0.03708814 0.089077
vt 0.03697143 0.08983269
vt 0.03646565 0.08970793
vt 0.03656828 0.08904337
vt 0.04945809 0.05372803
vt 0.0492695 0.05446907
vt 0.048778 0.0542964
vt 0.04894384 0.05364474
vt 0.06388049 0.01201062
vt 0.06358711 0.01271677
vt 0.06312563 0.0124751
vt 0.0633836 0.01185413
vt 0.08324698 -0.01727742
vt 0.08279423 -0.01666119
vt 0.08240337 -0.01700558
vt 0.0828015 -0.01754748
vt 0.1050392 -0.006657345
vt 0.1043615 -0.006303102
vt 0.104162 -0.006784327
vt 0.1047579 -0.007095843
vt 0.09445413 0.04912034
vt 0.0937117 0.04893734
vt 0.09388065 0.04844456
vt 0.09453355 0.04860549
vt 0.05120286 0.06605718
vt 0.05067489 0.06550405
vt 0.05108209 0.06517912
vt 0.05154638 0.06566554
vt 0.02029361 0.03528418
vt 0.01995144 0.03460035
vt 0.02043612 0.03440939
vt 0.02073703 0.03501074
vt 0.0009100867 -0.01349383
vt 0.0006886676 -0.01422573
vt 0.001198688 -0.01433185
vt 0.001393402 -0.01368823
vt -0.01327492 -0.06105153
vt -0.01341383 -0.06180347
vt -0.01289519 -0.06185239
vt -0.01277304 -0.06119114
vt -0.02762857 -0.09272061
vt -0.02772226 -0.09347951
vt -0.02720162 -0.09349732
vt -0.02711923 -0.09282996
vt 0.01703371 0.1067482
vt 0.01691255 0.1075033
vt 0.01640751 0.1073755
vt 0.01651406 0.1067116
vt 0.08495156 0.06038705
vt 0.08514647 0.06103061
vt 0.08462971 0.06109656
vt 0.08448505 0.06061889
vt 0.08122141 0.04632324
vt 0.08116951 0.04699367
vt 0.08066405 0.04686762
vt 0.08070257 0.04637001
vt 0.08768568 0.0209063
vt 0.08743444 0.02153004
vt 0.08699034 0.02125771
vt 0.08717682 0.02079477
vt 0.09900245 0.004155356
vt 0.09855245 0.00465502
vt 0.09822875 0.00424686
vt 0.09856275 0.003875992
vt 0.1076122 0.010883
vt 0.1069866 0.01112958
vt 0.1068789 0.01061989
vt 0.1073432 0.01043688
vt 0.09881072 0.03448089
vt 0.09814938 0.03435922
vt 0.09832757 0.03386969
vt 0.09881844 0.03396001
vt 0.07391047 0.0409407
vt 0.07339109 0.04051361
vt 0.0737843 0.04017189
vt 0.0741698 0.04048889
vt 0.05108908 0.01840748
vt 0.05076765 0.01781685
vt 0.05126027 0.01764743
vt 0.05149885 0.01808581
vt 0.03761304 -0.02000919
vt 0.03748852 -0.02066999
vt 0.03800937 -0.02067994
vt 0.03810179 -0.02018948
vt 0.03646095 -0.05790208
vt 0.03655645 -0.0585677
vt 0.03705262 -0.05840895
vt 0.03698174 -0.05791492
vt 0.06308596 -0.07164294
vt 0.06352446 -0.07215272
vt 0.06385738 -0.07175203
vt 0.0635319 -0.07137366
vt 0.1062766 0.01774538
vt 0.1068757 0.01805071
vt 0.1065653 0.01846903
vt 0.1061206 0.0182424
vt 0.105255 0.02510114
vt 0.1055502 0.02550353
vt 0.1050718 0.02570973
vt 0.1049147 0.02549562
vt 0.10217 0.02872131
vt 0.102226 0.02921726
vt 0.1017084 0.02915819
vt 0.1016786 0.02889431
vt 0.1032474 0.02120755
vt 0.1030861 0.02167988
vt 0.1026434 0.02140537
vt 0.1027292 0.02115404
vt 0.1065145 0.01491619
vt 0.1061685 0.01527594
vt 0.1058836 0.01483986
vt 0.1060676 0.01464845
vt 0.1073522 0.01620602
vt 0.1068809 0.01637027
vt 0.1068241 0.01585243
vt 0.1070748 0.01576503
vt 0.1012287 0.02131256
vt 0.100736 0.02123295
vt 0.1009323 0.02075038
vt 0.1011944 0.02079275
vt 0.08913787 0.01941014
vt 0.08873822 0.01911119
vt 0.08913582 0.01877459
vt 0.08934847 0.01893366
vt 0.07738146 0.005211587
vt 0.07715001 0.004769403
vt 0.07765396 0.004637416
vt 0.07777711 0.004872697
vt 0.07168661 -0.01632066
vt 0.07166214 -0.01681916
vt 0.07217494 -0.01672744
vt 0.07218797 -0.01646219
vt 0.07612195 -0.03378571
vt 0.07633113 -0.03423885
vt 0.07674314 -0.03392005
vt 0.07663183 -0.03367893
vt 0.09220688 -0.03109555
vt 0.09264094 -0.03134191
vt 0.09278999 -0.03084274
vt 0.09255903 -0.03071166
vt 0.1063839 -0.0008421699
vt 0.1068674 -0.0007180637
vt 0.106628 -0.0002553553
vt 0.1063708 -0.0003213902
vt 0.1065543 0.006484221
vt 0.1067493 0.006664557
vt 0.1063097 0.006944171
vt 0.1072656 0.01039669
vt 0.1073402 0.01065156
vt 0.1068195 0.01066568
vt 0.107357 0.01178704
vt 0.107296 0.01204552
vt 0.1068362 0.01180067
vt 0.1069143 0.01171685
vt 0.1067363 0.01191394
vt 0.1064514 0.01147777
vt 0.1055425 0.01104328
vt 0.1052919 0.01113127
vt 0.1052503 0.01061198
vt 0.1030136 0.009544246
vt 0.1027514 0.009501824
vt 0.102963 0.009025765
vt 0.09983547 0.006430144
vt 0.09962545 0.006267607
vt 0.1000388 0.005950508
vt 0.09721354 0.001632118
vt 0.0971073 0.00138873
vt 0.09762209 0.001308904
vt 0.09642375 -0.003405897
vt 0.09644995 -0.003670166
vt 0.09693813 -0.003488336
vt 0.09803649 -0.00617507
vt 0.09819281 -0.006389757
vt 0.09852188 -0.005985911
vt 0.1013468 -0.004700839
vt 0.1015928 -0.004800842
vt 0.1016595 -0.004284183
vt 0.1046175 0.0005244681
vt 0.1048785 0.0005730227
vt 0.1046559 0.001043992
vt -0.1024423 0.05787385
vt -0.1027822 0.0574791
vt -0.1025435 0.05736282
vt -0.09589566 0.06301609
vt -0.09639741 0.06287603
vt -0.09626318 0.06264689
vt -0.09354994 0.06138099
vt -0.09405269 0.06151745
vt -0.09405462 0.0612519
vt -0.09568914 0.05550073
vt -0.09606577 0.05586065
vt -0.09619424 0.05562823
vt -0.1007188 0.04835131
vt -0.1008889 0.04884368
vt -0.1011095 0.04869583
vt -0.1065922 0.04185454
vt -0.106523 0.04237087
vt -0.1067865 0.04233788
vt -0.111627 0.03659124
vt -0.111334 0.03702196
vt -0.1115844 0.03711044
vt -0.1149598 0.03245302
vt -0.1145037 0.03270475
vt -0.1146871 0.03289687
vt -0.1165456 0.02982057
vt -0.1160247 0.02983131
vt -0.1160977 0.03008665
vt -0.1166098 0.03032335
vt -0.1161509 0.03007671
vt -0.1160889 0.03033494
vt -0.1147825 0.03611499
vt -0.1145249 0.03566216
vt -0.1143352 0.03584796
vt -0.1099341 0.04697698
vt -0.1099811 0.04645815
vt -0.1097192 0.04650242
vt -0.07291133 0.09320907
vt -0.07310107 0.09339486
vt -0.0735397 0.09311382
vt -0.0731831 0.09276463
vt -0.04950593 0.09659158
vt -0.04954417 0.09685437
vt -0.05006338 0.09689681
vt -0.04999151 0.09640292
vt -0.05243038 0.07876107
vt -0.05235473 0.07901563
vt -0.05280812 0.07927217
vt -0.05295029 0.07879376
vt -0.06698192 0.05583987
vt -0.06681694 0.05604798
vt -0.06714226 0.05645486
vt -0.0674523 0.05606375
vt -0.08625147 0.0369954
vt -0.08602028 0.03712608
vt -0.08616848 0.0376255
vt -0.08660296 0.03737989
vt -0.1043238 0.02714446
vt -0.1040599 0.02717371
vt -0.1039997 0.02769117
vt -0.1044958 0.0276362
vt -0.1157849 0.0235269
vt -0.1155312 0.02344857
vt -0.1152699 0.02389924
vt -0.1157468 0.02404644
vt -0.1190051 0.01811728
vt -0.1188012 0.01794714
vt -0.1183863 0.01826213
vt -0.1187695 0.0185819
vt -0.1168487 0.00602025
vt -0.1167225 0.005786593
vt -0.1162203 0.005925127
vt -0.1164575 0.006364258
vt -0.1140959 -0.009105777
vt -0.1140692 -0.009369995
vt -0.1135524 -0.009435116
vt -0.1136026 -0.008938553
vt -0.1159208 -0.01234084
vt -0.1160245 -0.01258534
vt -0.1156026 -0.01289102
vt -0.1154078 -0.01243152
vt -0.1157407 0.03179341
vt -0.1159935 0.03171205
vt -0.1159491 0.031193
vt -0.115474 0.03134592
vt 0.03536927 0.1138573
vt 0.03542715 0.114353
vt 0.03492698 0.1144987
vt 0.034849 0.1138308
vt 0.01527932 0.1025913
vt 0.01542458 0.1030688
vt 0.01495836 0.1033012
vt 0.01476265 0.1026579
vt -0.008694045 0.0735711
vt -0.00845527 0.07400937
vt -0.008864887 0.07433123
vt -0.009186588 0.07374076
vt -0.03775419 0.03790043
vt -0.03741422 0.03826584
vt -0.03773126 0.0386792
vt -0.0381893 0.03818689
vt -0.07126191 0.0113944
vt -0.07082434 0.01163447
vt -0.07099546 0.01212651
vt -0.07158498 0.01180306
vt -0.1021624 0.006395601
vt -0.1016664 0.006451153
vt -0.1016375 0.006971293
vt -0.1023057 0.006896446
vt -0.1180784 0.01647747
vt -0.1176015 0.01633038
vt -0.1173672 0.0167957
vt -0.1180098 0.01699388
vt -0.115926 0.01872811
vt -0.1155315 0.01842233
vt -0.1151483 0.01877523
vt -0.1156797 0.0191872
vt -0.103628 0.0002794294
vt -0.1033355 -0.000125019
vt -0.1028685 0.00010573
vt -0.1032625 0.0006506465
vt -0.08796181 -0.0344617
vt -0.08776736 -0.03492136
vt -0.0872605 -0.03480105
vt -0.08752246 -0.03418175
vt -0.0715439 -0.07307914
vt -0.07143949 -0.0735672
vt -0.07091904 -0.07354449
vt -0.0710597 -0.07288693
vt -0.05565685 -0.1020408
vt -0.05564181 -0.1025396
vt -0.05512575 -0.1026108
vt -0.05514601 -0.1019387
vt 0.1066904 0.05462414
vt 0.1072098 0.05505116
vt 0.1069159 0.05548128
vt 0.1063252 0.05499569
vt 0.0641348 0.08019294
vt 0.06452349 0.08074166
vt 0.06412672 0.08107922
vt 0.06368472 0.08045524
vt 0.02842914 0.05392724
vt 0.02882307 0.0544722
vt 0.02842956 0.05481356
vt 0.02798158 0.05419386
vt -0.008887676 0.01118023
vt -0.008423162 0.01166643
vt -0.008766499 0.01205823
vt -0.00929472 0.01150534
vt -0.05369965 -0.02147793
vt -0.05312365 -0.02113097
vt -0.05335188 -0.02066269
vt -0.0540069 -0.02105723
vt -0.09948441 -0.01749187
vt -0.09881746 -0.01740618
vt -0.09883785 -0.01688563
vt -0.09959628 -0.01698308
vt -0.1191179 0.01613898
vt -0.1184831 0.01591724
vt -0.1182684 0.0163919
vt -0.1189903 0.01664406
vt -0.1075507 0.03134445
vt -0.1070293 0.03091978
vt -0.1066659 0.03129297
vt -0.1072587 0.0317759
vt -0.08364902 0.01048061
vt -0.08322366 0.009959815
vt -0.0827926 0.01025234
vt -0.08327632 0.01084457
vt -0.05400317 -0.03398463
vt -0.05362199 -0.03453858
vt -0.05316838 -0.03428241
vt -0.05360184 -0.03365249
vt -0.01013498 -0.08093191
vt -0.009710836 -0.0814537
vt -0.009279097 -0.08116218
vt -0.009761412 -0.08056882
vt 0.08156679 -0.07356517
vt 0.08220667 -0.07377186
vt 0.08241004 -0.07329225
vt 0.0816824 -0.07305721
vt 0.1172599 0.025325
vt 0.1179539 0.02564601
vt 0.1177352 0.02611883
vt 0.1170412 0.02579782
vt 0.09169495 0.05272195
vt 0.09224256 0.05325564
vt 0.09187897 0.05362871
vt 0.09133136 0.05309502
vt 0.05846287 0.03013895
vt 0.05894632 0.0307314
vt 0.0585427 0.03106076
vt 0.05805925 0.03046831
vt 0.02103409 -0.01580467
vt 0.02153634 -0.01522808
vt 0.02114352 -0.01488591
vt 0.02064128 -0.0154625
vt -0.02950108 -0.05551454
vt -0.02889315 -0.05505072
vt -0.02920913 -0.05463655
vt -0.02981707 -0.05510037
vt -0.09497933 -0.04310622
vt -0.09422592 -0.04297554
vt -0.09431495 -0.04246226
vt -0.09506835 -0.04259294
vt -0.1179539 0.02564605
vt -0.1172599 0.02532504
vt -0.1170412 0.02579785
vt -0.1177352 0.02611887
vt -0.09224254 0.05325567
vt -0.09169493 0.05272197
vt -0.09133134 0.05309504
vt -0.09187895 0.05362874
vt -0.05894629 0.03073142
vt -0.05846285 0.03013898
vt -0.05805922 0.03046833
vt -0.05854267 0.03106078
vt -0.0215363 -0.01522804
vt -0.02103406 -0.01580463
vt -0.02064124 -0.01546246
vt -0.02114349 -0.01488587
vt 0.02889318 -0.05505067
vt 0.02950112 -0.05551449
vt 0.0298171 -0.05510032
vt 0.02920917 -0.0546365
vt 0.09422594 -0.04297552
vt 0.09497935 -0.04310619
vt 0.09506837 -0.04259291
vt 0.09431496 -0.04246223
vt 0.1184185 0.0159623
vt 0.1191403 0.01621446
vt 0.1189257 0.01668913
vt 0.1182909 0.01646738
vt 0.1069533 0.03094016
vt 0.1075461 0.03142309
vt 0.1071827 0.03179628
vt 0.1066613 0.0313716
vt 0.08314503 0.009964493
vt 0.08362874 0.01055672
vt 0.08319768 0.01084925
vt 0.08277232 0.01032845
vt 0.05354323 -0.03454036
vt 0.0539767 -0.03391043
vt 0.05352309 -0.03365427
vt 0.0531419 -0.03420822
vt 0.009632185 -0.0814492
vt 0.0101145 -0.08085584
vt 0.009682756 -0.08056433
vt 0.009258619 -0.08108611
vt -0.08227013 -0.0737253
vt -0.08154248 -0.07349025
vt -0.08174586 -0.07301065
vt -0.08238574 -0.07321735
vt -0.1072049 0.05512981
vt -0.1066142 0.05464422
vt -0.1063203 0.05507433
vt -0.1068397 0.05550136
vt -0.06449802 0.08081619
vt -0.06405602 0.08019222
vt -0.06365924 0.08052978
vt -0.06404793 0.0810785
vt -0.02879835 0.05454699
vt -0.02835037 0.05392729
vt -0.02795686 0.05426866
vt -0.02835079 0.05481361
vt 0.008437485 0.01174389
vt 0.008965706 0.011191
vt 0.009309044 0.0115828
vt 0.00884453 0.012069
vt 0.05311709 -0.02105249
vt 0.0537721 -0.02144703
vt 0.05400033 -0.02097875
vt 0.05342432 -0.02063179
vt 0.09877986 -0.01733696
vt 0.09953829 -0.01743441
vt 0.09955868 -0.01691386
vt 0.09889174 -0.01682817
vt 0.1174895 0.01639927
vt 0.1181321 0.01659745
vt 0.1178979 0.01706277
vt 0.1174209 0.01691568
vt 0.1154025 0.01844736
vt 0.1159339 0.01885932
vt 0.1155507 0.01921222
vt 0.1151562 0.01890645
vt 0.1032047 -0.0001373511
vt 0.1035987 0.0004075654
vt 0.1031316 0.0006383144
vt 0.1028392 0.000233866
vt 0.0876426 -0.03496267
vt 0.08790456 -0.03434337
vt 0.08739769 -0.03422306
vt 0.08720325 -0.03468272
vt 0.07132477 -0.07363124
vt 0.07146543 -0.07297369
vt 0.07094498 -0.07295097
vt 0.07084057 -0.07343903
vt 0.05554069 -0.1026231
vt 0.05556095 -0.101951
vt 0.0550449 -0.1020221
vt 0.05502985 -0.102521
vt -0.03533901 0.1144506
vt -0.03526103 0.1137827
vt -0.03476086 0.1139284
vt -0.03481875 0.1144241
vt -0.01535525 0.1031805
vt -0.01515955 0.1025372
vt -0.01469333 0.1027696
vt -0.01483858 0.1032471
vt 0.008500582 0.07413276
vt 0.008822283 0.07354228
vt 0.0092319 0.07386415
vt 0.008993125 0.07430242
vt 0.03742754 0.03839663
vt 0.03788557 0.03790431
vt 0.03820262 0.03831767
vt 0.03786265 0.03868308
vt 0.07079589 0.0117628
vt 0.07138542 0.01143934
vt 0.07155653 0.01193139
vt 0.07111897 0.01217146
vt 0.1015913 0.006559005
vt 0.1022596 0.00648416
vt 0.1022306 0.0070043
vt 0.1017346 0.007059852
vt 0.1153937 0.02349816
vt 0.1158706 0.02364536
vt 0.1156092 0.02409602
vt 0.1153555 0.0240177
vt 0.1186552 0.01793984
vt 0.1190384 0.01825961
vt 0.1186235 0.0185746
vt 0.1184196 0.01840446
vt 0.1165897 0.005725649
vt 0.1168269 0.00616478
vt 0.1163247 0.006303314
vt 0.1161985 0.006069656
vt 0.11397 -0.009477327
vt 0.1140202 -0.008980763
vt 0.1135033 -0.009045884
vt 0.1134766 -0.009310103
vt 0.1159891 -0.01272721
vt 0.1157943 -0.0122677
vt 0.1153724 -0.01257339
vt 0.1154761 -0.01281788
vt 0.1160777 0.0315925
vt 0.1156026 0.03174541
vt 0.1155582 0.03122636
vt 0.115811 0.031145
vt 0.07324601 0.09341374
vt 0.07288941 0.09306455
vt 0.07332803 0.0927835
vt 0.07351778 0.09296931
vt 0.04964801 0.09695727
vt 0.04957614 0.09646337
vt 0.05009535 0.09650581
vt 0.05013359 0.0967686
vt 0.05240576 0.07915259
vt 0.05254793 0.07867417
vt 0.05300133 0.07893072
vt 0.05292568 0.07918528
vt 0.06681333 0.05619411
vt 0.06712338 0.05580299
vt 0.06744869 0.05620988
vt 0.06728371 0.05641799
vt 0.08596194 0.03726009
vt 0.08639642 0.03701448
vt 0.08654462 0.0375139
vt 0.08631343 0.03764458
vt 0.1039535 0.02727398
vt 0.1044495 0.027219
vt 0.1043894 0.02773646
vt 0.1041255 0.02776572
vt 0.1114902 0.03658002
vt 0.1117406 0.03666849
vt 0.1114475 0.03709921
vt 0.1148428 0.03238117
vt 0.1150261 0.03257329
vt 0.1145701 0.03282502
vt 0.1164754 0.02970248
vt 0.1165484 0.02995782
vt 0.1160276 0.02996856
vt 0.1166067 0.03018608
vt 0.1165447 0.03044431
vt 0.1160859 0.03019767
vt 0.1148529 0.03599716
vt 0.1146631 0.03618295
vt 0.1144056 0.03573013
vt 0.1100593 0.04692027
vt 0.1097974 0.04696453
vt 0.1098444 0.04644571
vt 0.102577 0.05790048
vt 0.1023382 0.05778421
vt 0.1026782 0.05738945
vt 0.09599302 0.06311294
vt 0.09585878 0.06288379
vt 0.09636054 0.06274373
vt 0.093584 0.06151398
vt 0.09358595 0.06124843
vt 0.0940887 0.06138489
vt 0.09565551 0.05563388
vt 0.09578399 0.05540147
vt 0.09616061 0.05576138
vt 0.1006279 0.04845431
vt 0.1008485 0.04830646
vt 0.1010187 0.04879883
vt 0.1064648 0.04190581
vt 0.1067283 0.04187282
vt 0.1066591 0.04238915
vt -0.09885572 -0.02456001
vt -0.09937597 -0.02453317
vt -0.09932159 -0.02479311
vt -0.09932131 -0.02655535
vt -0.09975755 -0.02627063
vt -0.09984122 -0.02652267
vt -0.1039545 -0.01322588
vt -0.1041211 -0.0127323
vt -0.1043428 -0.01287856
vt -0.1053453 0.01639869
vt -0.1051074 0.01686212
vt -0.1053668 0.0169192
vt -0.09969811 0.04029659
vt -0.09920949 0.04047725
vt -0.09936203 0.04069463
vt -0.09673343 0.04729956
vt -0.09622626 0.04718053
vt -0.09623349 0.04744599
vt -0.09844665 0.04351085
vt -0.09805132 0.0431716
vt -0.09793545 0.04341055
vt -0.1020331 0.03442168
vt -0.1018133 0.03394934
vt -0.101609 0.03411902
vt -0.1049962 0.02290252
vt -0.1049792 0.02238186
vt -0.1047248 0.02245785
vt -0.1059119 0.01029765
vt -0.1060967 0.009810587
vt -0.1058326 0.009782778
vt -0.1044714 -0.00268418
vt -0.1048305 -0.003061615
vt -0.1045978 -0.003189568
vt -0.101485 -0.01505108
vt -0.1019653 -0.01525279
vt -0.1018035 -0.01546334
vt -0.06041958 -0.05784994
vt -0.06059402 -0.05764971
vt -0.06105353 -0.05789514
vt -0.06072569 -0.05827147
vt -0.03215431 -0.08384098
vt -0.03228677 -0.08361081
vt -0.03278504 -0.08376285
vt -0.03253608 -0.08419542
vt 0.01046422 -0.09995355
vt 0.01034615 -0.09971568
vt 0.009839486 -0.0998368
vt 0.01006137 -0.1002839
vt 0.06536246 0.08485623
vt 0.06517958 0.08466367
vt 0.0654673 0.08422939
vt 0.065811 0.08459128
vt -0.01024645 0.1059764
vt -0.01036446 0.1057385
vt -0.009961536 0.1054083
vt -0.009739757 0.1058554
vt -0.04307903 0.09210183
vt -0.04323305 0.09188549
vt -0.04288718 0.09149593
vt -0.04259773 0.09190252
vt -0.06901121 0.07123743
vt -0.06920865 0.07105984
vt -0.06895594 0.07060429
vt -0.06858487 0.07093807
vt -0.08941327 0.04948881
vt -0.08964868 0.04936591
vt -0.08951725 0.04886181
vt -0.08907481 0.04909278
vt -0.1023457 0.03014685
vt -0.1026055 0.03009204
vt -0.102615 0.02957118
vt -0.1021266 0.0296742
vt -0.1056303 0.01253271
vt -0.1058951 0.01255277
vt -0.1060499 0.01205535
vt -0.1055522 0.01201765
vt -0.0986536 -0.006821216
vt -0.09890258 -0.006728837
vt -0.09918865 -0.007164201
vt -0.09872072 -0.007337817
vt -0.08284477 -0.03060444
vt -0.08306119 -0.03045054
vt -0.08345056 -0.03079663
vt -0.08304381 -0.03108585
vt -0.02867868 -0.04753203
vt -0.02908607 -0.04724372
vt -0.02945356 -0.04761295
vt -0.02890468 -0.0480014
vt 0.01977703 -0.06979372
vt 0.01937144 -0.06950287
vt 0.01900166 -0.06986981
vt 0.01954812 -0.07026166
vt 0.07949923 -0.05444614
vt 0.07903831 -0.05425473
vt 0.07876125 -0.05469589
vt 0.07938227 -0.05495378
vt 0.1030787 0.03077936
vt 0.102586 0.03070014
vt 0.1025819 0.03017921
vt 0.1032458 0.03028594
vt 0.05195862 0.08786024
vt 0.05153469 0.08759685
vt 0.05173217 0.08711479
vt 0.05230333 0.08746966
vt -0.001896047 0.08679447
vt -0.002297002 0.08649725
vt -0.002060725 0.08603297
vt -0.001520525 0.08643341
vt -0.0448798 0.06466853
vt -0.04530224 0.06440275
vt -0.04510205 0.06392181
vt -0.0445329 0.0642799
vt -0.07838887 0.04130252
vt -0.07884893 0.04110902
vt -0.07872966 0.04060191
vt -0.07810982 0.04086261
vt -0.09997518 0.02565715
vt -0.1004663 0.0255682
vt -0.10046 0.02504729
vt -0.09979837 0.02516713
vt -0.1053232 0.01618848
vt -0.1058212 0.01622123
vt -0.1059414 0.01571434
vt -0.1052704 0.01567022
vt -0.09305353 0.003811357
vt -0.0935302 0.003959271
vt -0.09376521 0.003494346
vt -0.09312299 0.003295064
vt -0.06628272 -0.01837116
vt -0.06672223 -0.01813467
vt -0.06704196 -0.01854596
vt -0.06644981 -0.01886458
vt -0.006816425 -0.02054085
vt -0.0074024 -0.02021101
vt -0.007697119 -0.02064058
vt -0.00703077 -0.02101566
vt 0.04397184 -0.03935136
vt 0.04336855 -0.03905438
vt 0.043098 -0.03949957
vt 0.04378404 -0.03983728
vt 0.09095383 -0.02535273
vt 0.09030153 -0.02518943
vt 0.09013078 -0.0256816
vt 0.09087255 -0.02586729
vt 0.1048441 0.02522683
vt 0.1041746 0.02516393
vt 0.1041773 0.02464299
vt 0.1049386 0.02471452
vt 0.07201314 0.06399462
vt 0.0713885 0.06374566
vt 0.07153777 0.06324656
vt 0.07224809 0.06352966
vt 0.02215448 0.06388361
vt 0.02156565 0.06355888
vt 0.02177585 0.06308223
vt 0.02244544 0.06345148
vt -0.02632606 0.04187411
vt -0.02691899 0.04155694
vt -0.02671491 0.04107764
vt -0.02604065 0.0414383
vt -0.06834122 0.02043693
vt -0.06896721 0.02019137
vt -0.06882065 0.01969147
vt -0.0681088 0.01997071
vt -0.09762139 0.01375584
vt -0.09828347 0.01363833
vt -0.09823821 0.01311936
vt -0.0974853 0.01325298
vt -0.1050183 0.01964488
vt -0.1056893 0.01968852
vt -0.105769 0.01917371
vt -0.105006 0.01912409
vt -0.08751581 0.02116304
vt -0.08816028 0.02135492
vt -0.08835255 0.02087075
vt -0.08761968 0.02065256
vt -0.0521126 0.006013081
vt -0.05271872 0.006304254
vt -0.05298498 0.005856492
vt -0.05229573 0.005525384
vt 0.01053575 0.01126071
vt 0.009856637 0.01161214
vt 0.009617216 0.01114948
vt 0.01029633 0.01079804
vt 0.05824321 -0.007937529
vt 0.05753618 -0.007646301
vt 0.05733777 -0.008127982
vt 0.05804481 -0.008419209
vt 0.09552591 -0.003592683
vt 0.09477551 -0.003445642
vt 0.09467534 -0.003956868
vt 0.09542573 -0.004103903
vt 0.1054372 0.02252748
vt 0.1046745 0.02247218
vt 0.1047122 0.02195259
vt 0.1054749 0.02200789
vt 0.08174039 0.04187443
vt 0.08101243 0.04164036
vt 0.08117189 0.04114442
vt 0.08189984 0.04137849
vt 0.03879376 0.0352852
vt 0.03810559 0.03495184
vt 0.0383327 0.034483
vt 0.03902087 0.03481636
vt -0.009856647 0.01161212
vt -0.01053576 0.01126068
vt -0.01029634 0.01079801
vt -0.009617222 0.01114945
vt -0.05753618 -0.007646332
vt -0.0582432 -0.00793756
vt -0.0580448 -0.00841924
vt -0.05733777 -0.008128013
vt -0.09477551 -0.003445666
vt -0.09552591 -0.0035927
vt -0.09542573 -0.004103926
vt -0.09467534 -0.003956885
vt -0.1046745 0.02247217
vt -0.1054372 0.02252747
vt -0.1054749 0.02200789
vt -0.1047122 0.02195259
vt -0.08101241 0.04164039
vt -0.08174037 0.04187446
vt -0.08189984 0.04137852
vt -0.08117188 0.04114445
vt -0.03810557 0.03495184
vt -0.03879374 0.0352852
vt -0.03902085 0.03481637
vt -0.03833268 0.03448301
vt 0.0269295 0.04147887
vt 0.02625525 0.04183954
vt 0.02605116 0.04136023
vt 0.02664409 0.04104307
vt 0.06898682 0.02011509
vt 0.06827497 0.02039433
vt 0.06812841 0.01989443
vt 0.06875439 0.01964887
vt 0.09831772 0.0135674
vt 0.09756482 0.01370102
vt 0.09751955 0.01318205
vt 0.09818164 0.01306455
vt 0.1057395 0.01962779
vt 0.1049764 0.01957817
vt 0.1050561 0.01906336
vt 0.1057271 0.01910699
vt 0.0882227 0.02130687
vt 0.08748983 0.02108869
vt 0.08768209 0.02060452
vt 0.08832657 0.02079639
vt 0.05278796 0.006266668
vt 0.0520987 0.005935559
vt 0.05236496 0.005487797
vt 0.05297108 0.00577897
vt 0.007473894 -0.02024405
vt 0.006807546 -0.02061913
vt 0.007102264 -0.02104869
vt 0.007688239 -0.02071885
vt -0.043299 -0.03909131
vt -0.04398504 -0.03942902
vt -0.04371449 -0.0398742
vt -0.04311119 -0.03957722
vt -0.09024128 -0.02524019
vt -0.09098305 -0.02542589
vt -0.09081231 -0.02591806
vt -0.09016 -0.02575476
vt -0.1041347 0.02509603
vt -0.104896 0.02516756
vt -0.1048986 0.02464662
vt -0.1042291 0.02458372
vt -0.07136931 0.06366925
vt -0.07207963 0.06395235
vt -0.0722289 0.06345324
vt -0.07160426 0.0632043
vt -0.0215561 0.06348069
vt -0.02222569 0.06384995
vt -0.02243589 0.0633733
vt -0.02184706 0.06304857
vt 0.04532295 0.06427296
vt 0.04475379 0.06463104
vt 0.0445536 0.06415009
vt 0.04497604 0.06388432
vt 0.07889049 0.04098432
vt 0.07827065 0.04124502
vt 0.07815139 0.04073791
vt 0.07861145 0.04054441
vt 0.100534 0.0254555
vt 0.09987231 0.02557534
vt 0.09986603 0.02505443
vt 0.1003571 0.02496549
vt 0.1059142 0.01612831
vt 0.1052432 0.01608418
vt 0.1053634 0.01557729
vt 0.1058614 0.01561004
vt 0.09364226 0.00389056
vt 0.09300004 0.003691278
vt 0.09323505 0.003226354
vt 0.09371173 0.003374267
vt 0.0668454 -0.01818063
vt 0.06625325 -0.01849926
vt 0.06657298 -0.01891055
vt 0.06701249 -0.01867406
vt 0.02921389 -0.04727433
vt 0.02866501 -0.04766278
vt 0.02903249 -0.04803202
vt 0.02943989 -0.0477437
vt -0.01924345 -0.06953268
vt -0.0197899 -0.06992453
vt -0.01942012 -0.07029147
vt -0.01901453 -0.07000063
vt -0.07892036 -0.05431276
vt -0.07954138 -0.05457065
vt -0.07926433 -0.05501181
vt -0.0788034 -0.0548204
vt -0.1025161 0.03058878
vt -0.10318 0.03069551
vt -0.103176 0.03017459
vt -0.1026832 0.03009536
vt -0.05151324 0.08746715
vt -0.0520844 0.08782203
vt -0.05228189 0.08733997
vt -0.05185796 0.08707657
vt 0.002307784 0.08636623
vt 0.001767585 0.08676667
vt 0.001531308 0.08630238
vt 0.001932263 0.08600517
vt 0.06923664 0.07091638
vt 0.06886557 0.07125016
vt 0.06861286 0.07079462
vt 0.0688103 0.07061702
vt 0.08971149 0.04923394
vt 0.08926906 0.0494649
vt 0.08913763 0.04896081
vt 0.08937304 0.04883792
vt 0.1027016 0.02998189
vt 0.1022133 0.03008491
vt 0.1022227 0.02956405
vt 0.1024826 0.02950924
vt 0.1060182 0.01247391
vt 0.1055205 0.01243621
vt 0.1056753 0.01193879
vt 0.1059401 0.01195885
vt 0.09904264 -0.006770647
vt 0.09857471 -0.006944261
vt 0.09886079 -0.007379626
vt 0.09910976 -0.007287248
vt 0.08320732 -0.03045452
vt 0.08280056 -0.03074374
vt 0.08318993 -0.03108983
vt 0.08340636 -0.03093594
vt 0.06073701 -0.05761942
vt 0.06040918 -0.05799575
vt 0.06086868 -0.05824119
vt 0.06104312 -0.05804095
vt 0.03242124 -0.08355346
vt 0.03217229 -0.08398604
vt 0.03267055 -0.08413807
vt 0.03280302 -0.08390791
vt -0.01021552 -0.09965018
vt -0.0104374 -0.1000972
vt -0.009930739 -0.1002184
vt -0.00981267 -0.09998049
vt -0.06516276 0.08451857
vt -0.06550647 0.08488048
vt -0.06579418 0.08444619
vt -0.0656113 0.08425363
vt 0.01033768 0.1055948
vt 0.0101159 0.1060419
vt 0.009712977 0.1057117
vt 0.009830985 0.1054738
vt 0.04322918 0.09173936
vt 0.04293972 0.09214595
vt 0.04259386 0.09175639
vt 0.04274787 0.09154005
vt 0.09847309 0.0433761
vt 0.09835723 0.04361505
vt 0.0979619 0.0432758
vt 0.1021128 0.03430992
vt 0.1019085 0.0344796
vt 0.1016888 0.03400726
vt 0.1051134 0.02283098
vt 0.1048589 0.02290697
vt 0.104842 0.0223863
vt 0.1060476 0.01027676
vt 0.1057835 0.01024895
vt 0.1059683 0.009761887
vt 0.1046047 -0.002650902
vt 0.104372 -0.002778856
vt 0.104731 -0.00315629
vt 0.1015937 -0.01496708
vt 0.1014318 -0.01517763
vt 0.1019121 -0.01537934
vt 0.09891719 -0.02443715
vt 0.09886281 -0.02469709
vt 0.09938307 -0.02467026
vt 0.09931271 -0.02641824
vt 0.09939637 -0.02667028
vt 0.09983262 -0.02638556
vt 0.103863 -0.01312346
vt 0.1040846 -0.01326972
vt 0.1042512 -0.01277614
vt 0.1052081 0.0164043
vt 0.1054675 0.01646138
vt 0.1052296 0.01692481
vt 0.09959319 0.04020799
vt 0.09974574 0.04042538
vt 0.09925711 0.04060603
vt 0.09669482 0.04716779
vt 0.09670205 0.04743325
vt 0.09619488 0.04731422
vt -0.09521925 -0.03720166
vt -0.09573299 -0.03711531
vt -0.09570879 -0.03737977
vt -0.09701786 -0.03839272
vt -0.09741274 -0.03805293
vt -0.09752892 -0.03829173
vt -0.1038123 -0.02722204
vt -0.1039208 -0.02671253
vt -0.1041578 -0.02683223
vt -0.1096943 -0.004812381
vt -0.1094368 -0.004359552
vt -0.1096935 -0.004291435
vt -0.1102312 0.01435473
vt -0.109746 0.01454435
vt -0.1099025 0.01475889
vt -0.1095374 0.02151084
vt -0.1090268 0.02140748
vt -0.1090422 0.0216726
vt -0.1099252 0.01942162
vt -0.1095233 0.01909018
vt -0.1094121 0.01933136
vt -0.1104577 0.01241838
vt -0.1102376 0.01194623
vt -0.1100334 0.01211608
vt -0.109736 0.003119251
vt -0.1097298 0.002598343
vt -0.1094738 0.002669102
vt -0.1070414 -0.007339851
vt -0.107247 -0.007818514
vt -0.1069843 -0.007857659
vt -0.1026716 -0.01841556
vt -0.103055 -0.01876834
vt -0.1028312 -0.01891145
vt -0.09797756 -0.02913161
vt -0.09847416 -0.02928901
vt -0.09833205 -0.02951334
vt -0.04962314 -0.0648168
vt -0.04976436 -0.0645919
vt -0.05025641 -0.06476296
vt -0.04999102 -0.06518565
vt -0.02910646 -0.08848056
vt -0.02917931 -0.08822519
vt -0.02969955 -0.08825219
vt -0.02956263 -0.08873213
vt -0.02118222 -0.1034402
vt -0.0211549 -0.1031761
vt -0.02164788 -0.1030077
vt -0.02169923 -0.1035041
vt -0.07180551 0.08533705
vt -0.07171355 0.08508792
vt -0.07119684 0.08515419
vt -0.07136967 0.08562241
vt -0.06375764 0.09022716
vt -0.06380735 0.08996629
vt -0.06333049 0.08975655
vt -0.06323706 0.09024682
vt -0.07893833 0.07258496
vt -0.0790609 0.07234938
vt -0.07866442 0.07201146
vt -0.07843406 0.07245421
vt -0.09441207 0.05075441
vt -0.094595 0.0505619
vt -0.0943074 0.05012754
vt -0.09396361 0.05048934
vt -0.1059289 0.0308425
vt -0.1061597 0.03071122
vt -0.1060103 0.03021218
vt -0.1055764 0.0304589
vt -0.1102294 0.01508834
vt -0.1104893 0.01503397
vt -0.1104996 0.01451312
vt -0.1100111 0.01461531
vt -0.1052186 0.001022383
vt -0.1054824 0.001052457
vt -0.1056559 0.0005612558
vt -0.10516 0.0005047361
vt -0.09137576 -0.01612679
vt -0.09161735 -0.01601652
vt -0.09193437 -0.0164299
vt -0.09148033 -0.01663713
vt -0.07162093 -0.03882821
vt -0.07181932 -0.03865167
vt -0.07224406 -0.0389533
vt -0.07187122 -0.03928509
vt -0.01016689 -0.05300244
vt -0.01053256 -0.05266277
vt -0.01094566 -0.05298015
vt -0.01045299 -0.05343779
vt 0.03507549 -0.07426352
vt 0.03472134 -0.07391185
vt 0.03429789 -0.07421527
vt 0.03477503 -0.07468908
vt 0.09267045 -0.04983912
vt 0.09223712 -0.04959147
vt 0.09190699 -0.04999446
vt 0.09249081 -0.05032811
vt 0.08766966 0.06927217
vt 0.08719601 0.0691148
vt 0.08727574 0.06859998
vt 0.08791387 0.06881201
vt 0.009187281 0.1026383
vt 0.008822738 0.1022974
vt 0.009110289 0.101863
vt 0.009601438 0.1023223
vt -0.04023985 0.08134665
vt -0.04059682 0.08099784
vt -0.0402998 0.08056987
vt -0.03981885 0.08103983
vt -0.07460926 0.05154475
vt -0.07500632 0.05124234
vt -0.07476404 0.05078118
vt -0.07422908 0.05118861
vt -0.09875533 0.0285813
vt -0.09920546 0.02836569
vt -0.09906171 0.02786497
vt -0.09845527 0.02815546
vt -0.1098522 0.01780635
vt -0.1103428 0.01771436
vt -0.1103333 0.0171935
vt -0.1096724 0.01731743
vt -0.1037495 0.01305361
vt -0.1042459 0.0131047
vt -0.1043847 0.01260259
vt -0.1037159 0.01253375
vt -0.08135186 0.00171927
vt -0.08181618 0.001902299
vt -0.08208519 0.001456186
vt -0.08145961 0.001209591
vt -0.04861318 -0.02233571
vt -0.04902549 -0.02205446
vt -0.04938655 -0.02242998
vt -0.04883105 -0.02280891
vt 0.01729557 -0.02511196
vt 0.0167499 -0.024719
vt 0.01640925 -0.02511313
vt 0.01702975 -0.02555999
vt 0.065006 -0.04184392
vt 0.06443634 -0.04148664
vt 0.06412156 -0.04190173
vt 0.06476936 -0.04230802
vt 0.1052482 -0.01543504
vt 0.1046037 -0.01524305
vt 0.1044114 -0.01572719
vt 0.1051442 -0.01594551
vt 0.09806938 0.05082214
vt 0.09740622 0.05071088
vt 0.09744661 0.0501915
vt 0.09820072 0.05031802
vt 0.04299485 0.0810332
vt 0.04240679 0.08070707
vt 0.04261813 0.08023093
vt 0.04328684 0.08060177
vt -0.01165899 0.06459295
vt -0.01220549 0.06420117
vt -0.01194064 0.06375258
vt -0.01131918 0.0641981
vt -0.05605322 0.03396456
vt -0.05661421 0.03359381
vt -0.05636659 0.03313548
vt -0.05572866 0.03355708
vt -0.09048726 0.0131271
vt -0.09109765 0.01284499
vt -0.09092181 0.01235462
vt -0.0902277 0.01267543
vt -0.1090652 0.01352212
vt -0.1097258 0.01339616
vt -0.1096739 0.01287781
vt -0.1089227 0.01302105
vt -0.1023002 0.02593363
vt -0.1029689 0.02600407
vt -0.1030692 0.02549286
vt -0.1023087 0.02541275
vt -0.07143916 0.02661265
vt -0.07206602 0.02685598
vt -0.07229678 0.02638894
vt -0.07158394 0.02611223
vt -0.02882225 0.005592753
vt -0.02939522 0.005944693
vt -0.0297061 0.005526676
vt -0.02905453 0.005126465
vt 0.03822963 0.006042785
vt 0.03758857 0.006459618
vt 0.0373046 0.00602288
vt 0.03794565 0.005606047
vt 0.08075026 -0.01155437
vt 0.0800669 -0.01121128
vt 0.07983315 -0.01167684
vt 0.08051652 -0.01201994
vt 0.108425 0.002735703
vt 0.1076781 0.002899553
vt 0.1075665 0.002390713
vt 0.1083134 0.002226859
vt 0.1012579 0.03846066
vt 0.1004989 0.03836799
vt 0.100562 0.03785088
vt 0.101321 0.03794355
vt 0.06041627 0.05423783
vt 0.05971401 0.05393527
vt 0.05992014 0.05345684
vt 0.0606224 0.0537594
vt 0.01021029 0.03691046
vt 0.009561615 0.03650559
vt 0.009837447 0.03606366
vt 0.01048612 0.03646854
vt -0.03758858 0.006459585
vt -0.03822964 0.006042751
vt -0.03794566 0.005606013
vt -0.0373046 0.006022846
vt -0.08006688 -0.01121131
vt -0.08075025 -0.0115544
vt -0.08051651 -0.01201996
vt -0.07983314 -0.01167687
vt -0.1076781 0.002899532
vt -0.108425 0.002735677
vt -0.1083134 0.002226833
vt -0.1075665 0.002390688
vt -0.1004989 0.038368
vt -0.1012579 0.03846067
vt -0.101321 0.03794356
vt -0.100562 0.03785089
vt -0.05971399 0.05393531
vt -0.06041624 0.05423787
vt -0.06062238 0.05375944
vt -0.05992011 0.05345688
vt -0.009561592 0.0365056
vt -0.01021027 0.03691047
vt -0.0104861 0.03646854
vt -0.009837423 0.03606367
vt 0.05661745 0.0335151
vt 0.05597951 0.0339367
vt 0.05573189 0.03347837
vt 0.05629288 0.03310762
vt 0.09111272 0.01276768
vt 0.09041861 0.01308849
vt 0.09024277 0.01259812
vt 0.09085315 0.01231601
vt 0.1097591 0.0133248
vt 0.109008 0.01346804
vt 0.1089561 0.01294968
vt 0.1096166 0.01282372
vt 0.1030215 0.0259454
vt 0.102261 0.02586529
vt 0.1023613 0.02535408
vt 0.10303 0.02542452
vt 0.07213211 0.02681314
vt 0.07141927 0.02653643
vt 0.07165004 0.02606939
vt 0.0722769 0.02631272
vt 0.02946796 0.005914412
vt 0.02881639 0.005514201
vt 0.02912727 0.005096184
vt 0.02970025 0.005448124
vt -0.01667518 -0.02474388
vt -0.01729568 -0.02519074
vt -0.01695503 -0.02558487
vt -0.01640936 -0.02519191
vt -0.06436336 -0.04151624
vt -0.06501115 -0.04192253
vt -0.06469638 -0.04233762
vt -0.06412672 -0.04198033
vt -0.1045413 -0.0152911
vt -0.1052742 -0.01550942
vt -0.1050818 -0.01599355
vt -0.1044374 -0.01580157
vt -0.09737132 0.05064027
vt -0.09812544 0.05076679
vt -0.09816582 0.05024741
vt -0.09750266 0.05013616
vt -0.04239745 0.08062886
vt -0.04306616 0.08099972
vt -0.04327749 0.08052357
vt -0.04268944 0.08019744
vt 0.01220577 0.06412239
vt 0.01158431 0.06456792
vt 0.01131946 0.06411932
vt 0.01186597 0.06372754
vt 0.07501537 0.05111123
vt 0.07448043 0.05151865
vt 0.07423814 0.05105748
vt 0.07463519 0.05075508
vt 0.09924091 0.02823912
vt 0.09863446 0.02852961
vt 0.09849072 0.02802889
vt 0.09894083 0.02781328
vt 0.1104097 0.01760125
vt 0.1097488 0.01772518
vt 0.1097393 0.01720433
vt 0.1102299 0.01711234
vt 0.1043423 0.01301526
vt 0.1036734 0.01294642
vt 0.1038122 0.01244431
vt 0.1043086 0.01249541
vt 0.08193307 0.001842125
vt 0.08130748 0.001595531
vt 0.08157648 0.001149418
vt 0.08204081 0.001332447
vt 0.0491528 -0.02208727
vt 0.0485973 -0.0224662
vt 0.04895837 -0.02284172
vt 0.04937068 -0.02256047
vt 0.01066331 -0.05267621
vt 0.01017063 -0.05313385
vt 0.01058373 -0.05345123
vt 0.01094941 -0.05311155
vt -0.03459024 -0.07392091
vt -0.03506738 -0.07439472
vt -0.03464393 -0.07469815
vt -0.03428978 -0.07434647
vt -0.09211284 -0.04963427
vt -0.09269666 -0.04996792
vt -0.09236653 -0.05037091
vt -0.09193321 -0.05012326
vt -0.08714496 0.06899367
vt -0.08778308 0.06920569
vt -0.08786281 0.06869088
vt -0.08738918 0.06853351
vt -0.008826956 0.102166
vt -0.009318105 0.1026253
vt -0.009605655 0.1021909
vt -0.009241113 0.10185
vt 0.04058974 0.08086658
vt 0.0401088 0.08133654
vt 0.03981178 0.08090857
vt 0.04016874 0.08055975
vt 0.09461169 0.0504167
vt 0.09426789 0.0507785
vt 0.09398029 0.05034414
vt 0.09416322 0.05015163
vt 0.1062178 0.03057707
vt 0.1057839 0.03082379
vt 0.1056344 0.03032475
vt 0.1058653 0.03019347
vt 0.1105856 0.01492398
vt 0.1100971 0.01502617
vt 0.1101074 0.01450533
vt 0.1103674 0.01445096
vt 0.1056084 0.0009783207
vt 0.1051125 0.0009218011
vt 0.105286 0.0004306002
vt 0.1055499 0.0004606733
vt 0.09176009 -0.01604802
vt 0.09130605 -0.01625524
vt 0.09162308 -0.01666862
vt 0.09186466 -0.01655836
vt 0.07196501 -0.03863971
vt 0.07159217 -0.03897151
vt 0.07201691 -0.03927314
vt 0.0722153 -0.03909659
vt 0.0499009 -0.06453978
vt 0.04963551 -0.06496246
vt 0.05012757 -0.06513353
vt 0.05026878 -0.06490862
vt 0.02929592 -0.08813702
vt 0.02915899 -0.08861697
vt 0.02967923 -0.08864396
vt 0.02975209 -0.08838858
vt 0.02123033 -0.1030509
vt 0.02128168 -0.1035473
vt 0.02177466 -0.1033789
vt 0.02174734 -0.1031148
vt 0.07159071 0.08500876
vt 0.07176355 0.08547697
vt 0.07124683 0.08554325
vt 0.07115488 0.08529411
vt 0.06374289 0.08983508
vt 0.06364947 0.09032535
vt 0.06317261 0.09011561
vt 0.06322232 0.08985474
vt 0.07903682 0.07220517
vt 0.07880645 0.07264793
vt 0.07840997 0.07231001
vt 0.07853255 0.07207443
vt 0.109949 0.01928638
vt 0.1098378 0.01952756
vt 0.1094359 0.01919612
vt 0.1105374 0.01230655
vt 0.1103332 0.0124764
vt 0.1101131 0.01200424
vt 0.1098547 0.003050136
vt 0.1095987 0.003120894
vt 0.1095925 0.002599987
vt 0.1071779 -0.007354895
vt 0.1069153 -0.00739404
vt 0.1071208 -0.007872703
vt 0.1028024 -0.01837351
vt 0.1025787 -0.01851662
vt 0.102962 -0.0188694
vt 0.09807821 -0.02903812
vt 0.0979361 -0.02926246
vt 0.0984327 -0.02941986
vt 0.09526622 -0.03707258
vt 0.09524203 -0.03733703
vt 0.09575577 -0.03725069
vt 0.09699126 -0.03825795
vt 0.09710743 -0.03849676
vt 0.09750232 -0.03815698
vt 0.1037095 -0.0271309
vt 0.1039466 -0.0272506
vt 0.1040551 -0.02674109
vt 0.109557 -0.004812635
vt 0.1098137 -0.004744518
vt 0.1095561 -0.004291689
vt 0.1101247 0.01426807
vt 0.1102812 0.01448261
vt 0.109796 0.01467223
vt 0.1094948 0.02138031
vt 0.1095102 0.02164543
vt 0.1089996 0.02154206
vt -0.09604824 -0.02846272
vt -0.09656534 -0.02839961
vt -0.09652926 -0.02866272
vt -0.09726429 -0.02927108
vt -0.09767479 -0.02895033
vt -0.09777956 -0.02919436
vt -0.1028768 -0.01459964
vt -0.102993 -0.01409181
vt -0.1032282 -0.01421507
vt -0.1049661 0.01422139
vt -0.1046859 0.0146606
vt -0.1049388 0.01474162
vt -0.1008322 0.03572135
vt -0.1003325 0.03586845
vt -0.1004699 0.03609568
vt -0.09889857 0.04147709
vt -0.09839825 0.04133195
vt -0.09839172 0.04159744
vt -0.1005464 0.03735025
vt -0.1001671 0.03699321
vt -0.1000404 0.03722659
vt -0.103338 0.02835671
vt -0.1031397 0.02787495
vt -0.102928 0.02803526
vt -0.1051343 0.01712845
vt -0.1051417 0.01660756
vt -0.104884 0.0166716
vt -0.1048 0.004868102
vt -0.1050087 0.004390808
vt -0.1047463 0.004349927
vt -0.1022917 -0.007755081
vt -0.1026706 -0.008112621
vt -0.1024451 -0.008252927
vt -0.09866747 -0.01967033
vt -0.09915902 -0.01984281
vt -0.09901014 -0.02006271
vt -0.05295495 -0.06158492
vt -0.05312014 -0.06137698
vt -0.05359029 -0.06160136
vt -0.05327983 -0.06199215
vt -0.02488355 -0.08609803
vt -0.02500417 -0.08586144
vt -0.02550951 -0.08598801
vt -0.02528281 -0.08643266
vt 0.01726831 -0.09937964
vt 0.01716252 -0.09913606
vt 0.01665034 -0.09923118
vt 0.01684915 -0.09968898
vt 0.03025666 0.1025121
vt 0.03012897 0.1022793
vt 0.03051798 0.1019328
vt 0.03075795 0.1023704
vt -0.02456827 0.102924
vt -0.02468055 0.1026833
vt -0.02426984 0.1023628
vt -0.02405882 0.1028151
vt -0.05336001 0.08650436
vt -0.05351486 0.08628862
vt -0.05317049 0.08589773
vt -0.05287947 0.0863032
vt -0.07652098 0.06501554
vt -0.07672126 0.06484115
vt -0.07647593 0.06438158
vt -0.07609953 0.06470933
vt -0.09407292 0.04381235
vt -0.09431131 0.04369531
vt -0.09419238 0.04318812
vt -0.09374437 0.04340808
vt -0.1038415 0.02543281
vt -0.1041029 0.02538622
vt -0.1041288 0.02486591
vt -0.1036375 0.02495349
vt -0.1038757 0.008440043
vt -0.1041396 0.008469786
vt -0.1043125 0.007978368
vt -0.1038165 0.00792247
vt -0.09406541 -0.01088409
vt -0.0943105 -0.01078182
vt -0.09461377 -0.01120539
vt -0.09415316 -0.01139759
vt -0.0762896 -0.03478814
vt -0.07649931 -0.0346252
vt -0.076903 -0.03495446
vt -0.07650889 -0.03526068
vt -0.01816957 -0.05012658
vt -0.01856969 -0.04982824
vt -0.01894622 -0.05018824
vt -0.01840715 -0.05059019
vt 0.0307767 -0.06892101
vt 0.03037378 -0.06862648
vt 0.03000067 -0.06899004
vt 0.03054353 -0.06938685
vt 0.08846923 -0.04365403
vt 0.08800166 -0.04347944
vt 0.08774079 -0.04393035
vt 0.08837073 -0.04416557
vt 0.09578984 0.04836267
vt 0.0953051 0.04824385
vt 0.09534322 0.0477243
vt 0.09599632 0.0478844
vt 0.03698235 0.09288104
vt 0.0365706 0.09259897
vt 0.03678942 0.09212621
vt 0.03734417 0.09250624
vt -0.01508793 0.0844554
vt -0.01548454 0.08415242
vt -0.01524157 0.0836916
vt -0.01470722 0.08409981
vt -0.05517986 0.06021165
vt -0.05560316 0.05994722
vt -0.05540451 0.05946564
vt -0.05483421 0.05982189
vt -0.08521502 0.03767336
vt -0.08567812 0.03748724
vt -0.08556698 0.03697829
vt -0.08494304 0.03722905
vt -0.1024906 0.0238411
vt -0.1029838 0.02376493
vt -0.1029911 0.02324403
vt -0.1023265 0.02334666
vt -0.1030556 0.0152313
vt -0.1035523 0.01528007
vt -0.1036887 0.01477731
vt -0.1030195 0.0147116
vt -0.08661969 0.002098373
vt -0.0870911 0.00226231
vt -0.08734168 0.001805594
vt -0.08670656 0.001584722
vt -0.05712322 -0.02124911
vt -0.05755511 -0.02099898
vt -0.05788755 -0.02140005
vt -0.05730567 -0.02173706
vt 0.00487493 -0.02240483
vt 0.004293788 -0.02206654
vt 0.003992882 -0.02249179
vt 0.004653732 -0.02287648
vt 0.05465703 -0.03757642
vt 0.05405288 -0.03728119
vt 0.05378363 -0.03772715
vt 0.05447064 -0.03806288
vt 0.09696979 -0.01642617
vt 0.09631298 -0.01628206
vt 0.09615673 -0.01677902
vt 0.09690363 -0.01694289
vt 0.1004129 0.03717023
vt 0.09974713 0.03707584
vt 0.09977432 0.0365556
vt 0.1005314 0.03666294
vt 0.06006161 0.069593
vt 0.05944671 0.06932084
vt 0.05961456 0.06882767
vt 0.0603138 0.06913715
vt 0.009034144 0.06311503
vt 0.008451706 0.06277897
vt 0.008671091 0.06230647
vt 0.009333414 0.06268862
vt -0.0378472 0.03898361
vt -0.03843908 0.03866448
vt -0.0382334 0.03818585
vt -0.03756034 0.03854875
vt -0.07671701 0.01916712
vt -0.07734574 0.01892865
vt -0.07720483 0.01842712
vt -0.07648987 0.0186983
vt -0.1010667 0.01557058
vt -0.1017315 0.01546921
vt -0.1016988 0.01494929
vt -0.1009429 0.01506456
vt -0.1022478 0.02267437
vt -0.1029171 0.02273954
vt -0.1030133 0.02222755
vt -0.1022522 0.02215344
vt -0.07945226 0.02225969
vt -0.0800903 0.022472
vt -0.08029789 0.02199421
vt -0.07957234 0.02175277
vt -0.04118245 0.004471522
vt -0.04178099 0.004777974
vt -0.04205852 0.00433711
vt -0.04137789 0.003988625
vt 0.02246382 0.009278199
vt 0.02178766 0.009635299
vt 0.02154438 0.009174654
vt 0.02222053 0.008817552
vt 0.06788103 -0.00719511
vt 0.06717177 -0.006909337
vt 0.06697708 -0.007392535
vt 0.06768633 -0.007678304
vt 0.1000258 0.001983919
vt 0.09927187 0.002111885
vt 0.09918469 0.001598283
vt 0.09993857 0.00147032
vt 0.1020428 0.02991998
vt 0.1012826 0.02983718
vt 0.101339 0.0293193
vt 0.1020992 0.02940209
vt 0.07195307 0.04564699
vt 0.07123325 0.04538901
vt 0.071409 0.04489861
vt 0.07212882 0.04515659
vt 0.02656692 0.03459955
vt 0.02588624 0.03425115
vt 0.02612359 0.03378742
vt 0.02680427 0.03413582
vt -0.02178767 0.009635267
vt -0.02246382 0.009278163
vt -0.02222054 0.008817518
vt -0.02154438 0.009174619
vt -0.06717177 -0.006909369
vt -0.06788103 -0.007195139
vt -0.06768633 -0.007678336
vt -0.06697708 -0.007392563
vt -0.09927186 0.002111858
vt -0.1000258 0.001983895
vt -0.09993856 0.001470293
vt -0.09918468 0.00159826
vt -0.1012826 0.02983718
vt -0.1020428 0.02991998
vt -0.1020992 0.0294021
vt -0.1013391 0.0293193
vt -0.07123323 0.04538905
vt -0.07195307 0.04564703
vt -0.07212882 0.04515663
vt -0.07140899 0.04489865
vt -0.02588621 0.03425117
vt -0.02656688 0.03459956
vt -0.02680424 0.03413584
vt -0.02612356 0.03378744
vt 0.03844932 0.03858637
vt 0.03777626 0.03894927
vt 0.03757059 0.03847065
vt 0.03816246 0.03815152
vt 0.0773662 0.01885259
vt 0.07665124 0.01912378
vt 0.07651033 0.01862225
vt 0.07713905 0.01838377
vt 0.1017674 0.01539913
vt 0.1010115 0.01551439
vt 0.1009789 0.01499448
vt 0.1016436 0.01489311
vt 0.1029692 0.02268045
vt 0.1022081 0.02260634
vt 0.1023043 0.02209436
vt 0.1029736 0.02215953
vt 0.0801542 0.02242598
vt 0.07942866 0.02218454
vt 0.07963626 0.02170675
vt 0.08027429 0.02191906
vt 0.04185116 0.004742152
vt 0.04117053 0.004393667
vt 0.04144806 0.003952802
vt 0.0420466 0.004259255
vt -0.004221828 -0.02209854
vt -0.004882679 -0.02248323
vt -0.004581773 -0.02290848
vt -0.004000631 -0.02257019
vt -0.05398343 -0.03731831
vt -0.05467045 -0.03765404
vt -0.0544012 -0.0381
vt -0.05379704 -0.03780477
vt -0.09625424 -0.01633456
vt -0.09700114 -0.01649844
vt -0.0968449 -0.0169954
vt -0.09618808 -0.01685129
vt -0.09971044 0.03700613
vt -0.1004675 0.03711347
vt -0.1004947 0.03659324
vt -0.09982894 0.03649884
vt -0.0594304 0.06924377
vt -0.06012964 0.06955325
vt -0.06029748 0.06906008
vt -0.05968259 0.06878793
vt -0.008443668 0.06270061
vt -0.009105992 0.06308275
vt -0.009325376 0.06261025
vt -0.008742939 0.0622742
vt 0.05562427 0.0598175
vt 0.05505397 0.06017376
vt 0.05485532 0.05969217
vt 0.05527861 0.05942775
vt 0.08572166 0.03736322
vt 0.08509774 0.03761398
vt 0.08498659 0.03710503
vt 0.08544969 0.03691892
vt 0.1030544 0.02365403
vt 0.1023899 0.02375665
vt 0.1023971 0.02323576
vt 0.1028904 0.02315958
vt 0.1036482 0.01519017
vt 0.102979 0.01512447
vt 0.1031154 0.01462171
vt 0.1036121 0.01467048
vt 0.08720542 0.002197427
vt 0.08657031 0.001976555
vt 0.08682089 0.001519839
vt 0.0872923 0.001683776
vt 0.05767966 -0.02104107
vt 0.05709778 -0.02137808
vt 0.05743023 -0.02177916
vt 0.05786211 -0.02152902
vt 0.01869823 -0.04985567
vt 0.01815916 -0.05025762
vt 0.01853571 -0.05061762
vt 0.01893582 -0.05031928
vt -0.03024552 -0.06865512
vt -0.03078838 -0.06905194
vt -0.03041528 -0.06941549
vt -0.03001234 -0.06912096
vt -0.08788591 -0.0435417
vt -0.08851586 -0.04377692
vt -0.08825498 -0.04422783
vt -0.08778741 -0.04405325
vt -0.09524446 0.0481272
vt -0.09589756 0.0482873
vt -0.09593569 0.04776775
vt -0.09545094 0.04764893
vt -0.03655498 0.09246846
vt -0.03710973 0.09284849
vt -0.03732854 0.09237573
vt -0.03691679 0.09209366
vt 0.01549343 0.08402125
vt 0.01495909 0.08442946
vt 0.01471611 0.08396865
vt 0.01511272 0.08366566
vt 0.07675155 0.06469817
vt 0.07637515 0.06502591
vt 0.07612982 0.06456635
vt 0.0763301 0.06439196
vt 0.09437736 0.04356493
vt 0.09392934 0.04378489
vt 0.09381042 0.0432777
vt 0.09404881 0.04316066
vt 0.1042025 0.02527915
vt 0.1037111 0.02536672
vt 0.103737 0.02484642
vt 0.1039984 0.02479983
vt 0.1042655 0.008395487
vt 0.1037695 0.008339589
vt 0.1039424 0.007848172
vt 0.1042063 0.007877914
vt 0.09445213 -0.01081799
vt 0.09399152 -0.01101019
vt 0.09429479 -0.01143376
vt 0.09453987 -0.01133149
vt 0.07664547 -0.03462297
vt 0.07625136 -0.03492919
vt 0.07665505 -0.03525845
vt 0.07686476 -0.03509552
vt 0.05326161 -0.06134026
vt 0.05295116 -0.06173105
vt 0.05342131 -0.06195542
vt 0.05358649 -0.06174748
vt 0.02513557 -0.08579735
vt 0.02490886 -0.08624201
vt 0.0254142 -0.08636858
vt 0.02553482 -0.08613198
vt -0.01703542 -0.09906398
vt -0.01723422 -0.09952177
vt -0.01672204 -0.0996169
vt -0.01661625 -0.09937331
vt -0.0301498 0.1021346
vt -0.03038977 0.1025723
vt -0.03077878 0.1022258
vt -0.0306511 0.1019929
vt 0.02465032 0.1025403
vt 0.02443931 0.1029926
vt 0.02402859 0.1026721
vt 0.02414087 0.1024315
vt 0.05351153 0.08614246
vt 0.05322051 0.08654793
vt 0.05287614 0.08615704
vt 0.05303099 0.0859413
vt 0.100579 0.03721685
vt 0.1004523 0.03745023
vt 0.1000729 0.03709319
vt 0.1034227 0.02824866
vt 0.103211 0.02840896
vt 0.1030127 0.0279272
vt 0.1052547 0.01706246
vt 0.104997 0.0171265
vt 0.1050044 0.01660561
vt 0.1049366 0.004853967
vt 0.1046741 0.004813087
vt 0.1048829 0.004335793
vt 0.1024229 -0.007714677
vt 0.1021975 -0.007854982
vt 0.1025763 -0.008212524
vt 0.0987709 -0.01957996
vt 0.09862201 -0.01979986
vt 0.09911357 -0.01997234
vt 0.09610097 -0.02833587
vt 0.09606488 -0.02859898
vt 0.096582 -0.02853587
vt 0.09724408 -0.02913521
vt 0.09734885 -0.02937923
vt 0.09775935 -0.02905848
vt 0.1027755 -0.01450695
vt 0.1030107 -0.01463021
vt 0.1031269 -0.01412238
vt 0.1048289 0.01421418
vt 0.1050818 0.01429521
vt 0.1048017 0.01473442
vt 0.1007336 0.03562584
vt 0.100871 0.03585307
vt 0.1003713 0.03600017
vt 0.09886684 0.0413435
vt 0.09886031 0.04160899
vt 0.09835999 0.04146385
vt -0.1084003 -0.008881097
vt -0.1088752 -0.008666952
vt -0.108919 -0.00892887
vt -0.1098643 -0.001101109
vt -0.1101331 -0.0006548477
vt -0.1103181 -0.0008453146
vt -0.1091224 0.02167315
vt -0.1090256 0.02218504
vt -0.1092905 0.02216621
vt -0.1020127 0.0461343
vt -0.1015948 0.04644535
vt -0.1018024 0.04661093
vt -0.09602837 0.05722082
vt -0.09550746 0.05722646
vt -0.09557793 0.05748251
vt -0.09592482 0.05650607
vt -0.09546923 0.05625345
vt -0.09540389 0.05651085
vt -0.09975778 0.04937204
vt -0.09945865 0.04894554
vt -0.09928728 0.04914841
vt -0.1046255 0.03925387
vt -0.1045273 0.03874227
vt -0.1042878 0.03885715
vt -0.1084406 0.0279076
vt -0.1085543 0.02739922
vt -0.1082889 0.02740923
vt -0.1101701 0.01612496
vt -0.1104765 0.01570364
vt -0.110229 0.01560736
vt -0.1098882 0.004616951
vt -0.1103394 0.004356554
vt -0.1101524 0.004167977
vt -0.1087042 -0.004941687
vt -0.1092236 -0.004982399
vt -0.109136 -0.005233116
vt -0.06707267 -0.06555026
vt -0.06719629 -0.06531522
vt -0.06769998 -0.06544821
vt -0.06746764 -0.06588993
vt -0.04466568 -0.09142391
vt -0.04473158 -0.09116665
vt -0.04525236 -0.09117951
vt -0.04512852 -0.091663
vt -0.01675008 -0.1086976
vt -0.01676661 -0.1084325
vt -0.01728058 -0.1083476
vt -0.01724952 -0.1088457
vt -0.003027668 0.1117162
vt -0.003082808 0.1114564
vt -0.002610426 0.1112368
vt -0.0025068 0.111725
vt -0.02863431 0.1027591
vt -0.02874739 0.1025188
vt -0.02833775 0.102197
vt -0.02812523 0.1026485
vt -0.0539201 0.08468045
vt -0.05408845 0.08447508
vt -0.05376986 0.08406291
vt -0.05345344 0.08444889
vt -0.07743607 0.06328161
vt -0.07765263 0.06312792
vt -0.07745405 0.06264631
vt -0.07704702 0.06293516
vt -0.09652917 0.04359706
vt -0.09678043 0.04351108
vt -0.09672654 0.04299293
vt -0.09625433 0.04315452
vt -0.1079824 0.02699696
vt -0.1082478 0.02698948
vt -0.1083502 0.0264787
vt -0.1078513 0.02649277
vt -0.109644 0.0105185
vt -0.1098996 0.01059052
vt -0.1101497 0.01013352
vt -0.1096693 0.00999817
vt -0.1018047 -0.01015537
vt -0.1020289 -0.01001309
vt -0.1023995 -0.0103792
vt -0.1019781 -0.01064661
vt -0.08673687 -0.0365022
vt -0.08691486 -0.03630511
vt -0.08736991 -0.0365587
vt -0.08703543 -0.03692912
vt -0.02162536 -0.06550741
vt -0.02200072 -0.06517847
vt -0.02240446 -0.06550769
vt -0.02189873 -0.06595086
vt 0.03720769 -0.08216101
vt 0.03679882 -0.0818748
vt 0.03643324 -0.08224593
vt 0.03698412 -0.08263154
vt 0.1062221 -0.02248884
vt 0.1057243 -0.02245306
vt 0.105601 -0.02295921
vt 0.1062717 -0.02300742
vt 0.08129167 0.07542562
vt 0.08086669 0.07516392
vt 0.08106226 0.07468107
vt 0.08163483 0.07503367
vt 0.02569288 0.09353409
vt 0.0253171 0.09320562
vt 0.02558991 0.09276183
vt 0.0260962 0.09320436
vt -0.01998062 0.0763353
vt -0.0203732 0.07602711
vt -0.02012416 0.07556955
vt -0.01959525 0.07598478
vt -0.05874082 0.05095885
vt -0.05917647 0.05071533
vt -0.05900149 0.05022465
vt -0.05841453 0.05055274
vt -0.08969199 0.03146897
vt -0.09017063 0.03132754
vt -0.09010819 0.03081035
vt -0.08946332 0.03100089
vt -0.1076407 0.02174792
vt -0.1081397 0.02173541
vt -0.1082134 0.02121971
vt -0.1075412 0.02123657
vt -0.1080024 0.01419371
vt -0.1084871 0.01431275
vt -0.1086938 0.01383456
vt -0.1080407 0.01367418
vt -0.09156911 -0.002459961
vt -0.09201345 -0.002232665
vt -0.09232454 -0.002650518
vt -0.09172589 -0.002956753
vt -0.06237577 -0.03168718
vt -0.0627752 -0.03138793
vt -0.06315256 -0.03174708
vt -0.0626144 -0.03215025
vt 0.006965394 -0.03992715
vt 0.006394329 -0.03957212
vt 0.006081193 -0.03998845
vt 0.006730588 -0.04039218
vt 0.06368937 -0.04918378
vt 0.06306838 -0.04892582
vt 0.06282673 -0.04938732
vt 0.06353288 -0.04968067
vt 0.1073899 -0.008738337
vt 0.106718 -0.00871232
vt 0.1066518 -0.009229047
vt 0.1074159 -0.009258633
vt 0.09767941 0.05021717
vt 0.09704582 0.04999197
vt 0.09717615 0.04948759
vt 0.09789665 0.04974368
vt 0.05330789 0.06858731
vt 0.05273116 0.06824156
vt 0.05295841 0.06777279
vt 0.05361425 0.06816597
vt 0.004326233 0.05180907
vt 0.003759306 0.05144746
vt 0.003999467 0.05098518
vt 0.004644154 0.05139638
vt -0.04247813 0.02513985
vt -0.04307646 0.02483298
vt -0.04288068 0.02435022
vt -0.04220029 0.02469919
vt -0.08302822 0.009705476
vt -0.08367388 0.009517645
vt -0.08357321 0.00900652
vt -0.082839 0.009220111
vt -0.1073483 0.01338867
vt -0.1080205 0.01337165
vt -0.1080535 0.01285175
vt -0.1072891 0.0128711
vt -0.1058366 0.0226251
vt -0.10649 0.02278434
vt -0.1066576 0.02229111
vt -0.1059147 0.02211004
vt -0.08105065 0.01664337
vt -0.08165751 0.01693302
vt -0.08192264 0.01648459
vt -0.08123256 0.01615521
vt -0.04195838 -0.00895241
vt -0.0425286 -0.008596018
vt -0.04284272 -0.0090116
vt -0.0421943 -0.009416876
vt 0.02672997 -0.007315338
vt 0.02605441 -0.006957115
vt 0.02581036 -0.007417357
vt 0.02648593 -0.007775581
vt 0.07583336 -0.01811326
vt 0.07510567 -0.01787835
vt 0.07494564 -0.0183741
vt 0.07567332 -0.01860901
vt 0.1078238 0.00294795
vt 0.1070594 0.002970025
vt 0.1070444 0.002449295
vt 0.1078087 0.00242722
vt 0.1034687 0.03450689
vt 0.102731 0.03430565
vt 0.1028681 0.03380307
vt 0.1036058 0.03400431
vt 0.06972287 0.041736
vt 0.06903931 0.04139327
vt 0.06927279 0.04092759
vt 0.06995635 0.04127031
vt 0.02400906 0.02135295
vt 0.0233521 0.02096166
vt 0.02361868 0.02051409
vt 0.02427564 0.02090539
vt -0.02605442 -0.006957146
vt -0.02672998 -0.00731537
vt -0.02648594 -0.007775612
vt -0.02581037 -0.007417391
vt -0.07510567 -0.01787838
vt -0.07583336 -0.01811329
vt -0.07567332 -0.01860904
vt -0.07494564 -0.01837413
vt -0.1070594 0.002970015
vt -0.1078238 0.00294794
vt -0.1078087 0.00242721
vt -0.1070444 0.002449285
vt -0.102731 0.03430566
vt -0.1034687 0.0345069
vt -0.1036058 0.03400432
vt -0.1028681 0.03380308
vt -0.06903929 0.04139331
vt -0.06972285 0.04173603
vt -0.06995633 0.04127034
vt -0.06927277 0.04092762
vt -0.02335208 0.02096167
vt -0.02400904 0.02135297
vt -0.02427562 0.0209054
vt -0.02361866 0.0205141
vt 0.04308831 0.0247551
vt 0.04240791 0.02510406
vt 0.04221214 0.0246213
vt 0.04281047 0.02431443
vt 0.08370031 0.009443449
vt 0.08296609 0.00965704
vt 0.08286542 0.009145916
vt 0.08351109 0.008958085
vt 0.108065 0.01330665
vt 0.1073006 0.01332599
vt 0.1073336 0.0128061
vt 0.1080058 0.01278908
vt 0.1065499 0.02273322
vt 0.105807 0.02255215
vt 0.1059746 0.02205892
vt 0.1066279 0.02221816
vt 0.08172663 0.01689526
vt 0.08103654 0.01656588
vt 0.08130167 0.01611745
vt 0.08190852 0.0164071
vt 0.04260156 -0.008625725
vt 0.04195314 -0.009031002
vt 0.04226726 -0.009446584
vt 0.04283748 -0.009090192
vt -0.006321471 -0.03960202
vt -0.006970866 -0.04000574
vt -0.00665773 -0.04042207
vt -0.006086665 -0.04006704
vt -0.06300132 -0.04896709
vt -0.06370747 -0.04926044
vt -0.06346582 -0.04972195
vt -0.06284484 -0.04946398
vt -0.1066694 -0.008774363
vt -0.1074335 -0.00880395
vt -0.1073674 -0.009320677
vt -0.1066954 -0.009294659
vt -0.09702375 0.04991635
vt -0.09774425 0.05017244
vt -0.09787458 0.04966807
vt -0.09724098 0.04944286
vt -0.05272445 0.06816307
vt -0.05338029 0.06855625
vt -0.05360754 0.06808748
vt -0.05303081 0.06774174
vt -0.003754763 0.05136882
vt -0.00439945 0.05178002
vt -0.00463961 0.05131774
vt -0.004072684 0.05095613
vt 0.05920389 0.05058678
vt 0.05861693 0.05091487
vt 0.05844194 0.0504242
vt 0.0588776 0.05018068
vt 0.09022573 0.0312082
vt 0.08958086 0.03139874
vt 0.08951842 0.03088155
vt 0.08999706 0.03074013
vt 0.1082238 0.02163444
vt 0.1075516 0.02165129
vt 0.1076254 0.02113559
vt 0.1081243 0.02112309
vt 0.1085948 0.01423744
vt 0.1079418 0.01407706
vt 0.1081485 0.01359887
vt 0.1086332 0.01371791
vt 0.09213562 -0.002281188
vt 0.09153698 -0.002587422
vt 0.09184807 -0.003005276
vt 0.09229241 -0.002777979
vt 0.06290385 -0.03141507
vt 0.06236569 -0.03181823
vt 0.06274304 -0.03217738
vt 0.06314247 -0.03187814
vt 0.02213103 -0.06519569
vt 0.0216253 -0.06563887
vt 0.02202904 -0.06596808
vt 0.0224044 -0.06563915
vt -0.03667118 -0.08190606
vt -0.03722205 -0.08229168
vt -0.03685648 -0.08266281
vt -0.0364476 -0.08237658
vt -0.1056308 -0.02254543
vt -0.1063014 -0.02259363
vt -0.1061782 -0.02309978
vt -0.1056804 -0.023064
vt -0.08084474 0.0750343
vt -0.08141731 0.0753869
vt -0.08161287 0.07490405
vt -0.08118789 0.07464235
vt -0.02531689 0.09307417
vt -0.02582318 0.09351671
vt -0.02609599 0.09307291
vt -0.02572021 0.09274445
vt 0.02038035 0.07589584
vt 0.01985144 0.07631107
vt 0.0196024 0.07585351
vt 0.01999498 0.07554531
vt 0.07769696 0.06298865
vt 0.07728993 0.0632775
vt 0.07709134 0.06279589
vt 0.07730791 0.0626422
vt 0.09686244 0.04339009
vt 0.09639022 0.04355167
vt 0.09633633 0.04303352
vt 0.09658759 0.04294754
vt 0.1083621 0.02689828
vt 0.1078632 0.02691235
vt 0.1079656 0.02640157
vt 0.108231 0.02639408
vt 0.1100359 0.01053756
vt 0.1095555 0.0104022
vt 0.1098055 0.009945204
vt 0.1100611 0.01001722
vt 0.1021746 -0.01002476
vt 0.1017532 -0.01029217
vt 0.1021238 -0.01065828
vt 0.102348 -0.010516
vt 0.08705838 -0.03627736
vt 0.08672389 -0.03664778
vt 0.08717894 -0.03690137
vt 0.08735692 -0.03670427
vt 0.06732846 -0.06525283
vt 0.06709613 -0.06569456
vt 0.06759982 -0.06582753
vt 0.06772344 -0.0655925
vt 0.04484574 -0.09107535
vt 0.04472189 -0.09155884
vt 0.04524268 -0.0915717
vt 0.04530858 -0.09131445
vt 0.01686142 -0.1083215
vt 0.01683035 -0.1088196
vt 0.01734432 -0.1087347
vt 0.01736085 -0.1084697
vt 0.003021113 0.1113239
vt 0.002917487 0.1118122
vt 0.002445106 0.1115925
vt 0.002500245 0.1113328
vt 0.02871763 0.1023757
vt 0.0285051 0.1028273
vt 0.02809546 0.1025054
vt 0.02820854 0.1022651
vt 0.05409451 0.08432901
vt 0.05377809 0.08471499
vt 0.0534595 0.08430283
vt 0.05362786 0.08409745
vt 0.0998167 0.04924804
vt 0.09964533 0.04945091
vt 0.09934621 0.0490244
vt 0.10473 0.0391649
vt 0.1044906 0.03927978
vt 0.1043924 0.03876817
vt 0.1085719 0.02786761
vt 0.1083065 0.02787762
vt 0.1084203 0.02736923
vt 0.1103065 0.0161405
vt 0.110059 0.01604422
vt 0.1103654 0.01562289
vt 0.1100065 0.0046866
vt 0.1098196 0.004498023
vt 0.1102708 0.004237626
vt 0.1087811 -0.004827842
vt 0.1086935 -0.005078557
vt 0.1092129 -0.005119271
vt 0.1084129 -0.008744326
vt 0.1084568 -0.009006245
vt 0.1089316 -0.0087921
vt 0.1097969 -0.0009814509
vt 0.109982 -0.001171918
vt 0.1102507 -0.000725656
vt 0.1089924 0.02171746
vt 0.1092573 0.02169863
vt 0.1091606 0.02221052
vt 0.1018871 0.04607888
vt 0.1020947 0.04624446
vt 0.1016768 0.0465555
vt 0.09595939 0.05710207
vt 0.09602986 0.05735812
vt 0.09550895 0.05736377
vt 0.09592353 0.05636881
vt 0.0958582 0.05662621
vt 0.09540261 0.05637359
vt -0.1039195 -0.009250814
vt -0.1044281 -0.009138466
vt -0.1044174 -0.009403813
vt -0.104979 -0.004278663
vt -0.1053411 -0.00390412
vt -0.1054787 -0.004131271
vt -0.1032902 0.02584439
vt -0.103267 0.02636482
vt -0.1035265 0.02630865
vt -0.08718326 0.06294502
vt -0.08676188 0.06325133
vt -0.08696763 0.06341925
vt -0.07572395 0.07658976
vt -0.07520371 0.07656263
vt -0.07525793 0.0768226
vt -0.07659505 0.07516867
vt -0.0761527 0.07489352
vt -0.07607453 0.07514732
vt -0.08363178 0.06691583
vt -0.08334148 0.06648327
vt -0.08316598 0.06668257
vt -0.09213897 0.0551725
vt -0.09203419 0.05466221
vt -0.09179626 0.05478016
vt -0.09938968 0.04157112
vt -0.09947906 0.04105791
vt -0.09921446 0.04108053
vt -0.103952 0.02700648
vt -0.1042222 0.02656107
vt -0.1039675 0.02648577
vt -0.1055069 0.01228407
vt -0.1059232 0.01197086
vt -0.1057147 0.01180636
vt -0.1048513 -0.001013719
vt -0.1053571 -0.001138255
vt -0.10523 -0.001371422
vt -0.06072645 -0.06477682
vt -0.06090925 -0.06458419
vt -0.06135789 -0.06484898
vt -0.06101432 -0.065211
vt -0.01763514 -0.09256639
vt -0.01780968 -0.09236624
vt -0.01826906 -0.09261189
vt -0.01794105 -0.09298806
vt 0.07835752 -0.06715576
vt 0.07810568 -0.06707148
vt 0.07783382 -0.06751586
vt 0.07830712 -0.06767426
vt 0.0731986 0.07908501
vt 0.07300453 0.07890375
vt 0.07326572 0.07845302
vt 0.07363047 0.07879368
vt 0.01913363 0.1033447
vt 0.01895948 0.1031442
vt 0.0192662 0.1027232
vt 0.01959349 0.1031
vt -0.02025474 0.09662736
vt -0.02045245 0.09645006
vt -0.02020044 0.09599413
vt -0.01982886 0.09632734
vt -0.05309822 0.07969614
vt -0.05332649 0.07956044
vt -0.05316743 0.07906437
vt -0.05273842 0.07931941
vt -0.07968777 0.05987703
vt -0.07994097 0.05979692
vt -0.07989913 0.05927765
vt -0.07942329 0.05942822
vt -0.09784921 0.04021169
vt -0.09811433 0.0401963
vt -0.09820148 0.03968269
vt -0.09770321 0.03971162
vt -0.1053609 0.01984575
vt -0.1056215 0.01989694
vt -0.105834 0.01942128
vt -0.1053442 0.01932508
vt -0.1014123 -0.004033136
vt -0.1016532 -0.003921411
vt -0.1019728 -0.004332862
vt -0.10152 -0.004542835
vt -0.08654355 -0.03292048
vt -0.08675535 -0.03276028
vt -0.08715473 -0.03309476
vt -0.08675667 -0.03339583
vt -0.02675417 -0.05666079
vt -0.02718584 -0.05641029
vt -0.02751863 -0.05681108
vt -0.02693704 -0.05714859
vt 0.03180354 -0.07119684
vt 0.03134871 -0.07099137
vt 0.03105824 -0.07142381
vt 0.03167104 -0.07170065
vt 0.09271382 -0.03520994
vt 0.09221715 -0.03516068
vt 0.09208021 -0.0356633
vt 0.09274935 -0.03572967
vt 0.1001748 0.04013337
vt 0.09969852 0.0399841
vt 0.09976946 0.03946801
vt 0.1004111 0.03966913
vt 0.05935727 0.08024914
vt 0.05891997 0.08000858
vt 0.05909163 0.07951672
vt 0.0596808 0.07984082
vt 0.01101613 0.0812094
vt 0.01058163 0.08096383
vt 0.01075893 0.08047397
vt 0.01134434 0.08080484
vt -0.03381468 0.06458603
vt -0.03427113 0.06438415
vt -0.03414261 0.0638793
vt -0.03352764 0.0641513
vt -0.07142998 0.04576445
vt -0.07191337 0.04564025
vt -0.07186949 0.04512116
vt -0.07121821 0.04528849
vt -0.09688596 0.03151836
vt -0.09738447 0.03149408
vt -0.09744603 0.03097678
vt -0.0967744 0.03100951
vt -0.1053832 0.01916619
vt -0.1058758 0.01924643
vt -0.1060439 0.01875336
vt -0.1053802 0.01864525
vt -0.09548807 0.001177797
vt -0.09595738 0.001347676
vt -0.09621371 0.000894162
vt -0.09558143 0.0006652848
vt -0.06888758 -0.02611401
vt -0.06933028 -0.02588358
vt -0.06964433 -0.02629922
vt -0.06904786 -0.02660968
vt -0.006897583 -0.02910612
vt -0.007513275 -0.02883577
vt -0.007764115 -0.02929235
vt -0.007063975 -0.02959977
vt 0.04884799 -0.03986787
vt 0.04820504 -0.03967096
vt 0.048009 -0.04015362
vt 0.04874014 -0.04037753
vt 0.09499149 -0.01619142
vt 0.0943204 -0.01614903
vt 0.09424166 -0.01666399
vt 0.09500481 -0.01671219
vt 0.1039204 0.02927647
vt 0.1032616 0.02914169
vt 0.1033204 0.02862408
vt 0.1040695 0.02877734
vt 0.07508797 0.05699379
vt 0.07446254 0.0567468
vt 0.07461023 0.05624724
vt 0.07532145 0.0565281
vt 0.02953145 0.05499106
vt 0.02891925 0.05471289
vt 0.02909192 0.0542214
vt 0.02978808 0.05453771
vt -0.0195893 0.0372043
vt -0.02021567 0.03695969
vt -0.02006987 0.03645957
vt -0.01935759 0.03673772
vt -0.0645777 0.02164698
vt -0.06523142 0.02148944
vt -0.06515468 0.02097418
vt -0.0644113 0.02115333
vt -0.09610126 0.01804986
vt -0.09677295 0.01801838
vt -0.09679472 0.01749789
vt -0.09603091 0.01753369
vt -0.1050494 0.02086644
vt -0.1057139 0.0209696
vt -0.1058391 0.02046392
vt -0.1050835 0.02034661
vt -0.08965835 0.01582483
vt -0.0902969 0.01603558
vt -0.09050332 0.01555727
vt -0.08977719 0.01531762
vt -0.05507706 -0.003685556
vt -0.0556929 -0.003415548
vt -0.05594349 -0.003872261
vt -0.05524318 -0.004179303
vt 0.007423209 0.004083351
vt 0.006710805 0.004361175
vt 0.006521526 0.003875829
vt 0.007233934 0.003598007
vt 0.05822616 -0.008107917
vt 0.05748511 -0.00791935
vt 0.05735664 -0.008424206
vt 0.05809768 -0.008612777
vt 0.09607563 0.001632511
vt 0.09531195 0.001671278
vt 0.09528553 0.001151003
vt 0.09604921 0.001112236
vt 0.1051941 0.02410966
vt 0.1044398 0.02398404
vt 0.1045254 0.02347018
vt 0.1052796 0.02359579
vt 0.0839173 0.0353313
vt 0.08319318 0.03508566
vt 0.08336052 0.03459233
vt 0.08408466 0.03483797
vt 0.04326554 0.02526888
vt 0.04256079 0.02497218
vt 0.04276293 0.02449205
vt 0.04346768 0.02478875
vt -0.006710812 0.004361143
vt -0.00742322 0.004083321
vt -0.007233941 0.003597975
vt -0.006521537 0.003875799
vt -0.05748512 -0.007919377
vt -0.05822616 -0.008107948
vt -0.0580977 -0.008612804
vt -0.05735665 -0.008424236
vt -0.09531195 0.001671255
vt -0.09607562 0.001632488
vt -0.09604921 0.001112213
vt -0.09528553 0.00115098
vt -0.1044398 0.02398404
vt -0.1051941 0.02410966
vt -0.1052796 0.02359579
vt -0.1045254 0.02347017
vt -0.08319317 0.0350857
vt -0.0839173 0.03533133
vt -0.08408465 0.034838
vt -0.08336052 0.03459237
vt -0.04256077 0.02497219
vt -0.04326552 0.02526889
vt -0.04346766 0.02478876
vt -0.04276291 0.02449206
vt 0.02023535 0.03688341
vt 0.01952307 0.03716156
vt 0.01937727 0.03666144
vt 0.02000364 0.03641684
vt 0.06526127 0.02141656
vt 0.0645179 0.02159571
vt 0.06444116 0.02108045
vt 0.06509487 0.0209229
vt 0.09681603 0.01795243
vt 0.0960522 0.01798823
vt 0.09607397 0.01746774
vt 0.09674566 0.01743626
vt 0.1057693 0.02091357
vt 0.1050137 0.02079627
vt 0.1051388 0.02029059
vt 0.1058033 0.02039374
vt 0.0903607 0.01598939
vt 0.08963456 0.01574974
vt 0.08984099 0.01527143
vt 0.09047954 0.01548218
vt 0.05576079 -0.003455512
vt 0.05506048 -0.003762555
vt 0.05531107 -0.004219267
vt 0.05592691 -0.003949259
vt 0.007581151 -0.0288757
vt 0.006881011 -0.02918313
vt 0.007131851 -0.02963971
vt 0.007747543 -0.02936936
vt -0.04814227 -0.03971852
vt -0.04887341 -0.03994243
vt -0.04867737 -0.04042508
vt -0.04803441 -0.04022818
vt -0.09427033 -0.01620987
vt -0.09503348 -0.01625806
vt -0.09495474 -0.01677303
vt -0.09428366 -0.01673064
vt -0.1032292 0.02906989
vt -0.1039783 0.02922315
vt -0.1040372 0.02870553
vt -0.1033784 0.02857076
vt -0.07444312 0.05667046
vt -0.07515433 0.05695132
vt -0.07530202 0.05645175
vt -0.07467659 0.05620477
vt -0.02890367 0.05463567
vt -0.02959984 0.05495199
vt -0.02977251 0.0544605
vt -0.02916031 0.05418233
vt 0.03431039 0.06425871
vt 0.03369542 0.0645307
vt 0.03356691 0.06402586
vt 0.03402335 0.06382398
vt 0.07197271 0.04552297
vt 0.07132142 0.04569029
vt 0.07127754 0.0451712
vt 0.07176095 0.04504701
vt 0.09746622 0.03139114
vt 0.09679459 0.03142387
vt 0.09685616 0.03090657
vt 0.09735467 0.03088229
vt 0.1059772 0.01916282
vt 0.1053136 0.01905472
vt 0.1054817 0.01856165
vt 0.1059743 0.01864189
vt 0.0960725 0.001284243
vt 0.09544022 0.001055366
vt 0.09569655 0.0006018514
vt 0.09616585 0.0007717306
vt 0.06945281 -0.02593123
vt 0.06885634 -0.02624169
vt 0.0691704 -0.02665733
vt 0.06961311 -0.0264269
vt 0.02731039 -0.05645228
vt 0.0267288 -0.05678979
vt 0.02706159 -0.05719059
vt 0.02749326 -0.05694007
vt -0.03122907 -0.07104575
vt -0.03184187 -0.07132259
vt -0.03155141 -0.07175504
vt -0.03109657 -0.07154956
vt -0.09212116 -0.03525047
vt -0.09279031 -0.03531684
vt -0.09265336 -0.03581946
vt -0.09215669 -0.0357702
vt -0.09964539 0.03986386
vt -0.100287 0.04006498
vt -0.100358 0.03954889
vt -0.09988173 0.03939961
vt -0.05889169 0.0798802
vt -0.05948085 0.0802043
vt -0.05965251 0.07971245
vt -0.05921521 0.07947189
vt -0.01055479 0.08083514
vt -0.01114019 0.08116599
vt -0.01131749 0.08067615
vt -0.01088299 0.08043058
vt 0.0533819 0.0794252
vt 0.05295289 0.07968025
vt 0.05279382 0.07918417
vt 0.05302211 0.07904847
vt 0.08002575 0.05967787
vt 0.07954992 0.05982843
vt 0.07950808 0.05930917
vt 0.07976127 0.05922905
vt 0.09822582 0.04010174
vt 0.09772756 0.04013066
vt 0.0978147 0.03961706
vt 0.09807982 0.03960167
vt 0.105753 0.01983317
vt 0.1052633 0.01973697
vt 0.1054757 0.01926131
vt 0.1057363 0.0193125
vt 0.1017962 -0.003952044
vt 0.1013434 -0.004162016
vt 0.1016629 -0.004573467
vt 0.1019038 -0.004461743
vt 0.08690153 -0.03275996
vt 0.08650347 -0.03306103
vt 0.08690284 -0.03339551
vt 0.08711465 -0.03323531
vt 0.06105341 -0.06456004
vt 0.06070984 -0.06492205
vt 0.06115847 -0.06518684
vt 0.06134128 -0.06499422
vt 0.01795271 -0.09233601
vt 0.0176247 -0.09271219
vt 0.01808409 -0.09295785
vt 0.01825862 -0.09275769
vt -0.07796706 -0.06711778
vt -0.07844036 -0.06727617
vt -0.0781685 -0.06772056
vt -0.07791667 -0.06763628
vt -0.07297916 0.07875983
vt -0.0733439 0.0791005
vt -0.07360511 0.07864977
vt -0.07341103 0.0784685
vt -0.01894921 0.1029985
vt -0.0192765 0.1033753
vt -0.01958321 0.1029542
vt -0.01940907 0.1027537
vt 0.02048071 0.09630664
vt 0.02010914 0.09663984
vt 0.01985713 0.09618391
vt 0.02005484 0.09600662
vt 0.08369326 0.06679307
vt 0.08351775 0.06699237
vt 0.08322745 0.06655981
vt 0.09224238 0.05508219
vt 0.09200446 0.05520015
vt 0.09189968 0.05468985
vt 0.099519 0.04152491
vt 0.09925439 0.04154754
vt 0.09934378 0.04103432
vt 0.1040893 0.02701059
vt 0.1038346 0.02693529
vt 0.1041048 0.02648988
vt 0.1056328 0.01233883
vt 0.1054243 0.01217433
vt 0.1058406 0.01186113
vt 0.1049455 -0.0009138494
vt 0.1048184 -0.001147016
vt 0.1053243 -0.001271552
vt 0.1039598 -0.009119496
vt 0.1039491 -0.009384843
vt 0.1044578 -0.009272494
vt 0.1049402 -0.004146893
vt 0.1050778 -0.004374041
vt 0.1054398 -0.0039995
vt 0.1031678 0.0259067
vt 0.1034274 0.02585053
vt 0.1034042 0.02637096
vt 0.08705824 0.06288821
vt 0.08726398 0.06305613
vt 0.08684261 0.06336243
vt 0.07566257 0.07646693
vt 0.07571679 0.0767269
vt 0.07519655 0.07669976
vt 0.07660062 0.07503152
vt 0.07652245 0.07528533
vt 0.07608011 0.07501017
vt -0.1063034 -0.002250595
vt -0.1068208 -0.002190386
vt -0.1067832 -0.002453282
vt -0.106621 -0.002495574
vt -0.1070359 -0.002180505
vt -0.1071373 -0.002425946
vt -0.1074811 0.0083927
vt -0.1076307 0.008891726
vt -0.1078572 0.008753178
vt -0.1049581 0.02883582
vt -0.1047465 0.02931187
vt -0.1050087 0.02935431
vt -0.09886516 0.04602596
vt -0.09840065 0.0462618
vt -0.09857727 0.04646013
vt -0.09522438 0.05213156
vt -0.09470685 0.05207209
vt -0.09474478 0.05233493
vt -0.09607899 0.04959462
vt -0.09565365 0.04929383
vt -0.09556065 0.04954258
vt -0.09963745 0.04246355
vt -0.09938689 0.04200681
vt -0.0991943 0.04218967
vt -0.103636 0.03338216
vt -0.1035991 0.03286252
vt -0.1033477 0.03294823
vt -0.1064662 0.02362755
vt -0.1066458 0.02313854
vt -0.1063814 0.02311355
vt -0.1074751 0.01373418
vt -0.1078404 0.01336275
vt -0.1076099 0.01323096
vt -0.1070266 0.004449168
vt -0.107515 0.004268048
vt -0.1073622 0.00405081
vt -0.08336018 -0.03810364
vt -0.08350293 -0.0378797
vt -0.08399381 -0.0380541
vt -0.08372556 -0.03847498
vt -0.06940694 -0.06380938
vt -0.06947727 -0.06355329
vt -0.06999776 -0.06357514
vt -0.06986559 -0.06405642
vt -0.0654199 -0.07916687
vt -0.0653832 -0.07890387
vt -0.06586988 -0.07871805
vt -0.06593885 -0.07921236
vt -0.07129569 0.08207009
vt -0.07110574 0.0818845
vt -0.07066742 0.08216603
vt -0.07102441 0.08251482
vt -0.03141746 0.1028978
vt -0.03143736 0.102633
vt -0.03093984 0.1024785
vt -0.03090245 0.1029762
vt -0.04509848 0.09040386
vt -0.04520308 0.09015977
vt -0.04478242 0.08985247
vt -0.04458584 0.09031121
vt -0.06446508 0.07097276
vt -0.06463576 0.07076932
vt -0.06432187 0.07035356
vt -0.06400108 0.07073592
vt -0.08371207 0.05084217
vt -0.08393539 0.05069847
vt -0.08375888 0.05020835
vt -0.08333916 0.05047842
vt -0.09899229 0.0342698
vt -0.0992493 0.03420297
vt -0.09923457 0.03368224
vt -0.09875153 0.03380783
vt -0.1068321 0.02099829
vt -0.1070969 0.02101777
vt -0.1072506 0.02052001
vt -0.1067529 0.0204834
vt -0.1056659 0.006661907
vt -0.1059108 0.006764831
vt -0.1062152 0.006342079
vt -0.1057551 0.006148643
vt -0.09679495 -0.01300908
vt -0.09699667 -0.01283637
vt -0.09741557 -0.01314607
vt -0.09703644 -0.01347067
vt -0.05409184 -0.03831106
vt -0.05445224 -0.03796579
vt -0.05487018 -0.03827677
vt -0.05438462 -0.03874195
vt -0.01503889 -0.07241838
vt -0.01537586 -0.0720502
vt -0.0158133 -0.07233308
vt -0.01535931 -0.07282912
vt 0.04758141 -0.08274998
vt 0.04718095 -0.0824521
vt 0.04680482 -0.08281253
vt 0.04734436 -0.08321387
vt 0.1066292 0.02050242
vt 0.106144 0.02038568
vt 0.1061799 0.01986597
vt 0.1068336 0.02002326
vt 0.05024644 0.09196897
vt 0.04989127 0.09161831
vt 0.05019051 0.09119187
vt 0.05066901 0.09166431
vt 0.002424378 0.08743951
vt 0.002083026 0.0870754
vt 0.002398504 0.08666085
vt 0.002858405 0.08715141
vt -0.0357646 0.06292978
vt -0.03614692 0.06260896
vt -0.0358831 0.06215975
vt -0.035368 0.06259199
vt -0.06902244 0.03786908
vt -0.0694617 0.03763213
vt -0.0692941 0.03713889
vt -0.06870228 0.03745813
vt -0.09483285 0.0230841
vt -0.09531879 0.02297024
vt -0.095286 0.02245033
vt -0.09463129 0.02260373
vt -0.1069793 0.01833284
vt -0.1074773 0.01836631
vt -0.1075982 0.01785959
vt -0.1069273 0.0178145
vt -0.1020053 0.01212078
vt -0.1024734 0.01229399
vt -0.1027329 0.0118423
vt -0.1021023 0.01160895
vt -0.08288638 -0.00665929
vt -0.08329992 -0.006379859
vt -0.08365933 -0.006756961
vt -0.08310217 -0.007133441
vt -0.02943191 -0.01816885
vt -0.02996766 -0.01776248
vt -0.03031799 -0.01814804
vt -0.02970875 -0.01861015
vt 0.01864523 -0.04905915
vt 0.01809366 -0.04867454
vt 0.01775904 -0.0490738
vt 0.01838627 -0.04951117
vt 0.07558113 -0.04789792
vt 0.07495236 -0.04765955
vt 0.0747253 -0.04812841
vt 0.0754403 -0.04839947
vt 0.1079193 0.01173385
vt 0.1072512 0.01165737
vt 0.1072644 0.01113659
vt 0.1080241 0.01122356
vt 0.07928812 0.06423046
vt 0.07869948 0.0639054
vt 0.07890996 0.06342886
vt 0.07957934 0.06379851
vt 0.03267577 0.06549229
vt 0.03213906 0.06508719
vt 0.03241484 0.06464524
vt 0.03302518 0.06510589
vt -0.01232778 0.0397837
vt -0.01287447 0.03939217
vt -0.01260983 0.03894345
vt -0.01198816 0.03938869
vt -0.0548484 0.01305409
vt -0.05544535 0.01274455
vt -0.05524743 0.01226267
vt -0.0545686 0.01261467
vt -0.09046917 0.004312882
vt -0.09112313 0.004156348
vt -0.09104719 0.00364097
vt -0.09030353 0.003818973
vt -0.107075 0.0153404
vt -0.1077458 0.01538704
vt -0.1078278 0.01487259
vt -0.107065 0.01481955
vt -0.09727117 0.02467103
vt -0.09790177 0.02490451
vt -0.09812518 0.0244339
vt -0.0974081 0.0241684
vt -0.06846638 0.01269325
vt -0.06903766 0.01304794
vt -0.06935054 0.01263142
vt -0.06870091 0.01222808
vt -0.008033057 0.01021021
vt -0.008660955 0.01064662
vt -0.00895827 0.01021885
vt -0.008330374 0.009782437
vt 0.03970874 -0.01792437
vt 0.03904188 -0.01755019
vt 0.03878696 -0.0180045
vt 0.03945382 -0.01837868
vt 0.0855331 -0.01973649
vt 0.08479617 -0.01953248
vt 0.08465718 -0.02003454
vt 0.08539412 -0.02023856
vt 0.1079307 0.01262065
vt 0.1071686 0.01255845
vt 0.107211 0.01203923
vt 0.1079731 0.01210143
vt 0.09125678 0.04228153
vt 0.09055133 0.04198651
vt 0.09075232 0.04150591
vt 0.09145777 0.04180092
vt 0.05311454 0.03865448
vt 0.05247129 0.03824104
vt 0.05275295 0.03780281
vt 0.05339621 0.03821624
vt 0.008660955 0.01064658
vt 0.00803306 0.01021017
vt 0.008330376 0.009782402
vt 0.008958274 0.01021881
vt -0.03904188 -0.01755022
vt -0.03970874 -0.0179244
vt -0.03945382 -0.01837871
vt -0.03878696 -0.01800453
vt -0.08479615 -0.01953251
vt -0.0855331 -0.01973652
vt -0.0853941 -0.02023858
vt -0.08465716 -0.02003457
vt -0.1071686 0.01255844
vt -0.1079307 0.01262065
vt -0.1079731 0.01210143
vt -0.107211 0.01203923
vt -0.09055131 0.04198654
vt -0.09125677 0.04228156
vt -0.09145775 0.04180095
vt -0.0907523 0.04150593
vt -0.05247127 0.03824105
vt -0.05311452 0.03865449
vt -0.05339619 0.03821626
vt -0.05275293 0.03780282
vt 0.01287474 0.03931339
vt 0.01225307 0.03975862
vt 0.01198843 0.03930991
vt 0.01253512 0.03891837
vt 0.05545688 0.01266664
vt 0.05477806 0.01301864
vt 0.05458013 0.01253676
vt 0.05517708 0.01222722
vt 0.09115312 0.00408351
vt 0.09040947 0.004261513
vt 0.09033352 0.003746135
vt 0.09098748 0.0035896
vt 0.1077963 0.01532653
vt 0.1070334 0.0152735
vt 0.1071154 0.01475905
vt 0.1077862 0.01480569
vt 0.09796719 0.02486064
vt 0.0972501 0.02459514
vt 0.09747352 0.02412453
vt 0.09810411 0.02435801
vt 0.06911054 0.01301801
vt 0.0684609 0.01261467
vt 0.06877378 0.01219815
vt 0.06934506 0.01255284
vt 0.03004297 -0.0177855
vt 0.02943374 -0.01824761
vt 0.02978406 -0.01863316
vt 0.03031982 -0.0182268
vt -0.01801933 -0.04870055
vt -0.01864656 -0.04913792
vt -0.01831194 -0.04953718
vt -0.01776036 -0.04915256
vt -0.0748866 -0.04770292
vt -0.0756016 -0.04797398
vt -0.07537454 -0.04844284
vt -0.07474577 -0.04820447
vt -0.1072126 0.01158868
vt -0.1079723 0.01167565
vt -0.1079856 0.01115487
vt -0.1073175 0.01107839
vt -0.07868999 0.06382719
vt -0.07935937 0.06419684
vt -0.07956985 0.0637203
vt -0.07898121 0.06339525
vt -0.03214071 0.06500843
vt -0.03275105 0.06546908
vt -0.03302684 0.06502713
vt -0.03249012 0.06462204
vt 0.03614975 0.06247755
vt 0.03563465 0.0629098
vt 0.03537083 0.06246059
vt 0.03575316 0.06213977
vt 0.06949104 0.037504
vt 0.06889923 0.03782324
vt 0.06873163 0.03733
vt 0.06917088 0.03709305
vt 0.09538063 0.02285424
vt 0.09472593 0.02300764
vt 0.09469314 0.02248773
vt 0.09517907 0.02237388
vt 0.1075704 0.01827351
vt 0.1068995 0.01822843
vt 0.1070204 0.01772171
vt 0.1075184 0.01775517
vt 0.102589 0.01223137
vt 0.1019583 0.01199802
vt 0.1022179 0.01154633
vt 0.1026859 0.01171953
vt 0.08342709 -0.006413223
vt 0.08286992 -0.006789703
vt 0.08322933 -0.007166806
vt 0.08364288 -0.006887374
vt 0.05458318 -0.03797721
vt 0.05409762 -0.0384424
vt 0.05451556 -0.03875337
vt 0.05487596 -0.0384081
vt 0.01550725 -0.072053
vt 0.01505326 -0.07254904
vt 0.01549071 -0.07283192
vt 0.01582767 -0.07246375
vt -0.04705242 -0.08247967
vt -0.04759195 -0.082881
vt -0.04721583 -0.08324144
vt -0.04681537 -0.08294356
vt -0.1060828 0.02026929
vt -0.1067366 0.02042658
vt -0.1067725 0.01990687
vt -0.1062873 0.01979013
vt -0.04989906 0.09148708
vt -0.05037756 0.09195952
vt -0.0506768 0.09153309
vt -0.05032164 0.09118243
vt -0.002095843 0.08694457
vt -0.002555746 0.08743513
vt -0.002871221 0.08702058
vt -0.002529869 0.08665647
vt 0.06464343 0.07062335
vt 0.06432265 0.07100572
vt 0.06400876 0.07058995
vt 0.06417944 0.07038651
vt 0.083986 0.05056135
vt 0.08356629 0.05083142
vt 0.08338977 0.0503413
vt 0.08361309 0.05019759
vt 0.09934019 0.03408848
vt 0.09885715 0.03421408
vt 0.0988424 0.03369334
vt 0.09909942 0.03362651
vt 0.1072198 0.02093864
vt 0.1067221 0.02090203
vt 0.1068758 0.02040428
vt 0.1071406 0.02042376
vt 0.1060525 0.006729033
vt 0.1055924 0.006535597
vt 0.1058968 0.006112844
vt 0.1061416 0.006215769
vt 0.09714257 -0.0128272
vt 0.09676345 -0.0131518
vt 0.09718233 -0.01346151
vt 0.09738406 -0.01328879
vt 0.08363982 -0.0378285
vt 0.08337157 -0.03824938
vt 0.08386245 -0.03842378
vt 0.08400519 -0.03819984
vt 0.06959298 -0.06346398
vt 0.06946082 -0.06394526
vt 0.06998131 -0.06396711
vt 0.07005163 -0.06371102
vt 0.06545414 -0.07877608
vt 0.06552313 -0.07927039
vt 0.0660098 -0.07908458
vt 0.0659731 -0.07882156
vt 0.07096083 0.08186574
vt 0.07131782 0.08221453
vt 0.0708795 0.08249606
vt 0.07068956 0.08231048
vt 0.03135849 0.1025099
vt 0.03132109 0.1030076
vt 0.03082358 0.1028531
vt 0.03084348 0.1025883
vt 0.04516828 0.09001778
vt 0.04497169 0.09047653
vt 0.04455103 0.09016924
vt 0.04465564 0.08992514
vt 0.09609271 0.04945799
vt 0.0959997 0.04970673
vt 0.09557436 0.04940595
vt 0.09970964 0.04234675
vt 0.09951705 0.0425296
vt 0.0992665 0.04207287
vt 0.1037504 0.03330617
vt 0.103499 0.03339188
vt 0.1034621 0.03287224
vt 0.1066017 0.0236052
vt 0.1063373 0.02358021
vt 0.1065169 0.0230912
vt 0.1076078 0.01376968
vt 0.1073772 0.01363789
vt 0.1077425 0.01326646
vt 0.1071316 0.004537691
vt 0.1069788 0.004320453
vt 0.1074673 0.004139333
vt 0.1063568 -0.002124061
vt 0.1063192 -0.002386957
vt 0.1068367 -0.002326749
vt 0.1066027 -0.002359441
vt 0.1067041 -0.002604882
vt 0.1071189 -0.002289813
vt 0.1073861 0.008491883
vt 0.1076127 0.008353336
vt 0.1077622 0.008852361
vt 0.1048215 0.02884912
vt 0.1050836 0.02889156
vt 0.104872 0.02936761
vt 0.09875071 0.04595006
vt 0.09892732 0.04614839
vt 0.09846282 0.04638423
vt 0.09517078 0.05200514
vt 0.09520872 0.05226798
vt 0.09469117 0.05220851
vt -0.09198041 -0.01679506
vt -0.09249783 -0.01685549
vt -0.09240081 -0.01710269
vt -0.09127856 -0.0220239
vt -0.0917602 -0.02182541
vt -0.09179547 -0.02208862
vt -0.09368675 -0.02285559
vt -0.09399433 -0.02243513
vt -0.09416161 -0.02264138
vt -0.09824144 -0.01726491
vt -0.09826076 -0.01674433
vt -0.09851487 -0.01682149
vt -0.1022177 -0.00717752
vt -0.1019328 -0.006741363
vt -0.1021848 -0.006657612
vt -0.1040167 0.001932379
vt -0.1035368 0.002134975
vt -0.103699 0.002345229
vt -0.1044163 0.006458284
vt -0.103901 0.006382039
vt -0.1039304 0.006645974
vt -0.1043016 0.006693826
vt -0.1038877 0.006377467
vt -0.1037855 0.006622591
vt -0.1035726 0.004401173
vt -0.1033522 0.003929123
vt -0.1031482 0.004099074
vt -0.1017274 0.0007591713
vt -0.1017451 0.0002385249
vt -0.1014861 0.0002974919
vt -0.09863374 -0.004051563
vt -0.09888421 -0.004508342
vt -0.09862651 -0.004572457
vt -0.09493895 -0.01012936
vt -0.09536938 -0.01042282
vt -0.09516879 -0.01059686
vt -0.06829195 -0.02143747
vt -0.06843211 -0.02121191
vt -0.06892496 -0.02138069
vt -0.06866153 -0.02180461
vt -0.05927423 -0.04424131
vt -0.05931715 -0.04397923
vt -0.05983703 -0.04394604
vt -0.05975638 -0.04443858
vt -0.06177435 -0.06092818
vt -0.06169313 -0.06067535
vt -0.06214079 -0.0604089
vt -0.06229343 -0.06088408
vt -0.0863665 -0.04870374
vt -0.08613486 -0.04857387
vt -0.08628126 -0.04807393
vt -0.08671661 -0.04831798
vt -0.1042777 0.01161294
vt -0.1040516 0.01147364
vt -0.1036859 0.01184461
vt -0.1041108 0.01210643
vt -0.09669349 0.03943951
vt -0.09661829 0.03918482
vt -0.09609832 0.03921659
vt -0.09623964 0.03969526
vt -0.095805 0.035821
vt -0.09585252 0.03555972
vt -0.09537391 0.035354
vt -0.09528463 0.03584505
vt -0.09984959 0.0241076
vt -0.09999342 0.02388436
vt -0.09962989 0.02351123
vt -0.09935956 0.02393078
vt -0.1037745 0.01484128
vt -0.1039924 0.01468939
vt -0.1037978 0.01420615
vt -0.1033884 0.01449161
vt -0.1030989 0.01078283
vt -0.1033591 0.01072995
vt -0.1033725 0.01020917
vt -0.1028834 0.01030856
vt -0.09527658 0.007334623
vt -0.09553584 0.007392114
vt -0.09575975 0.006921744
vt -0.09527249 0.006813695
vt -0.08204897 -0.002664807
vt -0.0822642 -0.00250925
vt -0.08265623 -0.002852326
vt -0.08225171 -0.003144677
vt -0.04152438 -0.009590731
vt -0.04182871 -0.00919516
vt -0.0422887 -0.009439705
vt -0.04187867 -0.009972656
vt -0.0194083 -0.04575335
vt -0.01960759 -0.04529577
vt -0.02011315 -0.04542143
vt -0.01984465 -0.04603793
vt -0.002035237 -0.07892966
vt -0.002132534 -0.07844014
vt -0.002653256 -0.07845528
vt -0.002522166 -0.07911481
vt 0.003920316 -0.0999482
vt 0.003962105 -0.09945086
vt 0.003457482 -0.09932148
vt 0.003401181 -0.09999155
vt -0.05092526 0.09192972
vt -0.05089346 0.09143163
vt -0.0503753 0.09137787
vt -0.05041814 0.09204894
vt -0.05709872 0.07861371
vt -0.05720048 0.0781251
vt -0.05671526 0.07793552
vt -0.05657816 0.07859383
vt -0.07102485 0.05169815
vt -0.0712285 0.05124249
vt -0.07079488 0.05095376
vt -0.07052051 0.05156767
vt -0.08623834 0.02505517
vt -0.08654726 0.02466316
vt -0.08619744 0.02427715
vt -0.08578124 0.02480529
vt -0.0995269 0.01085665
vt -0.09994102 0.01057807
vt -0.09972619 0.01010347
vt -0.09916826 0.01047881
vt -0.1037925 0.01417302
vt -0.1042812 0.01407192
vt -0.104262 0.01355133
vt -0.1036035 0.01368754
vt -0.09168714 0.02294322
vt -0.09217401 0.02305301
vt -0.09237155 0.02257097
vt -0.09171559 0.02242306
vt -0.06735831 0.0166498
vt -0.06776823 0.01693451
vt -0.06813245 0.01656204
vt -0.06758015 0.01617846
vt -0.01450955 0.01089353
vt -0.01493699 0.01141262
vt -0.01536687 0.01111838
vt -0.01488081 0.01052809
vt 0.01629164 -0.03030125
vt 0.01592514 -0.02973748
vt 0.01546495 -0.02998163
vt 0.01588172 -0.03062274
vt 0.04929841 -0.05969622
vt 0.04891875 -0.05914123
vt 0.04846444 -0.05939614
vt 0.04889617 -0.06002726
vt 0.09612955 -0.03378858
vt 0.09556045 -0.03343042
vt 0.09524503 -0.03384503
vt 0.0958922 -0.03425231
vt 0.05618618 0.08641868
vt 0.0556303 0.08604031
vt 0.05588416 0.08558541
vt 0.05651628 0.08601567
vt -0.008110007 0.08444688
vt -0.008486718 0.08388989
vt -0.008082727 0.08356099
vt -0.007654347 0.08419438
vt -0.04138716 0.04891802
vt -0.04175505 0.04835515
vt -0.04134593 0.04803266
vt -0.04092758 0.04867274
vt -0.06758282 0.01267828
vt -0.06801404 0.01216232
vt -0.06764547 0.01179417
vt -0.0671551 0.0123809
vt -0.09128889 -0.004800731
vt -0.09183097 -0.005198622
vt -0.0915611 -0.005644217
vt -0.09094467 -0.005191754
vt -0.104008 0.0106153
vt -0.104662 0.01045884
vt -0.1045861 0.009943456
vt -0.1038424 0.01012138
vt -0.08699037 0.04054399
vt -0.08764109 0.0407135
vt -0.08781652 0.04022298
vt -0.08707656 0.04003022
vt -0.04980173 0.04147328
vt -0.05033846 0.04187835
vt -0.05068785 0.04149195
vt -0.0500775 0.04103132
vt 0.012964 0.03248259
vt 0.01249265 0.0330847
vt 0.01208245 0.03276358
vt 0.0125538 0.03216147
vt 0.04499035 -0.008267785
vt 0.04451726 -0.00766704
vt 0.044108 -0.007989342
vt 0.04458108 -0.008590089
vt 0.07721387 -0.03007055
vt 0.07665168 -0.02955223
vt 0.07629856 -0.02993523
vt 0.07686076 -0.03045355
vt 0.1038745 -0.002168052
vt 0.1031477 -0.001930345
vt 0.1029858 -0.002425479
vt 0.1037125 -0.002663186
vt 0.07950085 0.06034357
vt 0.07878035 0.06008746
vt 0.07895483 0.05959661
vt 0.07967533 0.05985271
vt 0.02688813 0.0668961
vt 0.02633174 0.06637156
vt 0.0266891 0.0659925
vt 0.02724548 0.06651704
vt -0.01249265 0.03308467
vt -0.01296399 0.03248256
vt -0.01255379 0.03216144
vt -0.01208244 0.03276355
vt -0.04451725 -0.007667065
vt -0.04499034 -0.008267811
vt -0.04458107 -0.008590112
vt -0.04410798 -0.007989367
vt -0.07665166 -0.02955225
vt -0.07721384 -0.03007057
vt -0.07686072 -0.03045357
vt -0.07629854 -0.02993525
vt -0.1031477 -0.001930379
vt -0.1038745 -0.002168086
vt -0.1037125 -0.002663221
vt -0.1029858 -0.002425514
vt -0.07878034 0.06008748
vt -0.07950083 0.06034359
vt -0.07967531 0.05985274
vt -0.07895482 0.05959663
vt -0.02633171 0.06637157
vt -0.02688809 0.06689611
vt -0.02724545 0.06651706
vt -0.02668906 0.06599252
vt 0.04172679 0.04828162
vt 0.04130844 0.04892169
vt 0.04089932 0.04859921
vt 0.04126721 0.04803633
vt 0.06799462 0.012086
vt 0.06750425 0.01267272
vt 0.06713567 0.01230458
vt 0.06756689 0.01178862
vt 0.09183036 -0.005277387
vt 0.09121393 -0.004824924
vt 0.09094407 -0.005270519
vt 0.09148614 -0.005668409
vt 0.104692 0.010386
vt 0.1039483 0.01056393
vt 0.1038724 0.01004854
vt 0.1045264 0.009892078
vt 0.0877018 0.04066334
vt 0.08696184 0.04047058
vt 0.08713727 0.03998006
vt 0.08778798 0.04014957
vt 0.05041375 0.04185516
vt 0.0498034 0.04139453
vt 0.05015279 0.04100813
vt 0.05068953 0.0414132
vt 0.01501558 0.01140762
vt 0.01452951 0.01081732
vt 0.0149594 0.01052308
vt 0.01538684 0.01104218
vt -0.01584647 -0.02973363
vt -0.01626324 -0.03037474
vt -0.01580305 -0.03061889
vt -0.01543656 -0.03005512
vt -0.04883999 -0.05913921
vt -0.04927173 -0.05977033
vt -0.04881742 -0.06002525
vt -0.04843775 -0.05947025
vt -0.09548739 -0.03345992
vt -0.09613456 -0.0338672
vt -0.09581915 -0.03428181
vt -0.09525003 -0.03392365
vt -0.05562814 0.08596155
vt -0.05626026 0.08639182
vt -0.05651412 0.08593691
vt -0.05595824 0.08555855
vt 0.008459673 0.0838159
vt 0.008031293 0.0844493
vt 0.007627302 0.0841204
vt 0.008004012 0.08356339
vt 0.07117362 0.05112306
vt 0.07089924 0.05173697
vt 0.07046563 0.05144824
vt 0.07066928 0.05099259
vt 0.08652328 0.02453393
vt 0.08610707 0.02506208
vt 0.08575725 0.02467606
vt 0.08606617 0.02428406
vt 0.09995776 0.01044769
vt 0.09939983 0.01082303
vt 0.09918501 0.01034844
vt 0.09959912 0.01006986
vt 0.1043461 0.01395759
vt 0.1036876 0.01409379
vt 0.1036684 0.0135732
vt 0.1041571 0.0134721
vt 0.0922803 0.02297565
vt 0.09162433 0.02282774
vt 0.09182187 0.0223457
vt 0.09230874 0.02245549
vt 0.06789581 0.01690276
vt 0.06734352 0.01651918
vt 0.06770773 0.01614671
vt 0.06811766 0.01643142
vt 0.04195988 -0.009186747
vt 0.04154985 -0.009719699
vt 0.04200983 -0.009964244
vt 0.04231417 -0.009568672
vt 0.01973279 -0.0452558
vt 0.01946429 -0.04587229
vt 0.01996985 -0.04599795
vt 0.02016914 -0.04554037
vt 0.002246359 -0.0783744
vt 0.00211527 -0.07903393
vt 0.002635991 -0.07904907
vt 0.002733288 -0.07855955
vt -0.00387086 -0.09935622
vt -0.00381456 -0.1000263
vt -0.003309937 -0.09989691
vt -0.003351725 -0.09939957
vt 0.0507893 0.09135146
vt 0.05083213 0.09202252
vt 0.05031397 0.09196876
vt 0.05028217 0.09147067
vt 0.05712139 0.07802011
vt 0.05698429 0.07867841
vt 0.05649906 0.07848883
vt 0.05660083 0.07800022
vt 0.09578689 0.0354291
vt 0.0956976 0.03592015
vt 0.09521899 0.03571443
vt 0.09526651 0.03545315
vt 0.09998275 0.02373857
vt 0.09971243 0.02415813
vt 0.0993489 0.02378499
vt 0.09949273 0.02356175
vt 0.1040379 0.01455047
vt 0.1036285 0.01483593
vt 0.1034339 0.01435269
vt 0.1036517 0.0142008
vt 0.103456 0.01062052
vt 0.1029669 0.01071991
vt 0.1029803 0.01019913
vt 0.1032405 0.01014625
vt 0.09566888 0.007331557
vt 0.09518163 0.007223507
vt 0.09540553 0.006753136
vt 0.09566479 0.006810627
vt 0.08241035 -0.002512104
vt 0.08200584 -0.002804456
vt 0.08239786 -0.003147532
vt 0.0826131 -0.002991975
vt 0.06856842 -0.02115915
vt 0.068305 -0.02158307
vt 0.06879784 -0.02175185
vt 0.06893801 -0.02152629
vt 0.0594228 -0.04387821
vt 0.05934214 -0.04437075
vt 0.05986203 -0.04433756
vt 0.05990494 -0.04407548
vt 0.06174114 -0.06053729
vt 0.06189378 -0.06101247
vt 0.06234143 -0.06074603
vt 0.06226021 -0.06049319
vt 0.08607602 -0.04844005
vt 0.08651138 -0.0486841
vt 0.08665778 -0.04818415
vt 0.08642614 -0.04805429
vt 0.1039061 0.01148728
vt 0.104331 0.01174909
vt 0.1039653 0.01212007
vt 0.1037392 0.01198076
vt 0.0965009 0.03909772
vt 0.09664221 0.03957639
vt 0.09612224 0.03960815
vt 0.09604704 0.03935346
vt 0.1043669 0.006330167
vt 0.1043962 0.006594101
vt 0.1038809 0.006517856
vt 0.1043203 0.006557776
vt 0.1042182 0.006802901
vt 0.1038043 0.006486541
vt 0.1036522 0.004289315
vt 0.1034482 0.004459267
vt 0.1032278 0.003987217
vt 0.1018492 0.0006955575
vt 0.1015902 0.0007545241
vt 0.1016078 0.0002338781
vt 0.09877103 -0.004053507
vt 0.09851332 -0.004117622
vt 0.09876379 -0.0045744
vt 0.0950622 -0.01006874
vt 0.09486161 -0.01024278
vt 0.09529203 -0.01053625
vt 0.0920615 -0.01668422
vt 0.09196448 -0.01693143
vt 0.09248192 -0.01699185
vt 0.09129564 -0.02188761
vt 0.0913309 -0.02215083
vt 0.09181254 -0.02195233
vt 0.09363031 -0.02273037
vt 0.0937976 -0.02293662
vt 0.09410517 -0.02251616
vt 0.09812455 -0.01719287
vt 0.09837866 -0.01727003
vt 0.09839798 -0.01674944
vt 0.1020807 -0.007186185
vt 0.1023327 -0.007102433
vt 0.1020478 -0.006666277
vt 0.1039079 0.001848583
vt 0.1040701 0.002058836
vt 0.1035902 0.002261432
vt -0.0941726 -0.01706272
vt -0.09469275 -0.01703397
vt -0.09463935 -0.01729411
vt -0.09449775 -0.02015967
vt -0.09493445 -0.01987563
vt -0.09501772 -0.0201278
vt -0.09764794 -0.01606555
vt -0.09785476 -0.01558742
vt -0.09806357 -0.0157515
vt -0.1013435 -0.004035759
vt -0.1012214 -0.003529321
vt -0.1014869 -0.003534948
vt -0.1025729 0.009910936
vt -0.1021702 0.01024139
vt -0.1023854 0.01039697
vt -0.1020884 0.01832983
vt -0.1015699 0.01838019
vt -0.1016621 0.01862924
vt -0.1019521 0.01981304
vt -0.1014782 0.01959671
vt -0.1014332 0.01985842
vt -0.1023938 0.01669736
vt -0.1020736 0.01628645
vt -0.1019126 0.01649769
vt -0.1025177 0.0113088
vt -0.1024118 0.01079873
vt -0.1021741 0.0109172
vt -0.1014859 0.004810672
vt -0.1016115 0.004305077
vt -0.1013459 0.004308894
vt -0.09914917 -0.00249627
vt -0.09948123 -0.002897673
vt -0.09924022 -0.003009198
vt -0.09623805 -0.01024493
vt -0.09671302 -0.01045892
vt -0.09654582 -0.01066524
vt -0.06738355 -0.03491747
vt -0.06751219 -0.03468514
vt -0.0680129 -0.03482892
vt -0.06777113 -0.03526556
vt -0.05773683 -0.05748048
vt -0.0577737 -0.05721749
vt -0.05829268 -0.05717235
vt -0.05822339 -0.05766661
vt -0.06278341 -0.06895836
vt -0.06268851 -0.06871033
vt -0.06312097 -0.06841987
vt -0.0632993 -0.06888602
vt -0.1009089 -0.01460962
vt -0.1006437 -0.01459561
vt -0.1005539 -0.01408247
vt -0.1010523 -0.0141088
vt -0.08418931 0.06048756
vt -0.0840833 0.06024408
vt -0.08357121 0.06033968
vt -0.08377044 0.06079729
vt -0.07909217 0.06210123
vt -0.07912218 0.06183736
vt -0.07863094 0.06166397
vt -0.07857453 0.06215987
vt -0.08587582 0.04773172
vt -0.08599922 0.04749657
vt -0.08560394 0.04715727
vt -0.08537202 0.0475992
vt -0.09496041 0.03174102
vt -0.09515635 0.03156177
vt -0.09489982 0.03110836
vt -0.09453157 0.03144523
vt -0.1013719 0.01986785
vt -0.1016182 0.01976848
vt -0.1015365 0.01925398
vt -0.1010737 0.01944073
vt -0.101424 0.01186809
vt -0.1016895 0.01186488
vt -0.1018002 0.01135582
vt -0.1013011 0.01136184
vt -0.09391934 0.002556084
vt -0.09416788 0.002649619
vt -0.09445599 0.002215589
vt -0.09398887 0.002039801
vt -0.08115245 -0.0130619
vt -0.08135239 -0.01288711
vt -0.08177444 -0.01319247
vt -0.0813987 -0.01352097
vt -0.03753046 -0.0284768
vt -0.03784857 -0.02809222
vt -0.03829963 -0.02835285
vt -0.03787104 -0.02887099
vt -0.009130008 -0.06211198
vt -0.00938178 -0.06168105
vt -0.009869034 -0.06186535
vt -0.00952982 -0.06244596
vt 0.02675363 -0.08434005
vt 0.02651737 -0.08390041
vt 0.02602385 -0.08406724
vt 0.02634217 -0.08465955
vt 0.1026264 0.006185836
vt 0.1021293 0.00623067
vt 0.1019968 0.005726845
vt 0.1026665 0.00566644
vt 0.001199035 0.101034
vt 0.0009592329 0.1005963
vt 0.001368096 0.1002735
vt 0.001691184 0.1008632
vt -0.03556047 0.08140444
vt -0.03580903 0.08097164
vt -0.03540674 0.08064066
vt -0.03507186 0.08122377
vt -0.06122784 0.05252637
vt -0.06154103 0.05213776
vt -0.06119545 0.05174794
vt -0.0607735 0.05227151
vt -0.08301093 0.02758204
vt -0.08340462 0.02727526
vt -0.08315724 0.0268168
vt -0.08262683 0.02723012
vt -0.09854288 0.01601158
vt -0.09900954 0.01583456
vt -0.09890837 0.01532353
vt -0.09827966 0.01556203
vt -0.1013618 0.01700418
vt -0.1018609 0.01699837
vt -0.1019415 0.01648371
vt -0.1012691 0.01649155
vt -0.08823381 0.01654596
vt -0.08870415 0.01671295
vt -0.08895768 0.01625787
vt -0.088324 0.01603288
vt -0.06459288 0.001257147
vt -0.06499179 0.001557093
vt -0.06536977 0.001198606
vt -0.06483231 0.00079449
vt -0.01077773 -0.008076495
vt -0.01125254 -0.007600341
vt -0.01165253 -0.00793408
vt -0.01111261 -0.008475547
vt 0.02715237 -0.04194267
vt 0.02668928 -0.04145511
vt 0.02628129 -0.04177903
vt 0.02680789 -0.04233346
vt 0.07205208 -0.04891888
vt 0.07150837 -0.04852321
vt 0.07116576 -0.04891564
vt 0.07178404 -0.04936557
vt 0.1022088 0.01695563
vt 0.1015365 0.0169728
vt 0.1014772 0.01645525
vt 0.1022416 0.01643572
vt 0.05265696 0.08078916
vt 0.05210399 0.08040655
vt 0.05236132 0.0799536
vt 0.05299013 0.08038868
vt 0.001188294 0.07218561
vt 0.0007233248 0.07169984
vt 0.001066285 0.07130772
vt 0.001595034 0.0718601
vt -0.03660396 0.03969081
vt -0.03707607 0.03921198
vt -0.03673895 0.03881483
vt -0.03620209 0.03935933
vt -0.06868622 0.0103925
vt -0.06922191 0.009986063
vt -0.06894501 0.009544804
vt -0.06833584 0.01000699
vt -0.09422292 0.002710723
vt -0.09484655 0.002459226
vt -0.09469524 0.00196074
vt -0.09398608 0.002246732
vt -0.1013298 0.01974828
vt -0.1020022 0.01973972
vt -0.1020417 0.01922027
vt -0.1012771 0.01923002
vt -0.08139434 0.03523539
vt -0.08202318 0.03547356
vt -0.0822501 0.03500464
vt -0.081535 0.0347338
vt -0.04710282 0.02424331
vt -0.0476439 0.02464256
vt -0.04798909 0.0242524
vt -0.04737381 0.02379839
vt 0.01346105 0.01682509
vt 0.01290706 0.01735216
vt 0.01254798 0.01697475
vt 0.01310197 0.01644767
vt 0.05151871 -0.01493549
vt 0.05093089 -0.01444644
vt 0.05059771 -0.01484691
vt 0.05118553 -0.01533596
vt 0.08765766 -0.01901381
vt 0.08697089 -0.01867757
vt 0.08674182 -0.01914545
vt 0.08742859 -0.01948169
vt 0.1021198 0.01983324
vt 0.1013552 0.0198455
vt 0.1013468 0.01932462
vt 0.1021114 0.01931236
vt 0.07208608 0.05693767
vt 0.07139187 0.05661707
vt 0.07161029 0.05614413
vt 0.07230449 0.05646472
vt 0.02750413 0.05014904
vt 0.02691167 0.04966563
vt 0.027241 0.049262
vt 0.02783347 0.04974541
vt -0.01290706 0.01735213
vt -0.01346104 0.01682506
vt -0.01310196 0.01644764
vt -0.01254797 0.01697471
vt -0.05093088 -0.01444647
vt -0.0515187 -0.01493552
vt -0.05118552 -0.01533599
vt -0.0505977 -0.01484694
vt -0.08697087 -0.0186776
vt -0.08765765 -0.01901383
vt -0.08742857 -0.01948171
vt -0.0867418 -0.01914548
vt -0.1013552 0.01984549
vt -0.1021198 0.01983323
vt -0.1021114 0.01931235
vt -0.1013468 0.01932461
vt -0.07139185 0.0566171
vt -0.07208606 0.05693771
vt -0.07230447 0.05646476
vt -0.07161026 0.05614416
vt -0.02691165 0.04966564
vt -0.02750411 0.05014905
vt -0.02783345 0.04974542
vt -0.02724098 0.04926201
vt 0.03706294 0.03913431
vt 0.03652608 0.03967881
vt 0.03618896 0.03928166
vt 0.03666107 0.03880282
vt 0.06922005 0.009907322
vt 0.06861088 0.0103695
vt 0.06833398 0.009928245
vt 0.06886967 0.009521807
vt 0.09486543 0.002382754
vt 0.09415627 0.002668746
vt 0.09400496 0.002170261
vt 0.09462859 0.001918763
vt 0.1020475 0.01967528
vt 0.1012829 0.01968502
vt 0.1013224 0.01916558
vt 0.1019948 0.01915701
vt 0.08208892 0.03543019
vt 0.08137383 0.03515935
vt 0.08160074 0.03469042
vt 0.08222958 0.03492859
vt 0.04771893 0.02461856
vt 0.04710365 0.02416455
vt 0.04744885 0.02377439
vt 0.04798992 0.02417364
vt 0.0113303 -0.00761279
vt 0.01079037 -0.008154256
vt 0.01119037 -0.008487995
vt 0.01166517 -0.00801184
vt -0.02661123 -0.04146567
vt -0.02713784 -0.0420201
vt -0.02672985 -0.04234402
vt -0.02626676 -0.04185646
vt -0.07143351 -0.04854771
vt -0.07205179 -0.04899764
vt -0.07170917 -0.04939007
vt -0.07116546 -0.04899441
vt -0.1014888 0.01691014
vt -0.1022532 0.01689061
vt -0.1021939 0.01637306
vt -0.1015217 0.01639023
vt -0.05210242 0.08032779
vt -0.05273123 0.08076287
vt -0.05298856 0.08030991
vt -0.05243559 0.07992731
vt -0.000737559 0.07162236
vt -0.001266307 0.07217475
vt -0.00160927 0.07178263
vt -0.001144298 0.07129687
vt 0.06151844 0.05200829
vt 0.06109649 0.05253186
vt 0.06075091 0.05214204
vt 0.0610641 0.05175343
vt 0.08341223 0.02714404
vt 0.08288182 0.02755736
vt 0.08263444 0.0270989
vt 0.08302812 0.02679212
vt 0.09905551 0.01571141
vt 0.0984268 0.01594991
vt 0.09832564 0.01543888
vt 0.09879229 0.01526186
vt 0.1019464 0.01689853
vt 0.101274 0.01690637
vt 0.1013547 0.01639171
vt 0.1018537 0.01638589
vt 0.08881889 0.01664881
vt 0.08818521 0.01642382
vt 0.08843875 0.01596874
vt 0.08890909 0.01613573
vt 0.06512047 0.001530183
vt 0.06458302 0.001126066
vt 0.064961 0.0007675794
vt 0.06535991 0.001067525
vt 0.03797995 -0.02808845
vt 0.03755136 -0.02860659
vt 0.03800242 -0.02886722
vt 0.03832053 -0.02848264
vt 0.009510813 -0.06165609
vt 0.0091716 -0.06223669
vt 0.009658853 -0.06242099
vt 0.009910626 -0.06199006
vt -0.02638929 -0.08387086
vt -0.02670761 -0.08446317
vt -0.02621409 -0.08463
vt -0.02597783 -0.08419036
vt -0.1020341 0.006139948
vt -0.1027038 0.006079542
vt -0.1025713 0.005575718
vt -0.1020743 0.005620553
vt -0.001004284 0.1004728
vt -0.001327373 0.1010625
vt -0.001736235 0.1007397
vt -0.001496433 0.100302
vt 0.03576649 0.08084726
vt 0.03543161 0.08143036
vt 0.03502932 0.08109938
vt 0.03527788 0.08066659
vt 0.08597561 0.04735233
vt 0.08574369 0.04779427
vt 0.0853484 0.04745496
vt 0.0854718 0.04721981
vt 0.09518315 0.03141808
vt 0.0948149 0.03175496
vt 0.09455837 0.03130155
vt 0.09475432 0.0311223
vt 0.1016936 0.01964324
vt 0.1012307 0.01982999
vt 0.1011491 0.01931549
vt 0.1013953 0.01921612
vt 0.1018052 0.01177555
vt 0.1013062 0.01178157
vt 0.1014168 0.01127251
vt 0.1016824 0.0112693
vt 0.09430815 0.002608457
vt 0.09384103 0.00243267
vt 0.09412913 0.001998639
vt 0.09437767 0.002092174
vt 0.08149818 -0.01287644
vt 0.08112243 -0.01320494
vt 0.08154449 -0.0135103
vt 0.08174442 -0.01333551
vt 0.06764568 -0.0346256
vt 0.06740391 -0.03506222
vt 0.06790461 -0.035206
vt 0.06803326 -0.03497368
vt 0.057877 -0.05711406
vt 0.0578077 -0.05760833
vt 0.05832668 -0.05756318
vt 0.05836356 -0.05730019
vt 0.06272892 -0.06856985
vt 0.06290725 -0.06903601
vt 0.0633397 -0.06874554
vt 0.06324481 -0.06849751
vt 0.1005318 -0.01450161
vt 0.1010302 -0.01452794
vt 0.1009404 -0.0140148
vt 0.1006752 -0.01400079
vt 0.08395608 0.06017211
vt 0.08415531 0.06062971
vt 0.08364321 0.06072532
vt 0.08353721 0.06048184
vt 0.07904802 0.06171138
vt 0.07899161 0.06220728
vt 0.07850038 0.06203388
vt 0.07853039 0.06177002
vt 0.1019402 0.01967623
vt 0.1018951 0.01993795
vt 0.1014212 0.01972162
vt 0.1024464 0.01657052
vt 0.1022854 0.01678176
vt 0.1019652 0.01637085
vt 0.1026209 0.01121825
vt 0.1023832 0.01133672
vt 0.1022773 0.01082664
vt 0.1016182 0.004773764
vt 0.1013527 0.004777581
vt 0.1014782 0.004271987
vt 0.09928437 -0.0024723
vt 0.09904336 -0.002583824
vt 0.09937541 -0.002985227
vt 0.09634887 -0.01016377
vt 0.09618167 -0.0103701
vt 0.09665664 -0.01058409
vt 0.0942336 -0.01693966
vt 0.09418019 -0.0171998
vt 0.09470034 -0.01717105
vt 0.09448936 -0.02002257
vt 0.09457263 -0.02027475
vt 0.09500933 -0.01999071
vt 0.09756517 -0.01595594
vt 0.09777398 -0.01612002
vt 0.09798081 -0.01564189
vt 0.1012115 -0.003997989
vt 0.101477 -0.004003617
vt 0.1013549 -0.003497178
vt 0.1024448 0.009861495
vt 0.10266 0.01001707
vt 0.1022573 0.01034753
vt 0.1020095 0.01821743
vt 0.1021017 0.01846647
vt 0.1015832 0.01851683
vt -0.09332477 -0.02805636
vt -0.09383042 -0.02818165
vt -0.09370296 -0.02841463
vt -0.09142266 -0.03462947
vt -0.0919278 -0.0345021
vt -0.09192495 -0.03476765
vt -0.09358787 -0.03564809
vt -0.09395306 -0.03527658
vt -0.09408874 -0.03550487
vt -0.09953344 -0.02758913
vt -0.09961363 -0.02707439
vt -0.09985694 -0.0271808
vt -0.1051435 -0.0120546
vt -0.1048872 -0.01160106
vt -0.1051441 -0.01153365
vt -0.1072255 0.001963538
vt -0.1067494 0.002175025
vt -0.1069155 0.002382227
vt -0.1074249 0.008249596
vt -0.1069095 0.008173831
vt -0.1069391 0.008437737
vt -0.1074031 0.007671984
vt -0.1069874 0.007358023
vt -0.1068866 0.007603736
vt -0.10694 0.00315531
vt -0.1067086 0.00268859
vt -0.1065086 0.002863309
vt -0.1052327 -0.003300853
vt -0.1052252 -0.003821744
vt -0.1049694 -0.003750377
vt -0.1019125 -0.01093084
vt -0.1021278 -0.0114052
vt -0.101866 -0.0114497
vt -0.09748036 -0.01945534
vt -0.09787849 -0.01979132
vt -0.09766115 -0.01994391
vt -0.06768592 -0.03442737
vt -0.06786454 -0.03423085
vt -0.06831878 -0.0344859
vt -0.06798309 -0.03485524
vt -0.05125511 -0.05860547
vt -0.05135936 -0.05836122
vt -0.05187213 -0.05845313
vt -0.0516762 -0.05891217
vt -0.04218964 -0.07977998
vt -0.04219693 -0.07951452
vt -0.04270763 -0.07941173
vt -0.04269394 -0.07991064
vt -0.06142348 -0.08195696
vt -0.06127008 -0.08174018
vt -0.06161707 -0.08135161
vt -0.06190535 -0.08175902
vt -0.1044327 0.02708737
vt -0.1042242 0.02692292
vt -0.1038181 0.02724924
vt -0.10421 0.02755831
vt -0.08719437 0.06183716
vt -0.08717273 0.06157247
vt -0.08665723 0.06149745
vt -0.08669788 0.06199489
vt -0.09060411 0.05163527
vt -0.09068815 0.05138335
vt -0.09024349 0.05111194
vt -0.09008557 0.05158539
vt -0.09892628 0.03428494
vt -0.09908898 0.03407506
vt -0.09875929 0.03367172
vt -0.0984535 0.03406617
vt -0.1056423 0.01905763
vt -0.1058653 0.01891332
vt -0.1056874 0.01842367
vt -0.1052684 0.01869489
vt -0.1066275 0.008498669
vt -0.1068865 0.008440002
vt -0.1068882 0.007919061
vt -0.1064015 0.008029317
vt -0.09954639 -0.0006545862
vt -0.09980942 -0.0006180062
vt -0.099995 -0.001104773
vt -0.09950067 -0.00117352
vt -0.08531789 -0.01411503
vt -0.08555181 -0.0139893
vt -0.08589502 -0.01438121
vt -0.0854554 -0.0146175
vt -0.0429389 -0.01905193
vt -0.04331576 -0.0187247
vt -0.04371799 -0.01905575
vt -0.04321025 -0.01949662
vt -0.01082873 -0.05150806
vt -0.01113625 -0.05111497
vt -0.01159424 -0.05136321
vt -0.01117992 -0.05189284
vt 0.02410211 -0.07791086
vt 0.02383492 -0.0774893
vt 0.02335465 -0.07769109
vt 0.02371462 -0.07825906
vt 0.07641852 -0.06891705
vt 0.07607903 -0.06855121
vt 0.07564353 -0.0688371
vt 0.07610093 -0.06933
vt 0.05488204 0.0928372
vt 0.05447772 0.09254458
vt 0.05470868 0.09207763
vt 0.05525342 0.09247187
vt -0.02328119 0.09630427
vt -0.02354854 0.09588282
vt -0.0231612 0.09553446
vt -0.02280099 0.09610228
vt -0.05761357 0.06732716
vt -0.05790775 0.06692397
vt -0.05754386 0.06655118
vt -0.05714752 0.06709439
vt -0.08230144 0.03728412
vt -0.08266085 0.03693783
vt -0.08236684 0.03650777
vt -0.08188261 0.03697433
vt -0.1001874 0.01759009
vt -0.1006205 0.01734213
vt -0.1004405 0.01685326
vt -0.09985696 0.01718733
vt -0.1069639 0.01250104
vt -0.107452 0.01239687
vt -0.1074296 0.01187641
vt -0.106772 0.01201676
vt -0.09746099 0.01350937
vt -0.09795581 0.01357459
vt -0.09810886 0.01307663
vt -0.09744219 0.01298876
vt -0.0735238 0.005069089
vt -0.07397275 0.005287117
vt -0.07427511 0.004862902
vt -0.07367024 0.00456915
vt -0.02016918 0.006539021
vt -0.02069482 0.00695838
vt -0.02105448 0.006581514
vt -0.02045674 0.006104635
vt 0.02012159 -0.02809482
vt 0.01963736 -0.02762825
vt 0.01924411 -0.02796992
vt 0.01979475 -0.02850048
vt 0.06193248 -0.04885468
vt 0.06142461 -0.04841395
vt 0.06104969 -0.04877565
vt 0.06162722 -0.04927681
vt 0.102349 -0.02093979
vt 0.1017276 -0.02068288
vt 0.1014867 -0.0211448
vt 0.1021934 -0.02143695
vt 0.08619188 0.06149355
vt 0.08554146 0.06132289
vt 0.08562855 0.06080928
vt 0.08636817 0.06100334
vt 0.02138679 0.0839517
vt 0.02086005 0.08353373
vt 0.02114648 0.08309858
vt 0.02174546 0.0835739
vt -0.02729237 0.05761241
vt -0.02777507 0.05714427
vt -0.02744693 0.05673967
vt -0.02689801 0.05727201
vt -0.06373629 0.02339657
vt -0.06424791 0.02296021
vt -0.06394627 0.02253548
vt -0.06336448 0.02303169
vt -0.09225009 0.003697484
vt -0.09283299 0.003362228
vt -0.09261425 0.002889429
vt -0.09195141 0.003270668
vt -0.1067233 0.009719249
vt -0.107379 0.009570164
vt -0.1073089 0.009053954
vt -0.1065633 0.009223487
vt -0.09519985 0.02888455
vt -0.09586567 0.0289786
vt -0.09598391 0.02847125
vt -0.09522676 0.0283643
vt -0.06093443 0.03077796
vt -0.06153651 0.0310774
vt -0.06180887 0.03063333
vt -0.06112421 0.03029281
vt 0.002554676 0.03418411
vt 0.001965092 0.03467103
vt 0.001633361 0.03426937
vt 0.002222942 0.03378244
vt 0.04405079 -0.0008096838
vt 0.0434692 -0.0003132279
vt 0.04313098 -0.000709448
vt 0.04371256 -0.001205901
vt 0.08131918 -0.0196556
vt 0.08067883 -0.01923768
vt 0.0803941 -0.01967393
vt 0.08103446 -0.02009185
vt 0.1063769 -0.0004067241
vt 0.1056399 -0.0002027496
vt 0.105501 -0.0007048171
vt 0.1062379 -0.0009087903
vt 0.09279221 0.0444766
vt 0.09203877 0.04434608
vt 0.0921277 0.04383278
vt 0.09288114 0.04396331
vt 0.04577165 0.05870938
vt 0.04510929 0.0583273
vt 0.0453696 0.05787605
vt 0.04603196 0.05825813
vt -0.001965092 0.034671
vt -0.002554673 0.03418408
vt -0.002222942 0.03378241
vt -0.001633358 0.03426933
vt -0.04346918 -0.00031326
vt -0.04405077 -0.0008097137
vt -0.04371255 -0.001205933
vt -0.04313096 -0.0007094773
vt -0.08067881 -0.0192377
vt -0.08131916 -0.01965562
vt -0.08103444 -0.02009188
vt -0.08039409 -0.01967396
vt -0.1056399 -0.0002027797
vt -0.1063769 -0.0004067531
vt -0.1062379 -0.0009088204
vt -0.105501 -0.000704846
vt -0.09203877 0.04434609
vt -0.0927922 0.04447662
vt -0.09288113 0.04396332
vt -0.0921277 0.04383279
vt -0.04510927 0.05832731
vt -0.04577163 0.05870938
vt -0.04603194 0.05825813
vt -0.04536958 0.05787605
vt 0.02776368 0.05706631
vt 0.02721476 0.05759866
vt 0.02688661 0.05719406
vt 0.02736932 0.05672592
vt 0.06424154 0.02288171
vt 0.06365976 0.02337792
vt 0.06335811 0.02295319
vt 0.06386973 0.02251683
vt 0.09284113 0.003283882
vt 0.09217828 0.003665122
vt 0.09195954 0.003192323
vt 0.09254244 0.002857067
vt 0.1074098 0.00949767
vt 0.1066641 0.009667203
vt 0.1065941 0.009150993
vt 0.1072498 0.009001908
vt 0.09592026 0.02892182
vt 0.09516311 0.02881488
vt 0.09528135 0.02830752
vt 0.09594717 0.02840157
vt 0.06160625 0.03104076
vt 0.06092159 0.03070025
vt 0.06119395 0.03025617
vt 0.06179603 0.03055561
vt 0.02077068 0.00693721
vt 0.02017294 0.00646033
vt 0.0205326 0.006083464
vt 0.02105824 0.006502824
vt -0.01955986 -0.02764225
vt -0.02011051 -0.02817282
vt -0.01971726 -0.02851448
vt -0.01923303 -0.02804792
vt -0.06134791 -0.04843196
vt -0.06192544 -0.04893313
vt -0.06155052 -0.04929482
vt -0.06104266 -0.04885409
vt -0.1016606 -0.02072427
vt -0.1023672 -0.02101642
vt -0.1021264 -0.02147834
vt -0.1015049 -0.02122143
vt -0.08551308 0.06124941
vt -0.0862527 0.06144347
vt -0.08633979 0.06092985
vt -0.08568937 0.06075919
vt -0.02086361 0.08345504
vt -0.0214626 0.08393036
vt -0.02174903 0.08349521
vt -0.02122229 0.08307724
vt 0.05787897 0.06679571
vt 0.05748263 0.06733893
vt 0.05711874 0.06696613
vt 0.05741291 0.06656295
vt 0.08265468 0.03680653
vt 0.08217044 0.03727309
vt 0.08187643 0.03684304
vt 0.08223585 0.03649675
vt 0.1006466 0.0172133
vt 0.100063 0.01754737
vt 0.09988306 0.01705851
vt 0.1003162 0.01681055
vt 0.1075162 0.01228213
vt 0.1068586 0.01242248
vt 0.1068361 0.01190202
vt 0.1073242 0.01179785
vt 0.09805465 0.01348792
vt 0.09738798 0.01340005
vt 0.09754103 0.0129021
vt 0.09803585 0.01296732
vt 0.0740939 0.005236065
vt 0.07348903 0.004942314
vt 0.07379139 0.004518098
vt 0.07424035 0.004736126
vt 0.04344598 -0.01874252
vt 0.04293824 -0.01918339
vt 0.04334047 -0.01951444
vt 0.04371733 -0.01918721
vt 0.01126746 -0.05110761
vt 0.01085314 -0.05163723
vt 0.01131114 -0.05188548
vt 0.01161866 -0.05149238
vt -0.02370506 -0.07746901
vt -0.02406504 -0.07803696
vt -0.02358476 -0.07823876
vt -0.02331758 -0.0778172
vt -0.0759476 -0.06855494
vt -0.076405 -0.06904784
vt -0.07596951 -0.06933372
vt -0.07563002 -0.06896789
vt -0.0544655 0.09241368
vt -0.05501023 0.09280793
vt -0.05524119 0.09234097
vt -0.05483687 0.09204835
vt 0.02351151 0.09575669
vt 0.02315131 0.0963245
vt 0.02276397 0.09597616
vt 0.02303132 0.0955547
vt 0.09064168 0.05124477
vt 0.09048376 0.05171822
vt 0.0900391 0.05144681
vt 0.09012313 0.05119489
vt 0.09909103 0.03392891
vt 0.09878524 0.03432336
vt 0.09845554 0.03392002
vt 0.09861825 0.03371013
vt 0.1059155 0.01877603
vt 0.1054965 0.01904725
vt 0.1053187 0.01855761
vt 0.1055416 0.0184133
vt 0.106981 0.008328453
vt 0.1064942 0.008438708
vt 0.1064959 0.007917766
vt 0.1067549 0.007859101
vt 0.09993719 -0.0006890054
vt 0.09944285 -0.0007577521
vt 0.09962844 -0.001244519
vt 0.09989147 -0.001207939
vt 0.08569631 -0.01401145
vt 0.08525669 -0.01424774
vt 0.0855999 -0.01463965
vt 0.08583381 -0.01451392
vt 0.06800814 -0.03420358
vt 0.06767245 -0.03457292
vt 0.06812669 -0.03482798
vt 0.06830531 -0.03463145
vt 0.05148607 -0.05828834
vt 0.05129014 -0.05874737
vt 0.05180291 -0.05883928
vt 0.05190717 -0.05859504
vt 0.04228802 -0.07940022
vt 0.04227433 -0.07989912
vt 0.04278503 -0.07979633
vt 0.04279231 -0.07953087
vt 0.06127448 -0.08159402
vt 0.06156276 -0.08200143
vt 0.06190974 -0.08161287
vt 0.06175635 -0.08139609
vt 0.104078 0.02691971
vt 0.1044699 0.02722878
vt 0.1040638 0.0275551
vt 0.1038553 0.02739065
vt 0.08707559 0.06146324
vt 0.08711625 0.06196069
vt 0.08660074 0.06188565
vt 0.0865791 0.06162097
vt 0.1073753 0.00812152
vt 0.1074049 0.008385425
vt 0.1068895 0.008309661
vt 0.1074211 0.007535815
vt 0.1073203 0.007781527
vt 0.1069046 0.007467567
vt 0.107017 0.00304161
vt 0.106817 0.003216329
vt 0.1065856 0.002749609
vt 0.1053511 -0.003370257
vt 0.1050953 -0.00329889
vt 0.1050879 -0.00381978
vt 0.1020493 -0.01094313
vt 0.1017875 -0.01098763
vt 0.1020028 -0.011462
vt 0.09760917 -0.01940765
vt 0.09739183 -0.01956025
vt 0.09778995 -0.01989622
vt 0.09341922 -0.02795663
vt 0.09329176 -0.02818961
vt 0.09379742 -0.02831491
vt 0.09145911 -0.03449703
vt 0.09145626 -0.03476257
vt 0.0919614 -0.0346352
vt 0.09355015 -0.035516
vt 0.09368583 -0.03574428
vt 0.09405102 -0.03537277
vt 0.0994258 -0.02750389
vt 0.09966911 -0.0276103
vt 0.0997493 -0.02709556
vt 0.1050062 -0.01205445
vt 0.1052631 -0.01198705
vt 0.1050068 -0.01153351
vt 0.1071151 0.001881753
vt 0.1072813 0.002088955
vt 0.1068052 0.002300441
vt -0.1044945 0.002416069
vt -0.104996 0.002557076
vt -0.1050004 0.002291546
vt -0.1048198 0.004894565
vt -0.1051722 0.005278271
vt -0.1053156 0.005054726
vt -0.1044093 0.01686679
vt -0.1044644 0.01738481
vt -0.1047126 0.01729033
vt -0.1005316 0.0340943
vt -0.1002473 0.03453083
vt -0.1004994 0.03461425
vt -0.09506526 0.04618581
vt -0.09457619 0.04636525
vt -0.09472819 0.04658302
vt -0.09258457 0.04908951
vt -0.09207479 0.04898226
vt -0.09208815 0.04924748
vt -0.0939457 0.04539033
vt -0.09354761 0.04505432
vt -0.0934337 0.04529421
vt -0.09747585 0.03841647
vt -0.09726667 0.03793936
vt -0.09705868 0.03810446
vt -0.1012308 0.03030573
vt -0.1012445 0.02978497
vt -0.100986 0.02984589
vt -0.103852 0.02198918
vt -0.1040836 0.02152255
vt -0.1038235 0.02146902
vt -0.1048742 0.01382567
vt -0.1052821 0.01350165
vt -0.1050694 0.01334267
vt -0.1047458 0.006597126
vt -0.1052547 0.006485298
vt -0.1051334 0.006249023
vt -0.08428757 -0.0365127
vt -0.08439465 -0.03626968
vt -0.08490632 -0.03636754
vt -0.08470507 -0.03682426
vt -0.07698755 -0.05684588
vt -0.07700191 -0.05658071
vt -0.07751517 -0.05649158
vt -0.07748817 -0.05698995
vt -0.09059522 -0.04894435
vt -0.09044452 -0.04872569
vt -0.09079628 -0.04834145
vt -0.09107951 -0.0487524
vt -0.06609838 0.08324311
vt -0.06593063 0.08303724
vt -0.06546329 0.08326743
vt -0.06577857 0.08365433
vt -0.04186738 0.09354205
vt -0.04187432 0.09327657
vt -0.04136985 0.09314658
vt -0.04135681 0.09364551
vt -0.05128334 0.07956278
vt -0.05138516 0.07931751
vt -0.05096104 0.07901502
vt -0.05076968 0.07947598
vt -0.0676621 0.05992451
vt -0.06783631 0.05972407
vt -0.06752975 0.05930289
vt -0.06720231 0.05967958
vt -0.08475787 0.04138911
vt -0.08498722 0.04125522
vt -0.08483211 0.04075791
vt -0.08440108 0.04100953
vt -0.09826255 0.02762075
vt -0.09852352 0.02757156
vt -0.09854422 0.02705102
vt -0.09805376 0.02714348
vt -0.1046273 0.01712791
vt -0.1048893 0.01717114
vt -0.1050872 0.01668923
vt -0.1045947 0.01660799
vt -0.1027861 0.004675356
vt -0.1030184 0.004804176
vt -0.1033667 0.004416857
vt -0.1029303 0.004174755
vt -0.09475205 -0.01362645
vt -0.09493043 -0.01342973
vt -0.09538496 -0.01368427
vt -0.09504969 -0.01405399
vt -0.0525801 -0.04328264
vt -0.05289987 -0.04289944
vt -0.0533498 -0.04316202
vt -0.05291896 -0.0436783
vt -0.0168951 -0.07757612
vt -0.01718925 -0.07717291
vt -0.01765532 -0.07740563
vt -0.01725901 -0.07794887
vt 0.05127816 -0.08385998
vt 0.05088302 -0.08355508
vt 0.05050059 -0.08390883
vt 0.05103296 -0.08431961
vt 0.08856225 0.05900066
vt 0.08815138 0.05871732
vt 0.08837165 0.05824523
vt 0.08892522 0.05862697
vt 0.02907879 0.09341539
vt 0.02878372 0.09301285
vt 0.02914678 0.09263927
vt 0.02954432 0.09318161
vt -0.00938955 0.07747383
vt -0.00970613 0.07708799
vt -0.009363986 0.07669516
vt -0.008937458 0.077215
vt -0.04233409 0.0500927
vt -0.04271055 0.04976503
vt -0.04243867 0.04932066
vt -0.04193146 0.04976214
vt -0.07242192 0.02670125
vt -0.07286586 0.02647317
vt -0.0727082 0.02597665
vt -0.07211009 0.02628394
vt -0.0955814 0.01625214
vt -0.09607298 0.01616579
vt -0.09606946 0.01564486
vt -0.09540717 0.01576119
vt -0.1047939 0.01530969
vt -0.1052872 0.01538565
vt -0.105451 0.01489114
vt -0.1047864 0.0147888
vt -0.09772848 0.009784946
vt -0.09817648 0.01000495
vt -0.09848071 0.009582072
vt -0.09787713 0.00928566
vt -0.07885874 -0.0104431
vt -0.07923965 -0.01012061
vt -0.07963772 -0.01045666
vt -0.0791245 -0.01089115
vt -0.02478115 -0.027235
vt -0.02528303 -0.02678747
vt -0.0256628 -0.02714407
vt -0.02509208 -0.02765298
vt 0.02229749 -0.05769668
vt 0.02176386 -0.05728754
vt 0.02141154 -0.05767127
vt 0.02201836 -0.05813653
vt 0.08144925 -0.04681148
vt 0.08080957 -0.04660416
vt 0.08060572 -0.04708356
vt 0.08133313 -0.04731932
vt 0.102889 0.02751662
vt 0.1022425 0.02733166
vt 0.1023409 0.02682009
vt 0.103076 0.02703043
vt 0.06474219 0.06808989
vt 0.06420354 0.06768737
vt 0.06447721 0.06724411
vt 0.06508974 0.06770183
vt 0.02115316 0.05743121
vt 0.02065149 0.05698345
vt 0.02096261 0.05656562
vt 0.02153309 0.0570748
vt -0.01978866 0.02716823
vt -0.02031966 0.02675567
vt -0.02003771 0.02631762
vt -0.01943388 0.02678677
vt -0.05961781 0.001953936
vt -0.06021585 0.001646501
vt -0.06001962 0.001163926
vt -0.05933956 0.001513529
vt -0.09266502 -0.0006863047
vt -0.09332622 -0.0008087162
vt -0.0932771 -0.001327342
vt -0.09252521 -0.00118814
vt -0.1046669 0.01561659
vt -0.1053306 0.01572447
vt -0.1054593 0.01521969
vt -0.1047046 0.01509701
vt -0.09086047 0.02367046
vt -0.09146337 0.02396824
vt -0.09173451 0.02352342
vt -0.09104891 0.0231848
vt -0.06181713 0.006939237
vt -0.06235169 0.007347179
vt -0.06270315 0.006962654
vt -0.06209527 0.006498759
vt -0.001338913 -0.001183937
vt -0.001940861 -0.0007123806
vt -0.002262122 -0.001122473
vt -0.001660174 -0.001594029
vt 0.04481902 -0.02805632
vt 0.04415775 -0.02767236
vt 0.04389616 -0.02812287
vt 0.04455744 -0.02850683
vt 0.08938704 -0.02167293
vt 0.08864061 -0.02150698
vt 0.08852755 -0.02201551
vt 0.08927399 -0.02218146
vt 0.1048916 0.01872334
vt 0.1041411 0.01857656
vt 0.1042411 0.01806531
vt 0.1049916 0.01821208
vt 0.08167528 0.04380976
vt 0.08100842 0.04343561
vt 0.08126332 0.04298129
vt 0.08193018 0.04335544
vt 0.04379053 0.03176593
vt 0.04318649 0.03129706
vt 0.04350592 0.03088554
vt 0.04410996 0.03135441
vt 0.001940864 -0.0007124164
vt 0.001338916 -0.001183973
vt 0.001660177 -0.001594065
vt 0.002262125 -0.001122509
vt -0.04415775 -0.0276724
vt -0.04481902 -0.02805636
vt -0.04455744 -0.02850687
vt -0.04389616 -0.02812291
vt -0.0886406 -0.02150701
vt -0.08938704 -0.02167296
vt -0.08927398 -0.02218148
vt -0.08852755 -0.02201554
vt -0.1041411 0.01857654
vt -0.1048916 0.01872332
vt -0.1049916 0.01821206
vt -0.1042411 0.01806529
vt -0.08100839 0.04343564
vt -0.08167526 0.0438098
vt -0.08193017 0.04335548
vt -0.0812633 0.04298132
vt -0.04318646 0.03129707
vt -0.04379051 0.03176594
vt -0.04410993 0.03135442
vt -0.04350589 0.03088555
vt 0.02031686 0.02667693
vt 0.01971304 0.02714608
vt 0.01943108 0.02670803
vt 0.01996208 0.02629547
vt 0.06022765 0.001568628
vt 0.05954759 0.001918232
vt 0.05935136 0.001435657
vt 0.0599494 0.001128222
vt 0.09335993 -0.000879902
vt 0.09260805 -0.0007407005
vt 0.09255894 -0.001259326
vt 0.09322013 -0.001381738
vt 0.1053863 0.01566884
vt 0.1046316 0.01554616
vt 0.1047603 0.01504138
vt 0.1054241 0.01514926
vt 0.09153299 0.02393141
vt 0.0908474 0.02359279
vt 0.09111853 0.02314797
vt 0.09172143 0.02344574
vt 0.0624271 0.007324396
vt 0.06181923 0.006860501
vt 0.06217069 0.006475976
vt 0.06270524 0.006883918
vt 0.02535993 -0.02680446
vt 0.02478921 -0.02731337
vt 0.02516898 -0.02766997
vt 0.02567086 -0.02722244
vt -0.02168842 -0.05731016
vt -0.02229525 -0.05777542
vt -0.02194292 -0.05815915
vt -0.02140929 -0.05775001
vt -0.080746 -0.0466507
vt -0.08147342 -0.04688645
vt -0.08126956 -0.04736586
vt -0.08062989 -0.04715854
vt -0.1022157 0.02725757
vt -0.1029509 0.02746791
vt -0.1030493 0.02695633
vt -0.1024028 0.02677137
vt -0.06420483 0.06760861
vt -0.06481736 0.06806633
vt -0.06509104 0.06762306
vt -0.0645524 0.06722055
vt -0.0206596 0.05690508
vt -0.02123008 0.05741426
vt -0.0215412 0.05699643
vt -0.02103953 0.05654867
vt 0.04271102 0.04963359
vt 0.04220381 0.05007507
vt 0.04193192 0.0496307
vt 0.04230839 0.04930303
vt 0.07289777 0.02634565
vt 0.07229966 0.02665294
vt 0.072142 0.02615643
vt 0.07258593 0.02592835
vt 0.09614123 0.01605345
vt 0.09547895 0.01616979
vt 0.09547544 0.01564886
vt 0.09596701 0.01556251
vt 0.1053879 0.01530116
vt 0.1047233 0.01519882
vt 0.1048871 0.01470431
vt 0.1053804 0.01478027
vt 0.09829784 0.009954442
vt 0.09769426 0.009658028
vt 0.09799849 0.009235149
vt 0.09844649 0.009455154
vt 0.07936968 -0.01014003
vt 0.07885647 -0.01057452
vt 0.07925453 -0.01091057
vt 0.07963545 -0.01058808
vt 0.05303127 -0.04289623
vt 0.05260044 -0.04341251
vt 0.05305037 -0.04367509
vt 0.05337014 -0.04329189
vt 0.01732014 -0.07716114
vt 0.01692384 -0.07770438
vt 0.0173899 -0.07793711
vt 0.01768405 -0.0775339
vt -0.05075403 -0.08358037
vt -0.0512864 -0.08399116
vt -0.05090398 -0.08434491
vt -0.05050884 -0.08404001
vt -0.08813615 0.05858675
vt -0.08868971 0.05896848
vt -0.08890999 0.05849641
vt -0.08849912 0.05821306
vt -0.02881221 0.09288453
vt -0.02920974 0.09342686
vt -0.02957281 0.09305328
vt -0.02927775 0.09265074
vt 0.009684711 0.0769583
vt 0.009258183 0.07747814
vt 0.008916037 0.0770853
vt 0.009232618 0.07669947
vt 0.06784654 0.05957828
vt 0.06751911 0.05995496
vt 0.06721254 0.05953377
vt 0.06738676 0.05933334
vt 0.08504372 0.04112042
vt 0.08461269 0.04137204
vt 0.08445758 0.04087473
vt 0.08468692 0.04074084
vt 0.09862198 0.02746351
vt 0.09813152 0.02755597
vt 0.09815221 0.02703543
vt 0.09841318 0.02698624
vt 0.1050189 0.01710339
vt 0.1045264 0.01702214
vt 0.1047243 0.01654023
vt 0.1049863 0.01658346
vt 0.1031631 0.00478393
vt 0.1027267 0.004541828
vt 0.103075 0.00415451
vt 0.1033073 0.004283329
vt 0.09507401 -0.01340228
vt 0.09473874 -0.013772
vt 0.09519327 -0.01402654
vt 0.09537166 -0.01382982
vt 0.08452219 -0.0361983
vt 0.08432094 -0.03665502
vt 0.08483261 -0.03675288
vt 0.0849397 -0.03650986
vt 0.07709603 -0.05646887
vt 0.07706903 -0.05696724
vt 0.0775823 -0.05687811
vt 0.07759666 -0.05661293
vt 0.09045066 -0.04857967
vt 0.09073388 -0.04899062
vt 0.09108564 -0.04860637
vt 0.09093495 -0.04838771
vt 0.06578873 0.08300224
vt 0.06610401 0.08338915
vt 0.06563668 0.08361933
vt 0.06546892 0.08341347
vt 0.04178952 0.09315751
vt 0.04177649 0.09365644
vt 0.04127201 0.09352646
vt 0.04127895 0.09326099
vt 0.05134874 0.07917594
vt 0.05115739 0.07963689
vt 0.05073326 0.0793344
vt 0.05083507 0.07908913
vt 0.09397103 0.04525539
vt 0.09385712 0.04549528
vt 0.09345903 0.04515926
vt 0.09755807 0.03830652
vt 0.09735008 0.03847162
vt 0.0971409 0.03799452
vt 0.1013521 0.03024119
vt 0.1010936 0.03030212
vt 0.1011072 0.02978135
vt 0.1039891 0.02198167
vt 0.103729 0.02192814
vt 0.1039606 0.02146151
vt 0.1050015 0.01387711
vt 0.1047888 0.01371814
vt 0.1051967 0.01339411
vt 0.1048376 0.00669931
vt 0.1047164 0.006463035
vt 0.1052252 0.006351207
vt 0.1045274 0.002549432
vt 0.1045317 0.002283902
vt 0.1050332 0.002424909
vt 0.1047776 0.005025256
vt 0.104921 0.004801712
vt 0.1052733 0.005185417
vt 0.1042976 0.01694677
vt 0.1045458 0.01685229
vt 0.1046009 0.01737031
vt 0.1003945 0.0340858
vt 0.1006466 0.03416922
vt 0.1003623 0.03460575
vt 0.09496056 0.04609696
vt 0.09511255 0.04631472
vt 0.09462348 0.04649416
vt 0.09254292 0.04895868
vt 0.09255629 0.04922391
vt 0.09204651 0.04911665
vt -0.1002978 -0.02865196
vt -0.1008165 -0.02869992
vt -0.1007254 -0.02894939
vt -0.099485 -0.0336879
vt -0.09996305 -0.03348089
vt -0.100003 -0.03374343
vt -0.1033068 -0.02862485
vt -0.1035872 -0.02818582
vt -0.1037672 -0.02838109
vt -0.1091074 -0.009532956
vt -0.1090364 -0.009016871
vt -0.1093 -0.00904893
vt -0.110083 0.0142367
vt -0.1096865 0.01457464
vt -0.1099046 0.01472616
vt -0.1080758 0.02747104
vt -0.1075563 0.0275097
vt -0.1076428 0.02776076
vt -0.1077834 0.02881855
vt -0.1073148 0.02859102
vt -0.1072635 0.02885159
vt -0.1091239 0.02312612
vt -0.1088058 0.02271355
vt -0.1086438 0.02292395
vt -0.1103152 0.01408719
vt -0.1101981 0.01357958
vt -0.1099631 0.01370326
vt -0.1099519 0.003578446
vt -0.1100504 0.0030669
vt -0.1097855 0.003084811
vt -0.1075721 -0.007628319
vt -0.1078687 -0.008056629
vt -0.107619 -0.00814715
vt -0.1038013 -0.01888273
vt -0.1042479 -0.01915101
vt -0.1040576 -0.01933627
vt -0.06805069 -0.04984353
vt -0.06822565 -0.04964375
vt -0.06868451 -0.04989038
vt -0.06835569 -0.05026586
vt -0.0463212 -0.07595428
vt -0.04643623 -0.07571493
vt -0.0469444 -0.07582959
vt -0.04672822 -0.07627944
vt -0.02703039 -0.09695861
vt -0.02707406 -0.09669666
vt -0.02759404 -0.09666497
vt -0.02751196 -0.09715727
vt -0.05710742 -0.093604
vt -0.05696192 -0.09338184
vt -0.05732264 -0.093006
vt -0.0575961 -0.09342352
vt -0.04611569 0.1012146
vt -0.04612958 0.1009494
vt -0.0456287 0.1008062
vt -0.04560258 0.1013046
vt -0.06085682 0.08841442
vt -0.06095031 0.08816586
vt -0.06051622 0.08787784
vt -0.06034052 0.08834499
vt -0.07946421 0.06733591
vt -0.07962064 0.06712131
vt -0.07927918 0.06672788
vt -0.07898517 0.06713119
vt -0.09601413 0.04502652
vt -0.09622373 0.04486344
vt -0.09600413 0.04439104
vt -0.09561022 0.04469752
vt -0.1071917 0.02604406
vt -0.1074399 0.02594964
vt -0.1073685 0.02543361
vt -0.106902 0.02561106
vt -0.1100226 0.01069264
vt -0.1102878 0.01067899
vt -0.1103783 0.01016597
vt -0.1098799 0.01019163
vt -0.1032033 -0.004842759
vt -0.1034597 -0.004773729
vt -0.1037044 -0.005233615
vt -0.1032225 -0.005363349
vt -0.08814281 -0.0248283
vt -0.08836693 -0.02468584
vt -0.08873783 -0.02505164
vt -0.08831663 -0.02531939
vt -0.03912191 -0.03797447
vt -0.0395139 -0.03766552
vt -0.03989994 -0.03801531
vt -0.03937182 -0.03843155
vt 0.002340308 -0.06761543
vt 0.001980249 -0.0672698
vt 0.001562001 -0.06758037
vt 0.002047113 -0.06804603
vt 0.0554237 -0.07632347
vt 0.05503853 -0.07600606
vt 0.05464496 -0.07634737
vt 0.05516389 -0.07677501
vt 0.110029 -0.005783382
vt 0.1095352 -0.005711255
vt 0.1093752 -0.00620702
vt 0.1100406 -0.006304202
vt 0.05732955 0.09230407
vt 0.05691352 0.09202836
vt 0.05712505 0.09155229
vt 0.05768557 0.09192377
vt -0.005911574 0.09463851
vt -0.006270792 0.09429201
vt -0.005976544 0.09386213
vt -0.005492574 0.09432895
vt -0.04884017 0.06853714
vt -0.04921835 0.06821144
vt -0.0489488 0.06776566
vt -0.04843929 0.06820447
vt -0.08112636 0.04050481
vt -0.08155193 0.04024406
vt -0.08135746 0.03976078
vt -0.0807841 0.04011209
vt -0.1029997 0.02215802
vt -0.1034735 0.02200112
vt -0.1033943 0.02148623
vt -0.102756 0.02169763
vt -0.1100002 0.01450756
vt -0.1104988 0.01448445
vt -0.1105616 0.01396731
vt -0.1098898 0.01399843
vt -0.09919752 0.007701986
vt -0.09968302 0.007817703
vt -0.09988642 0.007338109
vt -0.09923232 0.007182204
vt -0.07367875 -0.009418132
vt -0.07412116 -0.009187088
vt -0.07443577 -0.009602295
vt -0.07383974 -0.009913581
vt -0.01608031 -0.01129995
vt -0.01664024 -0.01092759
vt -0.01696598 -0.01133414
vt -0.01632925 -0.01175756
vt 0.03189575 -0.03949926
vt 0.03134 -0.0391207
vt 0.03100976 -0.03952359
vt 0.03164173 -0.03995408
vt 0.08148519 -0.04145995
vt 0.08087836 -0.04117023
vt 0.08061319 -0.04161863
vt 0.08130324 -0.04194808
vt 0.1106473 0.007286885
vt 0.1099768 0.007337007
vt 0.1098921 0.006822988
vt 0.1106546 0.006765995
vt 0.08134109 0.06568064
vt 0.08070898 0.06545128
vt 0.08084262 0.06494777
vt 0.08156143 0.06520859
vt 0.02581415 0.07377443
vt 0.02524796 0.07341167
vt 0.02548906 0.07294988
vt 0.02613292 0.07336239
vt -0.02444709 0.04910425
vt -0.02500028 0.04872196
vt -0.02474321 0.04826886
vt -0.02411415 0.04870359
vt -0.06660651 0.0206855
vt -0.06719267 0.02035599
vt -0.06697861 0.01988107
vt -0.06631204 0.02025576
vt -0.09814128 0.008078173
vt -0.09878016 0.007868422
vt -0.09866211 0.007361029
vt -0.0979356 0.00759955
vt -0.1099693 0.01528865
vt -0.110641 0.01525687
vt -0.1106625 0.01473637
vt -0.1098987 0.01477251
vt -0.09502526 0.02482143
vt -0.09567916 0.02497819
vt -0.09584498 0.02448435
vt -0.09510139 0.02430607
vt -0.05997238 0.01601924
vt -0.06057521 0.01631718
vt -0.06084646 0.01587242
vt -0.06016095 0.01553362
vt 0.004276958 0.01984326
vt 0.003632737 0.02025519
vt 0.0033521 0.0198163
vt 0.003996321 0.01940437
vt 0.05161592 -0.007993256
vt 0.05095478 -0.007609072
vt 0.05069304 -0.008059494
vt 0.05135419 -0.008443675
vt 0.09239767 -0.0136518
vt 0.09167985 -0.01338833
vt 0.09150034 -0.01387737
vt 0.09221818 -0.01414085
vt 0.110717 0.01299839
vt 0.1099535 0.01304013
vt 0.1099251 0.01251996
vt 0.1106886 0.01247822
vt 0.09043635 0.04434739
vt 0.08969857 0.04414643
vt 0.08983548 0.0436438
vt 0.09057326 0.04384476
vt 0.04563047 0.04551768
vt 0.04495383 0.04516148
vt 0.0451965 0.0447005
vt 0.04587314 0.0450567
vt -0.003632735 0.02025515
vt -0.004276957 0.01984322
vt -0.003996321 0.01940433
vt -0.003352099 0.01981626
vt -0.05095477 -0.007609109
vt -0.05161592 -0.00799329
vt -0.05135418 -0.008443713
vt -0.05069304 -0.00805953
vt -0.09167983 -0.01338836
vt -0.09239767 -0.01365184
vt -0.09221816 -0.01414088
vt -0.09150033 -0.0138774
vt -0.1099535 0.01304011
vt -0.110717 0.01299838
vt -0.1106886 0.01247821
vt -0.1099251 0.01251994
vt -0.08969856 0.04414646
vt -0.09043634 0.04434742
vt -0.09057325 0.04384478
vt -0.08983546 0.04364382
vt -0.04495381 0.0451615
vt -0.04563044 0.04551769
vt -0.04587311 0.04505672
vt -0.04519648 0.04470053
vt 0.02500187 0.04864321
vt 0.02437281 0.04907793
vt 0.02411574 0.04862483
vt 0.02466893 0.04824254
vt 0.06720158 0.02027773
vt 0.06653501 0.02065243
vt 0.06632094 0.0201775
vt 0.06690712 0.019848
vt 0.09880406 0.007793366
vt 0.09807755 0.008031887
vt 0.0979595 0.007524495
vt 0.09859838 0.007314744
vt 0.110684 0.0151909
vt 0.1099202 0.01522704
vt 0.1099417 0.01470654
vt 0.1106134 0.01467477
vt 0.09573888 0.02492685
vt 0.0949953 0.02474858
vt 0.09516111 0.02425473
vt 0.09581502 0.0244115
vt 0.06064486 0.01628036
vt 0.05995935 0.01594156
vt 0.06023061 0.0154968
vt 0.06083343 0.01579474
vt 0.01671398 -0.01095524
vt 0.01607726 -0.01137867
vt 0.016403 -0.01178521
vt 0.01696292 -0.01141286
vt -0.03126597 -0.03914753
vt -0.03189794 -0.03957801
vt -0.0315677 -0.03998091
vt -0.03101195 -0.03960235
vt -0.08080924 -0.041208
vt -0.08149929 -0.04153745
vt -0.0812341 -0.04198585
vt -0.08062728 -0.04169613
vt -0.109926 0.007276751
vt -0.1106886 0.007219758
vt -0.1106039 0.00670574
vt -0.1099333 0.006755861
vt -0.08068742 0.06537551
vt -0.08140623 0.06563632
vt -0.08153987 0.06513281
vt -0.08090776 0.06490345
vt -0.02524357 0.07333302
vt -0.02588742 0.07374553
vt -0.02612852 0.07328373
vt -0.02556233 0.07292098
vt 0.0492195 0.06808002
vt 0.04870998 0.06851883
vt 0.04844044 0.06807305
vt 0.04881861 0.06774735
vt 0.08157419 0.04011452
vt 0.08100082 0.04046583
vt 0.08080634 0.03998255
vt 0.08123191 0.03972179
vt 0.1035247 0.02188005
vt 0.1028864 0.02209145
vt 0.1028072 0.02157656
vt 0.103281 0.02141965
vt 0.1105808 0.01438172
vt 0.109909 0.01441285
vt 0.1099718 0.0138957
vt 0.1104704 0.01387259
vt 0.09979024 0.007741658
vt 0.09913613 0.007585752
vt 0.09933953 0.007106158
vt 0.09982503 0.007221876
vt 0.07424375 -0.009234574
vt 0.07364771 -0.009545861
vt 0.07396232 -0.009961067
vt 0.07440472 -0.009730023
vt 0.03964313 -0.03768951
vt 0.03911502 -0.03810575
vt 0.03950105 -0.03845554
vt 0.03989304 -0.03814659
vt -0.001849308 -0.0672811
vt -0.00233442 -0.06774674
vt -0.001916172 -0.06805731
vt -0.001556114 -0.0677117
vt -0.0549088 -0.07602721
vt -0.05542773 -0.07645486
vt -0.05503416 -0.07679616
vt -0.054649 -0.07647876
vt -0.1094352 -0.005796561
vt -0.1101005 -0.005893743
vt -0.1099405 -0.006389508
vt -0.1094467 -0.00631738
vt -0.0568959 0.09189808
vt -0.05745642 0.09226955
vt -0.05766795 0.09179349
vt -0.05725192 0.09151778
vt 0.006264575 0.09416069
vt 0.005780604 0.09462753
vt 0.005486357 0.09419765
vt 0.005845575 0.09385115
vt 0.07961836 0.06697518
vt 0.07932435 0.06737848
vt 0.07898288 0.06698506
vt 0.07913932 0.06677046
vt 0.09626188 0.04472235
vt 0.09586797 0.04502883
vt 0.09564836 0.04455644
vt 0.09585796 0.04439336
vt 0.1075178 0.02582593
vt 0.1070513 0.02600338
vt 0.1069799 0.02548734
vt 0.1072281 0.02539293
vt 0.1103999 0.01058518
vt 0.1099014 0.01061083
vt 0.1099919 0.01009781
vt 0.1102572 0.01008416
vt 0.1035953 -0.004828273
vt 0.1031134 -0.004958007
vt 0.1033581 -0.005417893
vt 0.1036145 -0.005348864
vt 0.08851265 -0.02469738
vt 0.08809146 -0.02496513
vt 0.08846237 -0.02533094
vt 0.08868648 -0.02518847
vt 0.06836872 -0.04961385
vt 0.06803991 -0.04998932
vt 0.06849877 -0.05023596
vt 0.06867373 -0.05003617
vt 0.04656607 -0.07564777
vt 0.04634988 -0.07609762
vt 0.04685805 -0.07621228
vt 0.04697308 -0.07597293
vt 0.02717998 -0.09659596
vt 0.02709791 -0.09708825
vt 0.02761788 -0.09705656
vt 0.02766155 -0.09679462
vt 0.05697175 -0.09323584
vt 0.0572452 -0.09365336
vt 0.05760592 -0.09327751
vt 0.05746042 -0.09305535
vt 0.04604796 0.1008281
vt 0.04602185 0.1013265
vt 0.04552096 0.1011834
vt 0.04553486 0.1009182
vt 0.06090914 0.08802558
vt 0.06073344 0.08849274
vt 0.06029936 0.08820472
vt 0.06039285 0.08795615
vt 0.1077747 0.0286815
vt 0.1077234 0.02894206
vt 0.1072548 0.02871453
vt 0.1091772 0.02299955
vt 0.1090151 0.02320995
vt 0.108697 0.02279739
vt 0.1104164 0.01399439
vt 0.1101814 0.01411807
vt 0.1100643 0.01361045
vt 0.110082 0.003534571
vt 0.1098171 0.003552482
vt 0.1099156 0.003040936
vt 0.1077089 -0.00761601
vt 0.1074592 -0.00770653
vt 0.1077558 -0.00813484
vt 0.1039209 -0.01881512
vt 0.1037306 -0.01900038
vt 0.1041772 -0.01926867
vt 0.1003762 -0.02853918
vt 0.1002851 -0.02878865
vt 0.1008039 -0.02883661
vt 0.09949967 -0.0335513
vt 0.09953959 -0.03381385
vt 0.1000176 -0.03360684
vt 0.1032426 -0.0285034
vt 0.1034226 -0.02869867
vt 0.103703 -0.02825964
vt 0.1089798 -0.00948224
vt 0.1092434 -0.0095143
vt 0.1091724 -0.008998214
vt 0.109954 0.01418968
vt 0.110172 0.0143412
vt 0.1097756 0.01467914
vt 0.1079994 0.02735688
vt 0.108086 0.02760794
vt 0.1075665 0.0276466
vt -0.02460891 0.007630681
vt -0.02508696 0.007423689
vt -0.02492281 0.007214934
vt -0.02064446 -0.001569677
vt -0.02116257 -0.001515472
vt -0.02112197 -0.001777913
vt -0.02170093 -0.01146215
vt -0.02212453 -0.01115893
vt -0.02221896 -0.01140714
vt -0.02768162 -0.0190794
vt -0.02789429 -0.01860385
vt -0.02810108 -0.01877047
vt -0.03698856 -0.02201061
vt -0.03692554 -0.02149349
vt -0.03718864 -0.02152962
vt -0.0467351 -0.01951957
vt -0.04641309 -0.01911007
vt -0.04665679 -0.01900455
vt -0.05402418 -0.01289927
vt -0.0535382 -0.01271164
vt -0.05369384 -0.01249646
vt -0.05720489 -0.00435056
vt -0.0566901 -0.004430386
vt -0.05671764 -0.004166255
vt -0.05587376 0.004186922
vt -0.05546468 0.003864371
vt -0.05535884 0.004107929
vt -0.05039231 0.01107376
vt -0.05019452 0.01059183
vt -0.04998266 0.01075194
vt -0.04188442 0.01463677
vt -0.04195092 0.01412009
vt -0.04168759 0.01415444
vt -0.03242254 0.01352827
vt -0.03273642 0.01311251
vt -0.03249069 0.01301181
vt 0.005928402 0.03076727
vt 0.005769246 0.03097986
vt 0.005292854 0.03076907
vt 0.005591966 0.03036954
vt 0.01737029 0.004711485
vt 0.01732196 0.004972615
vt 0.01680151 0.00499506
vt 0.01689232 0.004504294
vt 0.01603326 -0.02372852
vt 0.01610445 -0.02347267
vt 0.01564664 -0.02322409
vt 0.01551286 -0.02370492
vt 3.748223E-05 -0.04766986
vt 0.0002253898 -0.0474822
vt -5.073923E-05 -0.04704046
vt -0.0004038908 -0.04739314
vt -0.03087449 -0.05645649
vt -0.03061257 -0.05641264
vt -0.03058123 -0.05589264
vt -0.03107348 -0.05597504
vt -0.06291258 -0.04335687
vt -0.06267797 -0.0434813
vt -0.06233693 -0.0430875
vt -0.06277785 -0.04285365
vt -0.08073653 -0.02135249
vt -0.08060527 -0.02158334
vt -0.08010621 -0.02143392
vt -0.08035289 -0.02100005
vt -0.08598563 -0.001779558
vt -0.08597477 -0.002044898
vt -0.08546273 -0.002140809
vt -0.08548315 -0.001642128
vt -0.08262759 0.01583176
vt -0.08273309 0.01558805
vt -0.08231357 0.01527921
vt -0.08211529 0.01573723
vt -0.07009378 0.03354742
vt -0.07030024 0.03338038
vt -0.0700717 0.03291225
vt -0.06968369 0.03322616
vt -0.04658836 0.04728007
vt -0.0468513 0.04724286
vt -0.04689581 0.04672382
vt -0.04640163 0.04679373
vt -0.0173708 0.04721699
vt -0.01761363 0.0473245
vt -0.01792592 0.04690754
vt -0.01746955 0.04670549
vt 0.03778056 0.04806021
vt 0.03751773 0.0484845
vt 0.0370354 0.04828766
vt 0.03738952 0.04771602
vt 0.05236099 0.01143304
vt 0.05226689 0.01192319
vt 0.05174608 0.01191145
vt 0.05187286 0.01125107
vt 0.05318445 -0.0265159
vt 0.05325546 -0.02602188
vt 0.05275933 -0.02586301
vt 0.05266366 -0.0265286
vt 0.03656197 -0.0636606
vt 0.03683189 -0.06324078
vt 0.03644667 -0.06289008
vt 0.03608302 -0.06345569
vt -0.01966662 -0.08493883
vt -0.01918275 -0.08481648
vt -0.01922465 -0.08429722
vt -0.01987656 -0.08446206
vt -0.08417682 -0.04786897
vt -0.08378865 -0.04818268
vt -0.08339836 -0.04783764
vt -0.08392135 -0.04741497
vt -0.1011773 -0.01237322
vt -0.1010137 -0.01284477
vt -0.1005 -0.01275835
vt -0.1007203 -0.01212303
vt -0.1034116 0.004567803
vt -0.1034247 0.004068877
vt -0.1029134 0.003968769
vt -0.1028958 0.00464097
vt -0.1005845 0.01857837
vt -0.1007609 0.01811151
vt -0.100311 0.01784884
vt -0.1000733 0.01847785
vt -0.08854144 0.04137361
vt -0.08889407 0.0410204
vt -0.08859177 0.04059614
vt -0.08811668 0.04107201
vt -0.05273193 0.07140489
vt -0.05322329 0.07131735
vt -0.05321851 0.07079642
vt -0.0525565 0.07091437
vt 0.001965759 0.0754506
vt 0.001529316 0.0756927
vt 0.001204346 0.07528555
vt 0.001792361 0.07495935
vt 0.06951889 0.05184238
vt 0.06925847 0.05246234
vt 0.0687622 0.0523039
vt 0.06905834 0.05159891
vt 0.08067808 0.01550015
vt 0.08056142 0.01616238
vt 0.08004239 0.01611778
vt 0.08017505 0.01536471
vt 0.08372802 -0.01836422
vt 0.08372478 -0.0176918
vt 0.08320567 -0.01764817
vt 0.08320934 -0.01841282
vt 0.0790944 -0.05176755
vt 0.07923666 -0.05111034
vt 0.07873927 -0.05095549
vt 0.07857749 -0.05170283
vt 0.01889419 -0.1010949
vt 0.01945518 -0.1007242
vt 0.01920756 -0.1002659
vt 0.01856962 -0.1006875
vt -0.1069673 -0.00992631
vt -0.1066876 -0.01053781
vt -0.1061966 -0.0103639
vt -0.1065146 -0.009668534
vt -0.1079002 0.01203782
vt -0.1078407 0.01136803
vt -0.1073197 0.01136805
vt -0.1073874 0.0121297
vt -0.1078406 0.01152969
vt -0.1079001 0.01085989
vt -0.1073873 0.01076804
vt -0.1073196 0.0115297
vt -0.1078648 0.01136987
vt -0.1080458 0.01072227
vt -0.1075585 0.01053814
vt -0.1073526 0.01127457
vt -0.1039201 0.02779655
vt -0.1042858 0.02723225
vt -0.1038754 0.02691135
vt -0.1034595 0.02755305
vt -0.06395413 0.08146568
vt -0.06460106 0.08128223
vt -0.06450386 0.08077043
vt -0.0637682 0.08097904
vt 0.03249766 0.09004083
vt 0.03199141 0.0904834
vt 0.03161516 0.09012308
vt 0.03219086 0.0896198
vt 0.09583946 0.03796663
vt 0.09570726 0.03871978
vt 0.09519416 0.03862972
vt 0.09532635 0.03787657
vt 0.09980853 0.01525261
vt 0.09970219 0.01600984
vt 0.09918629 0.01593739
vt 0.09929265 0.01518016
vt 0.1026359 -0.00355491
vt 0.102522 -0.002798789
vt 0.1020069 -0.002876431
vt 0.1021208 -0.003632552
vt 0.1059789 -0.01054187
vt 0.1058084 -0.009796466
vt 0.1053006 -0.009912627
vt 0.1054711 -0.01065804
vt 0.09823994 0.04629812
vt 0.097682 0.04682101
vt 0.09732576 0.04644091
vt 0.09788371 0.04591802
vt -0.08273247 0.06789274
vt -0.08299392 0.06717416
vt -0.08250438 0.06699604
vt -0.08224292 0.06771462
vt -0.09570725 0.03871978
vt -0.09583943 0.03796664
vt -0.09532633 0.03787658
vt -0.09519415 0.03862973
vt -0.09970217 0.01600984
vt -0.09980853 0.01525261
vt -0.09929264 0.01518016
vt -0.09918629 0.01593739
vt -0.102522 -0.002798805
vt -0.1026359 -0.003554925
vt -0.1021208 -0.003632567
vt -0.1020068 -0.002876447
vt -0.1058084 -0.009796511
vt -0.1059789 -0.01054192
vt -0.1054711 -0.01065808
vt -0.1053005 -0.009912677
vt -0.09768207 0.04682084
vt -0.09824001 0.04629795
vt -0.09788378 0.04591785
vt -0.09732585 0.04644074
vt 0.08299396 0.06717411
vt 0.08273251 0.06789269
vt 0.08224297 0.06771456
vt 0.08250441 0.06699599
vt 0.107773 0.01132777
vt 0.1078407 0.01208943
vt 0.1073197 0.01208945
vt 0.1072602 0.01141966
vt 0.1078406 0.01080831
vt 0.1077729 0.01156997
vt 0.1072601 0.01147812
vt 0.1073196 0.01080832
vt 0.1079967 0.01066066
vt 0.1077909 0.01139708
vt 0.1073035 0.01121296
vt 0.1074846 0.01056536
vt 0.1042572 0.02715881
vt 0.1038414 0.02780051
vt 0.103431 0.0274796
vt 0.1037967 0.02691531
vt 0.064628 0.08120823
vt 0.06389235 0.08141684
vt 0.06379514 0.08090504
vt 0.06444207 0.08072159
vt -0.03191464 0.09046568
vt -0.03249033 0.0899624
vt -0.03211409 0.08960209
vt -0.03160783 0.09004466
vt -0.06918174 0.05248011
vt -0.06947788 0.05177513
vt -0.06898161 0.05161668
vt -0.06872119 0.05223664
vt -0.08049054 0.01619671
vt -0.08062319 0.01544364
vt -0.08010416 0.01539904
vt -0.0799875 0.01606127
vt -0.08366071 -0.01764599
vt -0.08366437 -0.01841064
vt -0.08314525 -0.01836701
vt -0.08314203 -0.01769459
vt -0.07918401 -0.05105176
vt -0.07902223 -0.05179911
vt -0.07852484 -0.05164425
vt -0.0786671 -0.05098704
vt -0.01945849 -0.1006455
vt -0.01882055 -0.1010671
vt -0.01857293 -0.1006088
vt -0.01913393 -0.100238
vt 0.1066104 -0.01055316
vt 0.1069284 -0.009857796
vt 0.1064374 -0.009683892
vt 0.1061577 -0.01029539
vt 0.100892 -0.01289428
vt 0.1011123 -0.01225896
vt 0.1005986 -0.01217254
vt 0.100435 -0.01264409
vt 0.1033281 0.003979647
vt 0.1033105 0.004651847
vt 0.1027993 0.00455174
vt 0.1028124 0.004052815
vt 0.1006991 0.0179955
vt 0.1004614 0.01862451
vt 0.1000115 0.01836184
vt 0.1001879 0.01789497
vt 0.08888535 0.04088924
vt 0.08841027 0.04136512
vt 0.08810797 0.04094086
vt 0.08846059 0.04058765
vt 0.05329128 0.07120483
vt 0.05262927 0.07132278
vt 0.05262449 0.07080186
vt 0.05311584 0.07071432
vt -0.001405547 0.07564832
vt -0.001993562 0.07532212
vt -0.001668593 0.07491496
vt -0.00123215 0.07515707
vt -0.03738807 0.04850612
vt -0.03774219 0.04793448
vt -0.03725987 0.04773764
vt -0.03699703 0.04816192
vt -0.0521535 0.01198964
vt -0.05228028 0.01132927
vt -0.05175947 0.01131753
vt -0.05166537 0.01180768
vt -0.05316997 -0.02592203
vt -0.05307429 -0.02658762
vt -0.05257817 -0.02642875
vt -0.05264918 -0.02593473
vt -0.03679562 -0.06311443
vt -0.03643197 -0.06368005
vt -0.03604675 -0.06332935
vt -0.03631667 -0.06290953
vt 0.01912293 -0.08469944
vt 0.01977485 -0.08486427
vt 0.01981675 -0.08434501
vt 0.01933288 -0.08422267
vt 0.08365913 -0.04816027
vt 0.08418213 -0.04773761
vt 0.08379184 -0.04739255
vt 0.08340366 -0.04770627
vt 0.08047111 -0.02164141
vt 0.08071779 -0.02120754
vt 0.08021873 -0.02105811
vt 0.08008748 -0.02128897
vt 0.08588213 -0.002157982
vt 0.08590253 -0.001659302
vt 0.08539049 -0.001755213
vt 0.08537964 -0.002020554
vt 0.08269878 0.01544596
vt 0.0825005 0.01590399
vt 0.08208098 0.01559514
vt 0.08218648 0.01535143
vt 0.07033572 0.03323857
vt 0.0699477 0.03355249
vt 0.06971916 0.03308435
vt 0.06992562 0.03291732
vt 0.04695462 0.04713945
vt 0.04646044 0.04720936
vt 0.04650494 0.04669032
vt 0.04676789 0.04665312
vt 0.01775601 0.04729138
vt 0.01729963 0.04708933
vt 0.01761193 0.04667237
vt 0.01785476 0.04677988
vt -0.005628884 0.03102064
vt -0.005927996 0.0306211
vt -0.005451603 0.03041031
vt -0.005292448 0.0306229
vt -0.01721425 0.005071436
vt -0.01730506 0.00458067
vt -0.0167846 0.004603115
vt -0.01673629 0.004864245
vt -0.01605104 -0.02333661
vt -0.01591725 -0.02381744
vt -0.01545944 -0.02356886
vt -0.01553063 -0.02331301
vt -0.0002458639 -0.04733746
vt 0.0001072876 -0.04769015
vt 0.000383417 -0.0472484
vt 0.0001955094 -0.04706074
vt 0.03051197 -0.05630662
vt 0.03100422 -0.05638902
vt 0.03097287 -0.05586902
vt 0.03071095 -0.05582517
vt 0.06253363 -0.04345831
vt 0.06297455 -0.04322445
vt 0.06263351 -0.04283066
vt 0.0623989 -0.04295509
vt 0.05391797 -0.01298636
vt 0.05407361 -0.01277118
vt 0.05358763 -0.01258355
vt 0.05715626 -0.004479033
vt 0.0571838 -0.004214901
vt 0.05666901 -0.004294727
vt 0.05589461 0.004051224
vt 0.05578877 0.004294783
vt 0.05537969 0.003972231
vt 0.05047712 0.01096576
vt 0.05026526 0.01112588
vt 0.05006747 0.01064394
vt 0.04201152 0.01458484
vt 0.04174818 0.0146192
vt 0.04181468 0.01410251
vt 0.03255871 0.01354626
vt 0.03231298 0.01344555
vt 0.03262687 0.01302979
vt 0.02471853 0.007713432
vt 0.02455438 0.007504678
vt 0.02503243 0.007297685
vt 0.02069938 -0.001443785
vt 0.02065878 -0.001706225
vt 0.02117689 -0.001652021
vt 0.02168647 -0.01132557
vt 0.0217809 -0.01157378
vt 0.02220451 -0.01127056
vt 0.02760015 -0.01896884
vt 0.02780693 -0.01913547
vt 0.0280196 -0.01865991
vt 0.03686175 -0.02195787
vt 0.03712485 -0.021994
vt 0.03706184 -0.02147688
vt 0.04659927 -0.01954025
vt 0.04684297 -0.01943473
vt 0.04652096 -0.01902523
vt -0.03238977 0.01858589
vt -0.03285595 0.01835337
vt -0.03268076 0.01815379
vt -0.02789781 0.009612468
vt -0.02841802 0.009640306
vt -0.02836415 0.009380265
vt -0.02844179 -0.0005377279
vt -0.02888058 -0.0002569229
vt -0.02896198 -0.0005097031
vt -0.03395607 -0.008771754
vt -0.03419574 -0.008309213
vt -0.0343926 -0.00848745
vt -0.04292782 -0.01251366
vt -0.04289881 -0.01199352
vt -0.04315897 -0.0120468
vt -0.05263268 -0.0108186
vt -0.05234136 -0.01038672
vt -0.05259211 -0.01029923
vt -0.06024476 -0.004777087
vt -0.05977475 -0.00455242
vt -0.05994657 -0.004349929
vt -0.06401527 0.003502256
vt -0.0634958 0.003463179
vt -0.06354403 0.003724328
vt -0.06336984 0.01211547
vt -0.06293702 0.01182555
vt -0.06285036 0.01207657
vt -0.0584715 0.01948324
vt -0.05823871 0.01901721
vt -0.05803923 0.01919252
vt -0.0502349 0.02390443
vt -0.05026622 0.02338443
vt -0.05000582 0.02343655
vt -0.04063564 0.02377002
vt -0.0409238 0.02333603
vt -0.04067243 0.02325037
vt -0.001830901 0.04351503
vt -0.001996155 0.04372291
vt -0.002466237 0.04349838
vt -0.002155653 0.0431077
vt 0.01079912 0.01743601
vt 0.01074628 0.01769626
vt 0.01022551 0.01770968
vt 0.01032481 0.01722056
vt 0.009967447 -0.01224057
vt 0.01003378 -0.01198342
vt 0.009571341 -0.01174356
vt 0.009446683 -0.01222684
vt -0.00516258 -0.03780464
vt -0.004981668 -0.03761024
vt -0.005273775 -0.03717889
vt -0.005613782 -0.03754426
vt -0.03422868 -0.04874654
vt -0.03397051 -0.04868431
vt -0.03397596 -0.0481634
vt -0.03446116 -0.04828035
vt -0.0656874 -0.0381174
vt -0.06544178 -0.03821836
vt -0.06514077 -0.03779318
vt -0.06560238 -0.03760343
vt -0.08490543 -0.01686855
vt -0.0847515 -0.01708495
vt -0.08427012 -0.01688583
vt -0.08455941 -0.01647913
vt -0.09178924 0.002600679
vt -0.09175271 0.002337639
vt -0.09123378 0.002291831
vt -0.09130245 0.002786183
vt -0.09022579 0.01969914
vt -0.09030772 0.01944653
vt -0.08986082 0.01917883
vt -0.08970685 0.01965358
vt -0.07982558 0.03758934
vt -0.08001576 0.03740397
vt -0.07974501 0.03695891
vt -0.0793876 0.03730728
vt -0.05760293 0.05396969
vt -0.05786208 0.05391172
vt -0.05786521 0.05339078
vt -0.05737815 0.05349974
vt -0.02721078 0.0578376
vt -0.02745899 0.05793203
vt -0.02774864 0.05749903
vt -0.02728217 0.05732157
vt 0.03226658 0.06107463
vt 0.03200488 0.06149961
vt 0.03152203 0.06130406
vt 0.03187463 0.06073148
vt 0.04770079 0.02334227
vt 0.04761525 0.02383398
vt 0.04709432 0.02383133
vt 0.04720955 0.02316885
vt 0.04782835 -0.0174157
vt 0.04790879 -0.01692313
vt 0.04741579 -0.01675481
vt 0.04730741 -0.01741845
vt 0.0307502 -0.05711164
vt 0.03102085 -0.05669231
vt 0.03063626 -0.05634092
vt 0.0302716 -0.05690589
vt -0.01983929 -0.08033871
vt -0.01936715 -0.0801769
vt -0.01945171 -0.07966286
vt -0.02008782 -0.07988088
vt -0.08290214 -0.04981009
vt -0.08247142 -0.05006224
vt -0.08213711 -0.04966271
vt -0.08271742 -0.049323
vt -0.1042195 -0.01136431
vt -0.1040002 -0.01181264
vt -0.1035007 -0.01166479
vt -0.1037961 -0.01106074
vt -0.107977 0.007066343
vt -0.1079387 0.006568714
vt -0.1074199 0.006521673
vt -0.1074714 0.007192126
vt -0.1068175 0.01889418
vt -0.1069448 0.0184116
vt -0.1064703 0.01819676
vt -0.1062987 0.01884694
vt -0.0985961 0.03861215
vt -0.09890544 0.03822048
vt -0.09855603 0.03783409
vt -0.09813927 0.03836178
vt -0.06747063 0.07247158
vt -0.0679495 0.07233095
vt -0.0678879 0.07181366
vt -0.06724273 0.07200313
vt -0.008361136 0.08602295
vt -0.008807747 0.08624574
vt -0.009114599 0.08582476
vt -0.008512879 0.0855246
vt 0.06826997 0.0624105
vt 0.06803778 0.06304158
vt 0.06753488 0.06290568
vt 0.06779891 0.06218805
vt 0.07868677 0.02468631
vt 0.07860337 0.02535355
vt 0.07808276 0.02533495
vt 0.0781776 0.02457619
vt 0.08002402 -0.01369641
vt 0.08005856 -0.01302487
vt 0.07954272 -0.01295215
vt 0.07950343 -0.0137158
vt 0.07210884 -0.05362889
vt 0.07229634 -0.05298313
vt 0.07181088 -0.05279415
vt 0.07159766 -0.05352849
vt 0.01736273 -0.0999088
vt 0.01790577 -0.09951222
vt 0.01763698 -0.09906597
vt 0.01701946 -0.09951694
vt -0.1063538 -0.02541236
vt -0.1059345 -0.02593798
vt -0.1055001 -0.0256504
vt -0.105977 -0.02505269
vt -0.1113376 0.01264225
vt -0.1111968 0.01198472
vt -0.1106797 0.01204826
vt -0.1108398 0.01279598
vt -0.1108099 0.0146201
vt -0.1108052 0.01394769
vt -0.1102859 0.01390526
vt -0.1102914 0.0146699
vt -0.1111051 0.01025404
vt -0.1112201 0.009591511
vt -0.1107167 0.009457352
vt -0.110586 0.01021075
vt -0.11055 0.01758806
vt -0.1108338 0.01697847
vt -0.1103829 0.01671763
vt -0.1100601 0.01741082
vt -0.08524607 0.06981676
vt -0.08584513 0.06951131
vt -0.0856505 0.06902809
vt -0.08496928 0.06937544
vt 0.02603963 0.1002107
vt 0.02553073 0.1006503
vt 0.02515666 0.1002877
vt 0.02573536 0.0997879
vt 0.09845302 0.04309504
vt 0.09839089 0.04385718
vt 0.09787167 0.04381485
vt 0.0979338 0.04305271
vt 0.1005153 0.02099842
vt 0.1004676 0.02176159
vt 0.09994765 0.02172911
vt 0.09999533 0.02096593
vt 0.1020377 -0.003030153
vt 0.1019884 -0.002267091
vt 0.1014685 -0.00230073
vt 0.1015179 -0.003063793
vt 0.1041021 -0.02190444
vt 0.1040313 -0.02114306
vt 0.1035126 -0.02119126
vt 0.1035833 -0.02195264
vt 0.1104236 -0.01246627
vt 0.1101948 -0.01173667
vt 0.1096977 -0.01189261
vt 0.1099266 -0.01262221
vt -0.09111211 0.06473427
vt -0.0912554 0.06398316
vt -0.09074369 0.06388553
vt -0.09060039 0.06463665
vt -0.09839088 0.04385719
vt -0.09845301 0.04309506
vt -0.09793378 0.04305273
vt -0.09787165 0.04381486
vt -0.1004676 0.02176159
vt -0.1005152 0.02099842
vt -0.09999532 0.02096593
vt -0.09994763 0.02172911
vt -0.1019883 -0.002267104
vt -0.1020377 -0.003030166
vt -0.1015179 -0.003063806
vt -0.1014685 -0.002300743
vt -0.1040313 -0.02114309
vt -0.104102 -0.02190447
vt -0.1035833 -0.02195267
vt -0.1035126 -0.02119129
vt -0.1101947 -0.01173692
vt -0.1104236 -0.01246652
vt -0.1099266 -0.01262246
vt -0.1096977 -0.01189286
vt 0.09125545 0.0639831
vt 0.09111215 0.06473421
vt 0.09060044 0.06463658
vt 0.09074374 0.06388547
vt 0.1111247 0.01195302
vt 0.1112848 0.01270073
vt 0.1107677 0.01276428
vt 0.1106269 0.01210675
vt 0.1107409 0.01390203
vt 0.1107464 0.01466667
vt 0.1102272 0.01462425
vt 0.1102224 0.01395183
vt 0.1111651 0.009535157
vt 0.1110343 0.01028856
vt 0.110531 0.0101544
vt 0.1106459 0.009491867
vt 0.1107954 0.0169097
vt 0.1104726 0.01760289
vt 0.1100217 0.01734205
vt 0.1103055 0.01673246
vt 0.0858572 0.06943348
vt 0.08517598 0.06978083
vt 0.08498136 0.0692976
vt 0.08558041 0.06899215
vt -0.02545405 0.1006321
vt -0.02603275 0.1001323
vt -0.02565868 0.09976973
vt -0.02514978 0.1002093
vt -0.06796195 0.06306279
vt -0.06822596 0.06234516
vt -0.06772307 0.06220927
vt -0.06749088 0.06284034
vt -0.07853428 0.02539137
vt -0.07862913 0.02463261
vt -0.07810852 0.02461401
vt -0.07802512 0.02528125
vt -0.07999716 -0.01297553
vt -0.07995787 -0.01373918
vt -0.07944203 -0.01366646
vt -0.07947658 -0.01299492
vt -0.07224787 -0.05292103
vt -0.07203466 -0.05365537
vt -0.07154919 -0.0534664
vt -0.07173669 -0.05282063
vt -0.01790538 -0.09943344
vt -0.01728786 -0.09988442
vt -0.01701907 -0.09943818
vt -0.0175621 -0.0990416
vt 0.1058558 -0.02593419
vt 0.1063327 -0.02533647
vt 0.1058983 -0.02504889
vt 0.1054789 -0.02557451
vt 0.1038733 -0.01184709
vt 0.1041688 -0.01124304
vt 0.1036693 -0.01109519
vt 0.10345 -0.01154352
vt 0.1078335 0.006489873
vt 0.107885 0.007160326
vt 0.1073662 0.007113285
vt 0.107328 0.006615655
vt 0.1068714 0.0183026
vt 0.1066999 0.01895278
vt 0.1062253 0.01873793
vt 0.1063526 0.01825535
vt 0.09888159 0.03809122
vt 0.09846482 0.03861891
vt 0.09811542 0.03823251
vt 0.09842477 0.03784084
vt 0.0680048 0.0722117
vt 0.06735961 0.07240117
vt 0.06729802 0.07188388
vt 0.0677769 0.07174325
vt 0.008929469 0.08619598
vt 0.008327748 0.08589582
vt 0.008634602 0.08547483
vt 0.009081213 0.08569763
vt -0.03187529 0.06152158
vt -0.03222789 0.06094901
vt -0.03174504 0.06075345
vt -0.03148334 0.06117843
vt -0.04750305 0.02390241
vt -0.04761828 0.02323993
vt -0.04709734 0.02323728
vt -0.04701182 0.02372899
vt -0.04782521 -0.01682167
vt -0.04771685 -0.01748531
vt -0.04722384 -0.01731699
vt -0.04730428 -0.01682441
vt -0.03098482 -0.05656588
vt -0.03062017 -0.05713085
vt -0.03023557 -0.05677946
vt -0.03050623 -0.05636013
vt 0.01931719 -0.0800553
vt 0.0199533 -0.08027332
vt 0.02003787 -0.07975928
vt 0.01956573 -0.07959747
vt 0.08234671 -0.05002071
vt 0.08292702 -0.049681
vt 0.08259271 -0.04928147
vt 0.08216199 -0.04953362
vt 0.08461215 -0.01712915
vt 0.08490144 -0.01672244
vt 0.08442006 -0.01652332
vt 0.08426613 -0.01673972
vt 0.09164952 0.002234072
vt 0.0917182 0.002728424
vt 0.09119926 0.002682616
vt 0.09116273 0.002419576
vt 0.0902601 0.01930834
vt 0.09010612 0.01978309
vt 0.08965922 0.01951539
vt 0.08974115 0.01926278
vt 0.080038 0.0372595
vt 0.07968059 0.03760787
vt 0.07940985 0.0371628
vt 0.07960002 0.03697744
vt 0.05795686 0.05380042
vt 0.0574698 0.05390937
vt 0.05747293 0.05338844
vt 0.05773209 0.05333046
vt 0.02759941 0.05789138
vt 0.02713292 0.05771391
vt 0.02742258 0.05728092
vt 0.02767079 0.05737534
vt 0.002137646 0.04375959
vt 0.001827062 0.04336891
vt 0.002297143 0.04314438
vt 0.002462397 0.04335226
vt -0.01063688 0.0177932
vt -0.01073617 0.01730408
vt -0.0102154 0.0173175
vt -0.01016256 0.01757776
vt -0.009977793 -0.0118484
vt -0.009853137 -0.01233168
vt -0.0093907 -0.01209182
vt -0.009457029 -0.01183467
vt 0.004966509 -0.03746485
vt 0.005306517 -0.03783021
vt 0.005598624 -0.03739886
vt 0.005417711 -0.03720446
vt 0.03387764 -0.04857144
vt 0.03436285 -0.04868839
vt 0.03436829 -0.04816747
vt 0.03411012 -0.04810525
vt 0.06530036 -0.0381814
vt 0.06576198 -0.03799165
vt 0.06546097 -0.03756648
vt 0.06521534 -0.03766744
vt 0.06013213 -0.004855703
vt 0.06030396 -0.004653213
vt 0.05983394 -0.004428546
vt 0.06395669 0.003378007
vt 0.06400492 0.003639156
vt 0.06348545 0.003600079
vt 0.06338013 0.01197857
vt 0.06329346 0.01222959
vt 0.06286064 0.01193967
vt 0.05854813 0.01936928
vt 0.05834865 0.01954459
vt 0.05811586 0.01907856
vt 0.05035818 0.02384401
vt 0.05009778 0.02389614
vt 0.0501291 0.02337613
vt 0.04077265 0.02377973
vt 0.04052129 0.02369407
vt 0.04080945 0.02326008
vt 0.03250371 0.0186626
vt 0.03232852 0.01846302
vt 0.03279469 0.0182305
vt 0.02795906 0.009735405
vt 0.02790519 0.009475363
vt 0.0284254 0.009503202
vt 0.02843446 -0.0004005818
vt 0.02851586 -0.0006533623
vt 0.02895465 -0.0003725573
vt 0.0338811 -0.008656702
vt 0.03407796 -0.008834939
vt 0.03431763 -0.008372398
vt 0.04280475 -0.01245273
vt 0.04306491 -0.01250601
vt 0.0430359 -0.01198587
vt 0.05249571 -0.01082933
vt 0.05274645 -0.01074184
vt 0.05245514 -0.01030997
vt -0.02419492 -0.01528342
vt -0.0247157 -0.01527008
vt -0.02465461 -0.01552852
vt -0.02447459 -0.02522439
vt -0.02492086 -0.02495564
vt -0.02499535 -0.02521054
vt -0.03029663 -0.03280772
vt -0.03054124 -0.03234777
vt -0.03073618 -0.0325281
vt -0.04028501 -0.03529328
vt -0.04024605 -0.03477379
vt -0.04050719 -0.03482209
vt -0.051059 -0.03183643
vt -0.05074545 -0.03142043
vt -0.05099125 -0.03131991
vt -0.05900665 -0.02424724
vt -0.05852073 -0.02405945
vt -0.05867644 -0.02384432
vt -0.06232396 -0.01533832
vt -0.06180983 -0.01542233
vt -0.06183522 -0.01515798
vt -0.06089841 -0.007164493
vt -0.06049077 -0.007488852
vt -0.06038385 -0.007245763
vt -0.0553657 -0.001079231
vt -0.05516347 -0.001559323
vt -0.0549531 -0.001397254
vt -0.04688634 0.001663638
vt -0.0469377 0.00114523
vt -0.04667549 0.001187268
vt -0.0373137 3.635338E-05
vt -0.03760615 -0.0003947638
vt -0.03735564 -0.0004829017
vt -0.02900178 -0.006044658
vt -0.02946459 -0.006283791
vt -0.02928658 -0.00648086
vt 0.01449624 -0.004980485
vt 0.01440952 -0.004729479
vt 0.01389153 -0.004784882
vt 0.01405449 -0.005256623
vt 0.01787174 -0.03333249
vt 0.0179004 -0.03306848
vt 0.01740827 -0.03289762
vt 0.01735442 -0.0333938
vt 0.005054388 -0.05890506
vt 0.005210667 -0.05869035
vt 0.004868904 -0.05829718
vt 0.0045752 -0.0587007
vt -0.02989442 -0.06918724
vt -0.0296372 -0.06912118
vt -0.02965038 -0.06860041
vt -0.03013379 -0.06872455
vt -0.0696375 -0.0502468
vt -0.06940725 -0.05037912
vt -0.06905306 -0.0499971
vt -0.0694858 -0.04974844
vt -0.08801617 -0.02334174
vt -0.08790649 -0.02358361
vt -0.0873959 -0.0234803
vt -0.087602 -0.02302575
vt -0.09146677 -0.004123499
vt -0.09148146 -0.004388657
vt -0.09098101 -0.00453332
vt -0.0909534 -0.004034986
vt -0.08677438 0.01098587
vt -0.08689879 0.01075125
vt -0.08650495 0.01041026
vt -0.08627114 0.0108512
vt -0.07403129 0.02529626
vt -0.07424457 0.02513803
vt -0.07403587 0.02466072
vt -0.07363503 0.02495808
vt -0.0521961 0.03581939
vt -0.05245835 0.03577754
vt -0.05249364 0.03525779
vt -0.05200078 0.03533645
vt -0.02494135 0.03505711
vt -0.02519217 0.03514439
vt -0.0254693 0.03470328
vt -0.02499793 0.03453925
vt -0.0006819057 0.01995245
vt -0.0008664379 0.02014343
vt -0.001312671 0.01987461
vt -0.0009658545 0.0195157
vt 0.04894992 0.009733706
vt 0.04876064 0.01019552
vt 0.04825246 0.0100809
vt 0.04850748 0.009458702
vt 0.0582506 -0.02648872
vt 0.05820834 -0.02599141
vt 0.05768915 -0.02594856
vt 0.0577461 -0.02661858
vt 0.0532647 -0.06218123
vt 0.05340452 -0.06170212
vt 0.0529357 -0.06147501
vt 0.0527473 -0.06212052
vt -0.002536705 -0.0957234
vt -0.002093537 -0.09549384
vt -0.002252854 -0.09499785
vt -0.002849934 -0.09530714
vt -0.09761342 -0.0352488
vt -0.09729372 -0.03563206
vt -0.09684374 -0.03536956
vt -0.09727448 -0.0348532
vt -0.1070793 0.001157457
vt -0.1070137 0.0006626798
vt -0.1064931 0.0006441964
vt -0.1065814 0.001310809
vt -0.1066864 0.0117933
vt -0.1067829 0.01130362
vt -0.1062957 0.01111926
vt -0.1061657 0.011779
vt -0.1025419 0.02152797
vt -0.1027836 0.02109131
vt -0.1023761 0.0207667
vt -0.1020505 0.02135501
vt -0.08946015 0.03991066
vt -0.08984752 0.03959596
vt -0.08959089 0.03914262
vt -0.08906898 0.03956661
vt -0.05789765 0.06279692
vt -0.05838876 0.06270799
vt -0.05838252 0.06218709
vt -0.05772085 0.0623069
vt -0.01122918 0.0671333
vt -0.01169383 0.0673155
vt -0.01196203 0.06686891
vt -0.01133601 0.06662343
vt 0.02706035 0.04447162
vt 0.02672463 0.04484094
vt 0.02628623 0.04455954
vt 0.02673854 0.04406197
vt 0.07679407 0.02212669
vt 0.07653128 0.02274565
vt 0.07603563 0.02258531
vt 0.07633445 0.02188145
vt 0.08819717 -0.009180847
vt 0.08802535 -0.008530738
vt 0.0875119 -0.008618749
vt 0.08770729 -0.009358025
vt 0.09586613 -0.02927827
vt 0.09575399 -0.02861525
vt 0.09523467 -0.02865632
vt 0.09536219 -0.02941027
vt 0.1053262 -0.02448351
vt 0.1051829 -0.02382652
vt 0.1046661 -0.02389206
vt 0.104829 -0.02463915
vt -0.09844394 0.05077588
vt -0.09854409 0.05011095
vt -0.09803785 0.04998806
vt -0.09792396 0.05074419
vt -0.1043403 0.03616669
vt -0.1044704 0.03550697
vt -0.1039702 0.03536131
vt -0.1038223 0.03611152
vt -0.1075439 0.0242061
vt -0.1077444 0.02356427
vt -0.1072629 0.02336549
vt -0.1070348 0.02409535
vt -0.1086253 0.02099746
vt -0.1089314 0.02039871
vt -0.1084903 0.02012149
vt -0.1081423 0.02080237
vt -0.1022029 0.03767162
vt -0.1026714 0.03718925
vt -0.1023313 0.03679464
vt -0.1017985 0.03734317
vt -0.06588802 0.07824136
vt -0.06654169 0.07808362
vt -0.06646479 0.07756837
vt -0.06572147 0.07774775
vt 0.007749735 0.09089382
vt 0.007152466 0.09120274
vt 0.006873114 0.09076302
vt 0.007552303 0.09041173
vt 0.05525704 0.05944873
vt 0.05485503 0.05998775
vt 0.0544115 0.05971449
vt 0.05486866 0.05910153
vt 0.09688471 0.02744323
vt 0.09660649 0.02815548
vt 0.09612125 0.02796593
vt 0.09639948 0.02725368
vt 0.1046638 0.009002009
vt 0.1043732 0.009709273
vt 0.1038913 0.009511247
vt 0.104182 0.008803984
vt 0.1090045 0.01341656
vt 0.1086089 0.01407098
vt 0.1081631 0.01380152
vt 0.1085586 0.0131471
vt 0.08239038 0.07356609
vt 0.08168857 0.07386965
vt 0.08148175 0.07339152
vt 0.08218357 0.07308795
vt -0.04088436 0.09818964
vt -0.04145122 0.09767643
vt -0.04110158 0.09729025
vt -0.04053473 0.09780346
vt -0.08279669 0.05853046
vt -0.08313856 0.05784648
vt -0.08267258 0.05761357
vt -0.08233071 0.05829755
vt -0.09660648 0.02815547
vt -0.09688471 0.02744322
vt -0.09639947 0.02725368
vt -0.09612124 0.02796592
vt -0.1043732 0.009709249
vt -0.1046638 0.009001987
vt -0.104182 0.008803962
vt -0.1038913 0.009511224
vt -0.1086089 0.01407095
vt -0.1090045 0.01341653
vt -0.1085586 0.01314707
vt -0.1081631 0.01380149
vt -0.0816886 0.07386961
vt -0.08239042 0.07356604
vt -0.08218361 0.07308791
vt -0.08148179 0.07339147
vt 0.04145128 0.09767641
vt 0.04088442 0.09818963
vt 0.04053479 0.09780345
vt 0.04110164 0.09729023
vt 0.08313858 0.05784646
vt 0.08279671 0.05853044
vt 0.08233073 0.05829753
vt 0.0826726 0.05761355
vt 0.1076972 0.02350122
vt 0.1074692 0.02423108
vt 0.1069876 0.0240323
vt 0.1071882 0.02339048
vt 0.1088955 0.02032858
vt 0.1085475 0.02100946
vt 0.1081064 0.02073224
vt 0.1084125 0.02013348
vt 0.1026577 0.03711168
vt 0.1021249 0.0376602
vt 0.1017848 0.0372656
vt 0.1022533 0.03678323
vt 0.06657154 0.07801072
vt 0.06582822 0.0781901
vt 0.06575131 0.07767487
vt 0.06640498 0.07751712
vt -0.007082184 0.0911672
vt -0.007761373 0.09081591
vt -0.007482021 0.09037619
vt -0.006884753 0.09068511
vt -0.05477624 0.05998655
vt -0.05523341 0.05937359
vt -0.05478988 0.05910033
vt -0.05438786 0.05963935
vt -0.07645448 0.02276313
vt -0.07675332 0.02205927
vt -0.07625766 0.02189893
vt -0.07599487 0.02251789
vt -0.08795183 -0.008502483
vt -0.08814722 -0.00924176
vt -0.08763377 -0.009329771
vt -0.08746194 -0.008679662
vt -0.09568334 -0.02858043
vt -0.09581086 -0.02933439
vt -0.09529154 -0.02937545
vt -0.0951794 -0.02871243
vt -0.1051107 -0.02379509
vt -0.1052736 -0.02454218
vt -0.1047568 -0.02460771
vt -0.1046135 -0.02395073
vt 0.09848778 0.05005587
vt 0.0983739 0.05081201
vt 0.09786765 0.05068912
vt 0.0979678 0.05002419
vt 0.1044167 0.03544938
vt 0.1042687 0.03619958
vt 0.1037685 0.03605393
vt 0.1038987 0.03539421
vt 0.1067027 0.01119948
vt 0.1065727 0.01185922
vt 0.1060855 0.01167486
vt 0.106182 0.01118518
vt 0.1027391 0.02096762
vt 0.1024134 0.02155593
vt 0.102006 0.02123132
vt 0.1022477 0.02079466
vt 0.08985247 0.03946461
vt 0.08933057 0.03988861
vt 0.08907393 0.03943526
vt 0.08946131 0.03912056
vt 0.05845644 0.06259529
vt 0.05779477 0.0627151
vt 0.05778852 0.0621942
vt 0.05827963 0.06210527
vt 0.0118106 0.06725512
vt 0.01118458 0.06700964
vt 0.01145278 0.06656305
vt 0.01191744 0.06674524
vt -0.02659317 0.04483858
vt -0.02704548 0.04434101
vt -0.02660708 0.04405961
vt -0.02627136 0.04442892
vt -0.04863632 0.01023821
vt -0.04889134 0.009616016
vt -0.04838317 0.009501395
vt -0.04819388 0.009963209
vt -0.05810252 -0.02591344
vt -0.05815946 -0.02658346
vt -0.05764028 -0.02654061
vt -0.05759802 -0.0260433
vt -0.05333395 -0.06159124
vt -0.05314555 -0.06223674
vt -0.05267672 -0.06200963
vt -0.05281655 -0.06153052
vt 0.002062011 -0.09536622
vt 0.00265909 -0.09567551
vt 0.002818408 -0.09517952
vt 0.00237524 -0.09494996
vt 0.09716232 -0.0356353
vt 0.09759305 -0.03511893
vt 0.09714308 -0.03485644
vt 0.09682338 -0.0352397
vt 0.1069044 0.0005897522
vt 0.1069926 0.001256364
vt 0.106472 0.00123788
vt 0.1064065 0.0007431034
vt 0.09140011 -0.004510122
vt 0.0913725 -0.004011788
vt 0.09087206 -0.004156451
vt 0.09088674 -0.004421609
vt 0.0868758 0.01060688
vt 0.08664199 0.01104783
vt 0.08624815 0.01070684
vt 0.08637256 0.01047221
vt 0.07428595 0.02499785
vt 0.07388511 0.02529521
vt 0.07367641 0.0248179
vt 0.07388969 0.02465967
vt 0.0525598 0.03567231
vt 0.05206694 0.03575096
vt 0.05210225 0.03523121
vt 0.05236449 0.03518937
vt 0.02533136 0.03509974
vt 0.02485999 0.03493571
vt 0.02513712 0.0344946
vt 0.02538794 0.03458188
vt 0.001010826 0.02016632
vt 0.0006640092 0.01980741
vt 0.001110243 0.01953859
vt 0.001294775 0.01972957
vt -0.01428828 -0.004647828
vt -0.01445124 -0.005119571
vt -0.01393325 -0.005174972
vt -0.01384654 -0.004923966
vt -0.01782558 -0.0329429
vt -0.01777172 -0.03343909
vt -0.0172796 -0.03326822
vt -0.01730825 -0.03300421
vt -0.005208278 -0.0585442
vt -0.004914574 -0.05894773
vt -0.004572811 -0.05855456
vt -0.00472909 -0.05833985
vt 0.02954599 -0.06900696
vt 0.0300294 -0.0691311
vt 0.03004258 -0.06861033
vt 0.02978536 -0.06854427
vt 0.06926221 -0.05036101
vt 0.06969495 -0.05011234
vt 0.06934075 -0.04973033
vt 0.06911051 -0.04986265
vt 0.08777819 -0.02365363
vt 0.08798429 -0.02319908
vt 0.0874737 -0.02309577
vt 0.08736403 -0.02333763
vt 0.0622764 -0.01546718
vt 0.0623018 -0.01520283
vt 0.06178768 -0.01528683
vt 0.06091981 -0.007300186
vt 0.06081289 -0.007057098
vt 0.06040525 -0.007381456
vt 0.05544955 -0.001187951
vt 0.05523916 -0.001025883
vt 0.05503694 -0.001505974
vt 0.0470119 0.001608042
vt 0.04674969 0.00165008
vt 0.04680106 0.001131673
vt 0.03745056 4.734189E-05
vt 0.03720004 -4.079581E-05
vt 0.03749249 -0.0004719131
vt 0.02911679 -0.00596955
vt 0.02893878 -0.006166619
vt 0.0294016 -0.006405751
vt 0.02425956 -0.01516223
vt 0.02419847 -0.01542067
vt 0.02471925 -0.01540733
vt 0.02447097 -0.02508709
vt 0.02454546 -0.02534199
vt 0.02499173 -0.02507324
vt 0.03022296 -0.03269181
vt 0.03041791 -0.03287214
vt 0.03066251 -0.03241219
vt 0.04016078 -0.03523474
vt 0.04042192 -0.03528304
vt 0.04038297 -0.03476355
vt 0.05092285 -0.03185429
vt 0.05116866 -0.03175378
vt 0.05085509 -0.03133778
vt 0.0589004 -0.02433435
vt 0.05905611 -0.02411922
vt 0.05857019 -0.02393143
vt -0.02030436 0.08233184
vt -0.02067087 0.08196164
vt -0.02044076 0.08182907
vt -0.01133952 0.07632803
vt -0.01184524 0.07620305
vt -0.01171792 0.07597
vt -0.008409359 0.06696726
vt -0.008909713 0.06711227
vt -0.008916178 0.0668468
vt -0.01171694 0.05700358
vt -0.01208369 0.05737355
vt -0.01221841 0.05714468
vt -0.01999511 0.04922517
vt -0.02013917 0.0497258
vt -0.02036723 0.04958974
vt -0.03100296 0.04578633
vt -0.03088944 0.04629476
vt -0.03115482 0.04628465
vt -0.04195856 0.04741921
vt -0.04161523 0.04781101
vt -0.04185297 0.04792934
vt -0.0502633 0.05324506
vt -0.04977407 0.05342406
vt -0.04992587 0.05364196
vt -0.05406553 0.06153544
vt -0.05355085 0.06145487
vt -0.05357801 0.06171905
vt -0.05229911 0.07054139
vt -0.05189289 0.07021526
vt -0.0517849 0.07045788
vt -0.0447523 0.07846151
vt -0.04457374 0.07797212
vt -0.0443557 0.07812373
vt -0.03286425 0.08303751
vt -0.0329751 0.08252849
vt -0.03270979 0.08253999
vt 0.01082573 0.106903
vt 0.01061879 0.1070694
vt 0.01020963 0.1067469
vt 0.01059856 0.1064342
vt 0.03445613 0.08735194
vt 0.03437347 0.08760431
vt 0.03385466 0.08755724
vt 0.03401002 0.08708294
vt 0.03734626 0.06182287
vt 0.03738499 0.06208559
vt 0.03689977 0.06227518
vt 0.03682696 0.06178142
vt 0.0258257 0.03454296
vt 0.02597137 0.03476501
vt 0.02561092 0.03514112
vt 0.02533716 0.03472381
vt 0.002186812 0.01189074
vt 0.002415655 0.01202547
vt 0.002258706 0.0125222
vt 0.001828611 0.01226899
vt -0.02951322 0.00313571
vt -0.02924785 0.003145886
vt -0.02915062 0.003657674
vt -0.02964935 0.003638554
vt -0.05980928 0.01174723
vt -0.05957119 0.0116296
vt -0.05924162 0.01203305
vt -0.05968909 0.01225412
vt -0.08055899 0.03001281
vt -0.0803987 0.02980107
vt -0.07992344 0.0300144
vt -0.08022468 0.03041234
vt -0.09047629 0.0488814
vt -0.09042024 0.04862181
vt -0.08989935 0.04861482
vt -0.09000468 0.04910268
vt -0.09007038 0.06675204
vt -0.0901338 0.06649415
vt -0.08966868 0.06625955
vt -0.0895495 0.06674419
vt -0.07484959 0.08793486
vt -0.0750391 0.08774883
vt -0.0747668 0.08730473
vt -0.07441062 0.08765434
vt -0.03554431 0.1084106
vt -0.03580942 0.108395
vt -0.03589612 0.1078813
vt -0.03539788 0.1079107
vt 0.06139597 0.1056743
vt 0.06113686 0.1061008
vt 0.06065282 0.1059082
vt 0.06100192 0.1053335
vt 0.07976202 0.07815452
vt 0.07972585 0.0786523
vt 0.07920723 0.07870152
vt 0.07925595 0.07803086
vt 0.07601949 0.04953409
vt 0.07614055 0.05001828
vt 0.07566322 0.05022695
vt 0.07550012 0.04957459
vt 0.05953205 0.01282234
vt 0.05980148 0.01324246
vt 0.05941587 0.01359272
vt 0.05905285 0.0130267
vt 0.02556789 -0.02450609
vt 0.02598413 -0.02423069
vt 0.02577296 -0.02375446
vt 0.02521216 -0.02412551
vt -0.02778128 -0.03938212
vt -0.02728267 -0.03936015
vt -0.0272187 -0.03884315
vt -0.02789048 -0.03887276
vt -0.07728626 -0.01747547
vt -0.07685058 -0.01771893
vt -0.07652434 -0.01731279
vt -0.07711134 -0.01698477
vt -0.1034181 0.01490484
vt -0.1031257 0.01450037
vt -0.1026586 0.0147311
vt -0.1030526 0.01527603
vt -0.1136571 0.03582398
vt -0.1135136 0.03534596
vt -0.1129966 0.03541065
vt -0.11319 0.03605469
vt -0.1161973 0.04579731
vt -0.1162074 0.04529832
vt -0.1156956 0.04520126
vt -0.115682 0.04587355
vt -0.1096715 0.06207312
vt -0.1098883 0.06162352
vt -0.1094631 0.06132241
vt -0.1091712 0.06192816
vt -0.04246072 0.1181661
vt -0.04295669 0.1181103
vt -0.0429854 0.1175901
vt -0.04231719 0.1176653
vt 0.1161784 0.04853058
vt 0.1162364 0.04920052
vt 0.1157233 0.04929115
vt 0.1156575 0.04852933
vt 0.1113771 0.05267071
vt 0.1114996 0.05333187
vt 0.1109978 0.05347177
vt 0.1108585 0.05271991
vt 0.1036498 0.03648377
vt 0.1038553 0.03712405
vt 0.1033753 0.0373265
vt 0.1031417 0.0365984
vt 0.08879869 -3.259705E-05
vt 0.08912334 0.0005562646
vt 0.0886912 0.0008471825
vt 0.088322 0.0001775553
vt 0.05387001 -0.0501947
vt 0.05437743 -0.04975347
vt 0.05407174 -0.04933165
vt 0.05349472 -0.04983341
vt -0.0250317 -0.07674238
vt -0.02436047 -0.07670218
vt -0.02434546 -0.07618146
vt -0.02510875 -0.07622717
vt -0.09680209 -0.03146435
vt -0.0962619 -0.03186478
vt -0.09591584 -0.03147538
vt -0.09653013 -0.03102002
vt -0.1185739 0.0133472
vt -0.1182261 0.01277171
vt -0.1177582 0.01300065
vt -0.1181537 0.01365506
vt -0.1230306 0.0282796
vt -0.12281 0.02764438
vt -0.1223047 0.02777107
vt -0.1225555 0.0284934
vt -0.1230329 0.01944852
vt -0.1228993 0.01878951
vt -0.1223816 0.01884746
vt -0.1225336 0.01959686
vt -0.121497 -0.003724197
vt -0.1214301 -0.004393295
vt -0.1209091 -0.004387539
vt -0.1209852 -0.00362667
vt -0.1174143 -0.03607132
vt -0.1173736 -0.03674252
vt -0.1168529 -0.03675716
vt -0.1168991 -0.0359939
vt 0.1173041 -0.01597758
vt 0.1177671 -0.01536903
vt 0.1173525 -0.0150536
vt 0.1168896 -0.01566216
vt 0.1228555 0.02667204
vt 0.1231508 0.02737741
vt 0.1226702 0.02757854
vt 0.122375 0.02687318
vt 0.1192734 0.02816013
vt 0.1195286 0.02888093
vt 0.1190376 0.02905483
vt 0.1187823 0.02833403
vt 0.111557 0.001500752
vt 0.1118408 0.002210791
vt 0.1113571 0.002404143
vt 0.1110733 0.001694106
vt 0.09012661 -0.05051182
vt 0.09054892 -0.04987436
vt 0.09011464 -0.04958665
vt 0.08969232 -0.0502241
vt -0.01790729 -0.1056986
vt -0.01714743 -0.105613
vt -0.01720572 -0.1050953
vt -0.01796558 -0.1051809
vt -0.1177672 -0.01536896
vt -0.1173042 -0.01597752
vt -0.1168896 -0.0156621
vt -0.1173526 -0.01505354
vt -0.1231508 0.02737743
vt -0.1228555 0.02667207
vt -0.122375 0.0268732
vt -0.1226702 0.02757857
vt -0.1195286 0.02888093
vt -0.1192733 0.02816013
vt -0.1187823 0.02833403
vt -0.1190376 0.02905482
vt -0.1118408 0.002210792
vt -0.111557 0.001500755
vt -0.1110732 0.001694108
vt -0.1113571 0.002404146
vt -0.09054887 -0.04987439
vt -0.09012654 -0.05051184
vt -0.08969226 -0.05022413
vt -0.09011458 -0.04958666
vt 0.01714749 -0.105613
vt 0.01790735 -0.1056985
vt 0.01796563 -0.1051809
vt 0.01720577 -0.1050953
vt 0.09618683 -0.03184097
vt 0.09680112 -0.03138561
vt 0.09645507 -0.03099621
vt 0.09591487 -0.03139665
vt 0.1181476 0.01276527
vt 0.1185431 0.01341969
vt 0.1180752 0.01364862
vt 0.1177274 0.01307314
vt 0.1227345 0.02762177
vt 0.1229854 0.02834411
vt 0.1224801 0.02847079
vt 0.1222595 0.02783558
vt 0.1228275 0.018757
vt 0.1229795 0.0195064
vt 0.1224618 0.01956435
vt 0.1223282 0.01890535
vt 0.1213619 -0.004432845
vt 0.121438 -0.003671981
vt 0.1209171 -0.00366622
vt 0.1208502 -0.004335318
vt 0.1173072 -0.03678442
vt 0.1173534 -0.03602115
vt 0.1168327 -0.0360358
vt 0.116792 -0.036707
vt -0.1161767 0.04925195
vt -0.1161108 0.04849013
vt -0.1155978 0.04858077
vt -0.1156558 0.0492507
vt -0.1114452 0.05338885
vt -0.1113059 0.05263699
vt -0.1108041 0.05277688
vt -0.1109266 0.05343806
vt -0.1038086 0.03718748
vt -0.103575 0.03645938
vt -0.103095 0.03666182
vt -0.1033004 0.0373021
vt -0.08908968 0.000627482
vt -0.08872049 -4.214518E-05
vt -0.08828835 0.0002487726
vt -0.08861301 0.0008376343
vt -0.05437034 -0.04967503
vt -0.05379332 -0.05017678
vt -0.05348762 -0.04975496
vt -0.05399505 -0.04931372
vt 0.02431827 -0.07663569
vt 0.02508156 -0.0766814
vt 0.02506656 -0.07616067
vt 0.02439533 -0.07612047
vt 0.07672669 -0.01767496
vt 0.07731369 -0.01734694
vt 0.07698746 -0.0169408
vt 0.07655177 -0.01718427
vt 0.1029948 0.01448802
vt 0.1033888 0.01503296
vt 0.1029217 0.01526368
vt 0.1026293 0.01485922
vt 0.113394 0.03529137
vt 0.1135873 0.0359354
vt 0.1130704 0.0360001
vt 0.1129269 0.03552208
vt 0.1161104 0.04520968
vt 0.1160967 0.04588197
vt 0.1155849 0.04578491
vt 0.115595 0.04528591
vt 0.1098368 0.06150256
vt 0.1095449 0.06210831
vt 0.1091198 0.0618072
vt 0.1093365 0.0613576
vt 0.0430318 0.1180024
vt 0.04236358 0.1180775
vt 0.0423923 0.1175573
vt 0.04288827 0.1175016
vt -0.06100741 0.1061236
vt -0.06135651 0.1055489
vt -0.06087248 0.1053563
vt -0.06061336 0.1057828
vt -0.07962101 0.07873157
vt -0.07966972 0.0780609
vt -0.07915112 0.07811013
vt -0.07911495 0.07860791
vt -0.07606568 0.05012633
vt -0.0759026 0.04947397
vt -0.07542527 0.04968264
vt -0.07554632 0.05016684
vt -0.05976508 0.01336878
vt -0.05940207 0.01280275
vt -0.05901645 0.01315302
vt -0.05928589 0.01357314
vt -0.0260019 -0.02410044
vt -0.0254411 -0.02447149
vt -0.02522993 -0.02399527
vt -0.02564617 -0.02371986
vt 0.02720046 -0.03925761
vt 0.02787224 -0.03928722
vt 0.02780827 -0.03877021
vt 0.02730966 -0.03874824
vt 0.05942753 0.01165671
vt 0.059875 0.01187778
vt 0.05954544 0.01228123
vt 0.05930734 0.0121636
vt 0.0802581 0.02976104
vt 0.08055934 0.03015898
vt 0.08008408 0.0303723
vt 0.07992379 0.03016057
vt 0.09030964 0.04852624
vt 0.09041499 0.0490141
vt 0.08989408 0.04900711
vt 0.08983804 0.04874752
vt 0.0900763 0.06635977
vt 0.08995713 0.06684442
vt 0.089492 0.06660981
vt 0.08955541 0.06635192
vt 0.07506086 0.08760427
vt 0.07470468 0.08795388
vt 0.07443238 0.08750978
vt 0.07462189 0.08732375
vt 0.03592085 0.1083003
vt 0.03542262 0.1083297
vt 0.03550932 0.107816
vt 0.03577442 0.1078004
vt -0.0104727 0.107074
vt -0.01086163 0.1067613
vt -0.01045247 0.1064388
vt -0.01024553 0.1066052
vt -0.03425356 0.08768789
vt -0.03440891 0.0872136
vt -0.03389009 0.08716653
vt -0.03380743 0.0874189
vt -0.03731505 0.06221393
vt -0.03724223 0.06172017
vt -0.03675701 0.06190975
vt -0.03679575 0.06217247
vt -0.02596187 0.03491088
vt -0.02568811 0.03449357
vt -0.02532765 0.03486969
vt -0.02547333 0.03509174
vt -0.00247162 0.01216049
vt -0.002041525 0.01190728
vt -0.001884577 0.01240402
vt -0.00211342 0.01253874
vt 0.02913456 0.003238247
vt 0.02963329 0.003219127
vt 0.02953606 0.003730916
vt 0.02927069 0.003741091
vt 0.04182406 0.04739138
vt 0.0420618 0.04750971
vt 0.04171846 0.04790151
vt 0.05015861 0.05315611
vt 0.05031042 0.05337401
vt 0.04982119 0.05355301
vt 0.05401718 0.06140693
vt 0.05404434 0.06167111
vt 0.05352966 0.06159054
vt 0.05232111 0.07040585
vt 0.05221312 0.07064847
vt 0.0518069 0.07032233
vt 0.04484126 0.07835697
vt 0.04462322 0.07850859
vt 0.04444466 0.0780192
vt 0.03299545 0.08299679
vt 0.03273014 0.08300828
vt 0.03284099 0.08249927
vt 0.02043694 0.08236778
vt 0.02020682 0.08223521
vt 0.02057334 0.08186501
vt 0.01143395 0.07642779
vt 0.01130662 0.07619473
vt 0.01181235 0.07606975
vt 0.008441174 0.06710086
vt 0.008447639 0.06683538
vt 0.008947994 0.06698039
vt 0.01167971 0.05713578
vt 0.01181443 0.05690691
vt 0.01218119 0.05727687
vt 0.019899 0.04932328
vt 0.02012705 0.04918722
vt 0.02027112 0.04968785
vt 0.03087152 0.04582635
vt 0.03113689 0.04581625
vt 0.03102337 0.04632467
o group2081671994
g mesh2081671994
usemtl mat20
f 43/181/52 42/180/52 41/179/52
f 42/184/53 44/183/53 41/182/53
f 44/187/54 45/186/54 41/185/54
f 45/190/55 46/189/55 41/188/55
f 46/193/56 47/192/56 41/191/56
f 47/196/57 48/195/57 41/194/57
f 48/199/58 49/198/58 41/197/58
f 49/202/59 50/201/59 41/200/59
f 50/205/60 51/204/60 41/203/60
f 51/208/61 52/207/61 41/206/61
f 52/211/62 53/210/62 41/209/62
f 53/214/63 43/213/63 41/212/63
f 55/218/64 54/217/64 42/216/64 43/215/64
f 54/222/65 56/221/65 44/220/65 42/219/65
f 56/226/66 57/225/66 45/224/66 44/223/66
f 57/230/67 58/229/67 46/228/67 45/227/67
f 58/234/68 59/233/68 47/232/68 46/231/68
f 59/238/69 60/237/69 48/236/69 47/235/69
f 60/242/70 61/241/70 49/240/70 48/239/70
f 61/246/71 62/245/71 50/244/71 49/243/71
f 62/250/72 63/249/72 51/248/72 50/247/72
f 63/254/73 64/253/73 52/252/73 51/251/73
f 64/258/74 65/257/74 53/256/74 52/255/74
f 65/262/75 55/261/75 43/260/75 53/259/75
f 67/266/76 66/265/76 54/264/76 55/263/76
f 66/270/77 68/269/77 56/268/77 54/267/77
f 68/274/78 69/273/78 57/272/78 56/271/78
f 69/278/79 70/277/79 58/276/79 57/275/79
f 70/282/80 71/281/80 59/280/80 58/279/80
f 71/286/81 72/285/81 60/284/81 59/283/81
f 72/290/82 73/289/82 61/288/82 60/287/82
f 73/294/83 74/293/83 62/292/83 61/291/83
f 74/298/84 75/297/84 63/296/84 62/295/84
f 75/302/85 76/301/85 64/300/85 63/299/85
f 76/306/86 77/305/86 65/304/86 64/303/86
f 77/310/87 67/309/87 55/308/87 65/307/87
f 79/314/88 78/313/88 66/312/88 67/311/88
f 78/318/89 80/317/89 68/316/89 66/315/89
f 80/322/90 81/321/90 69/320/90 68/319/90
f 81/326/91 82/325/91 70/324/91 69/323/91
f 82/330/92 83/329/92 71/328/92 70/327/92
f 83/334/93 84/333/93 72/332/93 71/331/93
f 84/338/94 85/337/94 73/336/94 72/335/94
f 85/342/95 86/341/95 74/340/95 73/339/95
f 86/346/96 87/345/96 75/344/96 74/343/96
f 87/350/97 88/349/97 76/348/97 75/347/97
f 88/354/98 89/353/98 77/352/98 76/351/98
f 89/358/99 79/357/99 67/356/99 77/355/99
f 91/362/100 90/361/100 78/360/100 79/359/100
f 90/366/101 92/365/101 80/364/101 78/363/101
f 92/370/102 93/369/102 81/368/102 80/367/102
f 93/374/103 94/373/103 82/372/103 81/371/103
f 94/378/104 95/377/104 83/376/104 82/375/104
f 95/382/105 96/381/105 84/380/105 83/379/105
f 96/386/106 97/385/106 85/384/106 84/383/106
f 97/390/107 98/389/107 86/388/107 85/387/107
f 98/394/108 99/393/108 87/392/108 86/391/108
f 99/398/109 100/397/109 88/396/109 87/395/109
f 100/402/110 101/401/110 89/400/110 88/399/110
f 101/406/111 91/405/111 79/404/111 89/403/111
f 103/410/112 102/409/112 90/408/112 91/407/112
f 102/414/113 104/413/113 92/412/113 90/411/113
f 104/418/114 105/417/114 93/416/114 92/415/114
f 105/422/115 106/421/115 94/420/115 93/419/115
f 106/426/116 107/425/116 95/424/116 94/423/116
f 107/430/117 108/429/117 96/428/117 95/427/117
f 108/434/118 109/433/118 97/432/118 96/431/118
f 109/438/119 110/437/119 98/436/119 97/435/119
f 110/442/120 111/441/120 99/440/120 98/439/120
f 111/446/121 112/445/121 100/444/121 99/443/121
f 112/450/122 113/449/122 101/448/122 100/447/122
f 113/454/123 103/453/123 91/452/123 101/451/123
f 115/458/124 114/457/124 102/456/124 103/455/124
f 114/462/125 116/461/125 104/460/125 102/459/125
f 116/466/126 117/465/126 105/464/126 104/463/126
f 117/470/127 118/469/127 106/468/127 105/467/127
f 118/474/128 119/473/128 107/472/128 106/471/128
f 119/478/129 120/477/129 108/476/129 107/475/129
f 120/482/130 121/481/130 109/480/130 108/479/130
f 121/486/131 122/485/131 110/484/131 109/483/131
f 122/490/132 123/489/132 111/488/132 110/487/132
f 123/494/133 124/493/133 112/492/133 111/491/133
f 124/498/134 125/497/134 113/496/134 112/495/134
f 125/502/135 115/501/135 103/500/135 113/499/135
f 127/506/136 126/505/136 114/504/136 115/503/136
f 126/510/137 128/509/137 116/508/137 114/507/137
f 128/514/138 129/513/138 117/512/138 116/511/138
f 129/518/139 130/517/139 118/516/139 117/515/139
f 130/522/140 131/521/140 119/520/140 118/519/140
f 131/526/141 132/525/141 120/524/141 119/523/141
f 132/530/142 133/529/142 121/528/142 120/527/142
f 133/534/143 134/533/143 122/532/143 121/531/143
f 134/538/144 135/537/144 123/536/144 122/535/144
f 135/542/145 136/541/145 124/540/145 123/539/145
f 136/546/146 137/545/146 125/544/146 124/543/146
f 137/550/147 127/549/147 115/548/147 125/547/147
f 138/553/148 126/552/148 127/551/148
f 138/556/149 128/555/149 126/554/149
f 138/559/150 129/558/150 128/557/150
f 138/562/151 130/561/151 129/560/151
f 138/565/152 131/564/152 130/563/152
f 138/568/153 132/567/153 131/566/153
f 138/571/154 133/570/154 132/569/154
f 138/574/155 134/573/155 133/572/155
f 138/577/156 135/576/156 134/575/156
f 138/580/157 136/579/157 135/578/157
f 138/583/158 137/582/158 136/581/158
f 138/586/159 127/585/159 137/584/159
o group746386676
g mesh746386676
usemtl mat20
f 165/685/186 164/684/186 163/683/186
f 164/688/187 166/687/187 163/686/187
f 166/691/188 167/690/188 163/689/188
f 167/694/189 168/693/189 163/692/189
f 168/697/190 169/696/190 163/695/190
f 169/700/191 170/699/191 163/698/191
f 170/703/192 171/702/192 163/701/192
f 171/706/193 172/705/193 163/704/193
f 172/709/194 173/708/194 163/707/194
f 173/712/195 174/711/195 163/710/195
f 174/715/196 175/714/196 163/713/196
f 175/718/197 165/717/197 163/716/197
f 177/722/198 176/721/198 164/720/198 165/719/198
f 176/726/199 178/725/199 166/724/199 164/723/199
f 178/730/200 179/729/200 167/728/200 166/727/200
f 179/734/201 180/733/201 168/732/201 167/731/201
f 180/738/202 181/737/202 169/736/202 168/735/202
f 181/742/203 182/741/203 170/740/203 169/739/203
f 182/746/204 183/745/204 171/744/204 170/743/204
f 183/750/205 184/749/205 172/748/205 171/747/205
f 184/754/206 185/753/206 173/752/206 172/751/206
f 185/758/207 186/757/207 174/756/207 173/755/207
f 186/762/208 187/761/208 175/760/208 174/759/208
f 187/766/209 177/765/209 165/764/209 175/763/209
f 189/770/210 188/769/210 176/768/210 177/767/210
f 188/774/211 190/773/211 178/772/211 176/771/211
f 190/778/212 191/777/212 179/776/212 178/775/212
f 191/782/213 192/781/213 180/780/213 179/779/213
f 192/786/214 193/785/214 181/784/214 180/783/214
f 193/790/215 194/789/215 182/788/215 181/787/215
f 194/794/216 195/793/216 183/792/216 182/791/216
f 195/798/217 196/797/217 184/796/217 183/795/217
f 196/802/218 197/801/218 185/800/218 184/799/218
f 197/806/219 198/805/219 186/804/219 185/803/219
f 198/810/220 199/809/220 187/808/220 186/807/220
f 199/814/221 189/813/221 177/812/221 187/811/221
f 201/818/222 200/817/222 188/816/222 189/815/222
f 200/822/223 202/821/223 190/820/223 188/819/223
f 202/826/224 203/825/224 191/824/224 190/823/224
f 203/830/225 204/829/225 192/828/225 191/827/225
f 204/834/226 205/833/226 193/832/226 192/831/226
f 205/838/227 206/837/227 194/836/227 193/835/227
f 206/842/228 207/841/228 195/840/228 194/839/228
f 207/846/229 208/845/229 196/844/229 195/843/229
f 208/850/230 209/849/230 197/848/230 196/847/230
f 209/854/231 210/853/231 198/852/231 197/851/231
f 210/858/232 211/857/232 199/856/232 198/855/232
f 211/862/233 201/861/233 189/860/233 199/859/233
f 213/866/234 212/865/234 200/864/234 201/863/234
f 212/870/235 214/869/235 202/868/235 200/867/235
f 214/874/236 215/873/236 203/872/236 202/871/236
f 215/878/237 216/877/237 204/876/237 203/875/237
f 216/882/238 217/881/238 205/880/238 204/879/238
f 217/886/239 218/885/239 206/884/239 205/883/239
f 218/890/240 219/889/240 207/888/240 206/887/240
f 219/894/241 220/893/241 208/892/241 207/891/241
f 220/898/242 221/897/242 209/896/242 208/895/242
f 221/902/243 222/901/243 210/900/243 209/899/243
f 222/906/244 223/905/244 211/904/244 210/903/244
f 223/910/245 213/909/245 201/908/245 211/907/245
f 225/914/246 224/913/246 212/912/246 213/911/246
f 224/918/247 226/917/247 214/916/247 212/915/247
f 226/922/248 227/921/248 215/920/248 214/919/248
f 227/926/249 228/925/249 216/924/249 215/923/249
f 228/930/250 229/929/250 217/928/250 216/927/250
f 229/934/251 230/933/251 218/932/251 217/931/251
f 230/938/252 231/937/252 219/936/252 218/935/252
f 231/942/253 232/941/253 220/940/253 219/939/253
f 232/946/254 233/945/254 221/944/254 220/943/254
f 233/950/255 234/949/255 222/948/255 221/947/255
f 234/954/256 235/953/256 223/952/256 222/951/256
f 235/958/257 225/957/257 213/956/257 223/955/257
f 237/962/258 236/961/258 224/960/258 225/959/258
f 236/966/259 238/965/259 226/964/259 224/963/259
f 238/970/260 239/969/260 227/968/260 226/967/260
f 239/974/261 240/973/261 228/972/261 227/971/261
f 240/978/262 241/977/262 229/976/262 228/975/262
f 241/982/263 242/981/263 230/980/263 229/979/263
f 242/986/264 243/985/264 231/984/264 230/983/264
f 243/990/265 244/989/265 232/988/265 231/987/265
f 244/994/266 245/993/266 233/992/266 232/991/266
f 245/998/267 246/997/267 234/996/267 233/995/267
f 246/1002/268 247/1001/268 235/1000/268 234/999/268
f 247/1006/269 237/1005/269 225/1004/269 235/1003/269
f 249/1010/270 248/1009/270 236/1008/270 237/1007/270
f 248/1014/271 250/1013/271 238/1012/271 236/1011/271
f 250/1018/272 251/1017/272 239/1016/272 238/1015/272
f 251/1022/273 252/1021/273 240/1020/273 239/1019/273
f 252/1026/274 253/1025/274 241/1024/274 240/1023/274
f 253/1030/275 254/1029/275 242/1028/275 241/1027/275
f 254/1034/276 255/1033/276 243/1032/276 242/1031/276
f 255/1038/277 256/1037/277 244/1036/277 243/1035/277
f 256/1042/278 257/1041/278 245/1040/278 244/1039/278
f 257/1046/279 258/1045/279 246/1044/279 245/1043/279
f 258/1050/280 259/1049/280 247/1048/280 246/1047/280
f 259/1054/281 249/1053/281 237/1052/281 247/1051/281
f 260/1057/282 248/1056/282 249/1055/282
f 260/1060/283 250/1059/283 248/1058/283
f 260/1063/284 251/1062/284 250/1061/284
f 260/1066/285 252/1065/285 251/1064/285
f 260/1069/286 253/1068/286 252/1067/286
f 260/1072/287 254/1071/287 253/1070/287
f 260/1075/288 255/1074/288 254/1073/288
f 260/1078/289 256/1077/289 255/1076/289
f 260/1081/290 257/1080/290 256/1079/290
f 260/1084/291 258/1083/291 257/1082/291
f 260/1087/292 259/1086/292 258/1085/292
f 260/1090/293 249/1089/293 259/1088/293
o group1021404986
g mesh1021404986
usemtl mat20
f 263/1093/294 262/1092/294 261/1091/294
f 262/1096/295 264/1095/295 261/1094/295
f 264/1099/296 265/1098/296 261/1097/296
f 265/1102/297 266/1101/297 261/1100/297
f 266/1105/298 267/1104/298 261/1103/298
f 267/1108/299 268/1107/299 261/1106/299
f 268/1111/300 269/1110/300 261/1109/300
f 269/1114/301 270/1113/301 261/1112/301
f 270/1117/302 271/1116/302 261/1115/302
f 271/1120/303 272/1119/303 261/1118/303
f 272/1123/304 273/1122/304 261/1121/304
f 273/1126/305 263/1125/305 261/1124/305
f 275/1130/306 274/1129/306 262/1128/306 263/1127/306
f 274/1134/307 276/1133/307 264/1132/307 262/1131/307
f 276/1138/308 277/1137/308 265/1136/308 264/1135/308
f 277/1142/309 278/1141/309 266/1140/309 265/1139/309
f 278/1146/310 279/1145/310 267/1144/310 266/1143/310
f 279/1150/311 280/1149/311 268/1148/311 267/1147/311
f 280/1154/312 281/1153/312 269/1152/312 268/1151/312
f 281/1158/313 282/1157/313 270/1156/313 269/1155/313
f 282/1162/314 283/1161/314 271/1160/314 270/1159/314
f 283/1166/315 284/1165/315 272/1164/315 271/1163/315
f 284/1170/316 285/1169/316 273/1168/316 272/1167/316
f 285/1174/317 275/1173/317 263/1172/317 273/1171/317
f 287/1178/318 286/1177/318 274/1176/318 275/1175/318
f 286/1182/319 288/1181/319 276/1180/319 274/1179/319
f 288/1186/320 289/1185/320 277/1184/320 276/1183/320
f 289/1190/321 290/1189/321 278/1188/321 277/1187/321
f 290/1194/322 291/1193/322 279/1192/322 278/1191/322
f 291/1198/323 292/1197/323 280/1196/323 279/1195/323
f 292/1202/324 293/1201/324 281/1200/324 280/1199/324
f 293/1206/325 294/1205/325 282/1204/325 281/1203/325
f 294/1210/326 295/1209/326 283/1208/326 282/1207/326
f 295/1214/327 296/1213/327 284/1212/327 283/1211/327
f 296/1218/328 297/1217/328 285/1216/328 284/1215/328
f 297/1222/329 287/1221/329 275/1220/329 285/1219/329
f 299/1226/330 298/1225/330 286/1224/330 287/1223/330
f 298/1230/331 300/1229/331 288/1228/331 286/1227/331
f 300/1234/332 301/1233/332 289/1232/332 288/1231/332
f 301/1238/333 302/1237/333 290/1236/333 289/1235/333
f 302/1242/334 303/1241/334 291/1240/334 290/1239/334
f 303/1246/335 304/1245/335 292/1244/335 291/1243/335
f 304/1250/336 305/1249/336 293/1248/336 292/1247/336
f 305/1254/337 306/1253/337 294/1252/337 293/1251/337
f 306/1258/338 307/1257/338 295/1256/338 294/1255/338
f 307/1262/339 308/1261/339 296/1260/339 295/1259/339
f 308/1266/340 309/1265/340 297/1264/340 296/1263/340
f 309/1270/341 299/1269/341 287/1268/341 297/1267/341
f 311/1274/342 310/1273/342 298/1272/342 299/1271/342
f 310/1278/343 312/1277/343 300/1276/343 298/1275/343
f 312/1282/344 313/1281/344 301/1280/344 300/1279/344
f 313/1286/345 314/1285/345 302/1284/345 301/1283/345
f 314/1290/346 315/1289/346 303/1288/346 302/1287/346
f 315/1294/347 316/1293/347 304/1292/347 303/1291/347
f 316/1298/348 317/1297/348 305/1296/348 304/1295/348
f 317/1302/349 318/1301/349 306/1300/349 305/1299/349
f 318/1306/350 319/1305/350 307/1304/350 306/1303/350
f 319/1310/351 320/1309/351 308/1308/351 307/1307/351
f 320/1314/352 321/1313/352 309/1312/352 308/1311/352
f 321/1318/353 311/1317/353 299/1316/353 309/1315/353
f 323/1322/354 322/1321/354 310/1320/354 311/1319/354
f 322/1326/355 324/1325/355 312/1324/355 310/1323/355
f 324/1330/356 325/1329/356 313/1328/356 312/1327/356
f 325/1334/357 326/1333/357 314/1332/357 313/1331/357
f 326/1338/358 327/1337/358 315/1336/358 314/1335/358
f 327/1342/359 328/1341/359 316/1340/359 315/1339/359
f 328/1346/360 329/1345/360 317/1344/360 316/1343/360
f 329/1350/361 330/1349/361 318/1348/361 317/1347/361
f 330/1354/362 331/1353/362 319/1352/362 318/1351/362
f 331/1358/363 332/1357/363 320/1356/363 319/1355/363
f 332/1362/364 333/1361/364 321/1360/364 320/1359/364
f 333/1366/365 323/1365/365 311/1364/365 321/1363/365
f 335/1370/366 334/1369/366 322/1368/366 323/1367/366
f 334/1374/367 336/1373/367 324/1372/367 322/1371/367
f 336/1378/368 337/1377/368 325/1376/368 324/1375/368
f 337/1382/369 338/1381/369 326/1380/369 325/1379/369
f 338/1386/370 339/1385/370 327/1384/370 326/1383/370
f 339/1390/371 340/1389/371 328/1388/371 327/1387/371
f 340/1394/372 341/1393/372 329/1392/372 328/1391/372
f 341/1398/373 342/1397/373 330/1396/373 329/1395/373
f 342/1402/374 343/1401/374 331/1400/374 330/1399/374
f 343/1406/375 344/1405/375 332/1404/375 331/1403/375
f 344/1410/376 345/1409/376 333/1408/376 332/1407/376
f 345/1414/377 335/1413/377 323/1412/377 333/1411/377
f 347/1418/378 346/1417/378 334/1416/378 335/1415/378
f 346/1422/379 348/1421/379 336/1420/379 334/1419/379
f 348/1426/380 349/1425/380 337/1424/380 336/1423/380
f 349/1430/381 350/1429/381 338/1428/381 337/1427/381
f 350/1434/382 351/1433/382 339/1432/382 338/1431/382
f 351/1438/383 352/1437/383 340/1436/383 339/1435/383
f 352/1442/384 353/1441/384 341/1440/384 340/1439/384
f 353/1446/385 354/1445/385 342/1444/385 341/1443/385
f 354/1450/386 355/1449/386 343/1448/386 342/1447/386
f 355/1454/387 356/1453/387 344/1452/387 343/1451/387
f 356/1458/388 357/1457/388 345/1456/388 344/1455/388
f 357/1462/389 347/1461/389 335/1460/389 345/1459/389
f 358/1465/390 346/1464/390 347/1463/390
f 358/1468/391 348/1467/391 346/1466/391
f 358/1471/392 349/1470/392 348/1469/392
f 358/1474/393 350/1473/393 349/1472/393
f 358/1477/394 351/1476/394 350/1475/394
f 358/1480/395 352/1479/395 351/1478/395
f 358/1483/396 353/1482/396 352/1481/396
f 358/1486/397 354/1485/397 353/1484/397
f 358/1489/398 355/1488/398 354/1487/398
f 358/1492/399 356/1491/399 355/1490/399
f 358/1495/400 357/1494/400 356/1493/400
f 358/1498/401 347/1497/401 357/1496/401
o group1405561476
g mesh1405561476
usemtl mat20
f 361/1501/402 360/1500/402 359/1499/402
f 360/1504/403 362/1503/403 359/1502/403
f 362/1507/404 363/1506/404 359/1505/404
f 363/1510/405 364/1509/405 359/1508/405
f 364/1513/406 365/1512/406 359/1511/406
f 365/1516/407 366/1515/407 359/1514/407
f 366/1519/408 367/1518/408 359/1517/408
f 367/1522/409 368/1521/409 359/1520/409
f 368/1525/410 369/1524/410 359/1523/410
f 369/1528/411 370/1527/411 359/1526/411
f 370/1531/412 371/1530/412 359/1529/412
f 371/1534/413 361/1533/413 359/1532/413
f 373/1538/414 372/1537/414 360/1536/414 361/1535/414
f 372/1542/415 374/1541/415 362/1540/415 360/1539/415
f 374/1546/416 375/1545/416 363/1544/416 362/1543/416
f 375/1550/417 376/1549/417 364/1548/417 363/1547/417
f 376/1554/418 377/1553/418 365/1552/418 364/1551/418
f 377/1558/419 378/1557/419 366/1556/419 365/1555/419
f 378/1562/420 379/1561/420 367/1560/420 366/1559/420
f 379/1566/421 380/1565/421 368/1564/421 367/1563/421
f 380/1570/422 381/1569/422 369/1568/422 368/1567/422
f 381/1574/423 382/1573/423 370/1572/423 369/1571/423
f 382/1578/424 383/1577/424 371/1576/424 370/1575/424
f 383/1582/425 373/1581/425 361/1580/425 371/1579/425
f 385/1586/426 384/1585/426 372/1584/426 373/1583/426
f 384/1590/427 386/1589/427 374/1588/427 372/1587/427
f 386/1594/428 387/1593/428 375/1592/428 374/1591/428
f 387/1598/429 388/1597/429 376/1596/429 375/1595/429
f 388/1602/430 389/1601/430 377/1600/430 376/1599/430
f 389/1606/431 390/1605/431 378/1604/431 377/1603/431
f 390/1610/432 391/1609/432 379/1608/432 378/1607/432
f 391/1614/433 392/1613/433 380/1612/433 379/1611/433
f 392/1618/434 393/1617/434 381/1616/434 380/1615/434
f 393/1622/435 394/1621/435 382/1620/435 381/1619/435
f 394/1626/436 395/1625/436 383/1624/436 382/1623/436
f 395/1630/437 385/1629/437 373/1628/437 383/1627/437
f 397/1634/438 396/1633/438 384/1632/438 385/1631/438
f 396/1638/439 398/1637/439 386/1636/439 384/1635/439
f 398/1642/440 399/1641/440 387/1640/440 386/1639/440
f 399/1646/441 400/1645/441 388/1644/441 387/1643/441
f 400/1650/442 401/1649/442 389/1648/442 388/1647/442
f 401/1654/443 402/1653/443 390/1652/443 389/1651/443
f 402/1658/444 403/1657/444 391/1656/444 390/1655/444
f 403/1662/445 404/1661/445 392/1660/445 391/1659/445
f 404/1666/446 405/1665/446 393/1664/446 392/1663/446
f 405/1670/447 406/1669/447 394/1668/447 393/1667/447
f 406/1674/448 407/1673/448 395/1672/448 394/1671/448
f 407/1678/449 397/1677/449 385/1676/449 395/1675/449
f 409/1682/450 408/1681/450 396/1680/450 397/1679/450
f 408/1686/451 410/1685/451 398/1684/451 396/1683/451
f 410/1690/452 411/1689/452 399/1688/452 398/1687/452
f 411/1694/453 412/1693/453 400/1692/453 399/1691/453
f 412/1698/454 413/1697/454 401/1696/454 400/1695/454
f 413/1702/455 414/1701/455 402/1700/455 401/1699/455
f 414/1706/456 415/1705/456 403/1704/456 402/1703/456
f 415/1710/457 416/1709/457 404/1708/457 403/1707/457
f 416/1714/458 417/1713/458 405/1712/458 404/1711/458
f 417/1718/459 418/1717/459 406/1716/459 405/1715/459
f 418/1722/460 419/1721/460 407/1720/460 406/1719/460
f 419/1726/461 409/1725/461 397/1724/461 407/1723/461
f 421/1730/462 420/1729/462 408/1728/462 409/1727/462
f 420/1734/463 422/1733/463 410/1732/463 408/1731/463
f 422/1738/464 423/1737/464 411/1736/464 410/1735/464
f 423/1742/465 424/1741/465 412/1740/465 411/1739/465
f 424/1746/466 425/1745/466 413/1744/466 412/1743/466
f 425/1750/467 426/1749/467 414/1748/467 413/1747/467
f 426/1754/468 427/1753/468 415/1752/468 414/1751/468
f 427/1758/469 428/1757/469 416/1756/469 415/1755/469
f 428/1762/470 429/1761/470 417/1760/470 416/1759/470
f 429/1766/471 430/1765/471 418/1764/471 417/1763/471
f 430/1770/472 431/1769/472 419/1768/472 418/1767/472
f 431/1774/473 421/1773/473 409/1772/473 419/1771/473
f 433/1778/474 432/1777/474 420/1776/474 421/1775/474
f 432/1782/475 434/1781/475 422/1780/475 420/1779/475
f 434/1786/476 435/1785/476 423/1784/476 422/1783/476
f 435/1790/477 436/1789/477 424/1788/477 423/1787/477
f 436/1794/478 437/1793/478 425/1792/478 424/1791/478
f 437/1798/479 438/1797/479 426/1796/479 425/1795/479
f 438/1802/480 439/1801/480 427/1800/480 426/1799/480
f 439/1806/481 440/1805/481 428/1804/481 427/1803/481
f 440/1810/482 441/1809/482 429/1808/482 428/1807/482
f 441/1814/483 442/1813/483 430/1812/483 429/1811/483
f 442/1818/484 443/1817/484 431/1816/484 430/1815/484
f 443/1822/485 433/1821/485 421/1820/485 431/1819/485
f 445/1826/486 444/1825/486 432/1824/486 433/1823/486
f 444/1830/487 446/1829/487 434/1828/487 432/1827/487
f 446/1834/488 447/1833/488 435/1832/488 434/1831/488
f 447/1838/489 448/1837/489 436/1836/489 435/1835/489
f 448/1842/490 449/1841/490 437/1840/490 436/1839/490
f 449/1846/491 450/1845/491 438/1844/491 437/1843/491
f 450/1850/492 451/1849/492 439/1848/492 438/1847/492
f 451/1854/493 452/1853/493 440/1852/493 439/1851/493
f 452/1858/494 453/1857/494 441/1856/494 440/1855/494
f 453/1862/495 454/1861/495 442/1860/495 441/1859/495
f 454/1866/496 455/1865/496 443/1864/496 442/1863/496
f 455/1870/497 445/1869/497 433/1868/497 443/1867/497
f 456/1873/498 444/1872/498 445/1871/498
f 456/1876/499 446/1875/499 444/1874/499
f 456/1879/500 447/1878/500 446/1877/500
f 456/1882/501 448/1881/501 447/1880/501
f 456/1885/502 449/1884/502 448/1883/502
f 456/1888/503 450/1887/503 449/1886/503
f 456/1891/504 451/1890/504 450/1889/504
f 456/1894/505 452/1893/505 451/1892/505
f 456/1897/506 453/1896/506 452/1895/506
f 456/1900/507 454/1899/507 453/1898/507
f 456/1903/508 455/1902/508 454/1901/508
f 456/1906/509 445/1905/509 455/1904/509
o group127511096
g mesh127511096
usemtl mat20
f 459/1909/510 458/1908/510 457/1907/510
f 458/1912/511 460/1911/511 457/1910/511
f 460/1915/512 461/1914/512 457/1913/512
f 461/1918/513 462/1917/513 457/1916/513
f 462/1921/514 463/1920/514 457/1919/514
f 463/1924/515 464/1923/515 457/1922/515
f 464/1927/516 465/1926/516 457/1925/516
f 465/1930/517 466/1929/517 457/1928/517
f 466/1933/518 467/1932/518 457/1931/518
f 467/1936/519 468/1935/519 457/1934/519
f 468/1939/520 469/1938/520 457/1937/520
f 469/1942/521 459/1941/521 457/1940/521
f 471/1946/522 470/1945/522 458/1944/522 459/1943/522
f 470/1950/523 472/1949/523 460/1948/523 458/1947/523
f 472/1954/524 473/1953/524 461/1952/524 460/1951/524
f 473/1958/525 474/1957/525 462/1956/525 461/1955/525
f 474/1962/526 475/1961/526 463/1960/526 462/1959/526
f 475/1966/527 476/1965/527 464/1964/527 463/1963/527
f 476/1970/528 477/1969/528 465/1968/528 464/1967/528
f 477/1974/529 478/1973/529 466/1972/529 465/1971/529
f 478/1978/530 479/1977/530 467/1976/530 466/1975/530
f 479/1982/531 480/1981/531 468/1980/531 467/1979/531
f 480/1986/532 481/1985/532 469/1984/532 468/1983/532
f 481/1990/533 471/1989/533 459/1988/533 469/1987/533
f 483/1994/534 482/1993/534 470/1992/534 471/1991/534
f 482/1998/535 484/1997/535 472/1996/535 470/1995/535
f 484/2002/536 485/2001/536 473/2000/536 472/1999/536
f 485/2006/537 486/2005/537 474/2004/537 473/2003/537
f 486/2010/538 487/2009/538 475/2008/538 474/2007/538
f 487/2014/539 488/2013/539 476/2012/539 475/2011/539
f 488/2018/540 489/2017/540 477/2016/540 476/2015/540
f 489/2022/541 490/2021/541 478/2020/541 477/2019/541
f 490/2026/542 491/2025/542 479/2024/542 478/2023/542
f 491/2030/543 492/2029/543 480/2028/543 479/2027/543
f 492/2034/544 493/2033/544 481/2032/544 480/2031/544
f 493/2038/545 483/2037/545 471/2036/545 481/2035/545
f 495/2042/546 494/2041/546 482/2040/546 483/2039/546
f 494/2046/547 496/2045/547 484/2044/547 482/2043/547
f 496/2050/548 497/2049/548 485/2048/548 484/2047/548
f 497/2054/549 498/2053/549 486/2052/549 485/2051/549
f 498/2058/550 499/2057/550 487/2056/550 486/2055/550
f 499/2062/551 500/2061/551 488/2060/551 487/2059/551
f 500/2066/552 501/2065/552 489/2064/552 488/2063/552
f 501/2070/553 502/2069/553 490/2068/553 489/2067/553
f 502/2074/554 503/2073/554 491/2072/554 490/2071/554
f 503/2078/555 504/2077/555 492/2076/555 491/2075/555
f 504/2082/556 505/2081/556 493/2080/556 492/2079/556
f 505/2086/557 495/2085/557 483/2084/557 493/2083/557
f 507/2090/558 506/2089/558 494/2088/558 495/2087/558
f 506/2094/559 508/2093/559 496/2092/559 494/2091/559
f 508/2098/560 509/2097/560 497/2096/560 496/2095/560
f 509/2102/561 510/2101/561 498/2100/561 497/2099/561
f 510/2106/562 511/2105/562 499/2104/562 498/2103/562
f 511/2110/563 512/2109/563 500/2108/563 499/2107/563
f 512/2114/564 513/2113/564 501/2112/564 500/2111/564
f 513/2118/565 514/2117/565 502/2116/565 501/2115/565
f 514/2122/566 515/2121/566 503/2120/566 502/2119/566
f 515/2126/567 516/2125/567 504/2124/567 503/2123/567
f 516/2130/568 517/2129/568 505/2128/568 504/2127/568
f 517/2134/569 507/2133/569 495/2132/569 505/2131/569
f 519/2138/570 518/2137/570 506/2136/570 507/2135/570
f 518/2142/571 520/2141/571 508/2140/571 506/2139/571
f 520/2146/572 521/2145/572 509/2144/572 508/2143/572
f 521/2150/573 522/2149/573 510/2148/573 509/2147/573
f 522/2154/574 523/2153/574 511/2152/574 510/2151/574
f 523/2158/575 524/2157/575 512/2156/575 511/2155/575
f 524/2162/576 525/2161/576 513/2160/576 512/2159/576
f 525/2166/577 526/2165/577 514/2164/577 513/2163/577
f 526/2170/578 527/2169/578 515/2168/578 514/2167/578
f 527/2174/579 528/2173/579 516/2172/579 515/2171/579
f 528/2178/580 529/2177/580 517/2176/580 516/2175/580
f 529/2182/581 519/2181/581 507/2180/581 517/2179/581
f 531/2186/582 530/2185/582 518/2184/582 519/2183/582
f 530/2190/583 532/2189/583 520/2188/583 518/2187/583
f 532/2194/584 533/2193/584 521/2192/584 520/2191/584
f 533/2198/585 534/2197/585 522/2196/585 521/2195/585
f 534/2202/586 535/2201/586 523/2200/586 522/2199/586
f 535/2206/587 536/2205/587 524/2204/587 523/2203/587
f 536/2210/588 537/2209/588 525/2208/588 524/2207/588
f 537/2214/589 538/2213/589 526/2212/589 525/2211/589
f 538/2218/590 539/2217/590 527/2216/590 526/2215/590
f 539/2222/591 540/2221/591 528/2220/591 527/2219/591
f 540/2226/592 541/2225/592 529/2224/592 528/2223/592
f 541/2230/593 531/2229/593 519/2228/593 529/2227/593
f 543/2234/594 542/2233/594 530/2232/594 531/2231/594
f 542/2238/595 544/2237/595 532/2236/595 530/2235/595
f 544/2242/596 545/2241/596 533/2240/596 532/2239/596
f 545/2246/597 546/2245/597 534/2244/597 533/2243/597
f 546/2250/598 547/2249/598 535/2248/598 534/2247/598
f 547/2254/599 548/2253/599 536/2252/599 535/2251/599
f 548/2258/600 549/2257/600 537/2256/600 536/2255/600
f 549/2262/601 550/2261/601 538/2260/601 537/2259/601
f 550/2266/602 551/2265/602 539/2264/602 538/2263/602
f 551/2270/603 552/2269/603 540/2268/603 539/2267/603
f 552/2274/604 553/2273/604 541/2272/604 540/2271/604
f 553/2278/605 543/2277/605 531/2276/605 541/2275/605
f 554/2281/606 542/2280/606 543/2279/606
f 554/2284/607 544/2283/607 542/2282/607
f 554/2287/608 545/2286/608 544/2285/608
f 554/2290/609 546/2289/609 545/2288/609
f 554/2293/610 547/2292/610 546/2291/610
f 554/2296/611 548/2295/611 547/2294/611
f 554/2299/612 549/2298/612 548/2297/612
f 554/2302/613 550/2301/613 549/2300/613
f 554/2305/614 551/2304/614 550/2303/614
f 554/2308/615 552/2307/615 551/2306/615
f 554/2311/616 553/2310/616 552/2309/616
f 554/2314/617 543/2313/617 553/2312/617
o group61742501
g mesh61742501
usemtl mat20
f 557/2317/618 556/2316/618 555/2315/618
f 556/2320/619 558/2319/619 555/2318/619
f 558/2323/620 559/2322/620 555/2321/620
f 559/2326/621 560/2325/621 555/2324/621
f 560/2329/622 561/2328/622 555/2327/622
f 561/2332/623 562/2331/623 555/2330/623
f 562/2335/624 563/2334/624 555/2333/624
f 563/2338/625 564/2337/625 555/2336/625
f 564/2341/626 565/2340/626 555/2339/626
f 565/2344/627 566/2343/627 555/2342/627
f 566/2347/628 567/2346/628 555/2345/628
f 567/2350/629 557/2349/629 555/2348/629
f 569/2354/630 568/2353/630 556/2352/630 557/2351/630
f 568/2358/631 570/2357/631 558/2356/631 556/2355/631
f 570/2362/632 571/2361/632 559/2360/632 558/2359/632
f 571/2366/633 572/2365/633 560/2364/633 559/2363/633
f 572/2370/634 573/2369/634 561/2368/634 560/2367/634
f 573/2374/635 574/2373/635 562/2372/635 561/2371/635
f 574/2378/636 575/2377/636 563/2376/636 562/2375/636
f 575/2382/637 576/2381/637 564/2380/637 563/2379/637
f 576/2386/638 577/2385/638 565/2384/638 564/2383/638
f 577/2390/639 578/2389/639 566/2388/639 565/2387/639
f 578/2394/640 579/2393/640 567/2392/640 566/2391/640
f 579/2398/641 569/2397/641 557/2396/641 567/2395/641
f 581/2402/642 580/2401/642 568/2400/642 569/2399/642
f 580/2406/643 582/2405/643 570/2404/643 568/2403/643
f 582/2410/644 583/2409/644 571/2408/644 570/2407/644
f 583/2414/645 584/2413/645 572/2412/645 571/2411/645
f 584/2418/646 585/2417/646 573/2416/646 572/2415/646
f 585/2422/647 586/2421/647 574/2420/647 573/2419/647
f 586/2426/648 587/2425/648 575/2424/648 574/2423/648
f 587/2430/649 588/2429/649 576/2428/649 575/2427/649
f 588/2434/650 589/2433/650 577/2432/650 576/2431/650
f 589/2438/651 590/2437/651 578/2436/651 577/2435/651
f 590/2442/652 591/2441/652 579/2440/652 578/2439/652
f 591/2446/653 581/2445/653 569/2444/653 579/2443/653
f 593/2450/654 592/2449/654 580/2448/654 581/2447/654
f 592/2454/655 594/2453/655 582/2452/655 580/2451/655
f 594/2458/656 595/2457/656 583/2456/656 582/2455/656
f 595/2462/657 596/2461/657 584/2460/657 583/2459/657
f 596/2466/658 597/2465/658 585/2464/658 584/2463/658
f 597/2470/659 598/2469/659 586/2468/659 585/2467/659
f 598/2474/660 599/2473/660 587/2472/660 586/2471/660
f 599/2478/661 600/2477/661 588/2476/661 587/2475/661
f 600/2482/662 601/2481/662 589/2480/662 588/2479/662
f 601/2486/663 602/2485/663 590/2484/663 589/2483/663
f 602/2490/664 603/2489/664 591/2488/664 590/2487/664
f 603/2494/665 593/2493/665 581/2492/665 591/2491/665
f 605/2498/666 604/2497/666 592/2496/666 593/2495/666
f 604/2502/667 606/2501/667 594/2500/667 592/2499/667
f 606/2506/668 607/2505/668 595/2504/668 594/2503/668
f 607/2510/669 608/2509/669 596/2508/669 595/2507/669
f 608/2514/670 609/2513/670 597/2512/670 596/2511/670
f 609/2518/671 610/2517/671 598/2516/671 597/2515/671
f 610/2522/672 611/2521/672 599/2520/672 598/2519/672
f 611/2526/673 612/2525/673 600/2524/673 599/2523/673
f 612/2530/674 613/2529/674 601/2528/674 600/2527/674
f 613/2534/675 614/2533/675 602/2532/675 601/2531/675
f 614/2538/676 615/2537/676 603/2536/676 602/2535/676
f 615/2542/677 605/2541/677 593/2540/677 603/2539/677
f 617/2546/678 616/2545/678 604/2544/678 605/2543/678
f 616/2550/679 618/2549/679 606/2548/679 604/2547/679
f 618/2554/680 619/2553/680 607/2552/680 606/2551/680
f 619/2558/681 620/2557/681 608/2556/681 607/2555/681
f 620/2562/682 621/2561/682 609/2560/682 608/2559/682
f 621/2566/683 622/2565/683 610/2564/683 609/2563/683
f 622/2570/684 623/2569/684 611/2568/684 610/2567/684
f 623/2574/685 624/2573/685 612/2572/685 611/2571/685
f 624/2578/686 625/2577/686 613/2576/686 612/2575/686
f 625/2582/687 626/2581/687 614/2580/687 613/2579/687
f 626/2586/688 627/2585/688 615/2584/688 614/2583/688
f 627/2590/689 617/2589/689 605/2588/689 615/2587/689
f 629/2594/690 628/2593/690 616/2592/690 617/2591/690
f 628/2598/691 630/2597/691 618/2596/691 616/2595/691
f 630/2602/692 631/2601/692 619/2600/692 618/2599/692
f 631/2606/693 632/2605/693 620/2604/693 619/2603/693
f 632/2610/694 633/2609/694 621/2608/694 620/2607/694
f 633/2614/695 634/2613/695 622/2612/695 621/2611/695
f 634/2618/696 635/2617/696 623/2616/696 622/2615/696
f 635/2622/697 636/2621/697 624/2620/697 623/2619/697
f 636/2626/698 637/2625/698 625/2624/698 624/2623/698
f 637/2630/699 638/2629/699 626/2628/699 625/2627/699
f 638/2634/700 639/2633/700 627/2632/700 626/2631/700
f 639/2638/701 629/2637/701 617/2636/701 627/2635/701
f 641/2642/702 640/2641/702 628/2640/702 629/2639/702
f 640/2646/703 642/2645/703 630/2644/703 628/2643/703
f 642/2650/704 643/2649/704 631/2648/704 630/2647/704
f 643/2654/705 644/2653/705 632/2652/705 631/2651/705
f 644/2658/706 645/2657/706 633/2656/706 632/2655/706
f 645/2662/707 646/2661/707 634/2660/707 633/2659/707
f 646/2666/708 647/2665/708 635/2664/708 634/2663/708
f 647/2670/709 648/2669/709 636/2668/709 635/2667/709
f 648/2674/710 649/2673/710 637/2672/710 636/2671/710
f 649/2678/711 650/2677/711 638/2676/711 637/2675/711
f 650/2682/712 651/2681/712 639/2680/712 638/2679/712
f 651/2686/713 641/2685/713 629/2684/713 639/2683/713
f 652/2689/714 640/2688/714 641/2687/714
f 652/2692/715 642/2691/715 640/2690/715
f 652/2695/716 643/2694/716 642/2693/716
f 652/2698/717 644/2697/717 643/2696/717
f 652/2701/718 645/2700/718 644/2699/718
f 652/2704/719 646/2703/719 645/2702/719
f 652/2707/720 647/2706/720 646/2705/720
f 652/2710/721 648/2709/721 647/2708/721
f 652/2713/722 649/2712/722 648/2711/722
f 652/2716/723 650/2715/723 649/2714/723
f 652/2719/724 651/2718/724 650/2717/724
f 652/2722/725 641/2721/725 651/2720/725
o group1083617760
g mesh1083617760
usemtl mat20
f 655/2725/726 654/2724/726 653/2723/726
f 654/2728/727 656/2727/727 653/2726/727
f 656/2731/728 657/2730/728 653/2729/728
f 657/2734/729 658/2733/729 653/2732/729
f 658/2737/730 659/2736/730 653/2735/730
f 659/2740/731 660/2739/731 653/2738/731
f 660/2743/732 661/2742/732 653/2741/732
f 661/2746/733 662/2745/733 653/2744/733
f 662/2749/734 663/2748/734 653/2747/734
f 663/2752/735 664/2751/735 653/2750/735
f 664/2755/736 665/2754/736 653/2753/736
f 665/2758/737 655/2757/737 653/2756/737
f 667/2762/738 666/2761/738 654/2760/738 655/2759/738
f 666/2766/739 668/2765/739 656/2764/739 654/2763/739
f 668/2770/740 669/2769/740 657/2768/740 656/2767/740
f 669/2774/741 670/2773/741 658/2772/741 657/2771/741
f 670/2778/742 671/2777/742 659/2776/742 658/2775/742
f 671/2782/743 672/2781/743 660/2780/743 659/2779/743
f 672/2786/744 673/2785/744 661/2784/744 660/2783/744
f 673/2790/745 674/2789/745 662/2788/745 661/2787/745
f 674/2794/746 675/2793/746 663/2792/746 662/2791/746
f 675/2798/747 676/2797/747 664/2796/747 663/2795/747
f 676/2802/748 677/2801/748 665/2800/748 664/2799/748
f 677/2806/749 667/2805/749 655/2804/749 665/2803/749
f 679/2810/750 678/2809/750 666/2808/750 667/2807/750
f 678/2814/751 680/2813/751 668/2812/751 666/2811/751
f 680/2818/752 681/2817/752 669/2816/752 668/2815/752
f 681/2822/753 682/2821/753 670/2820/753 669/2819/753
f 682/2826/754 683/2825/754 671/2824/754 670/2823/754
f 683/2830/755 684/2829/755 672/2828/755 671/2827/755
f 684/2834/756 685/2833/756 673/2832/756 672/2831/756
f 685/2838/757 686/2837/757 674/2836/757 673/2835/757
f 686/2842/758 687/2841/758 675/2840/758 674/2839/758
f 687/2846/759 688/2845/759 676/2844/759 675/2843/759
f 688/2850/760 689/2849/760 677/2848/760 676/2847/760
f 689/2854/761 679/2853/761 667/2852/761 677/2851/761
f 691/2858/762 690/2857/762 678/2856/762 679/2855/762
f 690/2862/763 692/2861/763 680/2860/763 678/2859/763
f 692/2866/764 693/2865/764 681/2864/764 680/2863/764
f 693/2870/765 694/2869/765 682/2868/765 681/2867/765
f 694/2874/766 695/2873/766 683/2872/766 682/2871/766
f 695/2878/767 696/2877/767 684/2876/767 683/2875/767
f 696/2882/768 697/2881/768 685/2880/768 684/2879/768
f 697/2886/769 698/2885/769 686/2884/769 685/2883/769
f 698/2890/770 699/2889/770 687/2888/770 686/2887/770
f 699/2894/771 700/2893/771 688/2892/771 687/2891/771
f 700/2898/772 701/2897/772 689/2896/772 688/2895/772
f 701/2902/773 691/2901/773 679/2900/773 689/2899/773
f 703/2906/774 702/2905/774 690/2904/774 691/2903/774
f 702/2910/775 704/2909/775 692/2908/775 690/2907/775
f 704/2914/776 705/2913/776 693/2912/776 692/2911/776
f 705/2918/777 706/2917/777 694/2916/777 693/2915/777
f 706/2922/778 707/2921/778 695/2920/778 694/2919/778
f 707/2926/779 708/2925/779 696/2924/779 695/2923/779
f 708/2930/780 709/2929/780 697/2928/780 696/2927/780
f 709/2934/781 710/2933/781 698/2932/781 697/2931/781
f 710/2938/782 711/2937/782 699/2936/782 698/2935/782
f 711/2942/783 712/2941/783 700/2940/783 699/2939/783
f 712/2946/784 713/2945/784 701/2944/784 700/2943/784
f 713/2950/785 703/2949/785 691/2948/785 701/2947/785
f 715/2954/786 714/2953/786 702/2952/786 703/2951/786
f 714/2958/787 716/2957/787 704/2956/787 702/2955/787
f 716/2962/788 717/2961/788 705/2960/788 704/2959/788
f 717/2966/789 718/2965/789 706/2964/789 705/2963/789
f 718/2970/790 719/2969/790 707/2968/790 706/2967/790
f 719/2974/791 720/2973/791 708/2972/791 707/2971/791
f 720/2978/792 721/2977/792 709/2976/792 708/2975/792
f 721/2982/793 722/2981/793 710/2980/793 709/2979/793
f 722/2986/794 723/2985/794 711/2984/794 710/2983/794
f 723/2990/795 724/2989/795 712/2988/795 711/2987/795
f 724/2994/796 725/2993/796 713/2992/796 712/2991/796
f 725/2998/797 715/2997/797 703/2996/797 713/2995/797
f 727/3002/798 726/3001/798 714/3000/798 715/2999/798
f 726/3006/799 728/3005/799 716/3004/799 714/3003/799
f 728/3010/800 729/3009/800 717/3008/800 716/3007/800
f 729/3014/801 730/3013/801 718/3012/801 717/3011/801
f 730/3018/802 731/3017/802 719/3016/802 718/3015/802
f 731/3022/803 732/3021/803 720/3020/803 719/3019/803
f 732/3026/804 733/3025/804 721/3024/804 720/3023/804
f 733/3030/805 734/3029/805 722/3028/805 721/3027/805
f 734/3034/806 735/3033/806 723/3032/806 722/3031/806
f 735/3038/807 736/3037/807 724/3036/807 723/3035/807
f 736/3042/808 737/3041/808 725/3040/808 724/3039/808
f 737/3046/809 727/3045/809 715/3044/809 725/3043/809
f 739/3050/810 738/3049/810 726/3048/810 727/3047/810
f 738/3054/811 740/3053/811 728/3052/811 726/3051/811
f 740/3058/812 741/3057/812 729/3056/812 728/3055/812
f 741/3062/813 742/3061/813 730/3060/813 729/3059/813
f 742/3066/814 743/3065/814 731/3064/814 730/3063/814
f 743/3070/815 744/3069/815 732/3068/815 731/3067/815
f 744/3074/816 745/3073/816 733/3072/816 732/3071/816
f 745/3078/817 746/3077/817 734/3076/817 733/3075/817
f 746/3082/818 747/3081/818 735/3080/818 734/3079/818
f 747/3086/819 748/3085/819 736/3084/819 735/3083/819
f 748/3090/820 749/3089/820 737/3088/820 736/3087/820
f 749/3094/821 739/3093/821 727/3092/821 737/3091/821
f 750/3097/822 738/3096/822 739/3095/822
f 750/3100/823 740/3099/823 738/3098/823
f 750/3103/824 741/3102/824 740/3101/824
f 750/3106/825 742/3105/825 741/3104/825
f 750/3109/826 743/3108/826 742/3107/826
f 750/3112/827 744/3111/827 743/3110/827
f 750/3115/828 745/3114/828 744/3113/828
f 750/3118/829 746/3117/829 745/3116/829
f 750/3121/830 747/3120/830 746/3119/830
f 750/3124/831 748/3123/831 747/3122/831
f 750/3127/832 749/3126/832 748/3125/832
f 750/3130/833 739/3129/833 749/3128/833
o group689161795
g mesh689161795
usemtl mat20
f 753/3133/834 752/3132/834 751/3131/834
f 752/3136/835 754/3135/835 751/3134/835
f 754/3139/836 755/3138/836 751/3137/836
f 755/3142/837 756/3141/837 751/3140/837
f 756/3145/838 757/3144/838 751/3143/838
f 757/3148/839 758/3147/839 751/3146/839
f 758/3151/840 759/3150/840 751/3149/840
f 759/3154/841 760/3153/841 751/3152/841
f 760/3157/842 761/3156/842 751/3155/842
f 761/3160/843 762/3159/843 751/3158/843
f 762/3163/844 763/3162/844 751/3161/844
f 763/3166/845 753/3165/845 751/3164/845
f 765/3170/846 764/3169/846 752/3168/846 753/3167/846
f 764/3174/847 766/3173/847 754/3172/847 752/3171/847
f 766/3178/848 767/3177/848 755/3176/848 754/3175/848
f 767/3182/849 768/3181/849 756/3180/849 755/3179/849
f 768/3186/850 769/3185/850 757/3184/850 756/3183/850
f 769/3190/851 770/3189/851 758/3188/851 757/3187/851
f 770/3194/852 771/3193/852 759/3192/852 758/3191/852
f 771/3198/853 772/3197/853 760/3196/853 759/3195/853
f 772/3202/854 773/3201/854 761/3200/854 760/3199/854
f 773/3206/855 774/3205/855 762/3204/855 761/3203/855
f 774/3210/856 775/3209/856 763/3208/856 762/3207/856
f 775/3214/857 765/3213/857 753/3212/857 763/3211/857
f 777/3218/858 776/3217/858 764/3216/858 765/3215/858
f 776/3222/859 778/3221/859 766/3220/859 764/3219/859
f 778/3226/860 779/3225/860 767/3224/860 766/3223/860
f 779/3230/861 780/3229/861 768/3228/861 767/3227/861
f 780/3234/862 781/3233/862 769/3232/862 768/3231/862
f 781/3238/863 782/3237/863 770/3236/863 769/3235/863
f 782/3242/864 783/3241/864 771/3240/864 770/3239/864
f 783/3246/865 784/3245/865 772/3244/865 771/3243/865
f 784/3250/866 785/3249/866 773/3248/866 772/3247/866
f 785/3254/867 786/3253/867 774/3252/867 773/3251/867
f 786/3258/868 787/3257/868 775/3256/868 774/3255/868
f 787/3262/869 777/3261/869 765/3260/869 775/3259/869
f 789/3266/870 788/3265/870 776/3264/870 777/3263/870
f 788/3270/871 790/3269/871 778/3268/871 776/3267/871
f 790/3274/872 791/3273/872 779/3272/872 778/3271/872
f 791/3278/873 792/3277/873 780/3276/873 779/3275/873
f 792/3282/874 793/3281/874 781/3280/874 780/3279/874
f 793/3286/875 794/3285/875 782/3284/875 781/3283/875
f 794/3290/876 795/3289/876 783/3288/876 782/3287/876
f 795/3294/877 796/3293/877 784/3292/877 783/3291/877
f 796/3298/878 797/3297/878 785/3296/878 784/3295/878
f 797/3302/879 798/3301/879 786/3300/879 785/3299/879
f 798/3306/880 799/3305/880 787/3304/880 786/3303/880
f 799/3310/881 789/3309/881 777/3308/881 787/3307/881
f 801/3314/882 800/3313/882 788/3312/882 789/3311/882
f 800/3318/883 802/3317/883 790/3316/883 788/3315/883
f 802/3322/884 803/3321/884 791/3320/884 790/3319/884
f 803/3326/885 804/3325/885 792/3324/885 791/3323/885
f 804/3330/886 805/3329/886 793/3328/886 792/3327/886
f 805/3334/887 806/3333/887 794/3332/887 793/3331/887
f 806/3338/888 807/3337/888 795/3336/888 794/3335/888
f 807/3342/889 808/3341/889 796/3340/889 795/3339/889
f 808/3346/890 809/3345/890 797/3344/890 796/3343/890
f 809/3350/891 810/3349/891 798/3348/891 797/3347/891
f 810/3354/892 811/3353/892 799/3352/892 798/3351/892
f 811/3358/893 801/3357/893 789/3356/893 799/3355/893
f 813/3362/894 812/3361/894 800/3360/894 801/3359/894
f 812/3366/895 814/3365/895 802/3364/895 800/3363/895
f 814/3370/896 815/3369/896 803/3368/896 802/3367/896
f 815/3374/897 816/3373/897 804/3372/897 803/3371/897
f 816/3378/898 817/3377/898 805/3376/898 804/3375/898
f 817/3382/899 818/3381/899 806/3380/899 805/3379/899
f 818/3386/900 819/3385/900 807/3384/900 806/3383/900
f 819/3390/901 820/3389/901 808/3388/901 807/3387/901
f 820/3394/902 821/3393/902 809/3392/902 808/3391/902
f 821/3398/903 822/3397/903 810/3396/903 809/3395/903
f 822/3402/904 823/3401/904 811/3400/904 810/3399/904
f 823/3406/905 813/3405/905 801/3404/905 811/3403/905
f 825/3410/906 824/3409/906 812/3408/906 813/3407/906
f 824/3414/907 826/3413/907 814/3412/907 812/3411/907
f 826/3418/908 827/3417/908 815/3416/908 814/3415/908
f 827/3422/909 828/3421/909 816/3420/909 815/3419/909
f 828/3426/910 829/3425/910 817/3424/910 816/3423/910
f 829/3430/911 830/3429/911 818/3428/911 817/3427/911
f 830/3434/912 831/3433/912 819/3432/912 818/3431/912
f 831/3438/913 832/3437/913 820/3436/913 819/3435/913
f 832/3442/914 833/3441/914 821/3440/914 820/3439/914
f 833/3446/915 834/3445/915 822/3444/915 821/3443/915
f 834/3450/916 835/3449/916 823/3448/916 822/3447/916
f 835/3454/917 825/3453/917 813/3452/917 823/3451/917
f 837/3458/918 836/3457/918 824/3456/918 825/3455/918
f 836/3462/919 838/3461/919 826/3460/919 824/3459/919
f 838/3466/920 839/3465/920 827/3464/920 826/3463/920
f 839/3470/921 840/3469/921 828/3468/921 827/3467/921
f 840/3474/922 841/3473/922 829/3472/922 828/3471/922
f 841/3478/923 842/3477/923 830/3476/923 829/3475/923
f 842/3482/924 843/3481/924 831/3480/924 830/3479/924
f 843/3486/925 844/3485/925 832/3484/925 831/3483/925
f 844/3490/926 845/3489/926 833/3488/926 832/3487/926
f 845/3494/927 846/3493/927 834/3492/927 833/3491/927
f 846/3498/928 847/3497/928 835/3496/928 834/3495/928
f 847/3502/929 837/3501/929 825/3500/929 835/3499/929
f 848/3505/930 836/3504/930 837/3503/930
f 848/3508/931 838/3507/931 836/3506/931
f 848/3511/932 839/3510/932 838/3509/932
f 848/3514/933 840/3513/933 839/3512/933
f 848/3517/934 841/3516/934 840/3515/934
f 848/3520/935 842/3519/935 841/3518/935
f 848/3523/936 843/3522/936 842/3521/936
f 848/3526/937 844/3525/937 843/3524/937
f 848/3529/938 845/3528/938 844/3527/938
f 848/3532/939 846/3531/939 845/3530/939
f 848/3535/940 847/3534/940 846/3533/940
f 848/3538/941 837/3537/941 847/3536/941
o group1626013400
g mesh1626013400
usemtl mat20
f 851/3541/942 850/3540/942 849/3539/942
f 850/3544/943 852/3543/943 849/3542/943
f 852/3547/944 853/3546/944 849/3545/944
f 853/3550/945 854/3549/945 849/3548/945
f 854/3553/946 855/3552/946 849/3551/946
f 855/3556/947 856/3555/947 849/3554/947
f 856/3559/948 857/3558/948 849/3557/948
f 857/3562/949 858/3561/949 849/3560/949
f 858/3565/950 859/3564/950 849/3563/950
f 859/3568/951 860/3567/951 849/3566/951
f 860/3571/952 861/3570/952 849/3569/952
f 861/3574/953 851/3573/953 849/3572/953
f 863/3578/954 862/3577/954 850/3576/954 851/3575/954
f 862/3582/955 864/3581/955 852/3580/955 850/3579/955
f 864/3586/956 865/3585/956 853/3584/956 852/3583/956
f 865/3590/957 866/3589/957 854/3588/957 853/3587/957
f 866/3594/958 867/3593/958 855/3592/958 854/3591/958
f 867/3598/959 868/3597/959 856/3596/959 855/3595/959
f 868/3602/960 869/3601/960 857/3600/960 856/3599/960
f 869/3606/961 870/3605/961 858/3604/961 857/3603/961
f 870/3610/962 871/3609/962 859/3608/962 858/3607/962
f 871/3614/963 872/3613/963 860/3612/963 859/3611/963
f 872/3618/964 873/3617/964 861/3616/964 860/3615/964
f 873/3622/965 863/3621/965 851/3620/965 861/3619/965
f 875/3626/966 874/3625/966 862/3624/966 863/3623/966
f 874/3630/967 876/3629/967 864/3628/967 862/3627/967
f 876/3634/968 877/3633/968 865/3632/968 864/3631/968
f 877/3638/969 878/3637/969 866/3636/969 865/3635/969
f 878/3642/970 879/3641/970 867/3640/970 866/3639/970
f 879/3646/971 880/3645/971 868/3644/971 867/3643/971
f 880/3650/972 881/3649/972 869/3648/972 868/3647/972
f 881/3654/973 882/3653/973 870/3652/973 869/3651/973
f 882/3658/974 883/3657/974 871/3656/974 870/3655/974
f 883/3662/975 884/3661/975 872/3660/975 871/3659/975
f 884/3666/976 885/3665/976 873/3664/976 872/3663/976
f 885/3670/977 875/3669/977 863/3668/977 873/3667/977
f 887/3674/978 886/3673/978 874/3672/978 875/3671/978
f 886/3678/979 888/3677/979 876/3676/979 874/3675/979
f 888/3682/980 889/3681/980 877/3680/980 876/3679/980
f 889/3686/981 890/3685/981 878/3684/981 877/3683/981
f 890/3690/982 891/3689/982 879/3688/982 878/3687/982
f 891/3694/983 892/3693/983 880/3692/983 879/3691/983
f 892/3698/984 893/3697/984 881/3696/984 880/3695/984
f 893/3702/985 894/3701/985 882/3700/985 881/3699/985
f 894/3706/986 895/3705/986 883/3704/986 882/3703/986
f 895/3710/987 896/3709/987 884/3708/987 883/3707/987
f 896/3714/988 897/3713/988 885/3712/988 884/3711/988
f 897/3718/989 887/3717/989 875/3716/989 885/3715/989
f 899/3722/990 898/3721/990 886/3720/990 887/3719/990
f 898/3726/991 900/3725/991 888/3724/991 886/3723/991
f 900/3730/992 901/3729/992 889/3728/992 888/3727/992
f 901/3734/993 902/3733/993 890/3732/993 889/3731/993
f 902/3738/994 903/3737/994 891/3736/994 890/3735/994
f 903/3742/995 904/3741/995 892/3740/995 891/3739/995
f 904/3746/996 905/3745/996 893/3744/996 892/3743/996
f 905/3750/997 906/3749/997 894/3748/997 893/3747/997
f 906/3754/998 907/3753/998 895/3752/998 894/3751/998
f 907/3758/999 908/3757/999 896/3756/999 895/3755/999
f 908/3762/1000 909/3761/1000 897/3760/1000 896/3759/1000
f 909/3766/1001 899/3765/1001 887/3764/1001 897/3763/1001
f 911/3770/1002 910/3769/1002 898/3768/1002 899/3767/1002
f 910/3774/1003 912/3773/1003 900/3772/1003 898/3771/1003
f 912/3778/1004 913/3777/1004 901/3776/1004 900/3775/1004
f 913/3782/1005 914/3781/1005 902/3780/1005 901/3779/1005
f 914/3786/1006 915/3785/1006 903/3784/1006 902/3783/1006
f 915/3790/1007 916/3789/1007 904/3788/1007 903/3787/1007
f 916/3794/1008 917/3793/1008 905/3792/1008 904/3791/1008
f 917/3798/1009 918/3797/1009 906/3796/1009 905/3795/1009
f 918/3802/1010 919/3801/1010 907/3800/1010 906/3799/1010
f 919/3806/1011 920/3805/1011 908/3804/1011 907/3803/1011
f 920/3810/1012 921/3809/1012 909/3808/1012 908/3807/1012
f 921/3814/1013 911/3813/1013 899/3812/1013 909/3811/1013
f 923/3818/1014 922/3817/1014 910/3816/1014 911/3815/1014
f 922/3822/1015 924/3821/1015 912/3820/1015 910/3819/1015
f 924/3826/1016 925/3825/1016 913/3824/1016 912/3823/1016
f 925/3830/1017 926/3829/1017 914/3828/1017 913/3827/1017
f 926/3834/1018 927/3833/1018 915/3832/1018 914/3831/1018
f 927/3838/1019 928/3837/1019 916/3836/1019 915/3835/1019
f 928/3842/1020 929/3841/1020 917/3840/1020 916/3839/1020
f 929/3846/1021 930/3845/1021 918/3844/1021 917/3843/1021
f 930/3850/1022 931/3849/1022 919/3848/1022 918/3847/1022
f 931/3854/1023 932/3853/1023 920/3852/1023 919/3851/1023
f 932/3858/1024 933/3857/1024 921/3856/1024 920/3855/1024
f 933/3862/1025 923/3861/1025 911/3860/1025 921/3859/1025
f 935/3866/1026 934/3865/1026 922/3864/1026 923/3863/1026
f 934/3870/1027 936/3869/1027 924/3868/1027 922/3867/1027
f 936/3874/1028 937/3873/1028 925/3872/1028 924/3871/1028
f 937/3878/1029 938/3877/1029 926/3876/1029 925/3875/1029
f 938/3882/1030 939/3881/1030 927/3880/1030 926/3879/1030
f 939/3886/1031 940/3885/1031 928/3884/1031 927/3883/1031
f 940/3890/1032 941/3889/1032 929/3888/1032 928/3887/1032
f 941/3894/1033 942/3893/1033 930/3892/1033 929/3891/1033
f 942/3898/1034 943/3897/1034 931/3896/1034 930/3895/1034
f 943/3902/1035 944/3901/1035 932/3900/1035 931/3899/1035
f 944/3906/1036 945/3905/1036 933/3904/1036 932/3903/1036
f 945/3910/1037 935/3909/1037 923/3908/1037 933/3907/1037
f 946/3913/1038 934/3912/1038 935/3911/1038
f 946/3916/1039 936/3915/1039 934/3914/1039
f 946/3919/1040 937/3918/1040 936/3917/1040
f 946/3922/1041 938/3921/1041 937/3920/1041
f 946/3925/1042 939/3924/1042 938/3923/1042
f 946/3928/1043 940/3927/1043 939/3926/1043
f 946/3931/1044 941/3930/1044 940/3929/1044
f 946/3934/1045 942/3933/1045 941/3932/1045
f 946/3937/1046 943/3936/1046 942/3935/1046
f 946/3940/1047 944/3939/1047 943/3938/1047
f 946/3943/1048 945/3942/1048 944/3941/1048
f 946/3946/1049 935/3945/1049 945/3944/1049
o group1962791242
g mesh1962791242
usemtl mat20
f 949/3949/1050 948/3948/1050 947/3947/1050
f 948/3952/1051 950/3951/1051 947/3950/1051
f 950/3955/1052 951/3954/1052 947/3953/1052
f 951/3958/1053 952/3957/1053 947/3956/1053
f 952/3961/1054 953/3960/1054 947/3959/1054
f 953/3964/1055 954/3963/1055 947/3962/1055
f 954/3967/1056 955/3966/1056 947/3965/1056
f 955/3970/1057 956/3969/1057 947/3968/1057
f 956/3973/1058 957/3972/1058 947/3971/1058
f 957/3976/1059 958/3975/1059 947/3974/1059
f 958/3979/1060 959/3978/1060 947/3977/1060
f 959/3982/1061 949/3981/1061 947/3980/1061
f 961/3986/1062 960/3985/1062 948/3984/1062 949/3983/1062
f 960/3990/1063 962/3989/1063 950/3988/1063 948/3987/1063
f 962/3994/1064 963/3993/1064 951/3992/1064 950/3991/1064
f 963/3998/1065 964/3997/1065 952/3996/1065 951/3995/1065
f 964/4002/1066 965/4001/1066 953/4000/1066 952/3999/1066
f 965/4006/1067 966/4005/1067 954/4004/1067 953/4003/1067
f 966/4010/1068 967/4009/1068 955/4008/1068 954/4007/1068
f 967/4014/1069 968/4013/1069 956/4012/1069 955/4011/1069
f 968/4018/1070 969/4017/1070 957/4016/1070 956/4015/1070
f 969/4022/1071 970/4021/1071 958/4020/1071 957/4019/1071
f 970/4026/1072 971/4025/1072 959/4024/1072 958/4023/1072
f 971/4030/1073 961/4029/1073 949/4028/1073 959/4027/1073
f 973/4034/1074 972/4033/1074 960/4032/1074 961/4031/1074
f 972/4038/1075 974/4037/1075 962/4036/1075 960/4035/1075
f 974/4042/1076 975/4041/1076 963/4040/1076 962/4039/1076
f 975/4046/1077 976/4045/1077 964/4044/1077 963/4043/1077
f 976/4050/1078 977/4049/1078 965/4048/1078 964/4047/1078
f 977/4054/1079 978/4053/1079 966/4052/1079 965/4051/1079
f 978/4058/1080 979/4057/1080 967/4056/1080 966/4055/1080
f 979/4062/1081 980/4061/1081 968/4060/1081 967/4059/1081
f 980/4066/1082 981/4065/1082 969/4064/1082 968/4063/1082
f 981/4070/1083 982/4069/1083 970/4068/1083 969/4067/1083
f 982/4074/1084 983/4073/1084 971/4072/1084 970/4071/1084
f 983/4078/1085 973/4077/1085 961/4076/1085 971/4075/1085
f 985/4082/1086 984/4081/1086 972/4080/1086 973/4079/1086
f 984/4086/1087 986/4085/1087 974/4084/1087 972/4083/1087
f 986/4090/1088 987/4089/1088 975/4088/1088 974/4087/1088
f 987/4094/1089 988/4093/1089 976/4092/1089 975/4091/1089
f 988/4098/1090 989/4097/1090 977/4096/1090 976/4095/1090
f 989/4102/1091 990/4101/1091 978/4100/1091 977/4099/1091
f 990/4106/1092 991/4105/1092 979/4104/1092 978/4103/1092
f 991/4110/1093 992/4109/1093 980/4108/1093 979/4107/1093
f 992/4114/1094 993/4113/1094 981/4112/1094 980/4111/1094
f 993/4118/1095 994/4117/1095 982/4116/1095 981/4115/1095
f 994/4122/1096 995/4121/1096 983/4120/1096 982/4119/1096
f 995/4126/1097 985/4125/1097 973/4124/1097 983/4123/1097
f 997/4130/1098 996/4129/1098 984/4128/1098 985/4127/1098
f 996/4134/1099 998/4133/1099 986/4132/1099 984/4131/1099
f 998/4138/1100 999/4137/1100 987/4136/1100 986/4135/1100
f 999/4142/1101 1000/4141/1101 988/4140/1101 987/4139/1101
f 1000/4146/1102 1001/4145/1102 989/4144/1102 988/4143/1102
f 1001/4150/1103 1002/4149/1103 990/4148/1103 989/4147/1103
f 1002/4154/1104 1003/4153/1104 991/4152/1104 990/4151/1104
f 1003/4158/1105 1004/4157/1105 992/4156/1105 991/4155/1105
f 1004/4162/1106 1005/4161/1106 993/4160/1106 992/4159/1106
f 1005/4166/1107 1006/4165/1107 994/4164/1107 993/4163/1107
f 1006/4170/1108 1007/4169/1108 995/4168/1108 994/4167/1108
f 1007/4174/1109 997/4173/1109 985/4172/1109 995/4171/1109
f 1009/4178/1110 1008/4177/1110 996/4176/1110 997/4175/1110
f 1008/4182/1111 1010/4181/1111 998/4180/1111 996/4179/1111
f 1010/4186/1112 1011/4185/1112 999/4184/1112 998/4183/1112
f 1011/4190/1113 1012/4189/1113 1000/4188/1113 999/4187/1113
f 1012/4194/1114 1013/4193/1114 1001/4192/1114 1000/4191/1114
f 1013/4198/1115 1014/4197/1115 1002/4196/1115 1001/4195/1115
f 1014/4202/1116 1015/4201/1116 1003/4200/1116 1002/4199/1116
f 1015/4206/1117 1016/4205/1117 1004/4204/1117 1003/4203/1117
f 1016/4210/1118 1017/4209/1118 1005/4208/1118 1004/4207/1118
f 1017/4214/1119 1018/4213/1119 1006/4212/1119 1005/4211/1119
f 1018/4218/1120 1019/4217/1120 1007/4216/1120 1006/4215/1120
f 1019/4222/1121 1009/4221/1121 997/4220/1121 1007/4219/1121
f 1021/4226/1122 1020/4225/1122 1008/4224/1122 1009/4223/1122
f 1020/4230/1123 1022/4229/1123 1010/4228/1123 1008/4227/1123
f 1022/4234/1124 1023/4233/1124 1011/4232/1124 1010/4231/1124
f 1023/4238/1125 1024/4237/1125 1012/4236/1125 1011/4235/1125
f 1024/4242/1126 1025/4241/1126 1013/4240/1126 1012/4239/1126
f 1025/4246/1127 1026/4245/1127 1014/4244/1127 1013/4243/1127
f 1026/4250/1128 1027/4249/1128 1015/4248/1128 1014/4247/1128
f 1027/4254/1129 1028/4253/1129 1016/4252/1129 1015/4251/1129
f 1028/4258/1130 1029/4257/1130 1017/4256/1130 1016/4255/1130
f 1029/4262/1131 1030/4261/1131 1018/4260/1131 1017/4259/1131
f 1030/4266/1132 1031/4265/1132 1019/4264/1132 1018/4263/1132
f 1031/4270/1133 1021/4269/1133 1009/4268/1133 1019/4267/1133
f 1033/4274/1134 1032/4273/1134 1020/4272/1134 1021/4271/1134
f 1032/4278/1135 1034/4277/1135 1022/4276/1135 1020/4275/1135
f 1034/4282/1136 1035/4281/1136 1023/4280/1136 1022/4279/1136
f 1035/4286/1137 1036/4285/1137 1024/4284/1137 1023/4283/1137
f 1036/4290/1138 1037/4289/1138 1025/4288/1138 1024/4287/1138
f 1037/4294/1139 1038/4293/1139 1026/4292/1139 1025/4291/1139
f 1038/4298/1140 1039/4297/1140 1027/4296/1140 1026/4295/1140
f 1039/4302/1141 1040/4301/1141 1028/4300/1141 1027/4299/1141
f 1040/4306/1142 1041/4305/1142 1029/4304/1142 1028/4303/1142
f 1041/4310/1143 1042/4309/1143 1030/4308/1143 1029/4307/1143
f 1042/4314/1144 1043/4313/1144 1031/4312/1144 1030/4311/1144
f 1043/4318/1145 1033/4317/1145 1021/4316/1145 1031/4315/1145
f 1044/4321/1146 1032/4320/1146 1033/4319/1146
f 1044/4324/1147 1034/4323/1147 1032/4322/1147
f 1044/4327/1148 1035/4326/1148 1034/4325/1148
f 1044/4330/1149 1036/4329/1149 1035/4328/1149
f 1044/4333/1150 1037/4332/1150 1036/4331/1150
f 1044/4336/1151 1038/4335/1151 1037/4334/1151
f 1044/4339/1152 1039/4338/1152 1038/4337/1152
f 1044/4342/1153 1040/4341/1153 1039/4340/1153
f 1044/4345/1154 1041/4344/1154 1040/4343/1154
f 1044/4348/1155 1042/4347/1155 1041/4346/1155
f 1044/4351/1156 1043/4350/1156 1042/4349/1156
f 1044/4354/1157 1033/4353/1157 1043/4352/1157
o group1547743719
g mesh1547743719
usemtl mat20
f 1047/4357/1158 1046/4356/1158 1045/4355/1158
f 1046/4360/1159 1048/4359/1159 1045/4358/1159
f 1048/4363/1160 1049/4362/1160 1045/4361/1160
f 1049/4366/1161 1050/4365/1161 1045/4364/1161
f 1050/4369/1162 1051/4368/1162 1045/4367/1162
f 1051/4372/1163 1052/4371/1163 1045/4370/1163
f 1052/4375/1164 1053/4374/1164 1045/4373/1164
f 1053/4378/1165 1054/4377/1165 1045/4376/1165
f 1054/4381/1166 1055/4380/1166 1045/4379/1166
f 1055/4384/1167 1056/4383/1167 1045/4382/1167
f 1056/4387/1168 1057/4386/1168 1045/4385/1168
f 1057/4390/1169 1047/4389/1169 1045/4388/1169
f 1059/4394/1170 1058/4393/1170 1046/4392/1170 1047/4391/1170
f 1058/4398/1171 1060/4397/1171 1048/4396/1171 1046/4395/1171
f 1060/4402/1172 1061/4401/1172 1049/4400/1172 1048/4399/1172
f 1061/4406/1173 1062/4405/1173 1050/4404/1173 1049/4403/1173
f 1062/4410/1174 1063/4409/1174 1051/4408/1174 1050/4407/1174
f 1063/4414/1175 1064/4413/1175 1052/4412/1175 1051/4411/1175
f 1064/4418/1176 1065/4417/1176 1053/4416/1176 1052/4415/1176
f 1065/4422/1177 1066/4421/1177 1054/4420/1177 1053/4419/1177
f 1066/4426/1178 1067/4425/1178 1055/4424/1178 1054/4423/1178
f 1067/4430/1179 1068/4429/1179 1056/4428/1179 1055/4427/1179
f 1068/4434/1180 1069/4433/1180 1057/4432/1180 1056/4431/1180
f 1069/4438/1181 1059/4437/1181 1047/4436/1181 1057/4435/1181
f 1071/4442/1182 1070/4441/1182 1058/4440/1182 1059/4439/1182
f 1070/4446/1183 1072/4445/1183 1060/4444/1183 1058/4443/1183
f 1072/4450/1184 1073/4449/1184 1061/4448/1184 1060/4447/1184
f 1073/4454/1185 1074/4453/1185 1062/4452/1185 1061/4451/1185
f 1074/4458/1186 1075/4457/1186 1063/4456/1186 1062/4455/1186
f 1075/4462/1187 1076/4461/1187 1064/4460/1187 1063/4459/1187
f 1076/4466/1188 1077/4465/1188 1065/4464/1188 1064/4463/1188
f 1077/4470/1189 1078/4469/1189 1066/4468/1189 1065/4467/1189
f 1078/4474/1190 1079/4473/1190 1067/4472/1190 1066/4471/1190
f 1079/4478/1191 1080/4477/1191 1068/4476/1191 1067/4475/1191
f 1080/4482/1192 1081/4481/1192 1069/4480/1192 1068/4479/1192
f 1081/4486/1193 1071/4485/1193 1059/4484/1193 1069/4483/1193
f 1083/4490/1194 1082/4489/1194 1070/4488/1194 1071/4487/1194
f 1082/4494/1195 1084/4493/1195 1072/4492/1195 1070/4491/1195
f 1084/4498/1196 1085/4497/1196 1073/4496/1196 1072/4495/1196
f 1085/4502/1197 1086/4501/1197 1074/4500/1197 1073/4499/1197
f 1086/4506/1198 1087/4505/1198 1075/4504/1198 1074/4503/1198
f 1087/4510/1199 1088/4509/1199 1076/4508/1199 1075/4507/1199
f 1088/4514/1200 1089/4513/1200 1077/4512/1200 1076/4511/1200
f 1089/4518/1201 1090/4517/1201 1078/4516/1201 1077/4515/1201
f 1090/4522/1202 1091/4521/1202 1079/4520/1202 1078/4519/1202
f 1091/4526/1203 1092/4525/1203 1080/4524/1203 1079/4523/1203
f 1092/4530/1204 1093/4529/1204 1081/4528/1204 1080/4527/1204
f 1093/4534/1205 1083/4533/1205 1071/4532/1205 1081/4531/1205
f 1095/4538/1206 1094/4537/1206 1082/4536/1206 1083/4535/1206
f 1094/4542/1207 1096/4541/1207 1084/4540/1207 1082/4539/1207
f 1096/4546/1208 1097/4545/1208 1085/4544/1208 1084/4543/1208
f 1097/4550/1209 1098/4549/1209 1086/4548/1209 1085/4547/1209
f 1098/4554/1210 1099/4553/1210 1087/4552/1210 1086/4551/1210
f 1099/4558/1211 1100/4557/1211 1088/4556/1211 1087/4555/1211
f 1100/4562/1212 1101/4561/1212 1089/4560/1212 1088/4559/1212
f 1101/4566/1213 1102/4565/1213 1090/4564/1213 1089/4563/1213
f 1102/4570/1214 1103/4569/1214 1091/4568/1214 1090/4567/1214
f 1103/4574/1215 1104/4573/1215 1092/4572/1215 1091/4571/1215
f 1104/4578/1216 1105/4577/1216 1093/4576/1216 1092/4575/1216
f 1105/4582/1217 1095/4581/1217 1083/4580/1217 1093/4579/1217
f 1107/4586/1218 1106/4585/1218 1094/4584/1218 1095/4583/1218
f 1106/4590/1219 1108/4589/1219 1096/4588/1219 1094/4587/1219
f 1108/4594/1220 1109/4593/1220 1097/4592/1220 1096/4591/1220
f 1109/4598/1221 1110/4597/1221 1098/4596/1221 1097/4595/1221
f 1110/4602/1222 1111/4601/1222 1099/4600/1222 1098/4599/1222
f 1111/4606/1223 1112/4605/1223 1100/4604/1223 1099/4603/1223
f 1112/4610/1224 1113/4609/1224 1101/4608/1224 1100/4607/1224
f 1113/4614/1225 1114/4613/1225 1102/4612/1225 1101/4611/1225
f 1114/4618/1226 1115/4617/1226 1103/4616/1226 1102/4615/1226
f 1115/4622/1227 1116/4621/1227 1104/4620/1227 1103/4619/1227
f 1116/4626/1228 1117/4625/1228 1105/4624/1228 1104/4623/1228
f 1117/4630/1229 1107/4629/1229 1095/4628/1229 1105/4627/1229
f 1119/4634/1230 1118/4633/1230 1106/4632/1230 1107/4631/1230
f 1118/4638/1231 1120/4637/1231 1108/4636/1231 1106/4635/1231
f 1120/4642/1232 1121/4641/1232 1109/4640/1232 1108/4639/1232
f 1121/4646/1233 1122/4645/1233 1110/4644/1233 1109/4643/1233
f 1122/4650/1234 1123/4649/1234 1111/4648/1234 1110/4647/1234
f 1123/4654/1235 1124/4653/1235 1112/4652/1235 1111/4651/1235
f 1124/4658/1236 1125/4657/1236 1113/4656/1236 1112/4655/1236
f 1125/4662/1237 1126/4661/1237 1114/4660/1237 1113/4659/1237
f 1126/4666/1238 1127/4665/1238 1115/4664/1238 1114/4663/1238
f 1127/4670/1239 1128/4669/1239 1116/4668/1239 1115/4667/1239
f 1128/4674/1240 1129/4673/1240 1117/4672/1240 1116/4671/1240
f 1129/4678/1241 1119/4677/1241 1107/4676/1241 1117/4675/1241
f 1131/4682/1242 1130/4681/1242 1118/4680/1242 1119/4679/1242
f 1130/4686/1243 1132/4685/1243 1120/4684/1243 1118/4683/1243
f 1132/4690/1244 1133/4689/1244 1121/4688/1244 1120/4687/1244
f 1133/4694/1245 1134/4693/1245 1122/4692/1245 1121/4691/1245
f 1134/4698/1246 1135/4697/1246 1123/4696/1246 1122/4695/1246
f 1135/4702/1247 1136/4701/1247 1124/4700/1247 1123/4699/1247
f 1136/4706/1248 1137/4705/1248 1125/4704/1248 1124/4703/1248
f 1137/4710/1249 1138/4709/1249 1126/4708/1249 1125/4707/1249
f 1138/4714/1250 1139/4713/1250 1127/4712/1250 1126/4711/1250
f 1139/4718/1251 1140/4717/1251 1128/4716/1251 1127/4715/1251
f 1140/4722/1252 1141/4721/1252 1129/4720/1252 1128/4719/1252
f 1141/4726/1253 1131/4725/1253 1119/4724/1253 1129/4723/1253
f 1142/4729/1254 1130/4728/1254 1131/4727/1254
f 1142/4732/1255 1132/4731/1255 1130/4730/1255
f 1142/4735/1256 1133/4734/1256 1132/4733/1256
f 1142/4738/1257 1134/4737/1257 1133/4736/1257
f 1142/4741/1258 1135/4740/1258 1134/4739/1258
f 1142/4744/1259 1136/4743/1259 1135/4742/1259
f 1142/4747/1260 1137/4746/1260 1136/4745/1260
f 1142/4750/1261 1138/4749/1261 1137/4748/1261
f 1142/4753/1262 1139/4752/1262 1138/4751/1262
f 1142/4756/1263 1140/4755/1263 1139/4754/1263
f 1142/4759/1264 1141/4758/1264 1140/4757/1264
f 1142/4762/1265 1131/4761/1265 1141/4760/1265
o group1919275888
g mesh1919275888
usemtl mat20
f 1145/4765/1266 1144/4764/1266 1143/4763/1266
f 1144/4768/1267 1146/4767/1267 1143/4766/1267
f 1146/4771/1268 1147/4770/1268 1143/4769/1268
f 1147/4774/1269 1148/4773/1269 1143/4772/1269
f 1148/4777/1270 1149/4776/1270 1143/4775/1270
f 1149/4780/1271 1150/4779/1271 1143/4778/1271
f 1150/4783/1272 1151/4782/1272 1143/4781/1272
f 1151/4786/1273 1152/4785/1273 1143/4784/1273
f 1152/4789/1274 1153/4788/1274 1143/4787/1274
f 1153/4792/1275 1154/4791/1275 1143/4790/1275
f 1154/4795/1276 1155/4794/1276 1143/4793/1276
f 1155/4798/1277 1145/4797/1277 1143/4796/1277
f 1157/4802/1278 1156/4801/1278 1144/4800/1278 1145/4799/1278
f 1156/4806/1279 1158/4805/1279 1146/4804/1279 1144/4803/1279
f 1158/4810/1280 1159/4809/1280 1147/4808/1280 1146/4807/1280
f 1159/4814/1281 1160/4813/1281 1148/4812/1281 1147/4811/1281
f 1160/4818/1282 1161/4817/1282 1149/4816/1282 1148/4815/1282
f 1161/4822/1283 1162/4821/1283 1150/4820/1283 1149/4819/1283
f 1162/4826/1284 1163/4825/1284 1151/4824/1284 1150/4823/1284
f 1163/4830/1285 1164/4829/1285 1152/4828/1285 1151/4827/1285
f 1164/4834/1286 1165/4833/1286 1153/4832/1286 1152/4831/1286
f 1165/4838/1287 1166/4837/1287 1154/4836/1287 1153/4835/1287
f 1166/4842/1288 1167/4841/1288 1155/4840/1288 1154/4839/1288
f 1167/4846/1289 1157/4845/1289 1145/4844/1289 1155/4843/1289
f 1169/4850/1290 1168/4849/1290 1156/4848/1290 1157/4847/1290
f 1168/4854/1291 1170/4853/1291 1158/4852/1291 1156/4851/1291
f 1170/4858/1292 1171/4857/1292 1159/4856/1292 1158/4855/1292
f 1171/4862/1293 1172/4861/1293 1160/4860/1293 1159/4859/1293
f 1172/4866/1294 1173/4865/1294 1161/4864/1294 1160/4863/1294
f 1173/4870/1295 1174/4869/1295 1162/4868/1295 1161/4867/1295
f 1174/4874/1296 1175/4873/1296 1163/4872/1296 1162/4871/1296
f 1175/4878/1297 1176/4877/1297 1164/4876/1297 1163/4875/1297
f 1176/4882/1298 1177/4881/1298 1165/4880/1298 1164/4879/1298
f 1177/4886/1299 1178/4885/1299 1166/4884/1299 1165/4883/1299
f 1178/4890/1300 1179/4889/1300 1167/4888/1300 1166/4887/1300
f 1179/4894/1301 1169/4893/1301 1157/4892/1301 1167/4891/1301
f 1181/4898/1302 1180/4897/1302 1168/4896/1302 1169/4895/1302
f 1180/4902/1303 1182/4901/1303 1170/4900/1303 1168/4899/1303
f 1182/4906/1304 1183/4905/1304 1171/4904/1304 1170/4903/1304
f 1183/4910/1305 1184/4909/1305 1172/4908/1305 1171/4907/1305
f 1184/4914/1306 1185/4913/1306 1173/4912/1306 1172/4911/1306
f 1185/4918/1307 1186/4917/1307 1174/4916/1307 1173/4915/1307
f 1186/4922/1308 1187/4921/1308 1175/4920/1308 1174/4919/1308
f 1187/4926/1309 1188/4925/1309 1176/4924/1309 1175/4923/1309
f 1188/4930/1310 1189/4929/1310 1177/4928/1310 1176/4927/1310
f 1189/4934/1311 1190/4933/1311 1178/4932/1311 1177/4931/1311
f 1190/4938/1312 1191/4937/1312 1179/4936/1312 1178/4935/1312
f 1191/4942/1313 1181/4941/1313 1169/4940/1313 1179/4939/1313
f 1193/4946/1314 1192/4945/1314 1180/4944/1314 1181/4943/1314
f 1192/4950/1315 1194/4949/1315 1182/4948/1315 1180/4947/1315
f 1194/4954/1316 1195/4953/1316 1183/4952/1316 1182/4951/1316
f 1195/4958/1317 1196/4957/1317 1184/4956/1317 1183/4955/1317
f 1196/4962/1318 1197/4961/1318 1185/4960/1318 1184/4959/1318
f 1197/4966/1319 1198/4965/1319 1186/4964/1319 1185/4963/1319
f 1198/4970/1320 1199/4969/1320 1187/4968/1320 1186/4967/1320
f 1199/4974/1321 1200/4973/1321 1188/4972/1321 1187/4971/1321
f 1200/4978/1322 1201/4977/1322 1189/4976/1322 1188/4975/1322
f 1201/4982/1323 1202/4981/1323 1190/4980/1323 1189/4979/1323
f 1202/4986/1324 1203/4985/1324 1191/4984/1324 1190/4983/1324
f 1203/4990/1325 1193/4989/1325 1181/4988/1325 1191/4987/1325
f 1205/4994/1326 1204/4993/1326 1192/4992/1326 1193/4991/1326
f 1204/4998/1327 1206/4997/1327 1194/4996/1327 1192/4995/1327
f 1206/5002/1328 1207/5001/1328 1195/5000/1328 1194/4999/1328
f 1207/5006/1329 1208/5005/1329 1196/5004/1329 1195/5003/1329
f 1208/5010/1330 1209/5009/1330 1197/5008/1330 1196/5007/1330
f 1209/5014/1331 1210/5013/1331 1198/5012/1331 1197/5011/1331
f 1210/5018/1332 1211/5017/1332 1199/5016/1332 1198/5015/1332
f 1211/5022/1333 1212/5021/1333 1200/5020/1333 1199/5019/1333
f 1212/5026/1334 1213/5025/1334 1201/5024/1334 1200/5023/1334
f 1213/5030/1335 1214/5029/1335 1202/5028/1335 1201/5027/1335
f 1214/5034/1336 1215/5033/1336 1203/5032/1336 1202/5031/1336
f 1215/5038/1337 1205/5037/1337 1193/5036/1337 1203/5035/1337
f 1217/5042/1338 1216/5041/1338 1204/5040/1338 1205/5039/1338
f 1216/5046/1339 1218/5045/1339 1206/5044/1339 1204/5043/1339
f 1218/5050/1340 1219/5049/1340 1207/5048/1340 1206/5047/1340
f 1219/5054/1341 1220/5053/1341 1208/5052/1341 1207/5051/1341
f 1220/5058/1342 1221/5057/1342 1209/5056/1342 1208/5055/1342
f 1221/5062/1343 1222/5061/1343 1210/5060/1343 1209/5059/1343
f 1222/5066/1344 1223/5065/1344 1211/5064/1344 1210/5063/1344
f 1223/5070/1345 1224/5069/1345 1212/5068/1345 1211/5067/1345
f 1224/5074/1346 1225/5073/1346 1213/5072/1346 1212/5071/1346
f 1225/5078/1347 1226/5077/1347 1214/5076/1347 1213/5075/1347
f 1226/5082/1348 1227/5081/1348 1215/5080/1348 1214/5079/1348
f 1227/5086/1349 1217/5085/1349 1205/5084/1349 1215/5083/1349
f 1229/5090/1350 1228/5089/1350 1216/5088/1350 1217/5087/1350
f 1228/5094/1351 1230/5093/1351 1218/5092/1351 1216/5091/1351
f 1230/5098/1352 1231/5097/1352 1219/5096/1352 1218/5095/1352
f 1231/5102/1353 1232/5101/1353 1220/5100/1353 1219/5099/1353
f 1232/5106/1354 1233/5105/1354 1221/5104/1354 1220/5103/1354
f 1233/5110/1355 1234/5109/1355 1222/5108/1355 1221/5107/1355
f 1234/5114/1356 1235/5113/1356 1223/5112/1356 1222/5111/1356
f 1235/5118/1357 1236/5117/1357 1224/5116/1357 1223/5115/1357
f 1236/5122/1358 1237/5121/1358 1225/5120/1358 1224/5119/1358
f 1237/5126/1359 1238/5125/1359 1226/5124/1359 1225/5123/1359
f 1238/5130/1360 1239/5129/1360 1227/5128/1360 1226/5127/1360
f 1239/5134/1361 1229/5133/1361 1217/5132/1361 1227/5131/1361
f 1240/5137/1362 1228/5136/1362 1229/5135/1362
f 1240/5140/1363 1230/5139/1363 1228/5138/1363
f 1240/5143/1364 1231/5142/1364 1230/5141/1364
f 1240/5146/1365 1232/5145/1365 1231/5144/1365
f 1240/5149/1366 1233/5148/1366 1232/5147/1366
f 1240/5152/1367 1234/5151/1367 1233/5150/1367
f 1240/5155/1368 1235/5154/1368 1234/5153/1368
f 1240/5158/1369 1236/5157/1369 1235/5156/1369
f 1240/5161/1370 1237/5160/1370 1236/5159/1370
f 1240/5164/1371 1238/5163/1371 1237/5162/1371
f 1240/5167/1372 1239/5166/1372 1238/5165/1372
f 1240/5170/1373 1229/5169/1373 1239/5168/1373
o group109928640
g mesh109928640
usemtl mat20
f 1243/5173/1374 1242/5172/1374 1241/5171/1374
f 1242/5176/1375 1244/5175/1375 1241/5174/1375
f 1244/5179/1376 1245/5178/1376 1241/5177/1376
f 1245/5182/1377 1246/5181/1377 1241/5180/1377
f 1246/5185/1378 1247/5184/1378 1241/5183/1378
f 1247/5188/1379 1248/5187/1379 1241/5186/1379
f 1248/5191/1380 1249/5190/1380 1241/5189/1380
f 1249/5194/1381 1250/5193/1381 1241/5192/1381
f 1250/5197/1382 1251/5196/1382 1241/5195/1382
f 1251/5200/1383 1252/5199/1383 1241/5198/1383
f 1252/5203/1384 1253/5202/1384 1241/5201/1384
f 1253/5206/1385 1243/5205/1385 1241/5204/1385
f 1255/5210/1386 1254/5209/1386 1242/5208/1386 1243/5207/1386
f 1254/5214/1387 1256/5213/1387 1244/5212/1387 1242/5211/1387
f 1256/5218/1388 1257/5217/1388 1245/5216/1388 1244/5215/1388
f 1257/5222/1389 1258/5221/1389 1246/5220/1389 1245/5219/1389
f 1258/5226/1390 1259/5225/1390 1247/5224/1390 1246/5223/1390
f 1259/5230/1391 1260/5229/1391 1248/5228/1391 1247/5227/1391
f 1260/5234/1392 1261/5233/1392 1249/5232/1392 1248/5231/1392
f 1261/5238/1393 1262/5237/1393 1250/5236/1393 1249/5235/1393
f 1262/5242/1394 1263/5241/1394 1251/5240/1394 1250/5239/1394
f 1263/5246/1395 1264/5245/1395 1252/5244/1395 1251/5243/1395
f 1264/5250/1396 1265/5249/1396 1253/5248/1396 1252/5247/1396
f 1265/5254/1397 1255/5253/1397 1243/5252/1397 1253/5251/1397
f 1267/5258/1398 1266/5257/1398 1254/5256/1398 1255/5255/1398
f 1266/5262/1399 1268/5261/1399 1256/5260/1399 1254/5259/1399
f 1268/5266/1400 1269/5265/1400 1257/5264/1400 1256/5263/1400
f 1269/5270/1401 1270/5269/1401 1258/5268/1401 1257/5267/1401
f 1270/5274/1402 1271/5273/1402 1259/5272/1402 1258/5271/1402
f 1271/5278/1403 1272/5277/1403 1260/5276/1403 1259/5275/1403
f 1272/5282/1404 1273/5281/1404 1261/5280/1404 1260/5279/1404
f 1273/5286/1405 1274/5285/1405 1262/5284/1405 1261/5283/1405
f 1274/5290/1406 1275/5289/1406 1263/5288/1406 1262/5287/1406
f 1275/5294/1407 1276/5293/1407 1264/5292/1407 1263/5291/1407
f 1276/5298/1408 1277/5297/1408 1265/5296/1408 1264/5295/1408
f 1277/5302/1409 1267/5301/1409 1255/5300/1409 1265/5299/1409
f 1279/5306/1410 1278/5305/1410 1266/5304/1410 1267/5303/1410
f 1278/5310/1411 1280/5309/1411 1268/5308/1411 1266/5307/1411
f 1280/5314/1412 1281/5313/1412 1269/5312/1412 1268/5311/1412
f 1281/5318/1413 1282/5317/1413 1270/5316/1413 1269/5315/1413
f 1282/5322/1414 1283/5321/1414 1271/5320/1414 1270/5319/1414
f 1283/5326/1415 1284/5325/1415 1272/5324/1415 1271/5323/1415
f 1284/5330/1416 1285/5329/1416 1273/5328/1416 1272/5327/1416
f 1285/5334/1417 1286/5333/1417 1274/5332/1417 1273/5331/1417
f 1286/5338/1418 1287/5337/1418 1275/5336/1418 1274/5335/1418
f 1287/5342/1419 1288/5341/1419 1276/5340/1419 1275/5339/1419
f 1288/5346/1420 1289/5345/1420 1277/5344/1420 1276/5343/1420
f 1289/5350/1421 1279/5349/1421 1267/5348/1421 1277/5347/1421
f 1291/5354/1422 1290/5353/1422 1278/5352/1422 1279/5351/1422
f 1290/5358/1423 1292/5357/1423 1280/5356/1423 1278/5355/1423
f 1292/5362/1424 1293/5361/1424 1281/5360/1424 1280/5359/1424
f 1293/5366/1425 1294/5365/1425 1282/5364/1425 1281/5363/1425
f 1294/5370/1426 1295/5369/1426 1283/5368/1426 1282/5367/1426
f 1295/5374/1427 1296/5373/1427 1284/5372/1427 1283/5371/1427
f 1296/5378/1428 1297/5377/1428 1285/5376/1428 1284/5375/1428
f 1297/5382/1429 1298/5381/1429 1286/5380/1429 1285/5379/1429
f 1298/5386/1430 1299/5385/1430 1287/5384/1430 1286/5383/1430
f 1299/5390/1431 1300/5389/1431 1288/5388/1431 1287/5387/1431
f 1300/5394/1432 1301/5393/1432 1289/5392/1432 1288/5391/1432
f 1301/5398/1433 1291/5397/1433 1279/5396/1433 1289/5395/1433
f 1303/5402/1434 1302/5401/1434 1290/5400/1434 1291/5399/1434
f 1302/5406/1435 1304/5405/1435 1292/5404/1435 1290/5403/1435
f 1304/5410/1436 1305/5409/1436 1293/5408/1436 1292/5407/1436
f 1305/5414/1437 1306/5413/1437 1294/5412/1437 1293/5411/1437
f 1306/5418/1438 1307/5417/1438 1295/5416/1438 1294/5415/1438
f 1307/5422/1439 1308/5421/1439 1296/5420/1439 1295/5419/1439
f 1308/5426/1440 1309/5425/1440 1297/5424/1440 1296/5423/1440
f 1309/5430/1441 1310/5429/1441 1298/5428/1441 1297/5427/1441
f 1310/5434/1442 1311/5433/1442 1299/5432/1442 1298/5431/1442
f 1311/5438/1443 1312/5437/1443 1300/5436/1443 1299/5435/1443
f 1312/5442/1444 1313/5441/1444 1301/5440/1444 1300/5439/1444
f 1313/5446/1445 1303/5445/1445 1291/5444/1445 1301/5443/1445
f 1315/5450/1446 1314/5449/1446 1302/5448/1446 1303/5447/1446
f 1314/5454/1447 1316/5453/1447 1304/5452/1447 1302/5451/1447
f 1316/5458/1448 1317/5457/1448 1305/5456/1448 1304/5455/1448
f 1317/5462/1449 1318/5461/1449 1306/5460/1449 1305/5459/1449
f 1318/5466/1450 1319/5465/1450 1307/5464/1450 1306/5463/1450
f 1319/5470/1451 1320/5469/1451 1308/5468/1451 1307/5467/1451
f 1320/5474/1452 1321/5473/1452 1309/5472/1452 1308/5471/1452
f 1321/5478/1453 1322/5477/1453 1310/5476/1453 1309/5475/1453
f 1322/5482/1454 1323/5481/1454 1311/5480/1454 1310/5479/1454
f 1323/5486/1455 1324/5485/1455 1312/5484/1455 1311/5483/1455
f 1324/5490/1456 1325/5489/1456 1313/5488/1456 1312/5487/1456
f 1325/5494/1457 1315/5493/1457 1303/5492/1457 1313/5491/1457
f 1327/5498/1458 1326/5497/1458 1314/5496/1458 1315/5495/1458
f 1326/5502/1459 1328/5501/1459 1316/5500/1459 1314/5499/1459
f 1328/5506/1460 1329/5505/1460 1317/5504/1460 1316/5503/1460
f 1329/5510/1461 1330/5509/1461 1318/5508/1461 1317/5507/1461
f 1330/5514/1462 1331/5513/1462 1319/5512/1462 1318/5511/1462
f 1331/5518/1463 1332/5517/1463 1320/5516/1463 1319/5515/1463
f 1332/5522/1464 1333/5521/1464 1321/5520/1464 1320/5519/1464
f 1333/5526/1465 1334/5525/1465 1322/5524/1465 1321/5523/1465
f 1334/5530/1466 1335/5529/1466 1323/5528/1466 1322/5527/1466
f 1335/5534/1467 1336/5533/1467 1324/5532/1467 1323/5531/1467
f 1336/5538/1468 1337/5537/1468 1325/5536/1468 1324/5535/1468
f 1337/5542/1469 1327/5541/1469 1315/5540/1469 1325/5539/1469
f 1338/5545/1470 1326/5544/1470 1327/5543/1470
f 1338/5548/1471 1328/5547/1471 1326/5546/1471
f 1338/5551/1472 1329/5550/1472 1328/5549/1472
f 1338/5554/1473 1330/5553/1473 1329/5552/1473
f 1338/5557/1474 1331/5556/1474 1330/5555/1474
f 1338/5560/1475 1332/5559/1475 1331/5558/1475
f 1338/5563/1476 1333/5562/1476 1332/5561/1476
f 1338/5566/1477 1334/5565/1477 1333/5564/1477
f 1338/5569/1478 1335/5568/1478 1334/5567/1478
f 1338/5572/1479 1336/5571/1479 1335/5570/1479
f 1338/5575/1480 1337/5574/1480 1336/5573/1480
f 1338/5578/1481 1327/5577/1481 1337/5576/1481
o group1386509276
g mesh1386509276
usemtl mat20
f 1341/5581/1482 1340/5580/1482 1339/5579/1482
f 1340/5584/1483 1342/5583/1483 1339/5582/1483
f 1342/5587/1484 1343/5586/1484 1339/5585/1484
f 1343/5590/1485 1344/5589/1485 1339/5588/1485
f 1344/5593/1486 1345/5592/1486 1339/5591/1486
f 1345/5596/1487 1346/5595/1487 1339/5594/1487
f 1346/5599/1488 1347/5598/1488 1339/5597/1488
f 1347/5602/1489 1348/5601/1489 1339/5600/1489
f 1348/5605/1490 1349/5604/1490 1339/5603/1490
f 1349/5608/1491 1350/5607/1491 1339/5606/1491
f 1350/5611/1492 1351/5610/1492 1339/5609/1492
f 1351/5614/1493 1341/5613/1493 1339/5612/1493
f 1353/5618/1494 1352/5617/1494 1340/5616/1494 1341/5615/1494
f 1352/5622/1495 1354/5621/1495 1342/5620/1495 1340/5619/1495
f 1354/5626/1496 1355/5625/1496 1343/5624/1496 1342/5623/1496
f 1355/5630/1497 1356/5629/1497 1344/5628/1497 1343/5627/1497
f 1356/5634/1498 1357/5633/1498 1345/5632/1498 1344/5631/1498
f 1357/5638/1499 1358/5637/1499 1346/5636/1499 1345/5635/1499
f 1358/5642/1500 1359/5641/1500 1347/5640/1500 1346/5639/1500
f 1359/5646/1501 1360/5645/1501 1348/5644/1501 1347/5643/1501
f 1360/5650/1502 1361/5649/1502 1349/5648/1502 1348/5647/1502
f 1361/5654/1503 1362/5653/1503 1350/5652/1503 1349/5651/1503
f 1362/5658/1504 1363/5657/1504 1351/5656/1504 1350/5655/1504
f 1363/5662/1505 1353/5661/1505 1341/5660/1505 1351/5659/1505
f 1365/5666/1506 1364/5665/1506 1352/5664/1506 1353/5663/1506
f 1364/5670/1507 1366/5669/1507 1354/5668/1507 1352/5667/1507
f 1366/5674/1508 1367/5673/1508 1355/5672/1508 1354/5671/1508
f 1367/5678/1509 1368/5677/1509 1356/5676/1509 1355/5675/1509
f 1368/5682/1510 1369/5681/1510 1357/5680/1510 1356/5679/1510
f 1369/5686/1511 1370/5685/1511 1358/5684/1511 1357/5683/1511
f 1370/5690/1512 1371/5689/1512 1359/5688/1512 1358/5687/1512
f 1371/5694/1513 1372/5693/1513 1360/5692/1513 1359/5691/1513
f 1372/5698/1514 1373/5697/1514 1361/5696/1514 1360/5695/1514
f 1373/5702/1515 1374/5701/1515 1362/5700/1515 1361/5699/1515
f 1374/5706/1516 1375/5705/1516 1363/5704/1516 1362/5703/1516
f 1375/5710/1517 1365/5709/1517 1353/5708/1517 1363/5707/1517
f 1377/5714/1518 1376/5713/1518 1364/5712/1518 1365/5711/1518
f 1376/5718/1519 1378/5717/1519 1366/5716/1519 1364/5715/1519
f 1378/5722/1520 1379/5721/1520 1367/5720/1520 1366/5719/1520
f 1379/5726/1521 1380/5725/1521 1368/5724/1521 1367/5723/1521
f 1380/5730/1522 1381/5729/1522 1369/5728/1522 1368/5727/1522
f 1381/5734/1523 1382/5733/1523 1370/5732/1523 1369/5731/1523
f 1382/5738/1524 1383/5737/1524 1371/5736/1524 1370/5735/1524
f 1383/5742/1525 1384/5741/1525 1372/5740/1525 1371/5739/1525
f 1384/5746/1526 1385/5745/1526 1373/5744/1526 1372/5743/1526
f 1385/5750/1527 1386/5749/1527 1374/5748/1527 1373/5747/1527
f 1386/5754/1528 1387/5753/1528 1375/5752/1528 1374/5751/1528
f 1387/5758/1529 1377/5757/1529 1365/5756/1529 1375/5755/1529
f 1389/5762/1530 1388/5761/1530 1376/5760/1530 1377/5759/1530
f 1388/5766/1531 1390/5765/1531 1378/5764/1531 1376/5763/1531
f 1390/5770/1532 1391/5769/1532 1379/5768/1532 1378/5767/1532
f 1391/5774/1533 1392/5773/1533 1380/5772/1533 1379/5771/1533
f 1392/5778/1534 1393/5777/1534 1381/5776/1534 1380/5775/1534
f 1393/5782/1535 1394/5781/1535 1382/5780/1535 1381/5779/1535
f 1394/5786/1536 1395/5785/1536 1383/5784/1536 1382/5783/1536
f 1395/5790/1537 1396/5789/1537 1384/5788/1537 1383/5787/1537
f 1396/5794/1538 1397/5793/1538 1385/5792/1538 1384/5791/1538
f 1397/5798/1539 1398/5797/1539 1386/5796/1539 1385/5795/1539
f 1398/5802/1540 1399/5801/1540 1387/5800/1540 1386/5799/1540
f 1399/5806/1541 1389/5805/1541 1377/5804/1541 1387/5803/1541
f 1401/5810/1542 1400/5809/1542 1388/5808/1542 1389/5807/1542
f 1400/5814/1543 1402/5813/1543 1390/5812/1543 1388/5811/1543
f 1402/5818/1544 1403/5817/1544 1391/5816/1544 1390/5815/1544
f 1403/5822/1545 1404/5821/1545 1392/5820/1545 1391/5819/1545
f 1404/5826/1546 1405/5825/1546 1393/5824/1546 1392/5823/1546
f 1405/5830/1547 1406/5829/1547 1394/5828/1547 1393/5827/1547
f 1406/5834/1548 1407/5833/1548 1395/5832/1548 1394/5831/1548
f 1407/5838/1549 1408/5837/1549 1396/5836/1549 1395/5835/1549
f 1408/5842/1550 1409/5841/1550 1397/5840/1550 1396/5839/1550
f 1409/5846/1551 1410/5845/1551 1398/5844/1551 1397/5843/1551
f 1410/5850/1552 1411/5849/1552 1399/5848/1552 1398/5847/1552
f 1411/5854/1553 1401/5853/1553 1389/5852/1553 1399/5851/1553
f 1413/5858/1554 1412/5857/1554 1400/5856/1554 1401/5855/1554
f 1412/5862/1555 1414/5861/1555 1402/5860/1555 1400/5859/1555
f 1414/5866/1556 1415/5865/1556 1403/5864/1556 1402/5863/1556
f 1415/5870/1557 1416/5869/1557 1404/5868/1557 1403/5867/1557
f 1416/5874/1558 1417/5873/1558 1405/5872/1558 1404/5871/1558
f 1417/5878/1559 1418/5877/1559 1406/5876/1559 1405/5875/1559
f 1418/5882/1560 1419/5881/1560 1407/5880/1560 1406/5879/1560
f 1419/5886/1561 1420/5885/1561 1408/5884/1561 1407/5883/1561
f 1420/5890/1562 1421/5889/1562 1409/5888/1562 1408/5887/1562
f 1421/5894/1563 1422/5893/1563 1410/5892/1563 1409/5891/1563
f 1422/5898/1564 1423/5897/1564 1411/5896/1564 1410/5895/1564
f 1423/5902/1565 1413/5901/1565 1401/5900/1565 1411/5899/1565
f 1425/5906/1566 1424/5905/1566 1412/5904/1566 1413/5903/1566
f 1424/5910/1567 1426/5909/1567 1414/5908/1567 1412/5907/1567
f 1426/5914/1568 1427/5913/1568 1415/5912/1568 1414/5911/1568
f 1427/5918/1569 1428/5917/1569 1416/5916/1569 1415/5915/1569
f 1428/5922/1570 1429/5921/1570 1417/5920/1570 1416/5919/1570
f 1429/5926/1571 1430/5925/1571 1418/5924/1571 1417/5923/1571
f 1430/5930/1572 1431/5929/1572 1419/5928/1572 1418/5927/1572
f 1431/5934/1573 1432/5933/1573 1420/5932/1573 1419/5931/1573
f 1432/5938/1574 1433/5937/1574 1421/5936/1574 1420/5935/1574
f 1433/5942/1575 1434/5941/1575 1422/5940/1575 1421/5939/1575
f 1434/5946/1576 1435/5945/1576 1423/5944/1576 1422/5943/1576
f 1435/5950/1577 1425/5949/1577 1413/5948/1577 1423/5947/1577
f 1436/5953/1578 1424/5952/1578 1425/5951/1578
f 1436/5956/1579 1426/5955/1579 1424/5954/1579
f 1436/5959/1580 1427/5958/1580 1426/5957/1580
f 1436/5962/1581 1428/5961/1581 1427/5960/1581
f 1436/5965/1582 1429/5964/1582 1428/5963/1582
f 1436/5968/1583 1430/5967/1583 1429/5966/1583
f 1436/5971/1584 1431/5970/1584 1430/5969/1584
f 1436/5974/1585 1432/5973/1585 1431/5972/1585
f 1436/5977/1586 1433/5976/1586 1432/5975/1586
f 1436/5980/1587 1434/5979/1587 1433/5978/1587
f 1436/5983/1588 1435/5982/1588 1434/5981/1588
f 1436/5986/1589 1425/5985/1589 1435/5984/1589
o group53924562
g mesh53924562
usemtl mat20
f 1439/5989/1590 1438/5988/1590 1437/5987/1590
f 1438/5992/1591 1440/5991/1591 1437/5990/1591
f 1440/5995/1592 1441/5994/1592 1437/5993/1592
f 1441/5998/1593 1442/5997/1593 1437/5996/1593
f 1442/6001/1594 1443/6000/1594 1437/5999/1594
f 1443/6004/1595 1444/6003/1595 1437/6002/1595
f 1444/6007/1596 1445/6006/1596 1437/6005/1596
f 1445/6010/1597 1446/6009/1597 1437/6008/1597
f 1446/6013/1598 1447/6012/1598 1437/6011/1598
f 1447/6016/1599 1448/6015/1599 1437/6014/1599
f 1448/6019/1600 1449/6018/1600 1437/6017/1600
f 1449/6022/1601 1439/6021/1601 1437/6020/1601
f 1451/6026/1602 1450/6025/1602 1438/6024/1602 1439/6023/1602
f 1450/6030/1603 1452/6029/1603 1440/6028/1603 1438/6027/1603
f 1452/6034/1604 1453/6033/1604 1441/6032/1604 1440/6031/1604
f 1453/6038/1605 1454/6037/1605 1442/6036/1605 1441/6035/1605
f 1454/6042/1606 1455/6041/1606 1443/6040/1606 1442/6039/1606
f 1455/6046/1607 1456/6045/1607 1444/6044/1607 1443/6043/1607
f 1456/6050/1608 1457/6049/1608 1445/6048/1608 1444/6047/1608
f 1457/6054/1609 1458/6053/1609 1446/6052/1609 1445/6051/1609
f 1458/6058/1610 1459/6057/1610 1447/6056/1610 1446/6055/1610
f 1459/6062/1611 1460/6061/1611 1448/6060/1611 1447/6059/1611
f 1460/6066/1612 1461/6065/1612 1449/6064/1612 1448/6063/1612
f 1461/6070/1613 1451/6069/1613 1439/6068/1613 1449/6067/1613
f 1463/6074/1614 1462/6073/1614 1450/6072/1614 1451/6071/1614
f 1462/6078/1615 1464/6077/1615 1452/6076/1615 1450/6075/1615
f 1464/6082/1616 1465/6081/1616 1453/6080/1616 1452/6079/1616
f 1465/6086/1617 1466/6085/1617 1454/6084/1617 1453/6083/1617
f 1466/6090/1618 1467/6089/1618 1455/6088/1618 1454/6087/1618
f 1467/6094/1619 1468/6093/1619 1456/6092/1619 1455/6091/1619
f 1468/6098/1620 1469/6097/1620 1457/6096/1620 1456/6095/1620
f 1469/6102/1621 1470/6101/1621 1458/6100/1621 1457/6099/1621
f 1470/6106/1622 1471/6105/1622 1459/6104/1622 1458/6103/1622
f 1471/6110/1623 1472/6109/1623 1460/6108/1623 1459/6107/1623
f 1472/6114/1624 1473/6113/1624 1461/6112/1624 1460/6111/1624
f 1473/6118/1625 1463/6117/1625 1451/6116/1625 1461/6115/1625
f 1475/6122/1626 1474/6121/1626 1462/6120/1626 1463/6119/1626
f 1474/6126/1627 1476/6125/1627 1464/6124/1627 1462/6123/1627
f 1476/6130/1628 1477/6129/1628 1465/6128/1628 1464/6127/1628
f 1477/6134/1629 1478/6133/1629 1466/6132/1629 1465/6131/1629
f 1478/6138/1630 1479/6137/1630 1467/6136/1630 1466/6135/1630
f 1479/6142/1631 1480/6141/1631 1468/6140/1631 1467/6139/1631
f 1480/6146/1632 1481/6145/1632 1469/6144/1632 1468/6143/1632
f 1481/6150/1633 1482/6149/1633 1470/6148/1633 1469/6147/1633
f 1482/6154/1634 1483/6153/1634 1471/6152/1634 1470/6151/1634
f 1483/6158/1635 1484/6157/1635 1472/6156/1635 1471/6155/1635
f 1484/6162/1636 1485/6161/1636 1473/6160/1636 1472/6159/1636
f 1485/6166/1637 1475/6165/1637 1463/6164/1637 1473/6163/1637
f 1487/6170/1638 1486/6169/1638 1474/6168/1638 1475/6167/1638
f 1486/6174/1639 1488/6173/1639 1476/6172/1639 1474/6171/1639
f 1488/6178/1640 1489/6177/1640 1477/6176/1640 1476/6175/1640
f 1489/6182/1641 1490/6181/1641 1478/6180/1641 1477/6179/1641
f 1490/6186/1642 1491/6185/1642 1479/6184/1642 1478/6183/1642
f 1491/6190/1643 1492/6189/1643 1480/6188/1643 1479/6187/1643
f 1492/6194/1644 1493/6193/1644 1481/6192/1644 1480/6191/1644
f 1493/6198/1645 1494/6197/1645 1482/6196/1645 1481/6195/1645
f 1494/6202/1646 1495/6201/1646 1483/6200/1646 1482/6199/1646
f 1495/6206/1647 1496/6205/1647 1484/6204/1647 1483/6203/1647
f 1496/6210/1648 1497/6209/1648 1485/6208/1648 1484/6207/1648
f 1497/6214/1649 1487/6213/1649 1475/6212/1649 1485/6211/1649
f 1499/6218/1650 1498/6217/1650 1486/6216/1650 1487/6215/1650
f 1498/6222/1651 1500/6221/1651 1488/6220/1651 1486/6219/1651
f 1500/6226/1652 1501/6225/1652 1489/6224/1652 1488/6223/1652
f 1501/6230/1653 1502/6229/1653 1490/6228/1653 1489/6227/1653
f 1502/6234/1654 1503/6233/1654 1491/6232/1654 1490/6231/1654
f 1503/6238/1655 1504/6237/1655 1492/6236/1655 1491/6235/1655
f 1504/6242/1656 1505/6241/1656 1493/6240/1656 1492/6239/1656
f 1505/6246/1657 1506/6245/1657 1494/6244/1657 1493/6243/1657
f 1506/6250/1658 1507/6249/1658 1495/6248/1658 1494/6247/1658
f 1507/6254/1659 1508/6253/1659 1496/6252/1659 1495/6251/1659
f 1508/6258/1660 1509/6257/1660 1497/6256/1660 1496/6255/1660
f 1509/6262/1661 1499/6261/1661 1487/6260/1661 1497/6259/1661
f 1511/6266/1662 1510/6265/1662 1498/6264/1662 1499/6263/1662
f 1510/6270/1663 1512/6269/1663 1500/6268/1663 1498/6267/1663
f 1512/6274/1664 1513/6273/1664 1501/6272/1664 1500/6271/1664
f 1513/6278/1665 1514/6277/1665 1502/6276/1665 1501/6275/1665
f 1514/6282/1666 1515/6281/1666 1503/6280/1666 1502/6279/1666
f 1515/6286/1667 1516/6285/1667 1504/6284/1667 1503/6283/1667
f 1516/6290/1668 1517/6289/1668 1505/6288/1668 1504/6287/1668
f 1517/6294/1669 1518/6293/1669 1506/6292/1669 1505/6291/1669
f 1518/6298/1670 1519/6297/1670 1507/6296/1670 1506/6295/1670
f 1519/6302/1671 1520/6301/1671 1508/6300/1671 1507/6299/1671
f 1520/6306/1672 1521/6305/1672 1509/6304/1672 1508/6303/1672
f 1521/6310/1673 1511/6309/1673 1499/6308/1673 1509/6307/1673
f 1523/6314/1674 1522/6313/1674 1510/6312/1674 1511/6311/1674
f 1522/6318/1675 1524/6317/1675 1512/6316/1675 1510/6315/1675
f 1524/6322/1676 1525/6321/1676 1513/6320/1676 1512/6319/1676
f 1525/6326/1677 1526/6325/1677 1514/6324/1677 1513/6323/1677
f 1526/6330/1678 1527/6329/1678 1515/6328/1678 1514/6327/1678
f 1527/6334/1679 1528/6333/1679 1516/6332/1679 1515/6331/1679
f 1528/6338/1680 1529/6337/1680 1517/6336/1680 1516/6335/1680
f 1529/6342/1681 1530/6341/1681 1518/6340/1681 1517/6339/1681
f 1530/6346/1682 1531/6345/1682 1519/6344/1682 1518/6343/1682
f 1531/6350/1683 1532/6349/1683 1520/6348/1683 1519/6347/1683
f 1532/6354/1684 1533/6353/1684 1521/6352/1684 1520/6351/1684
f 1533/6358/1685 1523/6357/1685 1511/6356/1685 1521/6355/1685
f 1534/6361/1686 1522/6360/1686 1523/6359/1686
f 1534/6364/1687 1524/6363/1687 1522/6362/1687
f 1534/6367/1688 1525/6366/1688 1524/6365/1688
f 1534/6370/1689 1526/6369/1689 1525/6368/1689
f 1534/6373/1690 1527/6372/1690 1526/6371/1690
f 1534/6376/1691 1528/6375/1691 1527/6374/1691
f 1534/6379/1692 1529/6378/1692 1528/6377/1692
f 1534/6382/1693 1530/6381/1693 1529/6380/1693
f 1534/6385/1694 1531/6384/1694 1530/6383/1694
f 1534/6388/1695 1532/6387/1695 1531/6386/1695
f 1534/6391/1696 1533/6390/1696 1532/6389/1696
f 1534/6394/1697 1523/6393/1697 1533/6392/1697
o group2051033602
g mesh2051033602
usemtl mat20
f 1537/6397/1698 1536/6396/1698 1535/6395/1698
f 1536/6400/1699 1538/6399/1699 1535/6398/1699
f 1538/6403/1700 1539/6402/1700 1535/6401/1700
f 1539/6406/1701 1540/6405/1701 1535/6404/1701
f 1540/6409/1702 1541/6408/1702 1535/6407/1702
f 1541/6412/1703 1542/6411/1703 1535/6410/1703
f 1542/6415/1704 1543/6414/1704 1535/6413/1704
f 1543/6418/1705 1544/6417/1705 1535/6416/1705
f 1544/6421/1706 1545/6420/1706 1535/6419/1706
f 1545/6424/1707 1546/6423/1707 1535/6422/1707
f 1546/6427/1708 1547/6426/1708 1535/6425/1708
f 1547/6430/1709 1537/6429/1709 1535/6428/1709
f 1549/6434/1710 1548/6433/1710 1536/6432/1710 1537/6431/1710
f 1548/6438/1711 1550/6437/1711 1538/6436/1711 1536/6435/1711
f 1550/6442/1712 1551/6441/1712 1539/6440/1712 1538/6439/1712
f 1551/6446/1713 1552/6445/1713 1540/6444/1713 1539/6443/1713
f 1552/6450/1714 1553/6449/1714 1541/6448/1714 1540/6447/1714
f 1553/6454/1715 1554/6453/1715 1542/6452/1715 1541/6451/1715
f 1554/6458/1716 1555/6457/1716 1543/6456/1716 1542/6455/1716
f 1555/6462/1717 1556/6461/1717 1544/6460/1717 1543/6459/1717
f 1556/6466/1718 1557/6465/1718 1545/6464/1718 1544/6463/1718
f 1557/6470/1719 1558/6469/1719 1546/6468/1719 1545/6467/1719
f 1558/6474/1720 1559/6473/1720 1547/6472/1720 1546/6471/1720
f 1559/6478/1721 1549/6477/1721 1537/6476/1721 1547/6475/1721
f 1561/6482/1722 1560/6481/1722 1548/6480/1722 1549/6479/1722
f 1560/6486/1723 1562/6485/1723 1550/6484/1723 1548/6483/1723
f 1562/6490/1724 1563/6489/1724 1551/6488/1724 1550/6487/1724
f 1563/6494/1725 1564/6493/1725 1552/6492/1725 1551/6491/1725
f 1564/6498/1726 1565/6497/1726 1553/6496/1726 1552/6495/1726
f 1565/6502/1727 1566/6501/1727 1554/6500/1727 1553/6499/1727
f 1566/6506/1728 1567/6505/1728 1555/6504/1728 1554/6503/1728
f 1567/6510/1729 1568/6509/1729 1556/6508/1729 1555/6507/1729
f 1568/6514/1730 1569/6513/1730 1557/6512/1730 1556/6511/1730
f 1569/6518/1731 1570/6517/1731 1558/6516/1731 1557/6515/1731
f 1570/6522/1732 1571/6521/1732 1559/6520/1732 1558/6519/1732
f 1571/6526/1733 1561/6525/1733 1549/6524/1733 1559/6523/1733
f 1573/6530/1734 1572/6529/1734 1560/6528/1734 1561/6527/1734
f 1572/6534/1735 1574/6533/1735 1562/6532/1735 1560/6531/1735
f 1574/6538/1736 1575/6537/1736 1563/6536/1736 1562/6535/1736
f 1575/6542/1737 1576/6541/1737 1564/6540/1737 1563/6539/1737
f 1576/6546/1738 1577/6545/1738 1565/6544/1738 1564/6543/1738
f 1577/6550/1739 1578/6549/1739 1566/6548/1739 1565/6547/1739
f 1578/6554/1740 1579/6553/1740 1567/6552/1740 1566/6551/1740
f 1579/6558/1741 1580/6557/1741 1568/6556/1741 1567/6555/1741
f 1580/6562/1742 1581/6561/1742 1569/6560/1742 1568/6559/1742
f 1581/6566/1743 1582/6565/1743 1570/6564/1743 1569/6563/1743
f 1582/6570/1744 1583/6569/1744 1571/6568/1744 1570/6567/1744
f 1583/6574/1745 1573/6573/1745 1561/6572/1745 1571/6571/1745
f 1585/6578/1746 1584/6577/1746 1572/6576/1746 1573/6575/1746
f 1584/6582/1747 1586/6581/1747 1574/6580/1747 1572/6579/1747
f 1586/6586/1748 1587/6585/1748 1575/6584/1748 1574/6583/1748
f 1587/6590/1749 1588/6589/1749 1576/6588/1749 1575/6587/1749
f 1588/6594/1750 1589/6593/1750 1577/6592/1750 1576/6591/1750
f 1589/6598/1751 1590/6597/1751 1578/6596/1751 1577/6595/1751
f 1590/6602/1752 1591/6601/1752 1579/6600/1752 1578/6599/1752
f 1591/6606/1753 1592/6605/1753 1580/6604/1753 1579/6603/1753
f 1592/6610/1754 1593/6609/1754 1581/6608/1754 1580/6607/1754
f 1593/6614/1755 1594/6613/1755 1582/6612/1755 1581/6611/1755
f 1594/6618/1756 1595/6617/1756 1583/6616/1756 1582/6615/1756
f 1595/6622/1757 1585/6621/1757 1573/6620/1757 1583/6619/1757
f 1597/6626/1758 1596/6625/1758 1584/6624/1758 1585/6623/1758
f 1596/6630/1759 1598/6629/1759 1586/6628/1759 1584/6627/1759
f 1598/6634/1760 1599/6633/1760 1587/6632/1760 1586/6631/1760
f 1599/6638/1761 1600/6637/1761 1588/6636/1761 1587/6635/1761
f 1600/6642/1762 1601/6641/1762 1589/6640/1762 1588/6639/1762
f 1601/6646/1763 1602/6645/1763 1590/6644/1763 1589/6643/1763
f 1602/6650/1764 1603/6649/1764 1591/6648/1764 1590/6647/1764
f 1603/6654/1765 1604/6653/1765 1592/6652/1765 1591/6651/1765
f 1604/6658/1766 1605/6657/1766 1593/6656/1766 1592/6655/1766
f 1605/6662/1767 1606/6661/1767 1594/6660/1767 1593/6659/1767
f 1606/6666/1768 1607/6665/1768 1595/6664/1768 1594/6663/1768
f 1607/6670/1769 1597/6669/1769 1585/6668/1769 1595/6667/1769
f 1609/6674/1770 1608/6673/1770 1596/6672/1770 1597/6671/1770
f 1608/6678/1771 1610/6677/1771 1598/6676/1771 1596/6675/1771
f 1610/6682/1772 1611/6681/1772 1599/6680/1772 1598/6679/1772
f 1611/6686/1773 1612/6685/1773 1600/6684/1773 1599/6683/1773
f 1612/6690/1774 1613/6689/1774 1601/6688/1774 1600/6687/1774
f 1613/6694/1775 1614/6693/1775 1602/6692/1775 1601/6691/1775
f 1614/6698/1776 1615/6697/1776 1603/6696/1776 1602/6695/1776
f 1615/6702/1777 1616/6701/1777 1604/6700/1777 1603/6699/1777
f 1616/6706/1778 1617/6705/1778 1605/6704/1778 1604/6703/1778
f 1617/6710/1779 1618/6709/1779 1606/6708/1779 1605/6707/1779
f 1618/6714/1780 1619/6713/1780 1607/6712/1780 1606/6711/1780
f 1619/6718/1781 1609/6717/1781 1597/6716/1781 1607/6715/1781
f 1621/6722/1782 1620/6721/1782 1608/6720/1782 1609/6719/1782
f 1620/6726/1783 1622/6725/1783 1610/6724/1783 1608/6723/1783
f 1622/6730/1784 1623/6729/1784 1611/6728/1784 1610/6727/1784
f 1623/6734/1785 1624/6733/1785 1612/6732/1785 1611/6731/1785
f 1624/6738/1786 1625/6737/1786 1613/6736/1786 1612/6735/1786
f 1625/6742/1787 1626/6741/1787 1614/6740/1787 1613/6739/1787
f 1626/6746/1788 1627/6745/1788 1615/6744/1788 1614/6743/1788
f 1627/6750/1789 1628/6749/1789 1616/6748/1789 1615/6747/1789
f 1628/6754/1790 1629/6753/1790 1617/6752/1790 1616/6751/1790
f 1629/6758/1791 1630/6757/1791 1618/6756/1791 1617/6755/1791
f 1630/6762/1792 1631/6761/1792 1619/6760/1792 1618/6759/1792
f 1631/6766/1793 1621/6765/1793 1609/6764/1793 1619/6763/1793
f 1632/6769/1794 1620/6768/1794 1621/6767/1794
f 1632/6772/1795 1622/6771/1795 1620/6770/1795
f 1632/6775/1796 1623/6774/1796 1622/6773/1796
f 1632/6778/1797 1624/6777/1797 1623/6776/1797
f 1632/6781/1798 1625/6780/1798 1624/6779/1798
f 1632/6784/1799 1626/6783/1799 1625/6782/1799
f 1632/6787/1800 1627/6786/1800 1626/6785/1800
f 1632/6790/1801 1628/6789/1801 1627/6788/1801
f 1632/6793/1802 1629/6792/1802 1628/6791/1802
f 1632/6796/1803 1630/6795/1803 1629/6794/1803
f 1632/6799/1804 1631/6798/1804 1630/6797/1804
f 1632/6802/1805 1621/6801/1805 1631/6800/1805
o group1686099771
g mesh1686099771
usemtl mat20
f 1635/6805/1806 1634/6804/1806 1633/6803/1806
f 1634/6808/1807 1636/6807/1807 1633/6806/1807
f 1636/6811/1808 1637/6810/1808 1633/6809/1808
f 1637/6814/1809 1638/6813/1809 1633/6812/1809
f 1638/6817/1810 1639/6816/1810 1633/6815/1810
f 1639/6820/1811 1640/6819/1811 1633/6818/1811
f 1640/6823/1812 1641/6822/1812 1633/6821/1812
f 1641/6826/1813 1642/6825/1813 1633/6824/1813
f 1642/6829/1814 1643/6828/1814 1633/6827/1814
f 1643/6832/1815 1644/6831/1815 1633/6830/1815
f 1644/6835/1816 1645/6834/1816 1633/6833/1816
f 1645/6838/1817 1635/6837/1817 1633/6836/1817
f 1647/6842/1818 1646/6841/1818 1634/6840/1818 1635/6839/1818
f 1646/6846/1819 1648/6845/1819 1636/6844/1819 1634/6843/1819
f 1648/6850/1820 1649/6849/1820 1637/6848/1820 1636/6847/1820
f 1649/6854/1821 1650/6853/1821 1638/6852/1821 1637/6851/1821
f 1650/6858/1822 1651/6857/1822 1639/6856/1822 1638/6855/1822
f 1651/6862/1823 1652/6861/1823 1640/6860/1823 1639/6859/1823
f 1652/6866/1824 1653/6865/1824 1641/6864/1824 1640/6863/1824
f 1653/6870/1825 1654/6869/1825 1642/6868/1825 1641/6867/1825
f 1654/6874/1826 1655/6873/1826 1643/6872/1826 1642/6871/1826
f 1655/6878/1827 1656/6877/1827 1644/6876/1827 1643/6875/1827
f 1656/6882/1828 1657/6881/1828 1645/6880/1828 1644/6879/1828
f 1657/6886/1829 1647/6885/1829 1635/6884/1829 1645/6883/1829
f 1659/6890/1830 1658/6889/1830 1646/6888/1830 1647/6887/1830
f 1658/6894/1831 1660/6893/1831 1648/6892/1831 1646/6891/1831
f 1660/6898/1832 1661/6897/1832 1649/6896/1832 1648/6895/1832
f 1661/6902/1833 1662/6901/1833 1650/6900/1833 1649/6899/1833
f 1662/6906/1834 1663/6905/1834 1651/6904/1834 1650/6903/1834
f 1663/6910/1835 1664/6909/1835 1652/6908/1835 1651/6907/1835
f 1664/6914/1836 1665/6913/1836 1653/6912/1836 1652/6911/1836
f 1665/6918/1837 1666/6917/1837 1654/6916/1837 1653/6915/1837
f 1666/6922/1838 1667/6921/1838 1655/6920/1838 1654/6919/1838
f 1667/6926/1839 1668/6925/1839 1656/6924/1839 1655/6923/1839
f 1668/6930/1840 1669/6929/1840 1657/6928/1840 1656/6927/1840
f 1669/6934/1841 1659/6933/1841 1647/6932/1841 1657/6931/1841
f 1671/6938/1842 1670/6937/1842 1658/6936/1842 1659/6935/1842
f 1670/6942/1843 1672/6941/1843 1660/6940/1843 1658/6939/1843
f 1672/6946/1844 1673/6945/1844 1661/6944/1844 1660/6943/1844
f 1673/6950/1845 1674/6949/1845 1662/6948/1845 1661/6947/1845
f 1674/6954/1846 1675/6953/1846 1663/6952/1846 1662/6951/1846
f 1675/6958/1847 1676/6957/1847 1664/6956/1847 1663/6955/1847
f 1676/6962/1848 1677/6961/1848 1665/6960/1848 1664/6959/1848
f 1677/6966/1849 1678/6965/1849 1666/6964/1849 1665/6963/1849
f 1678/6970/1850 1679/6969/1850 1667/6968/1850 1666/6967/1850
f 1679/6974/1851 1680/6973/1851 1668/6972/1851 1667/6971/1851
f 1680/6978/1852 1681/6977/1852 1669/6976/1852 1668/6975/1852
f 1681/6982/1853 1671/6981/1853 1659/6980/1853 1669/6979/1853
f 1683/6986/1854 1682/6985/1854 1670/6984/1854 1671/6983/1854
f 1682/6990/1855 1684/6989/1855 1672/6988/1855 1670/6987/1855
f 1684/6994/1856 1685/6993/1856 1673/6992/1856 1672/6991/1856
f 1685/6998/1857 1686/6997/1857 1674/6996/1857 1673/6995/1857
f 1686/7002/1858 1687/7001/1858 1675/7000/1858 1674/6999/1858
f 1687/7006/1859 1688/7005/1859 1676/7004/1859 1675/7003/1859
f 1688/7010/1860 1689/7009/1860 1677/7008/1860 1676/7007/1860
f 1689/7014/1861 1690/7013/1861 1678/7012/1861 1677/7011/1861
f 1690/7018/1862 1691/7017/1862 1679/7016/1862 1678/7015/1862
f 1691/7022/1863 1692/7021/1863 1680/7020/1863 1679/7019/1863
f 1692/7026/1864 1693/7025/1864 1681/7024/1864 1680/7023/1864
f 1693/7030/1865 1683/7029/1865 1671/7028/1865 1681/7027/1865
f 1695/7034/1866 1694/7033/1866 1682/7032/1866 1683/7031/1866
f 1694/7038/1867 1696/7037/1867 1684/7036/1867 1682/7035/1867
f 1696/7042/1868 1697/7041/1868 1685/7040/1868 1684/7039/1868
f 1697/7046/1869 1698/7045/1869 1686/7044/1869 1685/7043/1869
f 1698/7050/1870 1699/7049/1870 1687/7048/1870 1686/7047/1870
f 1699/7054/1871 1700/7053/1871 1688/7052/1871 1687/7051/1871
f 1700/7058/1872 1701/7057/1872 1689/7056/1872 1688/7055/1872
f 1701/7062/1873 1702/7061/1873 1690/7060/1873 1689/7059/1873
f 1702/7066/1874 1703/7065/1874 1691/7064/1874 1690/7063/1874
f 1703/7070/1875 1704/7069/1875 1692/7068/1875 1691/7067/1875
f 1704/7074/1876 1705/7073/1876 1693/7072/1876 1692/7071/1876
f 1705/7078/1877 1695/7077/1877 1683/7076/1877 1693/7075/1877
f 1707/7082/1878 1706/7081/1878 1694/7080/1878 1695/7079/1878
f 1706/7086/1879 1708/7085/1879 1696/7084/1879 1694/7083/1879
f 1708/7090/1880 1709/7089/1880 1697/7088/1880 1696/7087/1880
f 1709/7094/1881 1710/7093/1881 1698/7092/1881 1697/7091/1881
f 1710/7098/1882 1711/7097/1882 1699/7096/1882 1698/7095/1882
f 1711/7102/1883 1712/7101/1883 1700/7100/1883 1699/7099/1883
f 1712/7106/1884 1713/7105/1884 1701/7104/1884 1700/7103/1884
f 1713/7110/1885 1714/7109/1885 1702/7108/1885 1701/7107/1885
f 1714/7114/1886 1715/7113/1886 1703/7112/1886 1702/7111/1886
f 1715/7118/1887 1716/7117/1887 1704/7116/1887 1703/7115/1887
f 1716/7122/1888 1717/7121/1888 1705/7120/1888 1704/7119/1888
f 1717/7126/1889 1707/7125/1889 1695/7124/1889 1705/7123/1889
f 1719/7130/1890 1718/7129/1890 1706/7128/1890 1707/7127/1890
f 1718/7134/1891 1720/7133/1891 1708/7132/1891 1706/7131/1891
f 1720/7138/1892 1721/7137/1892 1709/7136/1892 1708/7135/1892
f 1721/7142/1893 1722/7141/1893 1710/7140/1893 1709/7139/1893
f 1722/7146/1894 1723/7145/1894 1711/7144/1894 1710/7143/1894
f 1723/7150/1895 1724/7149/1895 1712/7148/1895 1711/7147/1895
f 1724/7154/1896 1725/7153/1896 1713/7152/1896 1712/7151/1896
f 1725/7158/1897 1726/7157/1897 1714/7156/1897 1713/7155/1897
f 1726/7162/1898 1727/7161/1898 1715/7160/1898 1714/7159/1898
f 1727/7166/1899 1728/7165/1899 1716/7164/1899 1715/7163/1899
f 1728/7170/1900 1729/7169/1900 1717/7168/1900 1716/7167/1900
f 1729/7174/1901 1719/7173/1901 1707/7172/1901 1717/7171/1901
f 1730/7177/1902 1718/7176/1902 1719/7175/1902
f 1730/7180/1903 1720/7179/1903 1718/7178/1903
f 1730/7183/1904 1721/7182/1904 1720/7181/1904
f 1730/7186/1905 1722/7185/1905 1721/7184/1905
f 1730/7189/1906 1723/7188/1906 1722/7187/1906
f 1730/7192/1907 1724/7191/1907 1723/7190/1907
f 1730/7195/1908 1725/7194/1908 1724/7193/1908
f 1730/7198/1909 1726/7197/1909 1725/7196/1909
f 1730/7201/1910 1727/7200/1910 1726/7199/1910
f 1730/7204/1911 1728/7203/1911 1727/7202/1911
f 1730/7207/1912 1729/7206/1912 1728/7205/1912
f 1730/7210/1913 1719/7209/1913 1729/7208/1913
o group176943915
g mesh176943915
usemtl mat20
f 1733/7213/1914 1732/7212/1914 1731/7211/1914
f 1732/7216/1915 1734/7215/1915 1731/7214/1915
f 1734/7219/1916 1735/7218/1916 1731/7217/1916
f 1735/7222/1917 1736/7221/1917 1731/7220/1917
f 1736/7225/1918 1737/7224/1918 1731/7223/1918
f 1737/7228/1919 1738/7227/1919 1731/7226/1919
f 1738/7231/1920 1739/7230/1920 1731/7229/1920
f 1739/7234/1921 1740/7233/1921 1731/7232/1921
f 1740/7237/1922 1741/7236/1922 1731/7235/1922
f 1741/7240/1923 1742/7239/1923 1731/7238/1923
f 1742/7243/1924 1743/7242/1924 1731/7241/1924
f 1743/7246/1925 1733/7245/1925 1731/7244/1925
f 1745/7250/1926 1744/7249/1926 1732/7248/1926 1733/7247/1926
f 1744/7254/1927 1746/7253/1927 1734/7252/1927 1732/7251/1927
f 1746/7258/1928 1747/7257/1928 1735/7256/1928 1734/7255/1928
f 1747/7262/1929 1748/7261/1929 1736/7260/1929 1735/7259/1929
f 1748/7266/1930 1749/7265/1930 1737/7264/1930 1736/7263/1930
f 1749/7270/1931 1750/7269/1931 1738/7268/1931 1737/7267/1931
f 1750/7274/1932 1751/7273/1932 1739/7272/1932 1738/7271/1932
f 1751/7278/1933 1752/7277/1933 1740/7276/1933 1739/7275/1933
f 1752/7282/1934 1753/7281/1934 1741/7280/1934 1740/7279/1934
f 1753/7286/1935 1754/7285/1935 1742/7284/1935 1741/7283/1935
f 1754/7290/1936 1755/7289/1936 1743/7288/1936 1742/7287/1936
f 1755/7294/1937 1745/7293/1937 1733/7292/1937 1743/7291/1937
f 1757/7298/1938 1756/7297/1938 1744/7296/1938 1745/7295/1938
f 1756/7302/1939 1758/7301/1939 1746/7300/1939 1744/7299/1939
f 1758/7306/1940 1759/7305/1940 1747/7304/1940 1746/7303/1940
f 1759/7310/1941 1760/7309/1941 1748/7308/1941 1747/7307/1941
f 1760/7314/1942 1761/7313/1942 1749/7312/1942 1748/7311/1942
f 1761/7318/1943 1762/7317/1943 1750/7316/1943 1749/7315/1943
f 1762/7322/1944 1763/7321/1944 1751/7320/1944 1750/7319/1944
f 1763/7326/1945 1764/7325/1945 1752/7324/1945 1751/7323/1945
f 1764/7330/1946 1765/7329/1946 1753/7328/1946 1752/7327/1946
f 1765/7334/1947 1766/7333/1947 1754/7332/1947 1753/7331/1947
f 1766/7338/1948 1767/7337/1948 1755/7336/1948 1754/7335/1948
f 1767/7342/1949 1757/7341/1949 1745/7340/1949 1755/7339/1949
f 1769/7346/1950 1768/7345/1950 1756/7344/1950 1757/7343/1950
f 1768/7350/1951 1770/7349/1951 1758/7348/1951 1756/7347/1951
f 1770/7354/1952 1771/7353/1952 1759/7352/1952 1758/7351/1952
f 1771/7358/1953 1772/7357/1953 1760/7356/1953 1759/7355/1953
f 1772/7362/1954 1773/7361/1954 1761/7360/1954 1760/7359/1954
f 1773/7366/1955 1774/7365/1955 1762/7364/1955 1761/7363/1955
f 1774/7370/1956 1775/7369/1956 1763/7368/1956 1762/7367/1956
f 1775/7374/1957 1776/7373/1957 1764/7372/1957 1763/7371/1957
f 1776/7378/1958 1777/7377/1958 1765/7376/1958 1764/7375/1958
f 1777/7382/1959 1778/7381/1959 1766/7380/1959 1765/7379/1959
f 1778/7386/1960 1779/7385/1960 1767/7384/1960 1766/7383/1960
f 1779/7390/1961 1769/7389/1961 1757/7388/1961 1767/7387/1961
f 1781/7394/1962 1780/7393/1962 1768/7392/1962 1769/7391/1962
f 1780/7398/1963 1782/7397/1963 1770/7396/1963 1768/7395/1963
f 1782/7402/1964 1783/7401/1964 1771/7400/1964 1770/7399/1964
f 1783/7406/1965 1784/7405/1965 1772/7404/1965 1771/7403/1965
f 1784/7410/1966 1785/7409/1966 1773/7408/1966 1772/7407/1966
f 1785/7414/1967 1786/7413/1967 1774/7412/1967 1773/7411/1967
f 1786/7418/1968 1787/7417/1968 1775/7416/1968 1774/7415/1968
f 1787/7422/1969 1788/7421/1969 1776/7420/1969 1775/7419/1969
f 1788/7426/1970 1789/7425/1970 1777/7424/1970 1776/7423/1970
f 1789/7430/1971 1790/7429/1971 1778/7428/1971 1777/7427/1971
f 1790/7434/1972 1791/7433/1972 1779/7432/1972 1778/7431/1972
f 1791/7438/1973 1781/7437/1973 1769/7436/1973 1779/7435/1973
f 1793/7442/1974 1792/7441/1974 1780/7440/1974 1781/7439/1974
f 1792/7446/1975 1794/7445/1975 1782/7444/1975 1780/7443/1975
f 1794/7450/1976 1795/7449/1976 1783/7448/1976 1782/7447/1976
f 1795/7454/1977 1796/7453/1977 1784/7452/1977 1783/7451/1977
f 1796/7458/1978 1797/7457/1978 1785/7456/1978 1784/7455/1978
f 1797/7462/1979 1798/7461/1979 1786/7460/1979 1785/7459/1979
f 1798/7466/1980 1799/7465/1980 1787/7464/1980 1786/7463/1980
f 1799/7470/1981 1800/7469/1981 1788/7468/1981 1787/7467/1981
f 1800/7474/1982 1801/7473/1982 1789/7472/1982 1788/7471/1982
f 1801/7478/1983 1802/7477/1983 1790/7476/1983 1789/7475/1983
f 1802/7482/1984 1803/7481/1984 1791/7480/1984 1790/7479/1984
f 1803/7486/1985 1793/7485/1985 1781/7484/1985 1791/7483/1985
f 1805/7490/1986 1804/7489/1986 1792/7488/1986 1793/7487/1986
f 1804/7494/1987 1806/7493/1987 1794/7492/1987 1792/7491/1987
f 1806/7498/1988 1807/7497/1988 1795/7496/1988 1794/7495/1988
f 1807/7502/1989 1808/7501/1989 1796/7500/1989 1795/7499/1989
f 1808/7506/1990 1809/7505/1990 1797/7504/1990 1796/7503/1990
f 1809/7510/1991 1810/7509/1991 1798/7508/1991 1797/7507/1991
f 1810/7514/1992 1811/7513/1992 1799/7512/1992 1798/7511/1992
f 1811/7518/1993 1812/7517/1993 1800/7516/1993 1799/7515/1993
f 1812/7522/1994 1813/7521/1994 1801/7520/1994 1800/7519/1994
f 1813/7526/1995 1814/7525/1995 1802/7524/1995 1801/7523/1995
f 1814/7530/1996 1815/7529/1996 1803/7528/1996 1802/7527/1996
f 1815/7534/1997 1805/7533/1997 1793/7532/1997 1803/7531/1997
f 1817/7538/1998 1816/7537/1998 1804/7536/1998 1805/7535/1998
f 1816/7542/1999 1818/7541/1999 1806/7540/1999 1804/7539/1999
f 1818/7546/2000 1819/7545/2000 1807/7544/2000 1806/7543/2000
f 1819/7550/2001 1820/7549/2001 1808/7548/2001 1807/7547/2001
f 1820/7554/2002 1821/7553/2002 1809/7552/2002 1808/7551/2002
f 1821/7558/2003 1822/7557/2003 1810/7556/2003 1809/7555/2003
f 1822/7562/2004 1823/7561/2004 1811/7560/2004 1810/7559/2004
f 1823/7566/2005 1824/7565/2005 1812/7564/2005 1811/7563/2005
f 1824/7570/2006 1825/7569/2006 1813/7568/2006 1812/7567/2006
f 1825/7574/2007 1826/7573/2007 1814/7572/2007 1813/7571/2007
f 1826/7578/2008 1827/7577/2008 1815/7576/2008 1814/7575/2008
f 1827/7582/2009 1817/7581/2009 1805/7580/2009 1815/7579/2009
f 1828/7585/2010 1816/7584/2010 1817/7583/2010
f 1828/7588/2011 1818/7587/2011 1816/7586/2011
f 1828/7591/2012 1819/7590/2012 1818/7589/2012
f 1828/7594/2013 1820/7593/2013 1819/7592/2013
f 1828/7597/2014 1821/7596/2014 1820/7595/2014
f 1828/7600/2015 1822/7599/2015 1821/7598/2015
f 1828/7603/2016 1823/7602/2016 1822/7601/2016
f 1828/7606/2017 1824/7605/2017 1823/7604/2017
f 1828/7609/2018 1825/7608/2018 1824/7607/2018
f 1828/7612/2019 1826/7611/2019 1825/7610/2019
f 1828/7615/2020 1827/7614/2020 1826/7613/2020
f 1828/7618/2021 1817/7617/2021 1827/7616/2021
o group2053147140
g mesh2053147140
usemtl mat20
f 1831/7621/2022 1830/7620/2022 1829/7619/2022
f 1830/7624/2023 1832/7623/2023 1829/7622/2023
f 1832/7627/2024 1833/7626/2024 1829/7625/2024
f 1833/7630/2025 1834/7629/2025 1829/7628/2025
f 1834/7633/2026 1835/7632/2026 1829/7631/2026
f 1835/7636/2027 1836/7635/2027 1829/7634/2027
f 1836/7639/2028 1837/7638/2028 1829/7637/2028
f 1837/7642/2029 1838/7641/2029 1829/7640/2029
f 1838/7645/2030 1839/7644/2030 1829/7643/2030
f 1839/7648/2031 1840/7647/2031 1829/7646/2031
f 1840/7651/2032 1841/7650/2032 1829/7649/2032
f 1841/7654/2033 1831/7653/2033 1829/7652/2033
f 1843/7658/2034 1842/7657/2034 1830/7656/2034 1831/7655/2034
f 1842/7662/2035 1844/7661/2035 1832/7660/2035 1830/7659/2035
f 1844/7666/2036 1845/7665/2036 1833/7664/2036 1832/7663/2036
f 1845/7670/2037 1846/7669/2037 1834/7668/2037 1833/7667/2037
f 1846/7674/2038 1847/7673/2038 1835/7672/2038 1834/7671/2038
f 1847/7678/2039 1848/7677/2039 1836/7676/2039 1835/7675/2039
f 1848/7682/2040 1849/7681/2040 1837/7680/2040 1836/7679/2040
f 1849/7686/2041 1850/7685/2041 1838/7684/2041 1837/7683/2041
f 1850/7690/2042 1851/7689/2042 1839/7688/2042 1838/7687/2042
f 1851/7694/2043 1852/7693/2043 1840/7692/2043 1839/7691/2043
f 1852/7698/2044 1853/7697/2044 1841/7696/2044 1840/7695/2044
f 1853/7702/2045 1843/7701/2045 1831/7700/2045 1841/7699/2045
f 1855/7706/2046 1854/7705/2046 1842/7704/2046 1843/7703/2046
f 1854/7710/2047 1856/7709/2047 1844/7708/2047 1842/7707/2047
f 1856/7714/2048 1857/7713/2048 1845/7712/2048 1844/7711/2048
f 1857/7718/2049 1858/7717/2049 1846/7716/2049 1845/7715/2049
f 1858/7722/2050 1859/7721/2050 1847/7720/2050 1846/7719/2050
f 1859/7726/2051 1860/7725/2051 1848/7724/2051 1847/7723/2051
f 1860/7730/2052 1861/7729/2052 1849/7728/2052 1848/7727/2052
f 1861/7734/2053 1862/7733/2053 1850/7732/2053 1849/7731/2053
f 1862/7738/2054 1863/7737/2054 1851/7736/2054 1850/7735/2054
f 1863/7742/2055 1864/7741/2055 1852/7740/2055 1851/7739/2055
f 1864/7746/2056 1865/7745/2056 1853/7744/2056 1852/7743/2056
f 1865/7750/2057 1855/7749/2057 1843/7748/2057 1853/7747/2057
f 1867/7754/2058 1866/7753/2058 1854/7752/2058 1855/7751/2058
f 1866/7758/2059 1868/7757/2059 1856/7756/2059 1854/7755/2059
f 1868/7762/2060 1869/7761/2060 1857/7760/2060 1856/7759/2060
f 1869/7766/2061 1870/7765/2061 1858/7764/2061 1857/7763/2061
f 1870/7770/2062 1871/7769/2062 1859/7768/2062 1858/7767/2062
f 1871/7774/2063 1872/7773/2063 1860/7772/2063 1859/7771/2063
f 1872/7778/2064 1873/7777/2064 1861/7776/2064 1860/7775/2064
f 1873/7782/2065 1874/7781/2065 1862/7780/2065 1861/7779/2065
f 1874/7786/2066 1875/7785/2066 1863/7784/2066 1862/7783/2066
f 1875/7790/2067 1876/7789/2067 1864/7788/2067 1863/7787/2067
f 1876/7794/2068 1877/7793/2068 1865/7792/2068 1864/7791/2068
f 1877/7798/2069 1867/7797/2069 1855/7796/2069 1865/7795/2069
f 1879/7802/2070 1878/7801/2070 1866/7800/2070 1867/7799/2070
f 1878/7806/2071 1880/7805/2071 1868/7804/2071 1866/7803/2071
f 1880/7810/2072 1881/7809/2072 1869/7808/2072 1868/7807/2072
f 1881/7814/2073 1882/7813/2073 1870/7812/2073 1869/7811/2073
f 1882/7818/2074 1883/7817/2074 1871/7816/2074 1870/7815/2074
f 1883/7822/2075 1884/7821/2075 1872/7820/2075 1871/7819/2075
f 1884/7826/2076 1885/7825/2076 1873/7824/2076 1872/7823/2076
f 1885/7830/2077 1886/7829/2077 1874/7828/2077 1873/7827/2077
f 1886/7834/2078 1887/7833/2078 1875/7832/2078 1874/7831/2078
f 1887/7838/2079 1888/7837/2079 1876/7836/2079 1875/7835/2079
f 1888/7842/2080 1889/7841/2080 1877/7840/2080 1876/7839/2080
f 1889/7846/2081 1879/7845/2081 1867/7844/2081 1877/7843/2081
f 1891/7850/2082 1890/7849/2082 1878/7848/2082 1879/7847/2082
f 1890/7854/2083 1892/7853/2083 1880/7852/2083 1878/7851/2083
f 1892/7858/2084 1893/7857/2084 1881/7856/2084 1880/7855/2084
f 1893/7862/2085 1894/7861/2085 1882/7860/2085 1881/7859/2085
f 1894/7866/2086 1895/7865/2086 1883/7864/2086 1882/7863/2086
f 1895/7870/2087 1896/7869/2087 1884/7868/2087 1883/7867/2087
f 1896/7874/2088 1897/7873/2088 1885/7872/2088 1884/7871/2088
f 1897/7878/2089 1898/7877/2089 1886/7876/2089 1885/7875/2089
f 1898/7882/2090 1899/7881/2090 1887/7880/2090 1886/7879/2090
f 1899/7886/2091 1900/7885/2091 1888/7884/2091 1887/7883/2091
f 1900/7890/2092 1901/7889/2092 1889/7888/2092 1888/7887/2092
f 1901/7894/2093 1891/7893/2093 1879/7892/2093 1889/7891/2093
f 1903/7898/2094 1902/7897/2094 1890/7896/2094 1891/7895/2094
f 1902/7902/2095 1904/7901/2095 1892/7900/2095 1890/7899/2095
f 1904/7906/2096 1905/7905/2096 1893/7904/2096 1892/7903/2096
f 1905/7910/2097 1906/7909/2097 1894/7908/2097 1893/7907/2097
f 1906/7914/2098 1907/7913/2098 1895/7912/2098 1894/7911/2098
f 1907/7918/2099 1908/7917/2099 1896/7916/2099 1895/7915/2099
f 1908/7922/2100 1909/7921/2100 1897/7920/2100 1896/7919/2100
f 1909/7926/2101 1910/7925/2101 1898/7924/2101 1897/7923/2101
f 1910/7930/2102 1911/7929/2102 1899/7928/2102 1898/7927/2102
f 1911/7934/2103 1912/7933/2103 1900/7932/2103 1899/7931/2103
f 1912/7938/2104 1913/7937/2104 1901/7936/2104 1900/7935/2104
f 1913/7942/2105 1903/7941/2105 1891/7940/2105 1901/7939/2105
f 1915/7946/2106 1914/7945/2106 1902/7944/2106 1903/7943/2106
f 1914/7950/2107 1916/7949/2107 1904/7948/2107 1902/7947/2107
f 1916/7954/2108 1917/7953/2108 1905/7952/2108 1904/7951/2108
f 1917/7958/2109 1918/7957/2109 1906/7956/2109 1905/7955/2109
f 1918/7962/2110 1919/7961/2110 1907/7960/2110 1906/7959/2110
f 1919/7966/2111 1920/7965/2111 1908/7964/2111 1907/7963/2111
f 1920/7970/2112 1921/7969/2112 1909/7968/2112 1908/7967/2112
f 1921/7974/2113 1922/7973/2113 1910/7972/2113 1909/7971/2113
f 1922/7978/2114 1923/7977/2114 1911/7976/2114 1910/7975/2114
f 1923/7982/2115 1924/7981/2115 1912/7980/2115 1911/7979/2115
f 1924/7986/2116 1925/7985/2116 1913/7984/2116 1912/7983/2116
f 1925/7990/2117 1915/7989/2117 1903/7988/2117 1913/7987/2117
f 1926/7993/2118 1914/7992/2118 1915/7991/2118
f 1926/7996/2119 1916/7995/2119 1914/7994/2119
f 1926/7999/2120 1917/7998/2120 1916/7997/2120
f 1926/8002/2121 1918/8001/2121 1917/8000/2121
f 1926/8005/2122 1919/8004/2122 1918/8003/2122
f 1926/8008/2123 1920/8007/2123 1919/8006/2123
f 1926/8011/2124 1921/8010/2124 1920/8009/2124
f 1926/8014/2125 1922/8013/2125 1921/8012/2125
f 1926/8017/2126 1923/8016/2126 1922/8015/2126
f 1926/8020/2127 1924/8019/2127 1923/8018/2127
f 1926/8023/2128 1925/8022/2128 1924/8021/2128
f 1926/8026/2129 1915/8025/2129 1925/8024/2129
o group626316922
g mesh626316922
usemtl mat20
f 1929/8029/2130 1928/8028/2130 1927/8027/2130
f 1928/8032/2131 1930/8031/2131 1927/8030/2131
f 1930/8035/2132 1931/8034/2132 1927/8033/2132
f 1931/8038/2133 1932/8037/2133 1927/8036/2133
f 1932/8041/2134 1933/8040/2134 1927/8039/2134
f 1933/8044/2135 1934/8043/2135 1927/8042/2135
f 1934/8047/2136 1935/8046/2136 1927/8045/2136
f 1935/8050/2137 1936/8049/2137 1927/8048/2137
f 1936/8053/2138 1937/8052/2138 1927/8051/2138
f 1937/8056/2139 1938/8055/2139 1927/8054/2139
f 1938/8059/2140 1939/8058/2140 1927/8057/2140
f 1939/8062/2141 1929/8061/2141 1927/8060/2141
f 1941/8066/2142 1940/8065/2142 1928/8064/2142 1929/8063/2142
f 1940/8070/2143 1942/8069/2143 1930/8068/2143 1928/8067/2143
f 1942/8074/2144 1943/8073/2144 1931/8072/2144 1930/8071/2144
f 1943/8078/2145 1944/8077/2145 1932/8076/2145 1931/8075/2145
f 1944/8082/2146 1945/8081/2146 1933/8080/2146 1932/8079/2146
f 1945/8086/2147 1946/8085/2147 1934/8084/2147 1933/8083/2147
f 1946/8090/2148 1947/8089/2148 1935/8088/2148 1934/8087/2148
f 1947/8094/2149 1948/8093/2149 1936/8092/2149 1935/8091/2149
f 1948/8098/2150 1949/8097/2150 1937/8096/2150 1936/8095/2150
f 1949/8102/2151 1950/8101/2151 1938/8100/2151 1937/8099/2151
f 1950/8106/2152 1951/8105/2152 1939/8104/2152 1938/8103/2152
f 1951/8110/2153 1941/8109/2153 1929/8108/2153 1939/8107/2153
f 1953/8114/2154 1952/8113/2154 1940/8112/2154 1941/8111/2154
f 1952/8118/2155 1954/8117/2155 1942/8116/2155 1940/8115/2155
f 1954/8122/2156 1955/8121/2156 1943/8120/2156 1942/8119/2156
f 1955/8126/2157 1956/8125/2157 1944/8124/2157 1943/8123/2157
f 1956/8130/2158 1957/8129/2158 1945/8128/2158 1944/8127/2158
f 1957/8134/2159 1958/8133/2159 1946/8132/2159 1945/8131/2159
f 1958/8138/2160 1959/8137/2160 1947/8136/2160 1946/8135/2160
f 1959/8142/2161 1960/8141/2161 1948/8140/2161 1947/8139/2161
f 1960/8146/2162 1961/8145/2162 1949/8144/2162 1948/8143/2162
f 1961/8150/2163 1962/8149/2163 1950/8148/2163 1949/8147/2163
f 1962/8154/2164 1963/8153/2164 1951/8152/2164 1950/8151/2164
f 1963/8158/2165 1953/8157/2165 1941/8156/2165 1951/8155/2165
f 1965/8162/2166 1964/8161/2166 1952/8160/2166 1953/8159/2166
f 1964/8166/2167 1966/8165/2167 1954/8164/2167 1952/8163/2167
f 1966/8170/2168 1967/8169/2168 1955/8168/2168 1954/8167/2168
f 1967/8174/2169 1968/8173/2169 1956/8172/2169 1955/8171/2169
f 1968/8178/2170 1969/8177/2170 1957/8176/2170 1956/8175/2170
f 1969/8182/2171 1970/8181/2171 1958/8180/2171 1957/8179/2171
f 1970/8186/2172 1971/8185/2172 1959/8184/2172 1958/8183/2172
f 1971/8190/2173 1972/8189/2173 1960/8188/2173 1959/8187/2173
f 1972/8194/2174 1973/8193/2174 1961/8192/2174 1960/8191/2174
f 1973/8198/2175 1974/8197/2175 1962/8196/2175 1961/8195/2175
f 1974/8202/2176 1975/8201/2176 1963/8200/2176 1962/8199/2176
f 1975/8206/2177 1965/8205/2177 1953/8204/2177 1963/8203/2177
f 1977/8210/2178 1976/8209/2178 1964/8208/2178 1965/8207/2178
f 1976/8214/2179 1978/8213/2179 1966/8212/2179 1964/8211/2179
f 1978/8218/2180 1979/8217/2180 1967/8216/2180 1966/8215/2180
f 1979/8222/2181 1980/8221/2181 1968/8220/2181 1967/8219/2181
f 1980/8226/2182 1981/8225/2182 1969/8224/2182 1968/8223/2182
f 1981/8230/2183 1982/8229/2183 1970/8228/2183 1969/8227/2183
f 1982/8234/2184 1983/8233/2184 1971/8232/2184 1970/8231/2184
f 1983/8238/2185 1984/8237/2185 1972/8236/2185 1971/8235/2185
f 1984/8242/2186 1985/8241/2186 1973/8240/2186 1972/8239/2186
f 1985/8246/2187 1986/8245/2187 1974/8244/2187 1973/8243/2187
f 1986/8250/2188 1987/8249/2188 1975/8248/2188 1974/8247/2188
f 1987/8254/2189 1977/8253/2189 1965/8252/2189 1975/8251/2189
f 1989/8258/2190 1988/8257/2190 1976/8256/2190 1977/8255/2190
f 1988/8262/2191 1990/8261/2191 1978/8260/2191 1976/8259/2191
f 1990/8266/2192 1991/8265/2192 1979/8264/2192 1978/8263/2192
f 1991/8270/2193 1992/8269/2193 1980/8268/2193 1979/8267/2193
f 1992/8274/2194 1993/8273/2194 1981/8272/2194 1980/8271/2194
f 1993/8278/2195 1994/8277/2195 1982/8276/2195 1981/8275/2195
f 1994/8282/2196 1995/8281/2196 1983/8280/2196 1982/8279/2196
f 1995/8286/2197 1996/8285/2197 1984/8284/2197 1983/8283/2197
f 1996/8290/2198 1997/8289/2198 1985/8288/2198 1984/8287/2198
f 1997/8294/2199 1998/8293/2199 1986/8292/2199 1985/8291/2199
f 1998/8298/2200 1999/8297/2200 1987/8296/2200 1986/8295/2200
f 1999/8302/2201 1989/8301/2201 1977/8300/2201 1987/8299/2201
f 2001/8306/2202 2000/8305/2202 1988/8304/2202 1989/8303/2202
f 2000/8310/2203 2002/8309/2203 1990/8308/2203 1988/8307/2203
f 2002/8314/2204 2003/8313/2204 1991/8312/2204 1990/8311/2204
f 2003/8318/2205 2004/8317/2205 1992/8316/2205 1991/8315/2205
f 2004/8322/2206 2005/8321/2206 1993/8320/2206 1992/8319/2206
f 2005/8326/2207 2006/8325/2207 1994/8324/2207 1993/8323/2207
f 2006/8330/2208 2007/8329/2208 1995/8328/2208 1994/8327/2208
f 2007/8334/2209 2008/8333/2209 1996/8332/2209 1995/8331/2209
f 2008/8338/2210 2009/8337/2210 1997/8336/2210 1996/8335/2210
f 2009/8342/2211 2010/8341/2211 1998/8340/2211 1997/8339/2211
f 2010/8346/2212 2011/8345/2212 1999/8344/2212 1998/8343/2212
f 2011/8350/2213 2001/8349/2213 1989/8348/2213 1999/8347/2213
f 2013/8354/2214 2012/8353/2214 2000/8352/2214 2001/8351/2214
f 2012/8358/2215 2014/8357/2215 2002/8356/2215 2000/8355/2215
f 2014/8362/2216 2015/8361/2216 2003/8360/2216 2002/8359/2216
f 2015/8366/2217 2016/8365/2217 2004/8364/2217 2003/8363/2217
f 2016/8370/2218 2017/8369/2218 2005/8368/2218 2004/8367/2218
f 2017/8374/2219 2018/8373/2219 2006/8372/2219 2005/8371/2219
f 2018/8378/2220 2019/8377/2220 2007/8376/2220 2006/8375/2220
f 2019/8382/2221 2020/8381/2221 2008/8380/2221 2007/8379/2221
f 2020/8386/2222 2021/8385/2222 2009/8384/2222 2008/8383/2222
f 2021/8390/2223 2022/8389/2223 2010/8388/2223 2009/8387/2223
f 2022/8394/2224 2023/8393/2224 2011/8392/2224 2010/8391/2224
f 2023/8398/2225 2013/8397/2225 2001/8396/2225 2011/8395/2225
f 2024/8401/2226 2012/8400/2226 2013/8399/2226
f 2024/8404/2227 2014/8403/2227 2012/8402/2227
f 2024/8407/2228 2015/8406/2228 2014/8405/2228
f 2024/8410/2229 2016/8409/2229 2015/8408/2229
f 2024/8413/2230 2017/8412/2230 2016/8411/2230
f 2024/8416/2231 2018/8415/2231 2017/8414/2231
f 2024/8419/2232 2019/8418/2232 2018/8417/2232
f 2024/8422/2233 2020/8421/2233 2019/8420/2233
f 2024/8425/2234 2021/8424/2234 2020/8423/2234
f 2024/8428/2235 2022/8427/2235 2021/8426/2235
f 2024/8431/2236 2023/8430/2236 2022/8429/2236
f 2024/8434/2237 2013/8433/2237 2023/8432/2237
o group473354306
g mesh473354306
usemtl mat20
f 2027/8437/2238 2026/8436/2238 2025/8435/2238
f 2026/8440/2239 2028/8439/2239 2025/8438/2239
f 2028/8443/2240 2029/8442/2240 2025/8441/2240
f 2029/8446/2241 2030/8445/2241 2025/8444/2241
f 2030/8449/2242 2031/8448/2242 2025/8447/2242
f 2031/8452/2243 2032/8451/2243 2025/8450/2243
f 2032/8455/2244 2033/8454/2244 2025/8453/2244
f 2033/8458/2245 2034/8457/2245 2025/8456/2245
f 2034/8461/2246 2035/8460/2246 2025/8459/2246
f 2035/8464/2247 2036/8463/2247 2025/8462/2247
f 2036/8467/2248 2037/8466/2248 2025/8465/2248
f 2037/8470/2249 2027/8469/2249 2025/8468/2249
f 2039/8474/2250 2038/8473/2250 2026/8472/2250 2027/8471/2250
f 2038/8478/2251 2040/8477/2251 2028/8476/2251 2026/8475/2251
f 2040/8482/2252 2041/8481/2252 2029/8480/2252 2028/8479/2252
f 2041/8486/2253 2042/8485/2253 2030/8484/2253 2029/8483/2253
f 2042/8490/2254 2043/8489/2254 2031/8488/2254 2030/8487/2254
f 2043/8494/2255 2044/8493/2255 2032/8492/2255 2031/8491/2255
f 2044/8498/2256 2045/8497/2256 2033/8496/2256 2032/8495/2256
f 2045/8502/2257 2046/8501/2257 2034/8500/2257 2033/8499/2257
f 2046/8506/2258 2047/8505/2258 2035/8504/2258 2034/8503/2258
f 2047/8510/2259 2048/8509/2259 2036/8508/2259 2035/8507/2259
f 2048/8514/2260 2049/8513/2260 2037/8512/2260 2036/8511/2260
f 2049/8518/2261 2039/8517/2261 2027/8516/2261 2037/8515/2261
f 2051/8522/2262 2050/8521/2262 2038/8520/2262 2039/8519/2262
f 2050/8526/2263 2052/8525/2263 2040/8524/2263 2038/8523/2263
f 2052/8530/2264 2053/8529/2264 2041/8528/2264 2040/8527/2264
f 2053/8534/2265 2054/8533/2265 2042/8532/2265 2041/8531/2265
f 2054/8538/2266 2055/8537/2266 2043/8536/2266 2042/8535/2266
f 2055/8542/2267 2056/8541/2267 2044/8540/2267 2043/8539/2267
f 2056/8546/2268 2057/8545/2268 2045/8544/2268 2044/8543/2268
f 2057/8550/2269 2058/8549/2269 2046/8548/2269 2045/8547/2269
f 2058/8554/2270 2059/8553/2270 2047/8552/2270 2046/8551/2270
f 2059/8558/2271 2060/8557/2271 2048/8556/2271 2047/8555/2271
f 2060/8562/2272 2061/8561/2272 2049/8560/2272 2048/8559/2272
f 2061/8566/2273 2051/8565/2273 2039/8564/2273 2049/8563/2273
f 2063/8570/2274 2062/8569/2274 2050/8568/2274 2051/8567/2274
f 2062/8574/2275 2064/8573/2275 2052/8572/2275 2050/8571/2275
f 2064/8578/2276 2065/8577/2276 2053/8576/2276 2052/8575/2276
f 2065/8582/2277 2066/8581/2277 2054/8580/2277 2053/8579/2277
f 2066/8586/2278 2067/8585/2278 2055/8584/2278 2054/8583/2278
f 2067/8590/2279 2068/8589/2279 2056/8588/2279 2055/8587/2279
f 2068/8594/2280 2069/8593/2280 2057/8592/2280 2056/8591/2280
f 2069/8598/2281 2070/8597/2281 2058/8596/2281 2057/8595/2281
f 2070/8602/2282 2071/8601/2282 2059/8600/2282 2058/8599/2282
f 2071/8606/2283 2072/8605/2283 2060/8604/2283 2059/8603/2283
f 2072/8610/2284 2073/8609/2284 2061/8608/2284 2060/8607/2284
f 2073/8614/2285 2063/8613/2285 2051/8612/2285 2061/8611/2285
f 2075/8618/2286 2074/8617/2286 2062/8616/2286 2063/8615/2286
f 2074/8622/2287 2076/8621/2287 2064/8620/2287 2062/8619/2287
f 2076/8626/2288 2077/8625/2288 2065/8624/2288 2064/8623/2288
f 2077/8630/2289 2078/8629/2289 2066/8628/2289 2065/8627/2289
f 2078/8634/2290 2079/8633/2290 2067/8632/2290 2066/8631/2290
f 2079/8638/2291 2080/8637/2291 2068/8636/2291 2067/8635/2291
f 2080/8642/2292 2081/8641/2292 2069/8640/2292 2068/8639/2292
f 2081/8646/2293 2082/8645/2293 2070/8644/2293 2069/8643/2293
f 2082/8650/2294 2083/8649/2294 2071/8648/2294 2070/8647/2294
f 2083/8654/2295 2084/8653/2295 2072/8652/2295 2071/8651/2295
f 2084/8658/2296 2085/8657/2296 2073/8656/2296 2072/8655/2296
f 2085/8662/2297 2075/8661/2297 2063/8660/2297 2073/8659/2297
f 2087/8666/2298 2086/8665/2298 2074/8664/2298 2075/8663/2298
f 2086/8670/2299 2088/8669/2299 2076/8668/2299 2074/8667/2299
f 2088/8674/2300 2089/8673/2300 2077/8672/2300 2076/8671/2300
f 2089/8678/2301 2090/8677/2301 2078/8676/2301 2077/8675/2301
f 2090/8682/2302 2091/8681/2302 2079/8680/2302 2078/8679/2302
f 2091/8686/2303 2092/8685/2303 2080/8684/2303 2079/8683/2303
f 2092/8690/2304 2093/8689/2304 2081/8688/2304 2080/8687/2304
f 2093/8694/2305 2094/8693/2305 2082/8692/2305 2081/8691/2305
f 2094/8698/2306 2095/8697/2306 2083/8696/2306 2082/8695/2306
f 2095/8702/2307 2096/8701/2307 2084/8700/2307 2083/8699/2307
f 2096/8706/2308 2097/8705/2308 2085/8704/2308 2084/8703/2308
f 2097/8710/2309 2087/8709/2309 2075/8708/2309 2085/8707/2309
f 2099/8714/2310 2098/8713/2310 2086/8712/2310 2087/8711/2310
f 2098/8718/2311 2100/8717/2311 2088/8716/2311 2086/8715/2311
f 2100/8722/2312 2101/8721/2312 2089/8720/2312 2088/8719/2312
f 2101/8726/2313 2102/8725/2313 2090/8724/2313 2089/8723/2313
f 2102/8730/2314 2103/8729/2314 2091/8728/2314 2090/8727/2314
f 2103/8734/2315 2104/8733/2315 2092/8732/2315 2091/8731/2315
f 2104/8738/2316 2105/8737/2316 2093/8736/2316 2092/8735/2316
f 2105/8742/2317 2106/8741/2317 2094/8740/2317 2093/8739/2317
f 2106/8746/2318 2107/8745/2318 2095/8744/2318 2094/8743/2318
f 2107/8750/2319 2108/8749/2319 2096/8748/2319 2095/8747/2319
f 2108/8754/2320 2109/8753/2320 2097/8752/2320 2096/8751/2320
f 2109/8758/2321 2099/8757/2321 2087/8756/2321 2097/8755/2321
f 2111/8762/2322 2110/8761/2322 2098/8760/2322 2099/8759/2322
f 2110/8766/2323 2112/8765/2323 2100/8764/2323 2098/8763/2323
f 2112/8770/2324 2113/8769/2324 2101/8768/2324 2100/8767/2324
f 2113/8774/2325 2114/8773/2325 2102/8772/2325 2101/8771/2325
f 2114/8778/2326 2115/8777/2326 2103/8776/2326 2102/8775/2326
f 2115/8782/2327 2116/8781/2327 2104/8780/2327 2103/8779/2327
f 2116/8786/2328 2117/8785/2328 2105/8784/2328 2104/8783/2328
f 2117/8790/2329 2118/8789/2329 2106/8788/2329 2105/8787/2329
f 2118/8794/2330 2119/8793/2330 2107/8792/2330 2106/8791/2330
f 2119/8798/2331 2120/8797/2331 2108/8796/2331 2107/8795/2331
f 2120/8802/2332 2121/8801/2332 2109/8800/2332 2108/8799/2332
f 2121/8806/2333 2111/8805/2333 2099/8804/2333 2109/8803/2333
f 2122/8809/2334 2110/8808/2334 2111/8807/2334
f 2122/8812/2335 2112/8811/2335 2110/8810/2335
f 2122/8815/2336 2113/8814/2336 2112/8813/2336
f 2122/8818/2337 2114/8817/2337 2113/8816/2337
f 2122/8821/2338 2115/8820/2338 2114/8819/2338
f 2122/8824/2339 2116/8823/2339 2115/8822/2339
f 2122/8827/2340 2117/8826/2340 2116/8825/2340
f 2122/8830/2341 2118/8829/2341 2117/8828/2341
f 2122/8833/2342 2119/8832/2342 2118/8831/2342
f 2122/8836/2343 2120/8835/2343 2119/8834/2343
f 2122/8839/2344 2121/8838/2344 2120/8837/2344
f 2122/8842/2345 2111/8841/2345 2121/8840/2345
o group1337550911
g mesh1337550911
usemtl mat20
f 2125/8845/2346 2124/8844/2346 2123/8843/2346
f 2124/8848/2347 2126/8847/2347 2123/8846/2347
f 2126/8851/2348 2127/8850/2348 2123/8849/2348
f 2127/8854/2349 2128/8853/2349 2123/8852/2349
f 2128/8857/2350 2129/8856/2350 2123/8855/2350
f 2129/8860/2351 2130/8859/2351 2123/8858/2351
f 2130/8863/2352 2131/8862/2352 2123/8861/2352
f 2131/8866/2353 2132/8865/2353 2123/8864/2353
f 2132/8869/2354 2133/8868/2354 2123/8867/2354
f 2133/8872/2355 2134/8871/2355 2123/8870/2355
f 2134/8875/2356 2135/8874/2356 2123/8873/2356
f 2135/8878/2357 2125/8877/2357 2123/8876/2357
f 2137/8882/2358 2136/8881/2358 2124/8880/2358 2125/8879/2358
f 2136/8886/2359 2138/8885/2359 2126/8884/2359 2124/8883/2359
f 2138/8890/2360 2139/8889/2360 2127/8888/2360 2126/8887/2360
f 2139/8894/2361 2140/8893/2361 2128/8892/2361 2127/8891/2361
f 2140/8898/2362 2141/8897/2362 2129/8896/2362 2128/8895/2362
f 2141/8902/2363 2142/8901/2363 2130/8900/2363 2129/8899/2363
f 2142/8906/2364 2143/8905/2364 2131/8904/2364 2130/8903/2364
f 2143/8910/2365 2144/8909/2365 2132/8908/2365 2131/8907/2365
f 2144/8914/2366 2145/8913/2366 2133/8912/2366 2132/8911/2366
f 2145/8918/2367 2146/8917/2367 2134/8916/2367 2133/8915/2367
f 2146/8922/2368 2147/8921/2368 2135/8920/2368 2134/8919/2368
f 2147/8926/2369 2137/8925/2369 2125/8924/2369 2135/8923/2369
f 2149/8930/2370 2148/8929/2370 2136/8928/2370 2137/8927/2370
f 2148/8934/2371 2150/8933/2371 2138/8932/2371 2136/8931/2371
f 2150/8938/2372 2151/8937/2372 2139/8936/2372 2138/8935/2372
f 2151/8942/2373 2152/8941/2373 2140/8940/2373 2139/8939/2373
f 2152/8946/2374 2153/8945/2374 2141/8944/2374 2140/8943/2374
f 2153/8950/2375 2154/8949/2375 2142/8948/2375 2141/8947/2375
f 2154/8954/2376 2155/8953/2376 2143/8952/2376 2142/8951/2376
f 2155/8958/2377 2156/8957/2377 2144/8956/2377 2143/8955/2377
f 2156/8962/2378 2157/8961/2378 2145/8960/2378 2144/8959/2378
f 2157/8966/2379 2158/8965/2379 2146/8964/2379 2145/8963/2379
f 2158/8970/2380 2159/8969/2380 2147/8968/2380 2146/8967/2380
f 2159/8974/2381 2149/8973/2381 2137/8972/2381 2147/8971/2381
f 2161/8978/2382 2160/8977/2382 2148/8976/2382 2149/8975/2382
f 2160/8982/2383 2162/8981/2383 2150/8980/2383 2148/8979/2383
f 2162/8986/2384 2163/8985/2384 2151/8984/2384 2150/8983/2384
f 2163/8990/2385 2164/8989/2385 2152/8988/2385 2151/8987/2385
f 2164/8994/2386 2165/8993/2386 2153/8992/2386 2152/8991/2386
f 2165/8998/2387 2166/8997/2387 2154/8996/2387 2153/8995/2387
f 2166/9002/2388 2167/9001/2388 2155/9000/2388 2154/8999/2388
f 2167/9006/2389 2168/9005/2389 2156/9004/2389 2155/9003/2389
f 2168/9010/2390 2169/9009/2390 2157/9008/2390 2156/9007/2390
f 2169/9014/2391 2170/9013/2391 2158/9012/2391 2157/9011/2391
f 2170/9018/2392 2171/9017/2392 2159/9016/2392 2158/9015/2392
f 2171/9022/2393 2161/9021/2393 2149/9020/2393 2159/9019/2393
f 2173/9026/2394 2172/9025/2394 2160/9024/2394 2161/9023/2394
f 2172/9030/2395 2174/9029/2395 2162/9028/2395 2160/9027/2395
f 2174/9034/2396 2175/9033/2396 2163/9032/2396 2162/9031/2396
f 2175/9038/2397 2176/9037/2397 2164/9036/2397 2163/9035/2397
f 2176/9042/2398 2177/9041/2398 2165/9040/2398 2164/9039/2398
f 2177/9046/2399 2178/9045/2399 2166/9044/2399 2165/9043/2399
f 2178/9050/2400 2179/9049/2400 2167/9048/2400 2166/9047/2400
f 2179/9054/2401 2180/9053/2401 2168/9052/2401 2167/9051/2401
f 2180/9058/2402 2181/9057/2402 2169/9056/2402 2168/9055/2402
f 2181/9062/2403 2182/9061/2403 2170/9060/2403 2169/9059/2403
f 2182/9066/2404 2183/9065/2404 2171/9064/2404 2170/9063/2404
f 2183/9070/2405 2173/9069/2405 2161/9068/2405 2171/9067/2405
f 2185/9074/2406 2184/9073/2406 2172/9072/2406 2173/9071/2406
f 2184/9078/2407 2186/9077/2407 2174/9076/2407 2172/9075/2407
f 2186/9082/2408 2187/9081/2408 2175/9080/2408 2174/9079/2408
f 2187/9086/2409 2188/9085/2409 2176/9084/2409 2175/9083/2409
f 2188/9090/2410 2189/9089/2410 2177/9088/2410 2176/9087/2410
f 2189/9094/2411 2190/9093/2411 2178/9092/2411 2177/9091/2411
f 2190/9098/2412 2191/9097/2412 2179/9096/2412 2178/9095/2412
f 2191/9102/2413 2192/9101/2413 2180/9100/2413 2179/9099/2413
f 2192/9106/2414 2193/9105/2414 2181/9104/2414 2180/9103/2414
f 2193/9110/2415 2194/9109/2415 2182/9108/2415 2181/9107/2415
f 2194/9114/2416 2195/9113/2416 2183/9112/2416 2182/9111/2416
f 2195/9118/2417 2185/9117/2417 2173/9116/2417 2183/9115/2417
f 2197/9122/2418 2196/9121/2418 2184/9120/2418 2185/9119/2418
f 2196/9126/2419 2198/9125/2419 2186/9124/2419 2184/9123/2419
f 2198/9130/2420 2199/9129/2420 2187/9128/2420 2186/9127/2420
f 2199/9134/2421 2200/9133/2421 2188/9132/2421 2187/9131/2421
f 2200/9138/2422 2201/9137/2422 2189/9136/2422 2188/9135/2422
f 2201/9142/2423 2202/9141/2423 2190/9140/2423 2189/9139/2423
f 2202/9146/2424 2203/9145/2424 2191/9144/2424 2190/9143/2424
f 2203/9150/2425 2204/9149/2425 2192/9148/2425 2191/9147/2425
f 2204/9154/2426 2205/9153/2426 2193/9152/2426 2192/9151/2426
f 2205/9158/2427 2206/9157/2427 2194/9156/2427 2193/9155/2427
f 2206/9162/2428 2207/9161/2428 2195/9160/2428 2194/9159/2428
f 2207/9166/2429 2197/9165/2429 2185/9164/2429 2195/9163/2429
f 2209/9170/2430 2208/9169/2430 2196/9168/2430 2197/9167/2430
f 2208/9174/2431 2210/9173/2431 2198/9172/2431 2196/9171/2431
f 2210/9178/2432 2211/9177/2432 2199/9176/2432 2198/9175/2432
f 2211/9182/2433 2212/9181/2433 2200/9180/2433 2199/9179/2433
f 2212/9186/2434 2213/9185/2434 2201/9184/2434 2200/9183/2434
f 2213/9190/2435 2214/9189/2435 2202/9188/2435 2201/9187/2435
f 2214/9194/2436 2215/9193/2436 2203/9192/2436 2202/9191/2436
f 2215/9198/2437 2216/9197/2437 2204/9196/2437 2203/9195/2437
f 2216/9202/2438 2217/9201/2438 2205/9200/2438 2204/9199/2438
f 2217/9206/2439 2218/9205/2439 2206/9204/2439 2205/9203/2439
f 2218/9210/2440 2219/9209/2440 2207/9208/2440 2206/9207/2440
f 2219/9214/2441 2209/9213/2441 2197/9212/2441 2207/9211/2441
f 2220/9217/2442 2208/9216/2442 2209/9215/2442
f 2220/9220/2443 2210/9219/2443 2208/9218/2443
f 2220/9223/2444 2211/9222/2444 2210/9221/2444
f 2220/9226/2445 2212/9225/2445 2211/9224/2445
f 2220/9229/2446 2213/9228/2446 2212/9227/2446
f 2220/9232/2447 2214/9231/2447 2213/9230/2447
f 2220/9235/2448 2215/9234/2448 2214/9233/2448
f 2220/9238/2449 2216/9237/2449 2215/9236/2449
f 2220/9241/2450 2217/9240/2450 2216/9239/2450
f 2220/9244/2451 2218/9243/2451 2217/9242/2451
f 2220/9247/2452 2219/9246/2452 2218/9245/2452
f 2220/9250/2453 2209/9249/2453 2219/9248/2453
o group2118667151
g mesh2118667151
usemtl mat20
f 2223/9253/2454 2222/9252/2454 2221/9251/2454
f 2222/9256/2455 2224/9255/2455 2221/9254/2455
f 2224/9259/2456 2225/9258/2456 2221/9257/2456
f 2225/9262/2457 2226/9261/2457 2221/9260/2457
f 2226/9265/2458 2227/9264/2458 2221/9263/2458
f 2227/9268/2459 2228/9267/2459 2221/9266/2459
f 2228/9271/2460 2229/9270/2460 2221/9269/2460
f 2229/9274/2461 2230/9273/2461 2221/9272/2461
f 2230/9277/2462 2231/9276/2462 2221/9275/2462
f 2231/9280/2463 2232/9279/2463 2221/9278/2463
f 2232/9283/2464 2233/9282/2464 2221/9281/2464
f 2233/9286/2465 2223/9285/2465 2221/9284/2465
f 2235/9290/2466 2234/9289/2466 2222/9288/2466 2223/9287/2466
f 2234/9294/2467 2236/9293/2467 2224/9292/2467 2222/9291/2467
f 2236/9298/2468 2237/9297/2468 2225/9296/2468 2224/9295/2468
f 2237/9302/2469 2238/9301/2469 2226/9300/2469 2225/9299/2469
f 2238/9306/2470 2239/9305/2470 2227/9304/2470 2226/9303/2470
f 2239/9310/2471 2240/9309/2471 2228/9308/2471 2227/9307/2471
f 2240/9314/2472 2241/9313/2472 2229/9312/2472 2228/9311/2472
f 2241/9318/2473 2242/9317/2473 2230/9316/2473 2229/9315/2473
f 2242/9322/2474 2243/9321/2474 2231/9320/2474 2230/9319/2474
f 2243/9326/2475 2244/9325/2475 2232/9324/2475 2231/9323/2475
f 2244/9330/2476 2245/9329/2476 2233/9328/2476 2232/9327/2476
f 2245/9334/2477 2235/9333/2477 2223/9332/2477 2233/9331/2477
f 2247/9338/2478 2246/9337/2478 2234/9336/2478 2235/9335/2478
f 2246/9342/2479 2248/9341/2479 2236/9340/2479 2234/9339/2479
f 2248/9346/2480 2249/9345/2480 2237/9344/2480 2236/9343/2480
f 2249/9350/2481 2250/9349/2481 2238/9348/2481 2237/9347/2481
f 2250/9354/2482 2251/9353/2482 2239/9352/2482 2238/9351/2482
f 2251/9358/2483 2252/9357/2483 2240/9356/2483 2239/9355/2483
f 2252/9362/2484 2253/9361/2484 2241/9360/2484 2240/9359/2484
f 2253/9366/2485 2254/9365/2485 2242/9364/2485 2241/9363/2485
f 2254/9370/2486 2255/9369/2486 2243/9368/2486 2242/9367/2486
f 2255/9374/2487 2256/9373/2487 2244/9372/2487 2243/9371/2487
f 2256/9378/2488 2257/9377/2488 2245/9376/2488 2244/9375/2488
f 2257/9382/2489 2247/9381/2489 2235/9380/2489 2245/9379/2489
f 2259/9386/2490 2258/9385/2490 2246/9384/2490 2247/9383/2490
f 2258/9390/2491 2260/9389/2491 2248/9388/2491 2246/9387/2491
f 2260/9394/2492 2261/9393/2492 2249/9392/2492 2248/9391/2492
f 2261/9398/2493 2262/9397/2493 2250/9396/2493 2249/9395/2493
f 2262/9402/2494 2263/9401/2494 2251/9400/2494 2250/9399/2494
f 2263/9406/2495 2264/9405/2495 2252/9404/2495 2251/9403/2495
f 2264/9410/2496 2265/9409/2496 2253/9408/2496 2252/9407/2496
f 2265/9414/2497 2266/9413/2497 2254/9412/2497 2253/9411/2497
f 2266/9418/2498 2267/9417/2498 2255/9416/2498 2254/9415/2498
f 2267/9422/2499 2268/9421/2499 2256/9420/2499 2255/9419/2499
f 2268/9426/2500 2269/9425/2500 2257/9424/2500 2256/9423/2500
f 2269/9430/2501 2259/9429/2501 2247/9428/2501 2257/9427/2501
f 2271/9434/2502 2270/9433/2502 2258/9432/2502 2259/9431/2502
f 2270/9438/2503 2272/9437/2503 2260/9436/2503 2258/9435/2503
f 2272/9442/2504 2273/9441/2504 2261/9440/2504 2260/9439/2504
f 2273/9446/2505 2274/9445/2505 2262/9444/2505 2261/9443/2505
f 2274/9450/2506 2275/9449/2506 2263/9448/2506 2262/9447/2506
f 2275/9454/2507 2276/9453/2507 2264/9452/2507 2263/9451/2507
f 2276/9458/2508 2277/9457/2508 2265/9456/2508 2264/9455/2508
f 2277/9462/2509 2278/9461/2509 2266/9460/2509 2265/9459/2509
f 2278/9466/2510 2279/9465/2510 2267/9464/2510 2266/9463/2510
f 2279/9470/2511 2280/9469/2511 2268/9468/2511 2267/9467/2511
f 2280/9474/2512 2281/9473/2512 2269/9472/2512 2268/9471/2512
f 2281/9478/2513 2271/9477/2513 2259/9476/2513 2269/9475/2513
f 2283/9482/2514 2282/9481/2514 2270/9480/2514 2271/9479/2514
f 2282/9486/2515 2284/9485/2515 2272/9484/2515 2270/9483/2515
f 2284/9490/2516 2285/9489/2516 2273/9488/2516 2272/9487/2516
f 2285/9494/2517 2286/9493/2517 2274/9492/2517 2273/9491/2517
f 2286/9498/2518 2287/9497/2518 2275/9496/2518 2274/9495/2518
f 2287/9502/2519 2288/9501/2519 2276/9500/2519 2275/9499/2519
f 2288/9506/2520 2289/9505/2520 2277/9504/2520 2276/9503/2520
f 2289/9510/2521 2290/9509/2521 2278/9508/2521 2277/9507/2521
f 2290/9514/2522 2291/9513/2522 2279/9512/2522 2278/9511/2522
f 2291/9518/2523 2292/9517/2523 2280/9516/2523 2279/9515/2523
f 2292/9522/2524 2293/9521/2524 2281/9520/2524 2280/9519/2524
f 2293/9526/2525 2283/9525/2525 2271/9524/2525 2281/9523/2525
f 2295/9530/2526 2294/9529/2526 2282/9528/2526 2283/9527/2526
f 2294/9534/2527 2296/9533/2527 2284/9532/2527 2282/9531/2527
f 2296/9538/2528 2297/9537/2528 2285/9536/2528 2284/9535/2528
f 2297/9542/2529 2298/9541/2529 2286/9540/2529 2285/9539/2529
f 2298/9546/2530 2299/9545/2530 2287/9544/2530 2286/9543/2530
f 2299/9550/2531 2300/9549/2531 2288/9548/2531 2287/9547/2531
f 2300/9554/2532 2301/9553/2532 2289/9552/2532 2288/9551/2532
f 2301/9558/2533 2302/9557/2533 2290/9556/2533 2289/9555/2533
f 2302/9562/2534 2303/9561/2534 2291/9560/2534 2290/9559/2534
f 2303/9566/2535 2304/9565/2535 2292/9564/2535 2291/9563/2535
f 2304/9570/2536 2305/9569/2536 2293/9568/2536 2292/9567/2536
f 2305/9574/2537 2295/9573/2537 2283/9572/2537 2293/9571/2537
f 2307/9578/2538 2306/9577/2538 2294/9576/2538 2295/9575/2538
f 2306/9582/2539 2308/9581/2539 2296/9580/2539 2294/9579/2539
f 2308/9586/2540 2309/9585/2540 2297/9584/2540 2296/9583/2540
f 2309/9590/2541 2310/9589/2541 2298/9588/2541 2297/9587/2541
f 2310/9594/2542 2311/9593/2542 2299/9592/2542 2298/9591/2542
f 2311/9598/2543 2312/9597/2543 2300/9596/2543 2299/9595/2543
f 2312/9602/2544 2313/9601/2544 2301/9600/2544 2300/9599/2544
f 2313/9606/2545 2314/9605/2545 2302/9604/2545 2301/9603/2545
f 2314/9610/2546 2315/9609/2546 2303/9608/2546 2302/9607/2546
f 2315/9614/2547 2316/9613/2547 2304/9612/2547 2303/9611/2547
f 2316/9618/2548 2317/9617/2548 2305/9616/2548 2304/9615/2548
f 2317/9622/2549 2307/9621/2549 2295/9620/2549 2305/9619/2549
f 2318/9625/2550 2306/9624/2550 2307/9623/2550
f 2318/9628/2551 2308/9627/2551 2306/9626/2551
f 2318/9631/2552 2309/9630/2552 2308/9629/2552
f 2318/9634/2553 2310/9633/2553 2309/9632/2553
f 2318/9637/2554 2311/9636/2554 2310/9635/2554
f 2318/9640/2555 2312/9639/2555 2311/9638/2555
f 2318/9643/2556 2313/9642/2556 2312/9641/2556
f 2318/9646/2557 2314/9645/2557 2313/9644/2557
f 2318/9649/2558 2315/9648/2558 2314/9647/2558
f 2318/9652/2559 2316/9651/2559 2315/9650/2559
f 2318/9655/2560 2317/9654/2560 2316/9653/2560
f 2318/9658/2561 2307/9657/2561 2317/9656/2561
o group1173767246
g mesh1173767246
usemtl mat20
f 2321/9661/2562 2320/9660/2562 2319/9659/2562
f 2320/9664/2563 2322/9663/2563 2319/9662/2563
f 2322/9667/2564 2323/9666/2564 2319/9665/2564
f 2323/9670/2565 2324/9669/2565 2319/9668/2565
f 2324/9673/2566 2325/9672/2566 2319/9671/2566
f 2325/9676/2567 2326/9675/2567 2319/9674/2567
f 2326/9679/2568 2327/9678/2568 2319/9677/2568
f 2327/9682/2569 2328/9681/2569 2319/9680/2569
f 2328/9685/2570 2329/9684/2570 2319/9683/2570
f 2329/9688/2571 2330/9687/2571 2319/9686/2571
f 2330/9691/2572 2331/9690/2572 2319/9689/2572
f 2331/9694/2573 2321/9693/2573 2319/9692/2573
f 2333/9698/2574 2332/9697/2574 2320/9696/2574 2321/9695/2574
f 2332/9702/2575 2334/9701/2575 2322/9700/2575 2320/9699/2575
f 2334/9706/2576 2335/9705/2576 2323/9704/2576 2322/9703/2576
f 2335/9710/2577 2336/9709/2577 2324/9708/2577 2323/9707/2577
f 2336/9714/2578 2337/9713/2578 2325/9712/2578 2324/9711/2578
f 2337/9718/2579 2338/9717/2579 2326/9716/2579 2325/9715/2579
f 2338/9722/2580 2339/9721/2580 2327/9720/2580 2326/9719/2580
f 2339/9726/2581 2340/9725/2581 2328/9724/2581 2327/9723/2581
f 2340/9730/2582 2341/9729/2582 2329/9728/2582 2328/9727/2582
f 2341/9734/2583 2342/9733/2583 2330/9732/2583 2329/9731/2583
f 2342/9738/2584 2343/9737/2584 2331/9736/2584 2330/9735/2584
f 2343/9742/2585 2333/9741/2585 2321/9740/2585 2331/9739/2585
f 2345/9746/2586 2344/9745/2586 2332/9744/2586 2333/9743/2586
f 2344/9750/2587 2346/9749/2587 2334/9748/2587 2332/9747/2587
f 2346/9754/2588 2347/9753/2588 2335/9752/2588 2334/9751/2588
f 2347/9758/2589 2348/9757/2589 2336/9756/2589 2335/9755/2589
f 2348/9762/2590 2349/9761/2590 2337/9760/2590 2336/9759/2590
f 2349/9766/2591 2350/9765/2591 2338/9764/2591 2337/9763/2591
f 2350/9770/2592 2351/9769/2592 2339/9768/2592 2338/9767/2592
f 2351/9774/2593 2352/9773/2593 2340/9772/2593 2339/9771/2593
f 2352/9778/2594 2353/9777/2594 2341/9776/2594 2340/9775/2594
f 2353/9782/2595 2354/9781/2595 2342/9780/2595 2341/9779/2595
f 2354/9786/2596 2355/9785/2596 2343/9784/2596 2342/9783/2596
f 2355/9790/2597 2345/9789/2597 2333/9788/2597 2343/9787/2597
f 2357/9794/2598 2356/9793/2598 2344/9792/2598 2345/9791/2598
f 2356/9798/2599 2358/9797/2599 2346/9796/2599 2344/9795/2599
f 2358/9802/2600 2359/9801/2600 2347/9800/2600 2346/9799/2600
f 2359/9806/2601 2360/9805/2601 2348/9804/2601 2347/9803/2601
f 2360/9810/2602 2361/9809/2602 2349/9808/2602 2348/9807/2602
f 2361/9814/2603 2362/9813/2603 2350/9812/2603 2349/9811/2603
f 2362/9818/2604 2363/9817/2604 2351/9816/2604 2350/9815/2604
f 2363/9822/2605 2364/9821/2605 2352/9820/2605 2351/9819/2605
f 2364/9826/2606 2365/9825/2606 2353/9824/2606 2352/9823/2606
f 2365/9830/2607 2366/9829/2607 2354/9828/2607 2353/9827/2607
f 2366/9834/2608 2367/9833/2608 2355/9832/2608 2354/9831/2608
f 2367/9838/2609 2357/9837/2609 2345/9836/2609 2355/9835/2609
f 2369/9842/2610 2368/9841/2610 2356/9840/2610 2357/9839/2610
f 2368/9846/2611 2370/9845/2611 2358/9844/2611 2356/9843/2611
f 2370/9850/2612 2371/9849/2612 2359/9848/2612 2358/9847/2612
f 2371/9854/2613 2372/9853/2613 2360/9852/2613 2359/9851/2613
f 2372/9858/2614 2373/9857/2614 2361/9856/2614 2360/9855/2614
f 2373/9862/2615 2374/9861/2615 2362/9860/2615 2361/9859/2615
f 2374/9866/2616 2375/9865/2616 2363/9864/2616 2362/9863/2616
f 2375/9870/2617 2376/9869/2617 2364/9868/2617 2363/9867/2617
f 2376/9874/2618 2377/9873/2618 2365/9872/2618 2364/9871/2618
f 2377/9878/2619 2378/9877/2619 2366/9876/2619 2365/9875/2619
f 2378/9882/2620 2379/9881/2620 2367/9880/2620 2366/9879/2620
f 2379/9886/2621 2369/9885/2621 2357/9884/2621 2367/9883/2621
f 2381/9890/2622 2380/9889/2622 2368/9888/2622 2369/9887/2622
f 2380/9894/2623 2382/9893/2623 2370/9892/2623 2368/9891/2623
f 2382/9898/2624 2383/9897/2624 2371/9896/2624 2370/9895/2624
f 2383/9902/2625 2384/9901/2625 2372/9900/2625 2371/9899/2625
f 2384/9906/2626 2385/9905/2626 2373/9904/2626 2372/9903/2626
f 2385/9910/2627 2386/9909/2627 2374/9908/2627 2373/9907/2627
f 2386/9914/2628 2387/9913/2628 2375/9912/2628 2374/9911/2628
f 2387/9918/2629 2388/9917/2629 2376/9916/2629 2375/9915/2629
f 2388/9922/2630 2389/9921/2630 2377/9920/2630 2376/9919/2630
f 2389/9926/2631 2390/9925/2631 2378/9924/2631 2377/9923/2631
f 2390/9930/2632 2391/9929/2632 2379/9928/2632 2378/9927/2632
f 2391/9934/2633 2381/9933/2633 2369/9932/2633 2379/9931/2633
f 2393/9938/2634 2392/9937/2634 2380/9936/2634 2381/9935/2634
f 2392/9942/2635 2394/9941/2635 2382/9940/2635 2380/9939/2635
f 2394/9946/2636 2395/9945/2636 2383/9944/2636 2382/9943/2636
f 2395/9950/2637 2396/9949/2637 2384/9948/2637 2383/9947/2637
f 2396/9954/2638 2397/9953/2638 2385/9952/2638 2384/9951/2638
f 2397/9958/2639 2398/9957/2639 2386/9956/2639 2385/9955/2639
f 2398/9962/2640 2399/9961/2640 2387/9960/2640 2386/9959/2640
f 2399/9966/2641 2400/9965/2641 2388/9964/2641 2387/9963/2641
f 2400/9970/2642 2401/9969/2642 2389/9968/2642 2388/9967/2642
f 2401/9974/2643 2402/9973/2643 2390/9972/2643 2389/9971/2643
f 2402/9978/2644 2403/9977/2644 2391/9976/2644 2390/9975/2644
f 2403/9982/2645 2393/9981/2645 2381/9980/2645 2391/9979/2645
f 2405/9986/2646 2404/9985/2646 2392/9984/2646 2393/9983/2646
f 2404/9990/2647 2406/9989/2647 2394/9988/2647 2392/9987/2647
f 2406/9994/2648 2407/9993/2648 2395/9992/2648 2394/9991/2648
f 2407/9998/2649 2408/9997/2649 2396/9996/2649 2395/9995/2649
f 2408/10002/2650 2409/10001/2650 2397/10000/2650 2396/9999/2650
f 2409/10006/2651 2410/10005/2651 2398/10004/2651 2397/10003/2651
f 2410/10010/2652 2411/10009/2652 2399/10008/2652 2398/10007/2652
f 2411/10014/2653 2412/10013/2653 2400/10012/2653 2399/10011/2653
f 2412/10018/2654 2413/10017/2654 2401/10016/2654 2400/10015/2654
f 2413/10022/2655 2414/10021/2655 2402/10020/2655 2401/10019/2655
f 2414/10026/2656 2415/10025/2656 2403/10024/2656 2402/10023/2656
f 2415/10030/2657 2405/10029/2657 2393/10028/2657 2403/10027/2657
f 2416/10033/2658 2404/10032/2658 2405/10031/2658
f 2416/10036/2659 2406/10035/2659 2404/10034/2659
f 2416/10039/2660 2407/10038/2660 2406/10037/2660
f 2416/10042/2661 2408/10041/2661 2407/10040/2661
f 2416/10045/2662 2409/10044/2662 2408/10043/2662
f 2416/10048/2663 2410/10047/2663 2409/10046/2663
f 2416/10051/2664 2411/10050/2664 2410/10049/2664
f 2416/10054/2665 2412/10053/2665 2411/10052/2665
f 2416/10057/2666 2413/10056/2666 2412/10055/2666
f 2416/10060/2667 2414/10059/2667 2413/10058/2667
f 2416/10063/2668 2415/10062/2668 2414/10061/2668
f 2416/10066/2669 2405/10065/2669 2415/10064/2669
o group1456639499
g mesh1456639499
usemtl mat20
f 2419/10069/2670 2418/10068/2670 2417/10067/2670
f 2418/10072/2671 2420/10071/2671 2417/10070/2671
f 2420/10075/2672 2421/10074/2672 2417/10073/2672
f 2421/10078/2673 2422/10077/2673 2417/10076/2673
f 2422/10081/2674 2423/10080/2674 2417/10079/2674
f 2423/10084/2675 2424/10083/2675 2417/10082/2675
f 2424/10087/2676 2425/10086/2676 2417/10085/2676
f 2425/10090/2677 2426/10089/2677 2417/10088/2677
f 2426/10093/2678 2427/10092/2678 2417/10091/2678
f 2427/10096/2679 2428/10095/2679 2417/10094/2679
f 2428/10099/2680 2429/10098/2680 2417/10097/2680
f 2429/10102/2681 2419/10101/2681 2417/10100/2681
f 2431/10106/2682 2430/10105/2682 2418/10104/2682 2419/10103/2682
f 2430/10110/2683 2432/10109/2683 2420/10108/2683 2418/10107/2683
f 2432/10114/2684 2433/10113/2684 2421/10112/2684 2420/10111/2684
f 2433/10118/2685 2434/10117/2685 2422/10116/2685 2421/10115/2685
f 2434/10122/2686 2435/10121/2686 2423/10120/2686 2422/10119/2686
f 2435/10126/2687 2436/10125/2687 2424/10124/2687 2423/10123/2687
f 2436/10130/2688 2437/10129/2688 2425/10128/2688 2424/10127/2688
f 2437/10134/2689 2438/10133/2689 2426/10132/2689 2425/10131/2689
f 2438/10138/2690 2439/10137/2690 2427/10136/2690 2426/10135/2690
f 2439/10142/2691 2440/10141/2691 2428/10140/2691 2427/10139/2691
f 2440/10146/2692 2441/10145/2692 2429/10144/2692 2428/10143/2692
f 2441/10150/2693 2431/10149/2693 2419/10148/2693 2429/10147/2693
f 2443/10154/2694 2442/10153/2694 2430/10152/2694 2431/10151/2694
f 2442/10158/2695 2444/10157/2695 2432/10156/2695 2430/10155/2695
f 2444/10162/2696 2445/10161/2696 2433/10160/2696 2432/10159/2696
f 2445/10166/2697 2446/10165/2697 2434/10164/2697 2433/10163/2697
f 2446/10170/2698 2447/10169/2698 2435/10168/2698 2434/10167/2698
f 2447/10174/2699 2448/10173/2699 2436/10172/2699 2435/10171/2699
f 2448/10178/2700 2449/10177/2700 2437/10176/2700 2436/10175/2700
f 2449/10182/2701 2450/10181/2701 2438/10180/2701 2437/10179/2701
f 2450/10186/2702 2451/10185/2702 2439/10184/2702 2438/10183/2702
f 2451/10190/2703 2452/10189/2703 2440/10188/2703 2439/10187/2703
f 2452/10194/2704 2453/10193/2704 2441/10192/2704 2440/10191/2704
f 2453/10198/2705 2443/10197/2705 2431/10196/2705 2441/10195/2705
f 2455/10202/2706 2454/10201/2706 2442/10200/2706 2443/10199/2706
f 2454/10206/2707 2456/10205/2707 2444/10204/2707 2442/10203/2707
f 2456/10210/2708 2457/10209/2708 2445/10208/2708 2444/10207/2708
f 2457/10214/2709 2458/10213/2709 2446/10212/2709 2445/10211/2709
f 2458/10218/2710 2459/10217/2710 2447/10216/2710 2446/10215/2710
f 2459/10222/2711 2460/10221/2711 2448/10220/2711 2447/10219/2711
f 2460/10226/2712 2461/10225/2712 2449/10224/2712 2448/10223/2712
f 2461/10230/2713 2462/10229/2713 2450/10228/2713 2449/10227/2713
f 2462/10234/2714 2463/10233/2714 2451/10232/2714 2450/10231/2714
f 2463/10238/2715 2464/10237/2715 2452/10236/2715 2451/10235/2715
f 2464/10242/2716 2465/10241/2716 2453/10240/2716 2452/10239/2716
f 2465/10246/2717 2455/10245/2717 2443/10244/2717 2453/10243/2717
f 2467/10250/2718 2466/10249/2718 2454/10248/2718 2455/10247/2718
f 2466/10254/2719 2468/10253/2719 2456/10252/2719 2454/10251/2719
f 2468/10258/2720 2469/10257/2720 2457/10256/2720 2456/10255/2720
f 2469/10262/2721 2470/10261/2721 2458/10260/2721 2457/10259/2721
f 2470/10266/2722 2471/10265/2722 2459/10264/2722 2458/10263/2722
f 2471/10270/2723 2472/10269/2723 2460/10268/2723 2459/10267/2723
f 2472/10274/2724 2473/10273/2724 2461/10272/2724 2460/10271/2724
f 2473/10278/2725 2474/10277/2725 2462/10276/2725 2461/10275/2725
f 2474/10282/2726 2475/10281/2726 2463/10280/2726 2462/10279/2726
f 2475/10286/2727 2476/10285/2727 2464/10284/2727 2463/10283/2727
f 2476/10290/2728 2477/10289/2728 2465/10288/2728 2464/10287/2728
f 2477/10294/2729 2467/10293/2729 2455/10292/2729 2465/10291/2729
f 2479/10298/2730 2478/10297/2730 2466/10296/2730 2467/10295/2730
f 2478/10302/2731 2480/10301/2731 2468/10300/2731 2466/10299/2731
f 2480/10306/2732 2481/10305/2732 2469/10304/2732 2468/10303/2732
f 2481/10310/2733 2482/10309/2733 2470/10308/2733 2469/10307/2733
f 2482/10314/2734 2483/10313/2734 2471/10312/2734 2470/10311/2734
f 2483/10318/2735 2484/10317/2735 2472/10316/2735 2471/10315/2735
f 2484/10322/2736 2485/10321/2736 2473/10320/2736 2472/10319/2736
f 2485/10326/2737 2486/10325/2737 2474/10324/2737 2473/10323/2737
f 2486/10330/2738 2487/10329/2738 2475/10328/2738 2474/10327/2738
f 2487/10334/2739 2488/10333/2739 2476/10332/2739 2475/10331/2739
f 2488/10338/2740 2489/10337/2740 2477/10336/2740 2476/10335/2740
f 2489/10342/2741 2479/10341/2741 2467/10340/2741 2477/10339/2741
f 2491/10346/2742 2490/10345/2742 2478/10344/2742 2479/10343/2742
f 2490/10350/2743 2492/10349/2743 2480/10348/2743 2478/10347/2743
f 2492/10354/2744 2493/10353/2744 2481/10352/2744 2480/10351/2744
f 2493/10358/2745 2494/10357/2745 2482/10356/2745 2481/10355/2745
f 2494/10362/2746 2495/10361/2746 2483/10360/2746 2482/10359/2746
f 2495/10366/2747 2496/10365/2747 2484/10364/2747 2483/10363/2747
f 2496/10370/2748 2497/10369/2748 2485/10368/2748 2484/10367/2748
f 2497/10374/2749 2498/10373/2749 2486/10372/2749 2485/10371/2749
f 2498/10378/2750 2499/10377/2750 2487/10376/2750 2486/10375/2750
f 2499/10382/2751 2500/10381/2751 2488/10380/2751 2487/10379/2751
f 2500/10386/2752 2501/10385/2752 2489/10384/2752 2488/10383/2752
f 2501/10390/2753 2491/10389/2753 2479/10388/2753 2489/10387/2753
f 2503/10394/2754 2502/10393/2754 2490/10392/2754 2491/10391/2754
f 2502/10398/2755 2504/10397/2755 2492/10396/2755 2490/10395/2755
f 2504/10402/2756 2505/10401/2756 2493/10400/2756 2492/10399/2756
f 2505/10406/2757 2506/10405/2757 2494/10404/2757 2493/10403/2757
f 2506/10410/2758 2507/10409/2758 2495/10408/2758 2494/10407/2758
f 2507/10414/2759 2508/10413/2759 2496/10412/2759 2495/10411/2759
f 2508/10418/2760 2509/10417/2760 2497/10416/2760 2496/10415/2760
f 2509/10422/2761 2510/10421/2761 2498/10420/2761 2497/10419/2761
f 2510/10426/2762 2511/10425/2762 2499/10424/2762 2498/10423/2762
f 2511/10430/2763 2512/10429/2763 2500/10428/2763 2499/10427/2763
f 2512/10434/2764 2513/10433/2764 2501/10432/2764 2500/10431/2764
f 2513/10438/2765 2503/10437/2765 2491/10436/2765 2501/10435/2765
f 2514/10441/2766 2502/10440/2766 2503/10439/2766
f 2514/10444/2767 2504/10443/2767 2502/10442/2767
f 2514/10447/2768 2505/10446/2768 2504/10445/2768
f 2514/10450/2769 2506/10449/2769 2505/10448/2769
f 2514/10453/2770 2507/10452/2770 2506/10451/2770
f 2514/10456/2771 2508/10455/2771 2507/10454/2771
f 2514/10459/2772 2509/10458/2772 2508/10457/2772
f 2514/10462/2773 2510/10461/2773 2509/10460/2773
f 2514/10465/2774 2511/10464/2774 2510/10463/2774
f 2514/10468/2775 2512/10467/2775 2511/10466/2775
f 2514/10471/2776 2513/10470/2776 2512/10469/2776
f 2514/10474/2777 2503/10473/2777 2513/10472/2777
o group1544991003
g mesh1544991003
usemtl mat20
f 2517/10477/2778 2516/10476/2778 2515/10475/2778
f 2516/10480/2779 2518/10479/2779 2515/10478/2779
f 2518/10483/2780 2519/10482/2780 2515/10481/2780
f 2519/10486/2781 2520/10485/2781 2515/10484/2781
f 2520/10489/2782 2521/10488/2782 2515/10487/2782
f 2521/10492/2783 2522/10491/2783 2515/10490/2783
f 2522/10495/2784 2523/10494/2784 2515/10493/2784
f 2523/10498/2785 2524/10497/2785 2515/10496/2785
f 2524/10501/2786 2525/10500/2786 2515/10499/2786
f 2525/10504/2787 2526/10503/2787 2515/10502/2787
f 2526/10507/2788 2527/10506/2788 2515/10505/2788
f 2527/10510/2789 2517/10509/2789 2515/10508/2789
f 2529/10514/2790 2528/10513/2790 2516/10512/2790 2517/10511/2790
f 2528/10518/2791 2530/10517/2791 2518/10516/2791 2516/10515/2791
f 2530/10522/2792 2531/10521/2792 2519/10520/2792 2518/10519/2792
f 2531/10526/2793 2532/10525/2793 2520/10524/2793 2519/10523/2793
f 2532/10530/2794 2533/10529/2794 2521/10528/2794 2520/10527/2794
f 2533/10534/2795 2534/10533/2795 2522/10532/2795 2521/10531/2795
f 2534/10538/2796 2535/10537/2796 2523/10536/2796 2522/10535/2796
f 2535/10542/2797 2536/10541/2797 2524/10540/2797 2523/10539/2797
f 2536/10546/2798 2537/10545/2798 2525/10544/2798 2524/10543/2798
f 2537/10550/2799 2538/10549/2799 2526/10548/2799 2525/10547/2799
f 2538/10554/2800 2539/10553/2800 2527/10552/2800 2526/10551/2800
f 2539/10558/2801 2529/10557/2801 2517/10556/2801 2527/10555/2801
f 2541/10562/2802 2540/10561/2802 2528/10560/2802 2529/10559/2802
f 2540/10566/2803 2542/10565/2803 2530/10564/2803 2528/10563/2803
f 2542/10570/2804 2543/10569/2804 2531/10568/2804 2530/10567/2804
f 2543/10574/2805 2544/10573/2805 2532/10572/2805 2531/10571/2805
f 2544/10578/2806 2545/10577/2806 2533/10576/2806 2532/10575/2806
f 2545/10582/2807 2546/10581/2807 2534/10580/2807 2533/10579/2807
f 2546/10586/2808 2547/10585/2808 2535/10584/2808 2534/10583/2808
f 2547/10590/2809 2548/10589/2809 2536/10588/2809 2535/10587/2809
f 2548/10594/2810 2549/10593/2810 2537/10592/2810 2536/10591/2810
f 2549/10598/2811 2550/10597/2811 2538/10596/2811 2537/10595/2811
f 2550/10602/2812 2551/10601/2812 2539/10600/2812 2538/10599/2812
f 2551/10606/2813 2541/10605/2813 2529/10604/2813 2539/10603/2813
f 2553/10610/2814 2552/10609/2814 2540/10608/2814 2541/10607/2814
f 2552/10614/2815 2554/10613/2815 2542/10612/2815 2540/10611/2815
f 2554/10618/2816 2555/10617/2816 2543/10616/2816 2542/10615/2816
f 2555/10622/2817 2556/10621/2817 2544/10620/2817 2543/10619/2817
f 2556/10626/2818 2557/10625/2818 2545/10624/2818 2544/10623/2818
f 2557/10630/2819 2558/10629/2819 2546/10628/2819 2545/10627/2819
f 2558/10634/2820 2559/10633/2820 2547/10632/2820 2546/10631/2820
f 2559/10638/2821 2560/10637/2821 2548/10636/2821 2547/10635/2821
f 2560/10642/2822 2561/10641/2822 2549/10640/2822 2548/10639/2822
f 2561/10646/2823 2562/10645/2823 2550/10644/2823 2549/10643/2823
f 2562/10650/2824 2563/10649/2824 2551/10648/2824 2550/10647/2824
f 2563/10654/2825 2553/10653/2825 2541/10652/2825 2551/10651/2825
f 2565/10658/2826 2564/10657/2826 2552/10656/2826 2553/10655/2826
f 2564/10662/2827 2566/10661/2827 2554/10660/2827 2552/10659/2827
f 2566/10666/2828 2567/10665/2828 2555/10664/2828 2554/10663/2828
f 2567/10670/2829 2568/10669/2829 2556/10668/2829 2555/10667/2829
f 2568/10674/2830 2569/10673/2830 2557/10672/2830 2556/10671/2830
f 2569/10678/2831 2570/10677/2831 2558/10676/2831 2557/10675/2831
f 2570/10682/2832 2571/10681/2832 2559/10680/2832 2558/10679/2832
f 2571/10686/2833 2572/10685/2833 2560/10684/2833 2559/10683/2833
f 2572/10690/2834 2573/10689/2834 2561/10688/2834 2560/10687/2834
f 2573/10694/2835 2574/10693/2835 2562/10692/2835 2561/10691/2835
f 2574/10698/2836 2575/10697/2836 2563/10696/2836 2562/10695/2836
f 2575/10702/2837 2565/10701/2837 2553/10700/2837 2563/10699/2837
f 2577/10706/2838 2576/10705/2838 2564/10704/2838 2565/10703/2838
f 2576/10710/2839 2578/10709/2839 2566/10708/2839 2564/10707/2839
f 2578/10714/2840 2579/10713/2840 2567/10712/2840 2566/10711/2840
f 2579/10718/2841 2580/10717/2841 2568/10716/2841 2567/10715/2841
f 2580/10722/2842 2581/10721/2842 2569/10720/2842 2568/10719/2842
f 2581/10726/2843 2582/10725/2843 2570/10724/2843 2569/10723/2843
f 2582/10730/2844 2583/10729/2844 2571/10728/2844 2570/10727/2844
f 2583/10734/2845 2584/10733/2845 2572/10732/2845 2571/10731/2845
f 2584/10738/2846 2585/10737/2846 2573/10736/2846 2572/10735/2846
f 2585/10742/2847 2586/10741/2847 2574/10740/2847 2573/10739/2847
f 2586/10746/2848 2587/10745/2848 2575/10744/2848 2574/10743/2848
f 2587/10750/2849 2577/10749/2849 2565/10748/2849 2575/10747/2849
f 2589/10754/2850 2588/10753/2850 2576/10752/2850 2577/10751/2850
f 2588/10758/2851 2590/10757/2851 2578/10756/2851 2576/10755/2851
f 2590/10762/2852 2591/10761/2852 2579/10760/2852 2578/10759/2852
f 2591/10766/2853 2592/10765/2853 2580/10764/2853 2579/10763/2853
f 2592/10770/2854 2593/10769/2854 2581/10768/2854 2580/10767/2854
f 2593/10774/2855 2594/10773/2855 2582/10772/2855 2581/10771/2855
f 2594/10778/2856 2595/10777/2856 2583/10776/2856 2582/10775/2856
f 2595/10782/2857 2596/10781/2857 2584/10780/2857 2583/10779/2857
f 2596/10786/2858 2597/10785/2858 2585/10784/2858 2584/10783/2858
f 2597/10790/2859 2598/10789/2859 2586/10788/2859 2585/10787/2859
f 2598/10794/2860 2599/10793/2860 2587/10792/2860 2586/10791/2860
f 2599/10798/2861 2589/10797/2861 2577/10796/2861 2587/10795/2861
f 2601/10802/2862 2600/10801/2862 2588/10800/2862 2589/10799/2862
f 2600/10806/2863 2602/10805/2863 2590/10804/2863 2588/10803/2863
f 2602/10810/2864 2603/10809/2864 2591/10808/2864 2590/10807/2864
f 2603/10814/2865 2604/10813/2865 2592/10812/2865 2591/10811/2865
f 2604/10818/2866 2605/10817/2866 2593/10816/2866 2592/10815/2866
f 2605/10822/2867 2606/10821/2867 2594/10820/2867 2593/10819/2867
f 2606/10826/2868 2607/10825/2868 2595/10824/2868 2594/10823/2868
f 2607/10830/2869 2608/10829/2869 2596/10828/2869 2595/10827/2869
f 2608/10834/2870 2609/10833/2870 2597/10832/2870 2596/10831/2870
f 2609/10838/2871 2610/10837/2871 2598/10836/2871 2597/10835/2871
f 2610/10842/2872 2611/10841/2872 2599/10840/2872 2598/10839/2872
f 2611/10846/2873 2601/10845/2873 2589/10844/2873 2599/10843/2873
f 2612/10849/2874 2600/10848/2874 2601/10847/2874
f 2612/10852/2875 2602/10851/2875 2600/10850/2875
f 2612/10855/2876 2603/10854/2876 2602/10853/2876
f 2612/10858/2877 2604/10857/2877 2603/10856/2877
f 2612/10861/2878 2605/10860/2878 2604/10859/2878
f 2612/10864/2879 2606/10863/2879 2605/10862/2879
f 2612/10867/2880 2607/10866/2880 2606/10865/2880
f 2612/10870/2881 2608/10869/2881 2607/10868/2881
f 2612/10873/2882 2609/10872/2882 2608/10871/2882
f 2612/10876/2883 2610/10875/2883 2609/10874/2883
f 2612/10879/2884 2611/10878/2884 2610/10877/2884
f 2612/10882/2885 2601/10881/2885 2611/10880/2885
o group1585556201
g mesh1585556201
usemtl mat20
f 2615/10885/2886 2614/10884/2886 2613/10883/2886
f 2614/10888/2887 2616/10887/2887 2613/10886/2887
f 2616/10891/2888 2617/10890/2888 2613/10889/2888
f 2617/10894/2889 2618/10893/2889 2613/10892/2889
f 2618/10897/2890 2619/10896/2890 2613/10895/2890
f 2619/10900/2891 2620/10899/2891 2613/10898/2891
f 2620/10903/2892 2621/10902/2892 2613/10901/2892
f 2621/10906/2893 2622/10905/2893 2613/10904/2893
f 2622/10909/2894 2623/10908/2894 2613/10907/2894
f 2623/10912/2895 2624/10911/2895 2613/10910/2895
f 2624/10915/2896 2625/10914/2896 2613/10913/2896
f 2625/10918/2897 2615/10917/2897 2613/10916/2897
f 2627/10922/2898 2626/10921/2898 2614/10920/2898 2615/10919/2898
f 2626/10926/2899 2628/10925/2899 2616/10924/2899 2614/10923/2899
f 2628/10930/2900 2629/10929/2900 2617/10928/2900 2616/10927/2900
f 2629/10934/2901 2630/10933/2901 2618/10932/2901 2617/10931/2901
f 2630/10938/2902 2631/10937/2902 2619/10936/2902 2618/10935/2902
f 2631/10942/2903 2632/10941/2903 2620/10940/2903 2619/10939/2903
f 2632/10946/2904 2633/10945/2904 2621/10944/2904 2620/10943/2904
f 2633/10950/2905 2634/10949/2905 2622/10948/2905 2621/10947/2905
f 2634/10954/2906 2635/10953/2906 2623/10952/2906 2622/10951/2906
f 2635/10958/2907 2636/10957/2907 2624/10956/2907 2623/10955/2907
f 2636/10962/2908 2637/10961/2908 2625/10960/2908 2624/10959/2908
f 2637/10966/2909 2627/10965/2909 2615/10964/2909 2625/10963/2909
f 2639/10970/2910 2638/10969/2910 2626/10968/2910 2627/10967/2910
f 2638/10974/2911 2640/10973/2911 2628/10972/2911 2626/10971/2911
f 2640/10978/2912 2641/10977/2912 2629/10976/2912 2628/10975/2912
f 2641/10982/2913 2642/10981/2913 2630/10980/2913 2629/10979/2913
f 2642/10986/2914 2643/10985/2914 2631/10984/2914 2630/10983/2914
f 2643/10990/2915 2644/10989/2915 2632/10988/2915 2631/10987/2915
f 2644/10994/2916 2645/10993/2916 2633/10992/2916 2632/10991/2916
f 2645/10998/2917 2646/10997/2917 2634/10996/2917 2633/10995/2917
f 2646/11002/2918 2647/11001/2918 2635/11000/2918 2634/10999/2918
f 2647/11006/2919 2648/11005/2919 2636/11004/2919 2635/11003/2919
f 2648/11010/2920 2649/11009/2920 2637/11008/2920 2636/11007/2920
f 2649/11014/2921 2639/11013/2921 2627/11012/2921 2637/11011/2921
f 2651/11018/2922 2650/11017/2922 2638/11016/2922 2639/11015/2922
f 2650/11022/2923 2652/11021/2923 2640/11020/2923 2638/11019/2923
f 2652/11026/2924 2653/11025/2924 2641/11024/2924 2640/11023/2924
f 2653/11030/2925 2654/11029/2925 2642/11028/2925 2641/11027/2925
f 2654/11034/2926 2655/11033/2926 2643/11032/2926 2642/11031/2926
f 2655/11038/2927 2656/11037/2927 2644/11036/2927 2643/11035/2927
f 2656/11042/2928 2657/11041/2928 2645/11040/2928 2644/11039/2928
f 2657/11046/2929 2658/11045/2929 2646/11044/2929 2645/11043/2929
f 2658/11050/2930 2659/11049/2930 2647/11048/2930 2646/11047/2930
f 2659/11054/2931 2660/11053/2931 2648/11052/2931 2647/11051/2931
f 2660/11058/2932 2661/11057/2932 2649/11056/2932 2648/11055/2932
f 2661/11062/2933 2651/11061/2933 2639/11060/2933 2649/11059/2933
f 2663/11066/2934 2662/11065/2934 2650/11064/2934 2651/11063/2934
f 2662/11070/2935 2664/11069/2935 2652/11068/2935 2650/11067/2935
f 2664/11074/2936 2665/11073/2936 2653/11072/2936 2652/11071/2936
f 2665/11078/2937 2666/11077/2937 2654/11076/2937 2653/11075/2937
f 2666/11082/2938 2667/11081/2938 2655/11080/2938 2654/11079/2938
f 2667/11086/2939 2668/11085/2939 2656/11084/2939 2655/11083/2939
f 2668/11090/2940 2669/11089/2940 2657/11088/2940 2656/11087/2940
f 2669/11094/2941 2670/11093/2941 2658/11092/2941 2657/11091/2941
f 2670/11098/2942 2671/11097/2942 2659/11096/2942 2658/11095/2942
f 2671/11102/2943 2672/11101/2943 2660/11100/2943 2659/11099/2943
f 2672/11106/2944 2673/11105/2944 2661/11104/2944 2660/11103/2944
f 2673/11110/2945 2663/11109/2945 2651/11108/2945 2661/11107/2945
f 2675/11114/2946 2674/11113/2946 2662/11112/2946 2663/11111/2946
f 2674/11118/2947 2676/11117/2947 2664/11116/2947 2662/11115/2947
f 2676/11122/2948 2677/11121/2948 2665/11120/2948 2664/11119/2948
f 2677/11126/2949 2678/11125/2949 2666/11124/2949 2665/11123/2949
f 2678/11130/2950 2679/11129/2950 2667/11128/2950 2666/11127/2950
f 2679/11134/2951 2680/11133/2951 2668/11132/2951 2667/11131/2951
f 2680/11138/2952 2681/11137/2952 2669/11136/2952 2668/11135/2952
f 2681/11142/2953 2682/11141/2953 2670/11140/2953 2669/11139/2953
f 2682/11146/2954 2683/11145/2954 2671/11144/2954 2670/11143/2954
f 2683/11150/2955 2684/11149/2955 2672/11148/2955 2671/11147/2955
f 2684/11154/2956 2685/11153/2956 2673/11152/2956 2672/11151/2956
f 2685/11158/2957 2675/11157/2957 2663/11156/2957 2673/11155/2957
f 2687/11162/2958 2686/11161/2958 2674/11160/2958 2675/11159/2958
f 2686/11166/2959 2688/11165/2959 2676/11164/2959 2674/11163/2959
f 2688/11170/2960 2689/11169/2960 2677/11168/2960 2676/11167/2960
f 2689/11174/2961 2690/11173/2961 2678/11172/2961 2677/11171/2961
f 2690/11178/2962 2691/11177/2962 2679/11176/2962 2678/11175/2962
f 2691/11182/2963 2692/11181/2963 2680/11180/2963 2679/11179/2963
f 2692/11186/2964 2693/11185/2964 2681/11184/2964 2680/11183/2964
f 2693/11190/2965 2694/11189/2965 2682/11188/2965 2681/11187/2965
f 2694/11194/2966 2695/11193/2966 2683/11192/2966 2682/11191/2966
f 2695/11198/2967 2696/11197/2967 2684/11196/2967 2683/11195/2967
f 2696/11202/2968 2697/11201/2968 2685/11200/2968 2684/11199/2968
f 2697/11206/2969 2687/11205/2969 2675/11204/2969 2685/11203/2969
f 2699/11210/2970 2698/11209/2970 2686/11208/2970 2687/11207/2970
f 2698/11214/2971 2700/11213/2971 2688/11212/2971 2686/11211/2971
f 2700/11218/2972 2701/11217/2972 2689/11216/2972 2688/11215/2972
f 2701/11222/2973 2702/11221/2973 2690/11220/2973 2689/11219/2973
f 2702/11226/2974 2703/11225/2974 2691/11224/2974 2690/11223/2974
f 2703/11230/2975 2704/11229/2975 2692/11228/2975 2691/11227/2975
f 2704/11234/2976 2705/11233/2976 2693/11232/2976 2692/11231/2976
f 2705/11238/2977 2706/11237/2977 2694/11236/2977 2693/11235/2977
f 2706/11242/2978 2707/11241/2978 2695/11240/2978 2694/11239/2978
f 2707/11246/2979 2708/11245/2979 2696/11244/2979 2695/11243/2979
f 2708/11250/2980 2709/11249/2980 2697/11248/2980 2696/11247/2980
f 2709/11254/2981 2699/11253/2981 2687/11252/2981 2697/11251/2981
f 2710/11257/2982 2698/11256/2982 2699/11255/2982
f 2710/11260/2983 2700/11259/2983 2698/11258/2983
f 2710/11263/2984 2701/11262/2984 2700/11261/2984
f 2710/11266/2985 2702/11265/2985 2701/11264/2985
f 2710/11269/2986 2703/11268/2986 2702/11267/2986
f 2710/11272/2987 2704/11271/2987 2703/11270/2987
f 2710/11275/2988 2705/11274/2988 2704/11273/2988
f 2710/11278/2989 2706/11277/2989 2705/11276/2989
f 2710/11281/2990 2707/11280/2990 2706/11279/2990
f 2710/11284/2991 2708/11283/2991 2707/11282/2991
f 2710/11287/2992 2709/11286/2992 2708/11285/2992
f 2710/11290/2993 2699/11289/2993 2709/11288/2993
o group1908672192
g mesh1908672192
usemtl mat20
f 2713/11293/2994 2712/11292/2994 2711/11291/2994
f 2712/11296/2995 2714/11295/2995 2711/11294/2995
f 2714/11299/2996 2715/11298/2996 2711/11297/2996
f 2715/11302/2997 2716/11301/2997 2711/11300/2997
f 2716/11305/2998 2717/11304/2998 2711/11303/2998
f 2717/11308/2999 2718/11307/2999 2711/11306/2999
f 2718/11311/3000 2719/11310/3000 2711/11309/3000
f 2719/11314/3001 2720/11313/3001 2711/11312/3001
f 2720/11317/3002 2721/11316/3002 2711/11315/3002
f 2721/11320/3003 2722/11319/3003 2711/11318/3003
f 2722/11323/3004 2723/11322/3004 2711/11321/3004
f 2723/11326/3005 2713/11325/3005 2711/11324/3005
f 2725/11330/3006 2724/11329/3006 2712/11328/3006 2713/11327/3006
f 2724/11334/3007 2726/11333/3007 2714/11332/3007 2712/11331/3007
f 2726/11338/3008 2727/11337/3008 2715/11336/3008 2714/11335/3008
f 2727/11342/3009 2728/11341/3009 2716/11340/3009 2715/11339/3009
f 2728/11346/3010 2729/11345/3010 2717/11344/3010 2716/11343/3010
f 2729/11350/3011 2730/11349/3011 2718/11348/3011 2717/11347/3011
f 2730/11354/3012 2731/11353/3012 2719/11352/3012 2718/11351/3012
f 2731/11358/3013 2732/11357/3013 2720/11356/3013 2719/11355/3013
f 2732/11362/3014 2733/11361/3014 2721/11360/3014 2720/11359/3014
f 2733/11366/3015 2734/11365/3015 2722/11364/3015 2721/11363/3015
f 2734/11370/3016 2735/11369/3016 2723/11368/3016 2722/11367/3016
f 2735/11374/3017 2725/11373/3017 2713/11372/3017 2723/11371/3017
f 2737/11378/3018 2736/11377/3018 2724/11376/3018 2725/11375/3018
f 2736/11382/3019 2738/11381/3019 2726/11380/3019 2724/11379/3019
f 2738/11386/3020 2739/11385/3020 2727/11384/3020 2726/11383/3020
f 2739/11390/3021 2740/11389/3021 2728/11388/3021 2727/11387/3021
f 2740/11394/3022 2741/11393/3022 2729/11392/3022 2728/11391/3022
f 2741/11398/3023 2742/11397/3023 2730/11396/3023 2729/11395/3023
f 2742/11402/3024 2743/11401/3024 2731/11400/3024 2730/11399/3024
f 2743/11406/3025 2744/11405/3025 2732/11404/3025 2731/11403/3025
f 2744/11410/3026 2745/11409/3026 2733/11408/3026 2732/11407/3026
f 2745/11414/3027 2746/11413/3027 2734/11412/3027 2733/11411/3027
f 2746/11418/3028 2747/11417/3028 2735/11416/3028 2734/11415/3028
f 2747/11422/3029 2737/11421/3029 2725/11420/3029 2735/11419/3029
f 2749/11426/3030 2748/11425/3030 2736/11424/3030 2737/11423/3030
f 2748/11430/3031 2750/11429/3031 2738/11428/3031 2736/11427/3031
f 2750/11434/3032 2751/11433/3032 2739/11432/3032 2738/11431/3032
f 2751/11438/3033 2752/11437/3033 2740/11436/3033 2739/11435/3033
f 2752/11442/3034 2753/11441/3034 2741/11440/3034 2740/11439/3034
f 2753/11446/3035 2754/11445/3035 2742/11444/3035 2741/11443/3035
f 2754/11450/3036 2755/11449/3036 2743/11448/3036 2742/11447/3036
f 2755/11454/3037 2756/11453/3037 2744/11452/3037 2743/11451/3037
f 2756/11458/3038 2757/11457/3038 2745/11456/3038 2744/11455/3038
f 2757/11462/3039 2758/11461/3039 2746/11460/3039 2745/11459/3039
f 2758/11466/3040 2759/11465/3040 2747/11464/3040 2746/11463/3040
f 2759/11470/3041 2749/11469/3041 2737/11468/3041 2747/11467/3041
f 2761/11474/3042 2760/11473/3042 2748/11472/3042 2749/11471/3042
f 2760/11478/3043 2762/11477/3043 2750/11476/3043 2748/11475/3043
f 2762/11482/3044 2763/11481/3044 2751/11480/3044 2750/11479/3044
f 2763/11486/3045 2764/11485/3045 2752/11484/3045 2751/11483/3045
f 2764/11490/3046 2765/11489/3046 2753/11488/3046 2752/11487/3046
f 2765/11494/3047 2766/11493/3047 2754/11492/3047 2753/11491/3047
f 2766/11498/3048 2767/11497/3048 2755/11496/3048 2754/11495/3048
f 2767/11502/3049 2768/11501/3049 2756/11500/3049 2755/11499/3049
f 2768/11506/3050 2769/11505/3050 2757/11504/3050 2756/11503/3050
f 2769/11510/3051 2770/11509/3051 2758/11508/3051 2757/11507/3051
f 2770/11514/3052 2771/11513/3052 2759/11512/3052 2758/11511/3052
f 2771/11518/3053 2761/11517/3053 2749/11516/3053 2759/11515/3053
f 2773/11522/3054 2772/11521/3054 2760/11520/3054 2761/11519/3054
f 2772/11526/3055 2774/11525/3055 2762/11524/3055 2760/11523/3055
f 2774/11530/3056 2775/11529/3056 2763/11528/3056 2762/11527/3056
f 2775/11534/3057 2776/11533/3057 2764/11532/3057 2763/11531/3057
f 2776/11538/3058 2777/11537/3058 2765/11536/3058 2764/11535/3058
f 2777/11542/3059 2778/11541/3059 2766/11540/3059 2765/11539/3059
f 2778/11546/3060 2779/11545/3060 2767/11544/3060 2766/11543/3060
f 2779/11550/3061 2780/11549/3061 2768/11548/3061 2767/11547/3061
f 2780/11554/3062 2781/11553/3062 2769/11552/3062 2768/11551/3062
f 2781/11558/3063 2782/11557/3063 2770/11556/3063 2769/11555/3063
f 2782/11562/3064 2783/11561/3064 2771/11560/3064 2770/11559/3064
f 2783/11566/3065 2773/11565/3065 2761/11564/3065 2771/11563/3065
f 2785/11570/3066 2784/11569/3066 2772/11568/3066 2773/11567/3066
f 2784/11574/3067 2786/11573/3067 2774/11572/3067 2772/11571/3067
f 2786/11578/3068 2787/11577/3068 2775/11576/3068 2774/11575/3068
f 2787/11582/3069 2788/11581/3069 2776/11580/3069 2775/11579/3069
f 2788/11586/3070 2789/11585/3070 2777/11584/3070 2776/11583/3070
f 2789/11590/3071 2790/11589/3071 2778/11588/3071 2777/11587/3071
f 2790/11594/3072 2791/11593/3072 2779/11592/3072 2778/11591/3072
f 2791/11598/3073 2792/11597/3073 2780/11596/3073 2779/11595/3073
f 2792/11602/3074 2793/11601/3074 2781/11600/3074 2780/11599/3074
f 2793/11606/3075 2794/11605/3075 2782/11604/3075 2781/11603/3075
f 2794/11610/3076 2795/11609/3076 2783/11608/3076 2782/11607/3076
f 2795/11614/3077 2785/11613/3077 2773/11612/3077 2783/11611/3077
f 2797/11618/3078 2796/11617/3078 2784/11616/3078 2785/11615/3078
f 2796/11622/3079 2798/11621/3079 2786/11620/3079 2784/11619/3079
f 2798/11626/3080 2799/11625/3080 2787/11624/3080 2786/11623/3080
f 2799/11630/3081 2800/11629/3081 2788/11628/3081 2787/11627/3081
f 2800/11634/3082 2801/11633/3082 2789/11632/3082 2788/11631/3082
f 2801/11638/3083 2802/11637/3083 2790/11636/3083 2789/11635/3083
f 2802/11642/3084 2803/11641/3084 2791/11640/3084 2790/11639/3084
f 2803/11646/3085 2804/11645/3085 2792/11644/3085 2791/11643/3085
f 2804/11650/3086 2805/11649/3086 2793/11648/3086 2792/11647/3086
f 2805/11654/3087 2806/11653/3087 2794/11652/3087 2793/11651/3087
f 2806/11658/3088 2807/11657/3088 2795/11656/3088 2794/11655/3088
f 2807/11662/3089 2797/11661/3089 2785/11660/3089 2795/11659/3089
f 2808/11665/3090 2796/11664/3090 2797/11663/3090
f 2808/11668/3091 2798/11667/3091 2796/11666/3091
f 2808/11671/3092 2799/11670/3092 2798/11669/3092
f 2808/11674/3093 2800/11673/3093 2799/11672/3093
f 2808/11677/3094 2801/11676/3094 2800/11675/3094
f 2808/11680/3095 2802/11679/3095 2801/11678/3095
f 2808/11683/3096 2803/11682/3096 2802/11681/3096
f 2808/11686/3097 2804/11685/3097 2803/11684/3097
f 2808/11689/3098 2805/11688/3098 2804/11687/3098
f 2808/11692/3099 2806/11691/3099 2805/11690/3099
f 2808/11695/3100 2807/11694/3100 2806/11693/3100
f 2808/11698/3101 2797/11697/3101 2807/11696/3101
o group1039414201
g mesh1039414201
usemtl mat20
f 2811/11701/3102 2810/11700/3102 2809/11699/3102
f 2810/11704/3103 2812/11703/3103 2809/11702/3103
f 2812/11707/3104 2813/11706/3104 2809/11705/3104
f 2813/11710/3105 2814/11709/3105 2809/11708/3105
f 2814/11713/3106 2815/11712/3106 2809/11711/3106
f 2815/11716/3107 2816/11715/3107 2809/11714/3107
f 2816/11719/3108 2817/11718/3108 2809/11717/3108
f 2817/11722/3109 2818/11721/3109 2809/11720/3109
f 2818/11725/3110 2819/11724/3110 2809/11723/3110
f 2819/11728/3111 2820/11727/3111 2809/11726/3111
f 2820/11731/3112 2821/11730/3112 2809/11729/3112
f 2821/11734/3113 2811/11733/3113 2809/11732/3113
f 2823/11738/3114 2822/11737/3114 2810/11736/3114 2811/11735/3114
f 2822/11742/3115 2824/11741/3115 2812/11740/3115 2810/11739/3115
f 2824/11746/3116 2825/11745/3116 2813/11744/3116 2812/11743/3116
f 2825/11750/3117 2826/11749/3117 2814/11748/3117 2813/11747/3117
f 2826/11754/3118 2827/11753/3118 2815/11752/3118 2814/11751/3118
f 2827/11758/3119 2828/11757/3119 2816/11756/3119 2815/11755/3119
f 2828/11762/3120 2829/11761/3120 2817/11760/3120 2816/11759/3120
f 2829/11766/3121 2830/11765/3121 2818/11764/3121 2817/11763/3121
f 2830/11770/3122 2831/11769/3122 2819/11768/3122 2818/11767/3122
f 2831/11774/3123 2832/11773/3123 2820/11772/3123 2819/11771/3123
f 2832/11778/3124 2833/11777/3124 2821/11776/3124 2820/11775/3124
f 2833/11782/3125 2823/11781/3125 2811/11780/3125 2821/11779/3125
f 2835/11786/3126 2834/11785/3126 2822/11784/3126 2823/11783/3126
f 2834/11790/3127 2836/11789/3127 2824/11788/3127 2822/11787/3127
f 2836/11794/3128 2837/11793/3128 2825/11792/3128 2824/11791/3128
f 2837/11798/3129 2838/11797/3129 2826/11796/3129 2825/11795/3129
f 2838/11802/3130 2839/11801/3130 2827/11800/3130 2826/11799/3130
f 2839/11806/3131 2840/11805/3131 2828/11804/3131 2827/11803/3131
f 2840/11810/3132 2841/11809/3132 2829/11808/3132 2828/11807/3132
f 2841/11814/3133 2842/11813/3133 2830/11812/3133 2829/11811/3133
f 2842/11818/3134 2843/11817/3134 2831/11816/3134 2830/11815/3134
f 2843/11822/3135 2844/11821/3135 2832/11820/3135 2831/11819/3135
f 2844/11826/3136 2845/11825/3136 2833/11824/3136 2832/11823/3136
f 2845/11830/3137 2835/11829/3137 2823/11828/3137 2833/11827/3137
f 2847/11834/3138 2846/11833/3138 2834/11832/3138 2835/11831/3138
f 2846/11838/3139 2848/11837/3139 2836/11836/3139 2834/11835/3139
f 2848/11842/3140 2849/11841/3140 2837/11840/3140 2836/11839/3140
f 2849/11846/3141 2850/11845/3141 2838/11844/3141 2837/11843/3141
f 2850/11850/3142 2851/11849/3142 2839/11848/3142 2838/11847/3142
f 2851/11854/3143 2852/11853/3143 2840/11852/3143 2839/11851/3143
f 2852/11858/3144 2853/11857/3144 2841/11856/3144 2840/11855/3144
f 2853/11862/3145 2854/11861/3145 2842/11860/3145 2841/11859/3145
f 2854/11866/3146 2855/11865/3146 2843/11864/3146 2842/11863/3146
f 2855/11870/3147 2856/11869/3147 2844/11868/3147 2843/11867/3147
f 2856/11874/3148 2857/11873/3148 2845/11872/3148 2844/11871/3148
f 2857/11878/3149 2847/11877/3149 2835/11876/3149 2845/11875/3149
f 2859/11882/3150 2858/11881/3150 2846/11880/3150 2847/11879/3150
f 2858/11886/3151 2860/11885/3151 2848/11884/3151 2846/11883/3151
f 2860/11890/3152 2861/11889/3152 2849/11888/3152 2848/11887/3152
f 2861/11894/3153 2862/11893/3153 2850/11892/3153 2849/11891/3153
f 2862/11898/3154 2863/11897/3154 2851/11896/3154 2850/11895/3154
f 2863/11902/3155 2864/11901/3155 2852/11900/3155 2851/11899/3155
f 2864/11906/3156 2865/11905/3156 2853/11904/3156 2852/11903/3156
f 2865/11910/3157 2866/11909/3157 2854/11908/3157 2853/11907/3157
f 2866/11914/3158 2867/11913/3158 2855/11912/3158 2854/11911/3158
f 2867/11918/3159 2868/11917/3159 2856/11916/3159 2855/11915/3159
f 2868/11922/3160 2869/11921/3160 2857/11920/3160 2856/11919/3160
f 2869/11926/3161 2859/11925/3161 2847/11924/3161 2857/11923/3161
f 2871/11930/3162 2870/11929/3162 2858/11928/3162 2859/11927/3162
f 2870/11934/3163 2872/11933/3163 2860/11932/3163 2858/11931/3163
f 2872/11938/3164 2873/11937/3164 2861/11936/3164 2860/11935/3164
f 2873/11942/3165 2874/11941/3165 2862/11940/3165 2861/11939/3165
f 2874/11946/3166 2875/11945/3166 2863/11944/3166 2862/11943/3166
f 2875/11950/3167 2876/11949/3167 2864/11948/3167 2863/11947/3167
f 2876/11954/3168 2877/11953/3168 2865/11952/3168 2864/11951/3168
f 2877/11958/3169 2878/11957/3169 2866/11956/3169 2865/11955/3169
f 2878/11962/3170 2879/11961/3170 2867/11960/3170 2866/11959/3170
f 2879/11966/3171 2880/11965/3171 2868/11964/3171 2867/11963/3171
f 2880/11970/3172 2881/11969/3172 2869/11968/3172 2868/11967/3172
f 2881/11974/3173 2871/11973/3173 2859/11972/3173 2869/11971/3173
f 2883/11978/3174 2882/11977/3174 2870/11976/3174 2871/11975/3174
f 2882/11982/3175 2884/11981/3175 2872/11980/3175 2870/11979/3175
f 2884/11986/3176 2885/11985/3176 2873/11984/3176 2872/11983/3176
f 2885/11990/3177 2886/11989/3177 2874/11988/3177 2873/11987/3177
f 2886/11994/3178 2887/11993/3178 2875/11992/3178 2874/11991/3178
f 2887/11998/3179 2888/11997/3179 2876/11996/3179 2875/11995/3179
f 2888/12002/3180 2889/12001/3180 2877/12000/3180 2876/11999/3180
f 2889/12006/3181 2890/12005/3181 2878/12004/3181 2877/12003/3181
f 2890/12010/3182 2891/12009/3182 2879/12008/3182 2878/12007/3182
f 2891/12014/3183 2892/12013/3183 2880/12012/3183 2879/12011/3183
f 2892/12018/3184 2893/12017/3184 2881/12016/3184 2880/12015/3184
f 2893/12022/3185 2883/12021/3185 2871/12020/3185 2881/12019/3185
f 2895/12026/3186 2894/12025/3186 2882/12024/3186 2883/12023/3186
f 2894/12030/3187 2896/12029/3187 2884/12028/3187 2882/12027/3187
f 2896/12034/3188 2897/12033/3188 2885/12032/3188 2884/12031/3188
f 2897/12038/3189 2898/12037/3189 2886/12036/3189 2885/12035/3189
f 2898/12042/3190 2899/12041/3190 2887/12040/3190 2886/12039/3190
f 2899/12046/3191 2900/12045/3191 2888/12044/3191 2887/12043/3191
f 2900/12050/3192 2901/12049/3192 2889/12048/3192 2888/12047/3192
f 2901/12054/3193 2902/12053/3193 2890/12052/3193 2889/12051/3193
f 2902/12058/3194 2903/12057/3194 2891/12056/3194 2890/12055/3194
f 2903/12062/3195 2904/12061/3195 2892/12060/3195 2891/12059/3195
f 2904/12066/3196 2905/12065/3196 2893/12064/3196 2892/12063/3196
f 2905/12070/3197 2895/12069/3197 2883/12068/3197 2893/12067/3197
f 2906/12073/3198 2894/12072/3198 2895/12071/3198
f 2906/12076/3199 2896/12075/3199 2894/12074/3199
f 2906/12079/3200 2897/12078/3200 2896/12077/3200
f 2906/12082/3201 2898/12081/3201 2897/12080/3201
f 2906/12085/3202 2899/12084/3202 2898/12083/3202
f 2906/12088/3203 2900/12087/3203 2899/12086/3203
f 2906/12091/3204 2901/12090/3204 2900/12089/3204
f 2906/12094/3205 2902/12093/3205 2901/12092/3205
f 2906/12097/3206 2903/12096/3206 2902/12095/3206
f 2906/12100/3207 2904/12099/3207 2903/12098/3207
f 2906/12103/3208 2905/12102/3208 2904/12101/3208
f 2906/12106/3209 2895/12105/3209 2905/12104/3209
o group57224881
g mesh57224881
usemtl mat20
f 2909/12109/3210 2908/12108/3210 2907/12107/3210
f 2908/12112/3211 2910/12111/3211 2907/12110/3211
f 2910/12115/3212 2911/12114/3212 2907/12113/3212
f 2911/12118/3213 2912/12117/3213 2907/12116/3213
f 2912/12121/3214 2913/12120/3214 2907/12119/3214
f 2913/12124/3215 2914/12123/3215 2907/12122/3215
f 2914/12127/3216 2915/12126/3216 2907/12125/3216
f 2915/12130/3217 2916/12129/3217 2907/12128/3217
f 2916/12133/3218 2917/12132/3218 2907/12131/3218
f 2917/12136/3219 2918/12135/3219 2907/12134/3219
f 2918/12139/3220 2919/12138/3220 2907/12137/3220
f 2919/12142/3221 2909/12141/3221 2907/12140/3221
f 2921/12146/3222 2920/12145/3222 2908/12144/3222 2909/12143/3222
f 2920/12150/3223 2922/12149/3223 2910/12148/3223 2908/12147/3223
f 2922/12154/3224 2923/12153/3224 2911/12152/3224 2910/12151/3224
f 2923/12158/3225 2924/12157/3225 2912/12156/3225 2911/12155/3225
f 2924/12162/3226 2925/12161/3226 2913/12160/3226 2912/12159/3226
f 2925/12166/3227 2926/12165/3227 2914/12164/3227 2913/12163/3227
f 2926/12170/3228 2927/12169/3228 2915/12168/3228 2914/12167/3228
f 2927/12174/3229 2928/12173/3229 2916/12172/3229 2915/12171/3229
f 2928/12178/3230 2929/12177/3230 2917/12176/3230 2916/12175/3230
f 2929/12182/3231 2930/12181/3231 2918/12180/3231 2917/12179/3231
f 2930/12186/3232 2931/12185/3232 2919/12184/3232 2918/12183/3232
f 2931/12190/3233 2921/12189/3233 2909/12188/3233 2919/12187/3233
f 2933/12194/3234 2932/12193/3234 2920/12192/3234 2921/12191/3234
f 2932/12198/3235 2934/12197/3235 2922/12196/3235 2920/12195/3235
f 2934/12202/3236 2935/12201/3236 2923/12200/3236 2922/12199/3236
f 2935/12206/3237 2936/12205/3237 2924/12204/3237 2923/12203/3237
f 2936/12210/3238 2937/12209/3238 2925/12208/3238 2924/12207/3238
f 2937/12214/3239 2938/12213/3239 2926/12212/3239 2925/12211/3239
f 2938/12218/3240 2939/12217/3240 2927/12216/3240 2926/12215/3240
f 2939/12222/3241 2940/12221/3241 2928/12220/3241 2927/12219/3241
f 2940/12226/3242 2941/12225/3242 2929/12224/3242 2928/12223/3242
f 2941/12230/3243 2942/12229/3243 2930/12228/3243 2929/12227/3243
f 2942/12234/3244 2943/12233/3244 2931/12232/3244 2930/12231/3244
f 2943/12238/3245 2933/12237/3245 2921/12236/3245 2931/12235/3245
f 2945/12242/3246 2944/12241/3246 2932/12240/3246 2933/12239/3246
f 2944/12246/3247 2946/12245/3247 2934/12244/3247 2932/12243/3247
f 2946/12250/3248 2947/12249/3248 2935/12248/3248 2934/12247/3248
f 2947/12254/3249 2948/12253/3249 2936/12252/3249 2935/12251/3249
f 2948/12258/3250 2949/12257/3250 2937/12256/3250 2936/12255/3250
f 2949/12262/3251 2950/12261/3251 2938/12260/3251 2937/12259/3251
f 2950/12266/3252 2951/12265/3252 2939/12264/3252 2938/12263/3252
f 2951/12270/3253 2952/12269/3253 2940/12268/3253 2939/12267/3253
f 2952/12274/3254 2953/12273/3254 2941/12272/3254 2940/12271/3254
f 2953/12278/3255 2954/12277/3255 2942/12276/3255 2941/12275/3255
f 2954/12282/3256 2955/12281/3256 2943/12280/3256 2942/12279/3256
f 2955/12286/3257 2945/12285/3257 2933/12284/3257 2943/12283/3257
f 2957/12290/3258 2956/12289/3258 2944/12288/3258 2945/12287/3258
f 2956/12294/3259 2958/12293/3259 2946/12292/3259 2944/12291/3259
f 2958/12298/3260 2959/12297/3260 2947/12296/3260 2946/12295/3260
f 2959/12302/3261 2960/12301/3261 2948/12300/3261 2947/12299/3261
f 2960/12306/3262 2961/12305/3262 2949/12304/3262 2948/12303/3262
f 2961/12310/3263 2962/12309/3263 2950/12308/3263 2949/12307/3263
f 2962/12314/3264 2963/12313/3264 2951/12312/3264 2950/12311/3264
f 2963/12318/3265 2964/12317/3265 2952/12316/3265 2951/12315/3265
f 2964/12322/3266 2965/12321/3266 2953/12320/3266 2952/12319/3266
f 2965/12326/3267 2966/12325/3267 2954/12324/3267 2953/12323/3267
f 2966/12330/3268 2967/12329/3268 2955/12328/3268 2954/12327/3268
f 2967/12334/3269 2957/12333/3269 2945/12332/3269 2955/12331/3269
f 2969/12338/3270 2968/12337/3270 2956/12336/3270 2957/12335/3270
f 2968/12342/3271 2970/12341/3271 2958/12340/3271 2956/12339/3271
f 2970/12346/3272 2971/12345/3272 2959/12344/3272 2958/12343/3272
f 2971/12350/3273 2972/12349/3273 2960/12348/3273 2959/12347/3273
f 2972/12354/3274 2973/12353/3274 2961/12352/3274 2960/12351/3274
f 2973/12358/3275 2974/12357/3275 2962/12356/3275 2961/12355/3275
f 2974/12362/3276 2975/12361/3276 2963/12360/3276 2962/12359/3276
f 2975/12366/3277 2976/12365/3277 2964/12364/3277 2963/12363/3277
f 2976/12370/3278 2977/12369/3278 2965/12368/3278 2964/12367/3278
f 2977/12374/3279 2978/12373/3279 2966/12372/3279 2965/12371/3279
f 2978/12378/3280 2979/12377/3280 2967/12376/3280 2966/12375/3280
f 2979/12382/3281 2969/12381/3281 2957/12380/3281 2967/12379/3281
f 2981/12386/3282 2980/12385/3282 2968/12384/3282 2969/12383/3282
f 2980/12390/3283 2982/12389/3283 2970/12388/3283 2968/12387/3283
f 2982/12394/3284 2983/12393/3284 2971/12392/3284 2970/12391/3284
f 2983/12398/3285 2984/12397/3285 2972/12396/3285 2971/12395/3285
f 2984/12402/3286 2985/12401/3286 2973/12400/3286 2972/12399/3286
f 2985/12406/3287 2986/12405/3287 2974/12404/3287 2973/12403/3287
f 2986/12410/3288 2987/12409/3288 2975/12408/3288 2974/12407/3288
f 2987/12414/3289 2988/12413/3289 2976/12412/3289 2975/12411/3289
f 2988/12418/3290 2989/12417/3290 2977/12416/3290 2976/12415/3290
f 2989/12422/3291 2990/12421/3291 2978/12420/3291 2977/12419/3291
f 2990/12426/3292 2991/12425/3292 2979/12424/3292 2978/12423/3292
f 2991/12430/3293 2981/12429/3293 2969/12428/3293 2979/12427/3293
f 2993/12434/3294 2992/12433/3294 2980/12432/3294 2981/12431/3294
f 2992/12438/3295 2994/12437/3295 2982/12436/3295 2980/12435/3295
f 2994/12442/3296 2995/12441/3296 2983/12440/3296 2982/12439/3296
f 2995/12446/3297 2996/12445/3297 2984/12444/3297 2983/12443/3297
f 2996/12450/3298 2997/12449/3298 2985/12448/3298 2984/12447/3298
f 2997/12454/3299 2998/12453/3299 2986/12452/3299 2985/12451/3299
f 2998/12458/3300 2999/12457/3300 2987/12456/3300 2986/12455/3300
f 2999/12462/3301 3000/12461/3301 2988/12460/3301 2987/12459/3301
f 3000/12466/3302 3001/12465/3302 2989/12464/3302 2988/12463/3302
f 3001/12470/3303 3002/12469/3303 2990/12468/3303 2989/12467/3303
f 3002/12474/3304 3003/12473/3304 2991/12472/3304 2990/12471/3304
f 3003/12478/3305 2993/12477/3305 2981/12476/3305 2991/12475/3305
f 3004/12481/3306 2992/12480/3306 2993/12479/3306
f 3004/12484/3307 2994/12483/3307 2992/12482/3307
f 3004/12487/3308 2995/12486/3308 2994/12485/3308
f 3004/12490/3309 2996/12489/3309 2995/12488/3309
f 3004/12493/3310 2997/12492/3310 2996/12491/3310
f 3004/12496/3311 2998/12495/3311 2997/12494/3311
f 3004/12499/3312 2999/12498/3312 2998/12497/3312
f 3004/12502/3313 3000/12501/3313 2999/12500/3313
f 3004/12505/3314 3001/12504/3314 3000/12503/3314
f 3004/12508/3315 3002/12507/3315 3001/12506/3315
f 3004/12511/3316 3003/12510/3316 3002/12509/3316
f 3004/12514/3317 2993/12513/3317 3003/12512/3317
o group990618204
g mesh990618204
usemtl mat20
f 3007/12517/3318 3006/12516/3318 3005/12515/3318
f 3006/12520/3319 3008/12519/3319 3005/12518/3319
f 3008/12523/3320 3009/12522/3320 3005/12521/3320
f 3009/12526/3321 3010/12525/3321 3005/12524/3321
f 3010/12529/3322 3011/12528/3322 3005/12527/3322
f 3011/12532/3323 3012/12531/3323 3005/12530/3323
f 3012/12535/3324 3013/12534/3324 3005/12533/3324
f 3013/12538/3325 3014/12537/3325 3005/12536/3325
f 3014/12541/3326 3015/12540/3326 3005/12539/3326
f 3015/12544/3327 3016/12543/3327 3005/12542/3327
f 3016/12547/3328 3017/12546/3328 3005/12545/3328
f 3017/12550/3329 3007/12549/3329 3005/12548/3329
f 3019/12554/3330 3018/12553/3330 3006/12552/3330 3007/12551/3330
f 3018/12558/3331 3020/12557/3331 3008/12556/3331 3006/12555/3331
f 3020/12562/3332 3021/12561/3332 3009/12560/3332 3008/12559/3332
f 3021/12566/3333 3022/12565/3333 3010/12564/3333 3009/12563/3333
f 3022/12570/3334 3023/12569/3334 3011/12568/3334 3010/12567/3334
f 3023/12574/3335 3024/12573/3335 3012/12572/3335 3011/12571/3335
f 3024/12578/3336 3025/12577/3336 3013/12576/3336 3012/12575/3336
f 3025/12582/3337 3026/12581/3337 3014/12580/3337 3013/12579/3337
f 3026/12586/3338 3027/12585/3338 3015/12584/3338 3014/12583/3338
f 3027/12590/3339 3028/12589/3339 3016/12588/3339 3015/12587/3339
f 3028/12594/3340 3029/12593/3340 3017/12592/3340 3016/12591/3340
f 3029/12598/3341 3019/12597/3341 3007/12596/3341 3017/12595/3341
f 3031/12602/3342 3030/12601/3342 3018/12600/3342 3019/12599/3342
f 3030/12606/3343 3032/12605/3343 3020/12604/3343 3018/12603/3343
f 3032/12610/3344 3033/12609/3344 3021/12608/3344 3020/12607/3344
f 3033/12614/3345 3034/12613/3345 3022/12612/3345 3021/12611/3345
f 3034/12618/3346 3035/12617/3346 3023/12616/3346 3022/12615/3346
f 3035/12622/3347 3036/12621/3347 3024/12620/3347 3023/12619/3347
f 3036/12626/3348 3037/12625/3348 3025/12624/3348 3024/12623/3348
f 3037/12630/3349 3038/12629/3349 3026/12628/3349 3025/12627/3349
f 3038/12634/3350 3039/12633/3350 3027/12632/3350 3026/12631/3350
f 3039/12638/3351 3040/12637/3351 3028/12636/3351 3027/12635/3351
f 3040/12642/3352 3041/12641/3352 3029/12640/3352 3028/12639/3352
f 3041/12646/3353 3031/12645/3353 3019/12644/3353 3029/12643/3353
f 3043/12650/3354 3042/12649/3354 3030/12648/3354 3031/12647/3354
f 3042/12654/3355 3044/12653/3355 3032/12652/3355 3030/12651/3355
f 3044/12658/3356 3045/12657/3356 3033/12656/3356 3032/12655/3356
f 3045/12662/3357 3046/12661/3357 3034/12660/3357 3033/12659/3357
f 3046/12666/3358 3047/12665/3358 3035/12664/3358 3034/12663/3358
f 3047/12670/3359 3048/12669/3359 3036/12668/3359 3035/12667/3359
f 3048/12674/3360 3049/12673/3360 3037/12672/3360 3036/12671/3360
f 3049/12678/3361 3050/12677/3361 3038/12676/3361 3037/12675/3361
f 3050/12682/3362 3051/12681/3362 3039/12680/3362 3038/12679/3362
f 3051/12686/3363 3052/12685/3363 3040/12684/3363 3039/12683/3363
f 3052/12690/3364 3053/12689/3364 3041/12688/3364 3040/12687/3364
f 3053/12694/3365 3043/12693/3365 3031/12692/3365 3041/12691/3365
f 3055/12698/3366 3054/12697/3366 3042/12696/3366 3043/12695/3366
f 3054/12702/3367 3056/12701/3367 3044/12700/3367 3042/12699/3367
f 3056/12706/3368 3057/12705/3368 3045/12704/3368 3044/12703/3368
f 3057/12710/3369 3058/12709/3369 3046/12708/3369 3045/12707/3369
f 3058/12714/3370 3059/12713/3370 3047/12712/3370 3046/12711/3370
f 3059/12718/3371 3060/12717/3371 3048/12716/3371 3047/12715/3371
f 3060/12722/3372 3061/12721/3372 3049/12720/3372 3048/12719/3372
f 3061/12726/3373 3062/12725/3373 3050/12724/3373 3049/12723/3373
f 3062/12730/3374 3063/12729/3374 3051/12728/3374 3050/12727/3374
f 3063/12734/3375 3064/12733/3375 3052/12732/3375 3051/12731/3375
f 3064/12738/3376 3065/12737/3376 3053/12736/3376 3052/12735/3376
f 3065/12742/3377 3055/12741/3377 3043/12740/3377 3053/12739/3377
f 3067/12746/3378 3066/12745/3378 3054/12744/3378 3055/12743/3378
f 3066/12750/3379 3068/12749/3379 3056/12748/3379 3054/12747/3379
f 3068/12754/3380 3069/12753/3380 3057/12752/3380 3056/12751/3380
f 3069/12758/3381 3070/12757/3381 3058/12756/3381 3057/12755/3381
f 3070/12762/3382 3071/12761/3382 3059/12760/3382 3058/12759/3382
f 3071/12766/3383 3072/12765/3383 3060/12764/3383 3059/12763/3383
f 3072/12770/3384 3073/12769/3384 3061/12768/3384 3060/12767/3384
f 3073/12774/3385 3074/12773/3385 3062/12772/3385 3061/12771/3385
f 3074/12778/3386 3075/12777/3386 3063/12776/3386 3062/12775/3386
f 3075/12782/3387 3076/12781/3387 3064/12780/3387 3063/12779/3387
f 3076/12786/3388 3077/12785/3388 3065/12784/3388 3064/12783/3388
f 3077/12790/3389 3067/12789/3389 3055/12788/3389 3065/12787/3389
f 3079/12794/3390 3078/12793/3390 3066/12792/3390 3067/12791/3390
f 3078/12798/3391 3080/12797/3391 3068/12796/3391 3066/12795/3391
f 3080/12802/3392 3081/12801/3392 3069/12800/3392 3068/12799/3392
f 3081/12806/3393 3082/12805/3393 3070/12804/3393 3069/12803/3393
f 3082/12810/3394 3083/12809/3394 3071/12808/3394 3070/12807/3394
f 3083/12814/3395 3084/12813/3395 3072/12812/3395 3071/12811/3395
f 3084/12818/3396 3085/12817/3396 3073/12816/3396 3072/12815/3396
f 3085/12822/3397 3086/12821/3397 3074/12820/3397 3073/12819/3397
f 3086/12826/3398 3087/12825/3398 3075/12824/3398 3074/12823/3398
f 3087/12830/3399 3088/12829/3399 3076/12828/3399 3075/12827/3399
f 3088/12834/3400 3089/12833/3400 3077/12832/3400 3076/12831/3400
f 3089/12838/3401 3079/12837/3401 3067/12836/3401 3077/12835/3401
f 3091/12842/3402 3090/12841/3402 3078/12840/3402 3079/12839/3402
f 3090/12846/3403 3092/12845/3403 3080/12844/3403 3078/12843/3403
f 3092/12850/3404 3093/12849/3404 3081/12848/3404 3080/12847/3404
f 3093/12854/3405 3094/12853/3405 3082/12852/3405 3081/12851/3405
f 3094/12858/3406 3095/12857/3406 3083/12856/3406 3082/12855/3406
f 3095/12862/3407 3096/12861/3407 3084/12860/3407 3083/12859/3407
f 3096/12866/3408 3097/12865/3408 3085/12864/3408 3084/12863/3408
f 3097/12870/3409 3098/12869/3409 3086/12868/3409 3085/12867/3409
f 3098/12874/3410 3099/12873/3410 3087/12872/3410 3086/12871/3410
f 3099/12878/3411 3100/12877/3411 3088/12876/3411 3087/12875/3411
f 3100/12882/3412 3101/12881/3412 3089/12880/3412 3088/12879/3412
f 3101/12886/3413 3091/12885/3413 3079/12884/3413 3089/12883/3413
f 3102/12889/3414 3090/12888/3414 3091/12887/3414
f 3102/12892/3415 3092/12891/3415 3090/12890/3415
f 3102/12895/3416 3093/12894/3416 3092/12893/3416
f 3102/12898/3417 3094/12897/3417 3093/12896/3417
f 3102/12901/3418 3095/12900/3418 3094/12899/3418
f 3102/12904/3419 3096/12903/3419 3095/12902/3419
f 3102/12907/3420 3097/12906/3420 3096/12905/3420
f 3102/12910/3421 3098/12909/3421 3097/12908/3421
f 3102/12913/3422 3099/12912/3422 3098/12911/3422
f 3102/12916/3423 3100/12915/3423 3099/12914/3423
f 3102/12919/3424 3101/12918/3424 3100/12917/3424
f 3102/12922/3425 3091/12921/3425 3101/12920/3425
o group1206097391
g mesh1206097391
usemtl mat20
f 3105/12925/3426 3104/12924/3426 3103/12923/3426
f 3104/12928/3427 3106/12927/3427 3103/12926/3427
f 3106/12931/3428 3107/12930/3428 3103/12929/3428
f 3107/12934/3429 3108/12933/3429 3103/12932/3429
f 3108/12937/3430 3109/12936/3430 3103/12935/3430
f 3109/12940/3431 3110/12939/3431 3103/12938/3431
f 3110/12943/3432 3111/12942/3432 3103/12941/3432
f 3111/12946/3433 3112/12945/3433 3103/12944/3433
f 3112/12949/3434 3113/12948/3434 3103/12947/3434
f 3113/12952/3435 3114/12951/3435 3103/12950/3435
f 3114/12955/3436 3115/12954/3436 3103/12953/3436
f 3115/12958/3437 3105/12957/3437 3103/12956/3437
f 3117/12962/3438 3116/12961/3438 3104/12960/3438 3105/12959/3438
f 3116/12966/3439 3118/12965/3439 3106/12964/3439 3104/12963/3439
f 3118/12970/3440 3119/12969/3440 3107/12968/3440 3106/12967/3440
f 3119/12974/3441 3120/12973/3441 3108/12972/3441 3107/12971/3441
f 3120/12978/3442 3121/12977/3442 3109/12976/3442 3108/12975/3442
f 3121/12982/3443 3122/12981/3443 3110/12980/3443 3109/12979/3443
f 3122/12986/3444 3123/12985/3444 3111/12984/3444 3110/12983/3444
f 3123/12990/3445 3124/12989/3445 3112/12988/3445 3111/12987/3445
f 3124/12994/3446 3125/12993/3446 3113/12992/3446 3112/12991/3446
f 3125/12998/3447 3126/12997/3447 3114/12996/3447 3113/12995/3447
f 3126/13002/3448 3127/13001/3448 3115/13000/3448 3114/12999/3448
f 3127/13006/3449 3117/13005/3449 3105/13004/3449 3115/13003/3449
f 3129/13010/3450 3128/13009/3450 3116/13008/3450 3117/13007/3450
f 3128/13014/3451 3130/13013/3451 3118/13012/3451 3116/13011/3451
f 3130/13018/3452 3131/13017/3452 3119/13016/3452 3118/13015/3452
f 3131/13022/3453 3132/13021/3453 3120/13020/3453 3119/13019/3453
f 3132/13026/3454 3133/13025/3454 3121/13024/3454 3120/13023/3454
f 3133/13030/3455 3134/13029/3455 3122/13028/3455 3121/13027/3455
f 3134/13034/3456 3135/13033/3456 3123/13032/3456 3122/13031/3456
f 3135/13038/3457 3136/13037/3457 3124/13036/3457 3123/13035/3457
f 3136/13042/3458 3137/13041/3458 3125/13040/3458 3124/13039/3458
f 3137/13046/3459 3138/13045/3459 3126/13044/3459 3125/13043/3459
f 3138/13050/3460 3139/13049/3460 3127/13048/3460 3126/13047/3460
f 3139/13054/3461 3129/13053/3461 3117/13052/3461 3127/13051/3461
f 3141/13058/3462 3140/13057/3462 3128/13056/3462 3129/13055/3462
f 3140/13062/3463 3142/13061/3463 3130/13060/3463 3128/13059/3463
f 3142/13066/3464 3143/13065/3464 3131/13064/3464 3130/13063/3464
f 3143/13070/3465 3144/13069/3465 3132/13068/3465 3131/13067/3465
f 3144/13074/3466 3145/13073/3466 3133/13072/3466 3132/13071/3466
f 3145/13078/3467 3146/13077/3467 3134/13076/3467 3133/13075/3467
f 3146/13082/3468 3147/13081/3468 3135/13080/3468 3134/13079/3468
f 3147/13086/3469 3148/13085/3469 3136/13084/3469 3135/13083/3469
f 3148/13090/3470 3149/13089/3470 3137/13088/3470 3136/13087/3470
f 3149/13094/3471 3150/13093/3471 3138/13092/3471 3137/13091/3471
f 3150/13098/3472 3151/13097/3472 3139/13096/3472 3138/13095/3472
f 3151/13102/3473 3141/13101/3473 3129/13100/3473 3139/13099/3473
f 3153/13106/3474 3152/13105/3474 3140/13104/3474 3141/13103/3474
f 3152/13110/3475 3154/13109/3475 3142/13108/3475 3140/13107/3475
f 3154/13114/3476 3155/13113/3476 3143/13112/3476 3142/13111/3476
f 3155/13118/3477 3156/13117/3477 3144/13116/3477 3143/13115/3477
f 3156/13122/3478 3157/13121/3478 3145/13120/3478 3144/13119/3478
f 3157/13126/3479 3158/13125/3479 3146/13124/3479 3145/13123/3479
f 3158/13130/3480 3159/13129/3480 3147/13128/3480 3146/13127/3480
f 3159/13134/3481 3160/13133/3481 3148/13132/3481 3147/13131/3481
f 3160/13138/3482 3161/13137/3482 3149/13136/3482 3148/13135/3482
f 3161/13142/3483 3162/13141/3483 3150/13140/3483 3149/13139/3483
f 3162/13146/3484 3163/13145/3484 3151/13144/3484 3150/13143/3484
f 3163/13150/3485 3153/13149/3485 3141/13148/3485 3151/13147/3485
f 3165/13154/3486 3164/13153/3486 3152/13152/3486 3153/13151/3486
f 3164/13158/3487 3166/13157/3487 3154/13156/3487 3152/13155/3487
f 3166/13162/3488 3167/13161/3488 3155/13160/3488 3154/13159/3488
f 3167/13166/3489 3168/13165/3489 3156/13164/3489 3155/13163/3489
f 3168/13170/3490 3169/13169/3490 3157/13168/3490 3156/13167/3490
f 3169/13174/3491 3170/13173/3491 3158/13172/3491 3157/13171/3491
f 3170/13178/3492 3171/13177/3492 3159/13176/3492 3158/13175/3492
f 3171/13182/3493 3172/13181/3493 3160/13180/3493 3159/13179/3493
f 3172/13186/3494 3173/13185/3494 3161/13184/3494 3160/13183/3494
f 3173/13190/3495 3174/13189/3495 3162/13188/3495 3161/13187/3495
f 3174/13194/3496 3175/13193/3496 3163/13192/3496 3162/13191/3496
f 3175/13198/3497 3165/13197/3497 3153/13196/3497 3163/13195/3497
f 3177/13202/3498 3176/13201/3498 3164/13200/3498 3165/13199/3498
f 3176/13206/3499 3178/13205/3499 3166/13204/3499 3164/13203/3499
f 3178/13210/3500 3179/13209/3500 3167/13208/3500 3166/13207/3500
f 3179/13214/3501 3180/13213/3501 3168/13212/3501 3167/13211/3501
f 3180/13218/3502 3181/13217/3502 3169/13216/3502 3168/13215/3502
f 3181/13222/3503 3182/13221/3503 3170/13220/3503 3169/13219/3503
f 3182/13226/3504 3183/13225/3504 3171/13224/3504 3170/13223/3504
f 3183/13230/3505 3184/13229/3505 3172/13228/3505 3171/13227/3505
f 3184/13234/3506 3185/13233/3506 3173/13232/3506 3172/13231/3506
f 3185/13238/3507 3186/13237/3507 3174/13236/3507 3173/13235/3507
f 3186/13242/3508 3187/13241/3508 3175/13240/3508 3174/13239/3508
f 3187/13246/3509 3177/13245/3509 3165/13244/3509 3175/13243/3509
f 3189/13250/3510 3188/13249/3510 3176/13248/3510 3177/13247/3510
f 3188/13254/3511 3190/13253/3511 3178/13252/3511 3176/13251/3511
f 3190/13258/3512 3191/13257/3512 3179/13256/3512 3178/13255/3512
f 3191/13262/3513 3192/13261/3513 3180/13260/3513 3179/13259/3513
f 3192/13266/3514 3193/13265/3514 3181/13264/3514 3180/13263/3514
f 3193/13270/3515 3194/13269/3515 3182/13268/3515 3181/13267/3515
f 3194/13274/3516 3195/13273/3516 3183/13272/3516 3182/13271/3516
f 3195/13278/3517 3196/13277/3517 3184/13276/3517 3183/13275/3517
f 3196/13282/3518 3197/13281/3518 3185/13280/3518 3184/13279/3518
f 3197/13286/3519 3198/13285/3519 3186/13284/3519 3185/13283/3519
f 3198/13290/3520 3199/13289/3520 3187/13288/3520 3186/13287/3520
f 3199/13294/3521 3189/13293/3521 3177/13292/3521 3187/13291/3521
f 3200/13297/3522 3188/13296/3522 3189/13295/3522
f 3200/13300/3523 3190/13299/3523 3188/13298/3523
f 3200/13303/3524 3191/13302/3524 3190/13301/3524
f 3200/13306/3525 3192/13305/3525 3191/13304/3525
f 3200/13309/3526 3193/13308/3526 3192/13307/3526
f 3200/13312/3527 3194/13311/3527 3193/13310/3527
f 3200/13315/3528 3195/13314/3528 3194/13313/3528
f 3200/13318/3529 3196/13317/3529 3195/13316/3529
f 3200/13321/3530 3197/13320/3530 3196/13319/3530
f 3200/13324/3531 3198/13323/3531 3197/13322/3531
f 3200/13327/3532 3199/13326/3532 3198/13325/3532
f 3200/13330/3533 3189/13329/3533 3199/13328/3533
o group2005301404
g mesh2005301404
usemtl mat20
f 3203/13333/3534 3202/13332/3534 3201/13331/3534
f 3202/13336/3535 3204/13335/3535 3201/13334/3535
f 3204/13339/3536 3205/13338/3536 3201/13337/3536
f 3205/13342/3537 3206/13341/3537 3201/13340/3537
f 3206/13345/3538 3207/13344/3538 3201/13343/3538
f 3207/13348/3539 3208/13347/3539 3201/13346/3539
f 3208/13351/3540 3209/13350/3540 3201/13349/3540
f 3209/13354/3541 3210/13353/3541 3201/13352/3541
f 3210/13357/3542 3211/13356/3542 3201/13355/3542
f 3211/13360/3543 3212/13359/3543 3201/13358/3543
f 3212/13363/3544 3213/13362/3544 3201/13361/3544
f 3213/13366/3545 3203/13365/3545 3201/13364/3545
f 3215/13370/3546 3214/13369/3546 3202/13368/3546 3203/13367/3546
f 3214/13374/3547 3216/13373/3547 3204/13372/3547 3202/13371/3547
f 3216/13378/3548 3217/13377/3548 3205/13376/3548 3204/13375/3548
f 3217/13382/3549 3218/13381/3549 3206/13380/3549 3205/13379/3549
f 3218/13386/3550 3219/13385/3550 3207/13384/3550 3206/13383/3550
f 3219/13390/3551 3220/13389/3551 3208/13388/3551 3207/13387/3551
f 3220/13394/3552 3221/13393/3552 3209/13392/3552 3208/13391/3552
f 3221/13398/3553 3222/13397/3553 3210/13396/3553 3209/13395/3553
f 3222/13402/3554 3223/13401/3554 3211/13400/3554 3210/13399/3554
f 3223/13406/3555 3224/13405/3555 3212/13404/3555 3211/13403/3555
f 3224/13410/3556 3225/13409/3556 3213/13408/3556 3212/13407/3556
f 3225/13414/3557 3215/13413/3557 3203/13412/3557 3213/13411/3557
f 3227/13418/3558 3226/13417/3558 3214/13416/3558 3215/13415/3558
f 3226/13422/3559 3228/13421/3559 3216/13420/3559 3214/13419/3559
f 3228/13426/3560 3229/13425/3560 3217/13424/3560 3216/13423/3560
f 3229/13430/3561 3230/13429/3561 3218/13428/3561 3217/13427/3561
f 3230/13434/3562 3231/13433/3562 3219/13432/3562 3218/13431/3562
f 3231/13438/3563 3232/13437/3563 3220/13436/3563 3219/13435/3563
f 3232/13442/3564 3233/13441/3564 3221/13440/3564 3220/13439/3564
f 3233/13446/3565 3234/13445/3565 3222/13444/3565 3221/13443/3565
f 3234/13450/3566 3235/13449/3566 3223/13448/3566 3222/13447/3566
f 3235/13454/3567 3236/13453/3567 3224/13452/3567 3223/13451/3567
f 3236/13458/3568 3237/13457/3568 3225/13456/3568 3224/13455/3568
f 3237/13462/3569 3227/13461/3569 3215/13460/3569 3225/13459/3569
f 3239/13466/3570 3238/13465/3570 3226/13464/3570 3227/13463/3570
f 3238/13470/3571 3240/13469/3571 3228/13468/3571 3226/13467/3571
f 3240/13474/3572 3241/13473/3572 3229/13472/3572 3228/13471/3572
f 3241/13478/3573 3242/13477/3573 3230/13476/3573 3229/13475/3573
f 3242/13482/3574 3243/13481/3574 3231/13480/3574 3230/13479/3574
f 3243/13486/3575 3244/13485/3575 3232/13484/3575 3231/13483/3575
f 3244/13490/3576 3245/13489/3576 3233/13488/3576 3232/13487/3576
f 3245/13494/3577 3246/13493/3577 3234/13492/3577 3233/13491/3577
f 3246/13498/3578 3247/13497/3578 3235/13496/3578 3234/13495/3578
f 3247/13502/3579 3248/13501/3579 3236/13500/3579 3235/13499/3579
f 3248/13506/3580 3249/13505/3580 3237/13504/3580 3236/13503/3580
f 3249/13510/3581 3239/13509/3581 3227/13508/3581 3237/13507/3581
f 3251/13514/3582 3250/13513/3582 3238/13512/3582 3239/13511/3582
f 3250/13518/3583 3252/13517/3583 3240/13516/3583 3238/13515/3583
f 3252/13522/3584 3253/13521/3584 3241/13520/3584 3240/13519/3584
f 3253/13526/3585 3254/13525/3585 3242/13524/3585 3241/13523/3585
f 3254/13530/3586 3255/13529/3586 3243/13528/3586 3242/13527/3586
f 3255/13534/3587 3256/13533/3587 3244/13532/3587 3243/13531/3587
f 3256/13538/3588 3257/13537/3588 3245/13536/3588 3244/13535/3588
f 3257/13542/3589 3258/13541/3589 3246/13540/3589 3245/13539/3589
f 3258/13546/3590 3259/13545/3590 3247/13544/3590 3246/13543/3590
f 3259/13550/3591 3260/13549/3591 3248/13548/3591 3247/13547/3591
f 3260/13554/3592 3261/13553/3592 3249/13552/3592 3248/13551/3592
f 3261/13558/3593 3251/13557/3593 3239/13556/3593 3249/13555/3593
f 3263/13562/3594 3262/13561/3594 3250/13560/3594 3251/13559/3594
f 3262/13566/3595 3264/13565/3595 3252/13564/3595 3250/13563/3595
f 3264/13570/3596 3265/13569/3596 3253/13568/3596 3252/13567/3596
f 3265/13574/3597 3266/13573/3597 3254/13572/3597 3253/13571/3597
f 3266/13578/3598 3267/13577/3598 3255/13576/3598 3254/13575/3598
f 3267/13582/3599 3268/13581/3599 3256/13580/3599 3255/13579/3599
f 3268/13586/3600 3269/13585/3600 3257/13584/3600 3256/13583/3600
f 3269/13590/3601 3270/13589/3601 3258/13588/3601 3257/13587/3601
f 3270/13594/3602 3271/13593/3602 3259/13592/3602 3258/13591/3602
f 3271/13598/3603 3272/13597/3603 3260/13596/3603 3259/13595/3603
f 3272/13602/3604 3273/13601/3604 3261/13600/3604 3260/13599/3604
f 3273/13606/3605 3263/13605/3605 3251/13604/3605 3261/13603/3605
f 3275/13610/3606 3274/13609/3606 3262/13608/3606 3263/13607/3606
f 3274/13614/3607 3276/13613/3607 3264/13612/3607 3262/13611/3607
f 3276/13618/3608 3277/13617/3608 3265/13616/3608 3264/13615/3608
f 3277/13622/3609 3278/13621/3609 3266/13620/3609 3265/13619/3609
f 3278/13626/3610 3279/13625/3610 3267/13624/3610 3266/13623/3610
f 3279/13630/3611 3280/13629/3611 3268/13628/3611 3267/13627/3611
f 3280/13634/3612 3281/13633/3612 3269/13632/3612 3268/13631/3612
f 3281/13638/3613 3282/13637/3613 3270/13636/3613 3269/13635/3613
f 3282/13642/3614 3283/13641/3614 3271/13640/3614 3270/13639/3614
f 3283/13646/3615 3284/13645/3615 3272/13644/3615 3271/13643/3615
f 3284/13650/3616 3285/13649/3616 3273/13648/3616 3272/13647/3616
f 3285/13654/3617 3275/13653/3617 3263/13652/3617 3273/13651/3617
f 3287/13658/3618 3286/13657/3618 3274/13656/3618 3275/13655/3618
f 3286/13662/3619 3288/13661/3619 3276/13660/3619 3274/13659/3619
f 3288/13666/3620 3289/13665/3620 3277/13664/3620 3276/13663/3620
f 3289/13670/3621 3290/13669/3621 3278/13668/3621 3277/13667/3621
f 3290/13674/3622 3291/13673/3622 3279/13672/3622 3278/13671/3622
f 3291/13678/3623 3292/13677/3623 3280/13676/3623 3279/13675/3623
f 3292/13682/3624 3293/13681/3624 3281/13680/3624 3280/13679/3624
f 3293/13686/3625 3294/13685/3625 3282/13684/3625 3281/13683/3625
f 3294/13690/3626 3295/13689/3626 3283/13688/3626 3282/13687/3626
f 3295/13694/3627 3296/13693/3627 3284/13692/3627 3283/13691/3627
f 3296/13698/3628 3297/13697/3628 3285/13696/3628 3284/13695/3628
f 3297/13702/3629 3287/13701/3629 3275/13700/3629 3285/13699/3629
f 3298/13705/3630 3286/13704/3630 3287/13703/3630
f 3298/13708/3631 3288/13707/3631 3286/13706/3631
f 3298/13711/3632 3289/13710/3632 3288/13709/3632
f 3298/13714/3633 3290/13713/3633 3289/13712/3633
f 3298/13717/3634 3291/13716/3634 3290/13715/3634
f 3298/13720/3635 3292/13719/3635 3291/13718/3635
f 3298/13723/3636 3293/13722/3636 3292/13721/3636
f 3298/13726/3637 3294/13725/3637 3293/13724/3637
f 3298/13729/3638 3295/13728/3638 3294/13727/3638
f 3298/13732/3639 3296/13731/3639 3295/13730/3639
f 3298/13735/3640 3297/13734/3640 3296/13733/3640
f 3298/13738/3641 3287/13737/3641 3297/13736/3641
o group1468810442
g mesh1468810442
usemtl mat24
f 4/4/1 3/3/1 2/2/1 1/1/1
f 3/8/2 6/7/2 5/6/2 2/5/2
f 6/12/3 8/11/3 7/10/3 5/9/3
f 8/16/4 10/15/4 9/14/4 7/13/4
f 10/20/5 12/19/5 11/18/5 9/17/5
f 12/24/6 14/23/6 13/22/6 11/21/6
f 14/28/7 16/27/7 15/26/7 13/25/7
f 16/32/8 18/31/8 17/30/8 15/29/8
f 18/36/9 20/35/9 19/34/9 17/33/9
f 20/40/10 4/39/10 1/38/10 19/37/10
f 20/53/12 18/52/12 16/51/12 14/50/12 12/49/12 10/48/12 8/47/12 6/46/12 3/45/12 4/44/12
f 22/56/13 15/55/13 17/54/13
f 23/59/14 13/58/14 15/57/14
f 25/65/16 9/64/16 11/63/16
f 26/68/17 7/67/17 9/66/17
f 27/71/18 5/70/18 7/69/18
f 29/77/20 1/76/20 2/75/20
f 29/80/21 19/79/21 1/78/21
f 31/83/22 21/82/22 30/81/22
f 19/86/23 30/85/23 21/84/23
f 17/92/25 21/91/25 22/90/25
f 13/98/27 23/97/27 24/96/27
f 11/101/28 24/100/28 25/99/28
f 5/110/31 27/109/31 28/108/31
f 2/113/32 28/112/32 29/111/32
f 31/117/33 32/116/33 22/115/33 21/114/33
f 32/121/34 33/120/34 23/119/34 22/118/34
f 34/124/35 24/123/35 23/122/35
f 35/127/36 25/126/36 24/125/36
f 36/130/37 26/129/37 25/128/37
f 37/133/38 27/132/38 26/131/38
f 38/136/39 28/135/39 27/134/39
f 39/139/40 29/138/40 28/137/40
f 39/142/41 30/141/41 29/140/41
f 39/154/43 40/153/43 30/152/43
f 23/157/44 33/156/44 34/155/44
f 24/160/45 34/159/45 35/158/45
f 25/163/46 35/162/46 36/161/46
f 26/166/47 36/165/47 37/164/47
f 27/169/48 37/168/48 38/167/48
f 28/172/49 38/171/49 39/170/49
f 30/175/50 40/174/50 31/173/50
usemtl mat25
f 21/43/11 17/42/11 19/41/11
f 24/62/15 11/61/15 13/60/15
f 28/74/19 2/73/19 5/72/19
f 29/89/24 30/88/24 19/87/24
f 15/95/26 22/94/26 23/93/26
f 9/104/29 25/103/29 26/102/29
f 7/107/30 26/106/30 27/105/30
usemtl mat18
f 39/151/42 38/150/42 37/149/42 36/148/42 35/147/42 34/146/42 33/145/42 32/144/42 31/143/42
f 31/178/51 40/177/51 39/176/51
o group855453062
g mesh855453062
usemtl mat23
f 142/590/160 141/589/160 140/588/160 139/587/160
f 141/594/161 144/593/161 143/592/161 140/591/161
f 144/598/162 146/597/162 145/596/162 143/595/162
f 146/602/163 148/601/163 147/600/163 145/599/163
f 148/606/164 150/605/164 149/604/164 147/603/164
f 150/610/165 152/609/165 151/608/165 149/607/165
f 152/614/166 154/613/166 153/612/166 151/611/166
f 154/618/167 142/617/167 139/616/167 153/615/167
f 154/626/168 152/625/168 150/624/168 148/623/168 146/622/168 144/621/168 141/620/168 142/619/168
f 155/629/169 151/628/169 153/627/169
f 156/632/170 149/631/170 151/630/170
f 157/635/171 147/634/171 149/633/171
f 158/638/172 145/637/172 147/636/172
f 159/641/173 143/640/173 145/639/173
f 160/644/174 140/643/174 143/642/174
f 161/647/175 139/646/175 140/645/175
f 161/650/176 153/649/176 139/648/176
f 161/658/177 160/657/177 159/656/177 158/655/177 157/654/177 156/653/177 155/652/177 162/651/177
f 153/661/178 162/660/178 155/659/178
f 161/664/179 162/663/179 153/662/179
f 151/667/180 155/666/180 156/665/180
f 149/670/181 156/669/181 157/668/181
f 147/673/182 157/672/182 158/671/182
f 145/676/183 158/675/183 159/674/183
f 143/679/184 159/678/184 160/677/184
f 140/682/185 160/681/185 161/680/185
