mtllib materials.mtl
v 0.6962941 -1.08754 0.07624501
v 0.6962943 -0.9651053 0.07624525
v 0.6962945 -0.9651051 -0.04618946
v 0.6962944 -1.08754 -0.04618964
v -0.9450083 -1.087538 0.0762409
v -0.945008 -1.087537 -0.04619378
v -0.9450078 -0.9651027 -0.04619342
v -0.945008 -0.9651029 0.07624108
v 0.5738592 -0.9804102 -0.04619014
v 0.5738592 -0.9804103 0.07624453
v 0.6962938 -0.9804103 0.07624459
v 0.696294 -0.9804102 -0.04619008
v 0.5738616 1.211848 -0.04618919
v 0.6962963 1.211848 -0.04618904
v 0.696296 1.211848 0.07624561
v 0.5738615 1.211848 0.07624561
v -0.1396611 -0.9957129 -0.04618979
v -0.1396611 -0.995713 0.07624483
v -0.09374806 -0.995713 0.07624489
v -0.09374803 -0.9957129 -0.04618979
v -0.1396592 1.227155 -0.04618859
v -0.09374616 1.227155 -0.04618856
v -0.09374631 1.227155 0.07624614
v -0.1396592 1.227155 0.0762462
v -0.8684852 0.4371129 -0.04618922
v -0.8684852 0.4371127 0.07624543
v -0.8684851 0.3911998 0.07624543
v -0.8684852 0.3911998 -0.04618928
v 0.5891662 0.4371105 -0.0461891
v 0.5891662 0.3911976 -0.04618907
v 0.5891662 0.3911976 0.07624567
v 0.5891662 0.4371104 0.07624567
v 0.6962963 1.202327 0.07624561
v 0.6962964 1.324762 0.07624561
v 0.6962965 1.324762 -0.04618907
v 0.6962965 1.202327 -0.0461891
v -0.9450061 1.202328 0.07624346
v -0.945006 1.202328 -0.04619122
v -0.9450058 1.324763 -0.04619104
v -0.945006 1.324763 0.07624346
v -0.9450095 -1.041625 -0.04618999
v -0.9450095 -1.041625 0.07624471
v -0.8225747 -1.041625 0.07624471
v -0.8225748 -1.041625 -0.04618999
v -0.9450058 1.242459 -0.04618883
v -0.8225711 1.242459 -0.04618877
v -0.8225713 1.242459 0.0762459
v -0.9450058 1.242459 0.07624596
v 0.5279477 -0.9804096 -0.03088543
v 0.5279477 -0.9804096 0.04563621
v 0.5738608 -0.9804096 0.0456363
v 0.5738608 -0.9804096 -0.03088543
v 0.5279487 1.196546 -0.03088471
v 0.5738618 1.196546 -0.03088465
v 0.5738617 1.196545 0.04563707
v 0.5279488 1.196545 0.0456371
v -0.8341379 -1.041627 -0.03088501
v -0.8341379 -1.041627 0.04563665
v -0.7882248 -1.041627 0.04563668
v -0.7882248 -1.041627 -0.03088504
v -0.8341362 1.242458 -0.03088593
v -0.7882231 1.242458 -0.03088591
v -0.7882233 1.242458 0.04563582
v -0.8341361 1.242458 0.04563588
v 0.6619472 1.162197 -0.03088489
v 0.6619472 1.162197 0.0456368
v 0.6619471 1.20811 0.04563686
v 0.6619472 1.20811 -0.03088489
v -0.8110079 1.162197 -0.03088659
v -0.8110079 1.20811 -0.03088656
v -0.8110077 1.20811 0.04563516
v -0.8110077 1.162197 0.04563522
v 0.570121 0.4275894 -0.03088504
v 0.5701211 0.4275894 0.04563665
v 0.570121 0.4735024 0.04563674
v 0.570121 0.4735025 -0.03088501
v -0.7957037 0.4275901 -0.03088713
v -0.7957037 0.4735031 -0.03088704
v -0.7957035 0.4735029 0.04563469
v -0.7957035 0.4275901 0.04563472
v 0.5849943 -0.9799784 -0.03045255
v 0.5849944 -0.9799785 0.04606915
v 0.5849943 -0.9340655 0.04606923
v 0.5849944 -0.9340654 -0.03045249
v -0.872657 -0.9799765 -0.03045422
v -0.872657 -0.9340635 -0.03045413
v -0.8726563 -0.9340638 0.0460676
v -0.8726563 -0.9799765 0.0460676
v 0.558556 0.351068 -0.03088361
v 0.558556 0.3510681 0.04563808
v 0.5585559 0.3969811 0.04563811
v 0.558556 0.3969811 -0.03088361
v -0.8072688 0.3510685 -0.03088528
v -0.8072688 0.3969815 -0.03088525
v -0.8072686 0.3969814 0.04563648
v -0.8072686 0.3510686 0.04563653
v -0.09952978 -0.9957137 -0.03088585
v -0.09952979 -0.9957139 0.04563585
v -0.05361678 -0.9957137 0.04563591
v -0.05361673 -0.9957137 -0.03088585
v -0.09952857 1.181241 -0.03088418
v -0.05361554 1.181241 -0.03088412
v -0.0536157 1.181241 0.04563761
v -0.09952857 1.181241 0.04563764
v -0.1797904 -0.9957144 -0.03088593
v -0.1797905 -0.9957145 0.04563576
v -0.1338774 -0.9957144 0.04563582
v -0.1338774 -0.9957144 -0.03088593
v -0.1797898 1.196545 -0.03088388
v -0.1338768 1.196545 -0.03088382
v -0.133877 1.196545 0.04563791
v -0.1797898 1.196545 0.04563794
v 0.508904 0.4581983 -0.0461894
v 0.5089039 0.4581981 0.07624531
v 0.554817 0.4581982 0.07624537
v 0.5548171 0.4581978 -0.04618931
v 0.5089061 1.181241 -0.04618818
v 0.5548192 1.181241 -0.04618806
v 0.5548189 1.18124 0.07624662
v 0.508906 1.181241 0.07624662
v -0.07266149 0.4581985 -0.04618967
v -0.07266167 0.4581988 0.07624507
v -0.02674851 0.4581985 0.07624507
v -0.02674834 0.4581988 -0.04618958
v -0.07265858 1.181241 -0.04618788
v -0.02674555 1.181241 -0.04618779
v -0.02674588 1.181241 0.07624692
v -0.07265874 1.181241 0.07624686
v -0.2104 0.4581978 -0.04618844
v -0.2104003 0.458198 0.07624626
v -0.1644871 0.4581977 0.07624632
v -0.1644869 0.458198 -0.04618832
v -0.2103972 1.18124 -0.04618654
v -0.1644841 1.18124 -0.04618642
v -0.1644845 1.18124 0.07624823
v -0.2103973 1.18124 0.07624823
v -0.8035276 0.4581983 -0.04618856
v -0.8035278 0.4581983 0.07624614
v -0.7576147 0.4581983 0.0762462
v -0.7576146 0.4581983 -0.04618844
v -0.8035274 1.18124 -0.04618734
v -0.7576144 1.18124 -0.04618722
v -0.7576147 1.18124 0.07624745
v -0.8035276 1.18124 0.07624745
v 0.516558 1.13492 -0.04618809
v 0.5165578 1.13492 0.07624662
v 0.5165578 1.180833 0.07624662
v 0.516558 1.180833 -0.046188
v -0.05344194 1.134917 -0.04618895
v -0.05344164 1.18083 -0.0461888
v -0.05344182 1.18083 0.07624584
v -0.05344212 1.134917 0.0762459
v 0.5126433 0.4581982 -0.04618946
v 0.512643 0.4581982 0.07624525
v 0.5126431 0.5041112 0.07624525
v 0.5126433 0.5041113 -0.04618937
v -0.05735666 0.4581953 -0.04619032
v -0.05735636 0.5041083 -0.04619017
v -0.05735654 0.5041082 0.07624447
v -0.05735683 0.4581952 0.07624453
v -0.2055474 1.135364 -0.04611132
v -0.2055475 1.135364 0.07632339
v -0.2055475 1.181277 0.07632339
v -0.2055474 1.181277 -0.04611126
v -0.7755474 1.135361 -0.04611161
v -0.7755471 1.181274 -0.04611149
v -0.7755471 1.181274 0.07632315
v -0.7755474 1.135361 0.07632321
v -0.1950955 0.4581984 -0.04618928
v -0.1950957 0.4581982 0.07624543
v -0.1950957 0.5041113 0.07624549
v -0.1950955 0.5041114 -0.04618916
v -0.7650954 0.4581954 -0.04619023
v -0.7650951 0.5041084 -0.04619008
v -0.7650953 0.5041083 0.07624459
v -0.7650956 0.4581953 0.07624459
v 0.5126432 -0.9497968 -0.0461897
v 0.5126429 -0.949797 0.07624501
v 0.512643 -0.9038839 0.07624507
v 0.5126432 -0.9038838 -0.04618958
v -0.05735677 -0.9497994 -0.04619077
v -0.05735642 -0.9038865 -0.04619056
v -0.0573566 -0.9038867 0.07624406
v -0.05735695 -0.9497997 0.07624412
v -0.2066592 -0.9497986 -0.04618943
v -0.2066595 -0.9497991 0.07624525
v -0.1607462 -0.9497989 0.07624537
v -0.1607459 -0.9497988 -0.04618928
v -0.2066559 0.3701136 -0.04618639
v -0.1607428 0.3701131 -0.04618627
v -0.1607432 0.3701129 0.07624841
v -0.2066561 0.3701138 0.07624841
v 0.516559 0.3243167 -0.04618743
v 0.5165588 0.3243165 0.07624727
v 0.5165589 0.3702296 0.07624733
v 0.5165591 0.3702297 -0.04618731
v -0.05344093 0.3243141 -0.04618829
v -0.05344057 0.370227 -0.04618812
v -0.05344075 0.3702269 0.0762465
v -0.05344111 0.3243139 0.07624656
v -0.0726601 -0.9498011 -0.0461894
v -0.0726603 -0.9498008 0.07624531
v -0.02674711 -0.9498012 0.07624543
v -0.02674693 -0.949801 -0.04618925
v -0.07265755 0.3701103 -0.04618761
v -0.02674451 0.3701102 -0.04618749
v -0.02674484 0.3701099 0.07624716
v -0.07265773 0.3701102 0.07624716
v -0.2066607 -0.9498006 -0.04618967
v -0.2066608 -0.9498008 0.07624501
v -0.2066607 -0.9038877 0.07624507
v -0.2066606 -0.9038876 -0.04618955
v -0.7766606 -0.9498032 -0.04619014
v -0.7766603 -0.9038903 -0.04618996
v -0.7766603 -0.9038905 0.07624471
v -0.7766607 -0.9498034 0.07624471
v -0.8035287 -0.9498006 -0.0461894
v -0.803529 -0.9498011 0.07624531
v -0.7576157 -0.949801 0.07624543
v -0.7576154 -0.9498008 -0.04618922
v -0.8035253 0.3701116 -0.04618612
v -0.7576122 0.3701111 -0.046186
v -0.7576126 0.3701109 0.07624871
v -0.8035256 0.3701118 0.07624865
v 0.5089044 -0.9497987 -0.0461894
v 0.5089041 -0.9497992 0.07624531
v 0.5548173 -0.9497991 0.07624543
v 0.5548177 -0.9497989 -0.04618925
v 0.508908 0.3701135 -0.04618612
v 0.5548211 0.370113 -0.046186
v 0.5548208 0.3701128 0.07624871
v 0.5089078 0.3701137 0.07624865
v -0.2056799 0.3239169 -0.04621854
v -0.20568 0.3239169 0.07621616
v -0.20568 0.3698299 0.07621616
v -0.2056799 0.3698299 -0.04621848
v -0.7756799 0.3239136 -0.04621884
v -0.7756796 0.3698266 -0.04621872
v -0.7756796 0.3698264 0.07621592
v -0.7756799 0.3239136 0.07621598
v 0.5089038 0.5041116 -0.0002763569
v 0.5089038 0.5041116 0.01502797
v 0.5089039 1.131589 0.01502797
v 0.508904 1.131589 -0.0002763271
v -0.02674779 0.5041119 -0.0002770424
v -0.02674767 1.131589 -0.0002770126
v -0.02674767 1.131589 0.01502728
v -0.02674785 0.5041119 0.01502728
v -0.2103999 0.5041111 -0.0002762377
v -0.2103999 0.5041111 0.01502809
v -0.2103997 1.131589 0.01502809
v -0.2103997 1.131589 -0.0002762079
v -0.7613558 0.5041113 -0.0002769232
v -0.7613557 1.131589 -0.0002768934
v -0.7613557 1.131589 0.0150274
v -0.7613559 0.5041113 0.0150274
v 0.5089036 -0.903888 -0.0002764761
v 0.5089036 -0.903888 0.01502785
v 0.5089038 0.3204588 0.01502457
v 0.5089039 0.3204588 -0.0002797246
v -0.02674803 -0.9038877 -0.000277251
v -0.02674788 0.3204587 -0.0002804995
v -0.02674782 0.3204587 0.0150238
v -0.02674809 -0.9038877 0.01502708
v -0.2104 -0.9038876 -0.0002723038
v -0.2104 -0.9038876 0.01503202
v -0.2103998 0.3357631 0.01502985
v -0.2103997 0.3357631 -0.0002744794
v -0.7613559 -0.9038873 -0.0002735257
v -0.7613558 0.3357632 -0.0002757013
v -0.7613558 0.3357631 0.01502863
v -0.761356 -0.9038873 0.01503077
v 0.5522503 1.135328 -0.03621861
v 0.5597503 1.135328 -0.03822821
v 0.5597502 1.045328 -0.03822824
v 0.5522503 1.045328 -0.03621864
v 0.5652406 1.135328 -0.04371858
v 0.5652406 1.045328 -0.04371861
v 0.5672502 1.135328 -0.05121854
v 0.5672502 1.045328 -0.05121857
v 0.5652406 1.135328 -0.05871853
v 0.5652406 1.045328 -0.05871853
v 0.5597503 1.135328 -0.06420889
v 0.5597503 1.045328 -0.06420889
v 0.5522503 1.135328 -0.0662185
v 0.5522503 1.045328 -0.06621853
v 0.5447503 1.135328 -0.06420889
v 0.5447503 1.045328 -0.06420892
v 0.53926 1.135328 -0.05871853
v 0.5392599 1.045328 -0.05871859
v 0.5372503 1.135328 -0.05121857
v 0.5372503 1.045328 -0.05121863
v 0.5392599 1.135328 -0.04371861
v 0.5392599 1.045328 -0.04371864
v 0.5447503 1.135328 -0.03822824
v 0.5447503 1.045328 -0.03822827
v 0.5522503 0.5953285 -0.03621861
v 0.5597503 0.5953285 -0.03822821
v 0.5597502 0.5053287 -0.03822824
v 0.5522503 0.5053287 -0.03621864
v 0.5652406 0.5953285 -0.04371858
v 0.5652406 0.5053287 -0.04371861
v 0.5672502 0.5953285 -0.05121854
v 0.5672502 0.5053287 -0.05121857
v 0.5652406 0.5953285 -0.05871853
v 0.5652406 0.5053287 -0.05871853
v 0.5597503 0.5953285 -0.06420889
v 0.5597503 0.5053287 -0.06420889
v 0.5522503 0.5953285 -0.0662185
v 0.5522503 0.5053287 -0.06621853
v 0.5447503 0.5953285 -0.06420889
v 0.5447503 0.5053287 -0.06420892
v 0.53926 0.5953285 -0.05871853
v 0.5392599 0.5053287 -0.05871859
v 0.5372503 0.5953285 -0.05121857
v 0.5372503 0.5053287 -0.05121863
v 0.5392599 0.5953285 -0.04371861
v 0.5392599 0.5053287 -0.04371864
v 0.5447503 0.5953285 -0.03822824
v 0.5447503 0.5053287 -0.03822827
v -0.7977497 1.135328 -0.03621861
v -0.7902497 1.135328 -0.03822821
v -0.7902498 1.045328 -0.03822827
v -0.7977497 1.045328 -0.03621867
v -0.7847593 1.135328 -0.04371858
v -0.7847594 1.045328 -0.04371864
v -0.7827498 1.135328 -0.05121854
v -0.7827498 1.045328 -0.0512186
v -0.7847593 1.135328 -0.0587185
v -0.7847593 1.045328 -0.05871856
v -0.7902497 1.135328 -0.06420887
v -0.7902497 1.045328 -0.06420892
v -0.7977497 1.135328 -0.0662185
v -0.7977497 1.045328 -0.06621855
v -0.8052496 1.135328 -0.06420889
v -0.8052497 1.045328 -0.06420892
v -0.81074 1.135328 -0.05871853
v -0.8107401 1.045328 -0.05871859
v -0.8127496 1.135328 -0.05121857
v -0.8127496 1.045328 -0.05121863
v -0.8107401 1.135328 -0.04371861
v -0.8107401 1.045328 -0.04371864
v -0.8052497 1.135328 -0.03822824
v -0.8052497 1.045328 -0.03822827
v -0.7977497 0.5953282 -0.0362187
v -0.7902497 0.5953281 -0.0382283
v -0.7902498 0.5053284 -0.03822836
v -0.7977497 0.5053284 -0.03621876
v -0.7847593 0.5953282 -0.04371867
v -0.7847594 0.5053284 -0.04371873
v -0.7827498 0.5953282 -0.05121863
v -0.7827498 0.5053284 -0.05121869
v -0.7847593 0.5953282 -0.05871859
v -0.7847593 0.5053284 -0.05871865
v -0.7902497 0.5953282 -0.06420895
v -0.7902497 0.5053284 -0.06420901
v -0.7977497 0.5953282 -0.06621858
v -0.7977497 0.5053284 -0.06621864
v -0.8052496 0.5953282 -0.06420898
v -0.8052497 0.5053284 -0.06420901
v -0.81074 0.5953282 -0.05871862
v -0.8107401 0.5053284 -0.05871868
v -0.8127496 0.5953282 -0.05121866
v -0.8127496 0.5053284 -0.05121872
v -0.8107401 0.5953282 -0.0437187
v -0.8107401 0.5053284 -0.04371873
v -0.8052497 0.5953282 -0.03822833
v -0.8052497 0.5053284 -0.03822836
v 0.5522504 -0.6746716 -0.0362187
v 0.5597503 -0.6746716 -0.0382283
v 0.5597503 -0.7646714 -0.03822839
v 0.5522503 -0.7646714 -0.03621879
v 0.5652407 -0.6746716 -0.04371864
v 0.5652406 -0.7646714 -0.04371876
v 0.5672503 -0.6746716 -0.05121863
v 0.5672503 -0.7646714 -0.05121872
v 0.5652407 -0.6746716 -0.05871859
v 0.5652407 -0.7646714 -0.05871868
v 0.5597504 -0.6746716 -0.06420895
v 0.5597504 -0.7646714 -0.06420904
v 0.5522504 -0.6746716 -0.06621858
v 0.5522504 -0.7646714 -0.06621867
v 0.5447505 -0.6746716 -0.06420898
v 0.5447504 -0.7646714 -0.06420904
v 0.5392601 -0.6746716 -0.05871862
v 0.53926 -0.7646714 -0.05871874
v 0.5372505 -0.6746716 -0.05121866
v 0.5372505 -0.7646714 -0.05121878
v 0.53926 -0.6746716 -0.0437187
v 0.53926 -0.7646714 -0.04371879
v 0.5447504 -0.6746716 -0.0382283
v 0.5447503 -0.7646714 -0.03822839
v 0.5522504 0.2253283 -0.03621861
v 0.5597504 0.2253283 -0.03822821
v 0.5597503 0.1353287 -0.03822827
v 0.5522503 0.1353287 -0.03621867
v 0.5652407 0.2253283 -0.04371858
v 0.5652407 0.1353287 -0.04371864
v 0.5672503 0.2253284 -0.05121854
v 0.5672503 0.1353287 -0.0512186
v 0.5652407 0.2253284 -0.0587185
v 0.5652407 0.1353287 -0.05871856
v 0.5597504 0.2253284 -0.06420887
v 0.5597504 0.1353287 -0.06420892
v 0.5522504 0.2253284 -0.0662185
v 0.5522504 0.1353287 -0.06621855
v 0.5447505 0.2253284 -0.06420889
v 0.5447504 0.1353287 -0.06420892
v 0.5392601 0.2253284 -0.05871853
v 0.53926 0.1353287 -0.05871859
v 0.5372505 0.2253284 -0.05121857
v 0.5372505 0.1353287 -0.05121863
v 0.53926 0.2253284 -0.04371861
v 0.53926 0.1353287 -0.04371864
v 0.5447504 0.2253284 -0.03822821
v 0.5447503 0.1353287 -0.03822827
v -0.7977495 0.2153281 -0.03621861
v -0.7902495 0.2153281 -0.03822821
v -0.7902496 0.1253284 -0.03822827
v -0.7977496 0.1253284 -0.03621867
v -0.7847592 0.2153281 -0.04371858
v -0.7847593 0.1253284 -0.04371864
v -0.7827496 0.2153282 -0.05121854
v -0.7827497 0.1253284 -0.0512186
v -0.7847592 0.2153282 -0.0587185
v -0.7847592 0.1253284 -0.05871856
v -0.7902495 0.2153282 -0.06420887
v -0.7902496 0.1253284 -0.06420892
v -0.7977495 0.2153282 -0.0662185
v -0.7977496 0.1253284 -0.06621855
v -0.8052495 0.2153282 -0.06420889
v -0.8052496 0.1253284 -0.06420892
v -0.8107398 0.2153282 -0.05871853
v -0.8107399 0.1253284 -0.05871859
v -0.8127494 0.2153282 -0.05121857
v -0.8127495 0.1253284 -0.05121863
v -0.8107398 0.2153282 -0.04371861
v -0.8107399 0.1253284 -0.04371864
v -0.8052495 0.2153282 -0.03822821
v -0.8052496 0.1253284 -0.03822827
v -0.7977497 -0.6846719 -0.0362187
v -0.7902497 -0.6846719 -0.0382283
v -0.7902498 -0.7746716 -0.03822839
v -0.7977498 -0.7746716 -0.03621879
v -0.7847593 -0.6846719 -0.04371864
v -0.7847595 -0.7746716 -0.04371876
v -0.7827498 -0.6846719 -0.05121863
v -0.7827498 -0.7746716 -0.05121872
v -0.7847593 -0.6846719 -0.05871859
v -0.7847594 -0.7746716 -0.05871868
v -0.7902497 -0.6846719 -0.06420895
v -0.7902497 -0.7746716 -0.06420904
v -0.7977496 -0.6846719 -0.06621858
v -0.7977497 -0.7746716 -0.06621867
v -0.8052496 -0.6846719 -0.06420898
v -0.8052497 -0.7746716 -0.06420904
v -0.81074 -0.6846719 -0.05871862
v -0.8107401 -0.7746716 -0.05871874
v -0.8127496 -0.6846719 -0.05121866
v -0.8127497 -0.7746716 -0.05121878
v -0.8107401 -0.6846719 -0.0437187
v -0.8107401 -0.7746716 -0.04371879
v -0.8052497 -0.6846719 -0.0382283
v -0.8052498 -0.7746716 -0.03822839
v -0.05028247 -0.04172623 0.07869375
v -0.05974992 -0.03890288 0.07861066
v -0.0441661 -0.06125772 0.1301515
v -0.06654537 -0.03173923 0.07894683
v -0.05684449 -0.05648053 0.1305391
v -0.06884807 -0.02215433 0.0796122
v -0.06286465 -0.06598437 0.1274581
v -0.06604084 -0.01271689 0.08042836
v -0.06797379 -0.02692771 0.1358176
v -0.05887602 -0.005955696 0.08117688
v -0.06279171 -0.01652479 0.1372264
v -0.04927326 -0.003681898 0.08165693
v -0.03980573 -0.006505251 0.08174014
v -0.04371102 -0.01683128 0.1375824
v -0.03301028 -0.01366901 0.08140397
v -0.03070766 -0.0232538 0.0807386
v -0.04074278 -0.02825034 0.1372623
v -0.03351489 -0.03269136 0.07992238
v -0.03903736 -0.04136682 0.1343101
v -0.04067972 -0.03945267 0.07917392
v -0.04337463 -0.06125104 0.1301669
v -0.06701596 -0.04350567 0.1329772
v -0.05982807 -0.04493856 0.1334087
v -0.05402885 -0.01668549 0.1358427
v -0.1846221 -0.04272878 0.07684612
v -0.1941291 -0.0400604 0.07717407
v -0.175466 -0.06042683 0.1285157
v -0.2010226 -0.0329982 0.07763708
v -0.1881887 -0.05584121 0.1294202
v -0.2034557 -0.02343428 0.07811099
v -0.1941941 -0.06553721 0.1269748
v -0.2007761 -0.01393139 0.07846892
v -0.1995441 -0.02630854 0.1343163
v -0.1937021 -0.007035971 0.07861495
v -0.1944792 -0.01578343 0.135108
v -0.1841289 -0.00459528 0.07850981
v -0.1746218 -0.00726378 0.07818198
v -0.1754037 -0.01577485 0.1344598
v -0.1677283 -0.01432598 0.07771897
v -0.1652953 -0.0238899 0.07724512
v -0.1722557 -0.02714968 0.1343548
v -0.1679749 -0.03339291 0.07688719
v -0.170477 -0.04032898 0.1317453
v -0.1750489 -0.04028833 0.0767411
v -0.1746751 -0.06040716 0.1284887
v -0.198445 -0.04295516 0.131971
v -0.1912202 -0.04425848 0.1320665
v -0.1857997 -0.01585114 0.1332667
v -0.195222 -0.02155423 0.1009675
v -0.1934615 -0.2614294 0.1200527
v -0.1872297 -0.2635087 0.1148965
v -0.1946794 -0.02425706 0.1298354
v -0.1872601 -0.2609795 0.1278965
v -0.1743626 -0.02022958 0.129271
v -0.1777749 -0.2608496 0.1251351
v -0.1729991 -0.2612655 0.1194221
v -0.1762413 -0.02009606 0.09959012
v -0.1774215 -0.2626998 0.1146688
v -0.174686 -0.02012575 0.1161494
v -0.1737247 -0.01979864 0.1076784
v -0.1834868 -0.02549541 0.1304538
v -0.1949089 -0.02295148 0.1243837
v -0.1961342 -0.02243209 0.1155238
v -0.1964193 -0.02186823 0.1091596
v -0.06181143 -0.02116573 0.10292
v -0.06487431 -0.2615293 0.1140292
v -0.05841123 -0.2635489 0.1091409
v -0.06284598 -0.02481723 0.1316698
v -0.059092 -0.2614447 0.1221988
v -0.04246655 -0.02113199 0.1323093
v -0.04947266 -0.2613919 0.1199458
v -0.04440733 -0.2617054 0.1144809
v -0.04276356 -0.01999807 0.1025919
v -0.04859313 -0.262906 0.1094564
v -0.04209081 -0.02059495 0.1191997
v -0.04067573 -0.02000892 0.1108066
v -0.05172311 -0.02627206 0.132834
v -0.06276484 -0.02333081 0.1262603
v -0.06350938 -0.02250135 0.1173707
v -0.06344696 -0.02172542 0.1110227
v -0.1893305 0.9090109 0.07366192
v -0.1988251 0.9117405 0.073771
v -0.1818753 0.8899038 0.1251025
v -0.2056824 0.9188395 0.07420993
v -0.1945889 0.8945591 0.1257406
v -0.2080651 0.9284055 0.07486105
v -0.2005812 0.8849752 0.1228598
v -0.2053346 0.9378757 0.07554984
v -0.2058918 0.9240379 0.1310642
v -0.1982226 0.9447119 0.07609183
v -0.2007835 0.9345007 0.1322857
v -0.1886346 0.9470832 0.07634163
v -0.1791399 0.9443533 0.07623261
v -0.1816975 0.9343839 0.1322175
v -0.1722826 0.9372544 0.07579368
v -0.1699 0.9276884 0.07514262
v -0.1786235 0.9229927 0.1319093
v -0.1726306 0.9182181 0.07445383
v -0.1768537 0.909873 0.1290094
v -0.1797426 0.9113817 0.07391185
v -0.1810838 0.8899183 0.1251001
v -0.2048323 0.9074504 0.1283166
v -0.1976227 0.9060912 0.1285971
v -0.1920525 0.9344163 0.1307077
v -0.2005213 0.9296277 0.09799856
v -0.2009412 0.6893299 0.1108162
v -0.1945688 0.6873393 0.1057987
v -0.2008789 0.9261689 0.1267886
v -0.1949795 0.6895288 0.1188537
v -0.180528 0.9300582 0.1269475
v -0.1854137 0.6896601 0.1163861
v -0.1804685 0.6893576 0.1108117
v -0.1814981 0.9309795 0.09723699
v -0.184753 0.6880807 0.1058903
v -0.1804497 0.9305065 0.1138293
v -0.1792278 0.9310472 0.1054029
v -0.1897189 0.9248316 0.1277139
v -0.200933 0.927618 0.1213686
v -0.2018836 0.9283774 0.1124924
v -0.2019703 0.9291091 0.1061394
v -0.05032822 0.9092305 0.07918406
v -0.05986924 0.9117954 0.07920033
v -0.0434387 0.8887925 0.1301901
v -0.06685534 0.9187624 0.07971668
v -0.05624034 0.8932126 0.1307318
v -0.06941467 0.9282646 0.08059478
v -0.06201436 0.883615 0.127475
v -0.0668613 0.9377558 0.08159924
v -0.06814406 0.9223328 0.1366822
v -0.05987953 0.9446929 0.082461
v -0.06324019 0.9328413 0.1382896
v -0.05033999 0.9472172 0.08294916
v -0.04079889 0.9446521 0.08293295
v -0.04415675 0.9330482 0.1385595
v -0.0338128 0.9376853 0.08241653
v -0.03125355 0.9281828 0.0815385
v -0.0408806 0.9217236 0.1379849
v -0.03380691 0.9186916 0.08053404
v -0.03883313 0.9087238 0.1347481
v -0.04078869 0.9117546 0.07967222
v -0.04264763 0.8888204 0.1302023
v -0.06674922 0.9058506 0.1334869
v -0.05952305 0.9046056 0.1338578
v -0.05448288 0.9329491 0.1368663
v -0.06229695 0.9289529 0.1038888
v -0.05876894 0.6884146 0.1099105
v -0.05227661 0.6866755 0.1049536
v -0.0630953 0.9246693 0.1325586
v -0.05295235 0.6884847 0.1180559
v -0.04282083 0.928895 0.1331912
v -0.04334882 0.6888474 0.1157644
v -0.03830284 0.6887876 0.110273
v -0.04328965 0.9306467 0.103506
v -0.04247824 0.6875795 0.1052417
v -0.04252209 0.9297183 0.1200945
v -0.04116333 0.9305196 0.1117099
v -0.05193158 0.9234943 0.1336453
v -0.0630803 0.926271 0.1271816
v -0.06388932 0.9272671 0.1183148
v -0.06387816 0.9281781 0.1119845
vn 1 -1.446993E-06 1.934455E-06
vn -1 1.446992E-06 -1.058584E-06
vn -2.522395E-06 -1.461121E-06 1
vn 2.465653E-06 2.187828E-06 -1
vn -1.442266E-06 -1 -1.747494E-06
vn 1.481247E-06 1 1.260666E-06
vn -4.807667E-07 -1 -5.931053E-07
vn -2.730966E-07 1 3.496908E-07
vn -1 1.096489E-06 -6.250729E-07
vn 1 -1.033615E-06 1.335419E-06
vn 7.60236E-07 4.560224E-07 -1
vn -4.255414E-07 -4.783599E-07 1
vn 1.116439E-06 -1 -4.559679E-07
vn -2.811771E-07 1 6.993822E-07
vn -1 8.54972E-07 -2.946733E-08
vn 1 -8.14332E-07 7.352534E-07
vn 4.588288E-07 5.486257E-07 -1
vn 1.091378E-07 -5.858468E-07 1
vn -1 -7.950716E-07 3.362742E-08
vn 1 -5.107502E-07 1.223084E-07
vn 1.6131E-06 1 9.391478E-07
vn -1.552084E-06 -1 -1.722204E-07
vn 1.265675E-07 2.457171E-07 -1
vn -1.754844E-07 -6.91976E-07 1
vn 1 -5.120206E-07 7.061103E-07
vn -1 5.120204E-07 1.697609E-07
vn -1.294048E-06 -9.021729E-08 1
vn 1.237305E-06 8.169245E-07 -1
vn -5.072966E-07 -1 -3.765878E-07
vn 5.462778E-07 1 -1.102405E-07
vn -2.004477E-06 -1 -3.75899E-07
vn -3.467784E-08 1 6.193133E-07
vn -1 1.632829E-06 1.058717E-07
vn 1 -1.565143E-06 3.837378E-07
vn 1.611808E-07 5.165418E-07 -1
vn 3.256474E-07 -5.285407E-07 1
vn 8.747689E-07 -1 -7.391533E-07
vn 3.979502E-07 1 3.465387E-06
vn -1 4.870402E-07 2.393184E-07
vn 1 -4.397676E-07 8.699034E-07
vn 4.689707E-07 3.380993E-07 -1
vn -4.182599E-07 -3.740843E-07 1
vn 1.381812E-07 -1 3.826534E-07
vn 8.747883E-07 1 2.733042E-06
vn -1 7.382375E-07 6.65401E-07
vn 1 -6.803374E-07 6.910875E-07
vn -2.252978E-07 -3.864715E-07 -1
vn 2.050134E-07 3.52472E-07 1
vn 1 5.939885E-07 4.180975E-07
vn -1 1.89131E-06 2.892329E-06
vn -1.780014E-07 -1 1.710072E-07
vn 2.358539E-07 1 9.956226E-07
vn 1.147074E-06 3.650689E-07 -1
vn -1.097515E-06 -8.108611E-08 1
vn 1 1.365386E-06 4.271722E-07
vn -1 2.041479E-06 2.591161E-06
vn -5.001006E-07 -1 -5.243421E-07
vn 3.739516E-07 1 1.953473E-06
vn 1.509002E-06 1.097357E-06 -1
vn -1.448734E-06 -8.742281E-07 1
vn 1 4.911577E-07 4.271721E-07
vn -1 1.882395E-06 8.822552E-06
vn -1.351922E-06 -1 -9.405975E-07
vn 1.233081E-06 1 2.360457E-06
vn 1.141687E-06 1.497759E-06 -1
vn -1.084364E-06 -9.399349E-07 1
vn 1 1.515558E-06 1.260001E-07
vn -1 1.89131E-06 2.892329E-06
vn -3.499282E-07 -1 5.122151E-07
vn 2.237795E-07 1 9.169162E-07
vn 1.207832E-06 6.08006E-08 -1
vn -1.147564E-06 1.623287E-07 1
vn 1.136539E-06 -1 -1.085576E-06
vn 5.171584E-07 1 3.811811E-06
vn -1 5.583349E-07 -5.092117E-08
vn 1 -5.217582E-07 1.345485E-06
vn 6.652152E-07 7.794226E-07 -1
vn -1.986711E-07 -8.039287E-07 1
vn 8.212946E-07 -1 -1.263689E-06
vn 5.171578E-07 1 3.989924E-06
vn -1 2.850296E-07 -2.482048E-07
vn 1 -2.393623E-07 1.508229E-06
vn 7.298092E-07 9.459329E-07 -1
vn -2.531225E-07 -9.688293E-07 1
vn -2.921347E-06 -1 3.399479E-07
vn 7.04777E-06 1 8.77132E-07
vn -1 2.913459E-06 -1.111292E-06
vn 1 -2.762114E-06 1.847605E-06
vn 2.077182E-06 1.693862E-06 -1
vn -6.572617E-07 -1.748161E-06 1
vn -2.98663E-07 -1 1.679971E-07
vn 7.04777E-06 1 1.049087E-06
vn -1 4.031498E-06 -1.370023E-06
vn 1 -3.748772E-06 1.972084E-06
vn 2.250717E-06 2.45067E-06 -1
vn -7.902401E-07 -2.514224E-06 1
vn -2.986633E-07 -1 -6.848416E-09
vn 7.04777E-06 1 1.223934E-06
vn -1 4.031498E-06 -1.544868E-06
vn 1 -3.748772E-06 2.146928E-06
vn 2.425562E-06 2.625515E-06 -1
vn -9.650856E-07 -2.68907E-06 1
vn 6.736047E-07 -1 -1.816922E-07
vn 7.04777E-06 1 1.398781E-06
vn -1 2.600553E-07 -1.741237E-06
vn 1 -9.582824E-08 2.426346E-06
vn 2.924958E-06 1.702542E-06 -1
vn -1.464475E-06 -1.754153E-06 1
vn 1 -1.08014E-06 1.737702E-06
vn -1 7.329012E-06 -1.399199E-06
vn 5.07611E-06 -1 -8.274738E-07
vn -5.245221E-06 1 7.332083E-07
vn 1.466212E-06 2.443495E-06 -1
vn -1.335816E-06 4.369045E-07 1
vn 1 -1.080108E-06 1.737262E-06
vn -1 7.328979E-06 -1.398759E-06
vn 5.076142E-06 -1 -8.278278E-07
vn -5.245254E-06 1 7.335623E-07
vn 1.465771E-06 2.443849E-06 -1
vn -1.335376E-06 4.365504E-07 1
vn 1 -2.555844E-07 7.367094E-07
vn -1 6.504456E-06 -3.982109E-07
vn 5.900664E-06 -1 -1.409673E-07
vn -6.069775E-06 1 4.670192E-08
vn 4.65217E-07 1.756984E-06 -1
vn -3.348237E-07 1.123416E-06 1
vn 1 -1.080108E-06 1.912107E-06
vn -1 7.328979E-06 -1.573601E-06
vn 5.076143E-06 -1 -1.352364E-06
vn -5.245254E-06 1 1.258098E-06
vn 1.640617E-06 2.968386E-06 -1
vn -1.510221E-06 -8.798652E-08 1
vn 1 -1.503058E-06 2.091379E-06
vn -1 7.751929E-06 -1.752871E-06
vn 4.653194E-06 -1 -1.705603E-06
vn -4.822305E-06 1 1.611338E-06
vn 1.819891E-06 3.321626E-06 -1
vn -1.689494E-06 -4.412261E-07 1
vn -3.515103E-08 -1 -2.709901E-06
vn 1.299139E-05 1 1.540874E-07
vn -1 2.555233E-06 -1.991682E-06
vn 1 -2.368959E-06 3.014378E-06
vn 3.032186E-06 2.284555E-06 -1
vn -1.774551E-06 -2.33072E-06 1
vn 1 -1.501576E-06 1.738214E-06
vn -1 7.750447E-06 -1.399707E-06
vn 4.654675E-06 -1 -1.530431E-06
vn -4.823786E-06 1 1.436165E-06
vn 1.466726E-06 3.146451E-06 -1
vn -1.336329E-06 -2.660518E-07 1
vn -1.240157E-06 -1 2.331675E-07
vn 5.507711E-06 1 1.227325E-06
vn -1 1.938967E-06 -1.594769E-06
vn 1 -1.773506E-06 2.110611E-06
vn 3.032588E-06 1.3503E-06 -1
vn -9.230039E-07 -1.378579E-06 1
vn 1 -1.629752E-06 1.038444E-06
vn -1 7.878623E-06 -6.999354E-07
vn 4.526498E-06 -1 -1.706281E-06
vn -4.695609E-06 1 1.612016E-06
vn 7.669563E-07 3.322298E-06 -1
vn -6.36559E-07 -4.418989E-07 1
vn -3.515093E-08 -1 -2.884746E-06
vn 1.299139E-05 1 3.289349E-07
vn -1 2.555234E-06 -2.166528E-06
vn 1 -2.36896E-06 3.189223E-06
vn 3.207031E-06 2.4594E-06 -1
vn -1.949397E-06 -2.505565E-06 1
vn -2.735696E-07 -1 -2.884746E-06
vn 1.32298E-05 1 3.289327E-07
vn -1 2.793652E-06 -1.991682E-06
vn 1 -2.607378E-06 3.014378E-06
vn 3.032186E-06 2.4594E-06 -1
vn -1.774551E-06 -2.505565E-06 1
vn 1 -2.555844E-07 7.367094E-07
vn -1 6.504456E-06 -3.982109E-07
vn 5.900664E-06 -1 -1.409673E-07
vn -6.069775E-06 1 4.670192E-08
vn 4.65217E-07 1.756984E-06 -1
vn -3.348237E-07 1.123416E-06 1
vn 1 -2.229272E-07 1.026796E-06
vn -1 2.146786E-07 -2.12216E-06
vn -4.957395E-07 -1 -2.758785E-07
vn 2.38416E-07 1 9.571975E-07
vn 1.282077E-06 3.384323E-08 -1
vn -1.277243E-06 -2.946808E-08 1
vn 1 -2.464446E-07 1.148503E-06
vn -1 2.146786E-07 -2.12216E-06
vn -4.916826E-07 -1 -3.377069E-07
vn 2.41507E-07 1 7.184187E-07
vn 1.245932E-06 3.532747E-08 -1
vn -1.241764E-06 -2.946806E-08 1
vn 1 -2.026645E-07 1.445055E-06
vn -1 1.715613E-07 6.239659E-07
vn -5.235586E-07 -1 -3.317497E-07
vn -9.540709E-08 1 -5.140312E-06
vn 1.449963E-06 -2.657995E-06 -1
vn -1.44754E-06 2.656375E-06 1
vn 1 -1.978833E-07 2.319283E-06
vn -1 1.480063E-07 -3.171233E-06
vn -4.713989E-07 -1 -6.924954E-07
vn 1.333238E-07 1 1.013504E-07
vn 2.236125E-06 -1.74025E-06 -1
vn -2.235174E-06 1.738392E-06 1
vn 0.2588185 -4.178014E-07 0.965926
vn 0.7071065 -5.39839E-07 0.7071071
vn 0.9659254 -3.933077E-07 0.2588208
vn 0.9659266 5.940716E-08 -0.2588163
vn 0.7071071 2.914287E-07 -0.7071065
vn 0.2588202 3.387084E-07 -0.9659255
vn -0.2588195 3.785084E-07 -0.9659257
vn -0.7071056 5.002006E-07 -0.707108
vn -0.9659263 2.631086E-07 -0.2588172
vn -0.9659267 1.210346E-08 0.2588159
vn -0.7071071 1.702862E-08 0.7071065
vn -0.2588184 -3.132375E-07 0.965926
vn 3.496908E-07 1 7.095722E-07
vn -4.073505E-08 -1 -2.67764E-07
vn 0.2588185 -4.178014E-07 0.965926
vn 0.7071065 -5.39839E-07 0.7071071
vn 0.9659254 -3.933077E-07 0.2588208
vn 0.9659266 5.940716E-08 -0.2588163
vn 0.7071071 2.914287E-07 -0.7071065
vn 0.2588202 3.387084E-07 -0.9659255
vn -0.2588195 3.785084E-07 -0.9659257
vn -0.7071056 5.002006E-07 -0.707108
vn -0.9659263 2.631086E-07 -0.2588172
vn -0.9659267 1.210346E-08 0.2588159
vn -0.7071071 1.702862E-08 0.7071065
vn -0.2588184 -3.132375E-07 0.965926
vn 3.496908E-07 1 7.095722E-07
vn -4.073505E-08 -1 -2.67764E-07
vn 0.2588184 -5.866893E-07 0.9659261
vn 0.7071064 -6.634735E-07 0.7071072
vn 0.9659253 -4.385613E-07 0.2588209
vn 0.9659266 1.046601E-07 -0.2588161
vn 0.7071072 4.150631E-07 -0.7071064
vn 0.2588204 5.075963E-07 -0.9659255
vn -0.2588193 5.473963E-07 -0.9659258
vn -0.7071055 6.238353E-07 -0.7071081
vn -0.9659263 3.083616E-07 -0.2588173
vn -0.9659268 -3.314936E-08 0.2588157
vn -0.7071072 -1.066058E-07 0.7071064
vn -0.2588186 -4.821254E-07 0.965926
vn 3.496906E-07 1 8.844178E-07
vn -4.073496E-08 -1 -4.426095E-07
vn 0.2588184 -5.866893E-07 0.9659261
vn 0.7071064 -6.634735E-07 0.7071072
vn 0.9659253 -4.385613E-07 0.2588209
vn 0.9659266 1.046601E-07 -0.2588161
vn 0.7071072 4.150631E-07 -0.7071064
vn 0.2588204 5.075963E-07 -0.9659255
vn -0.2588193 5.473963E-07 -0.9659258
vn -0.7071055 6.238353E-07 -0.7071081
vn -0.9659263 3.083616E-07 -0.2588173
vn -0.9659268 -3.314936E-08 0.2588157
vn -0.7071072 -1.066058E-07 0.7071064
vn -0.2588186 -4.821254E-07 0.965926
vn 3.496906E-07 1 8.844178E-07
vn -4.073496E-08 -1 -4.426095E-07
vn 0.2588179 -1.183859E-06 0.9659262
vn 0.707106 -1.281646E-06 0.7071076
vn 0.9659252 -9.12098E-07 0.2588214
vn 0.9659268 -9.735755E-08 -0.2588156
vn 0.7071076 5.386971E-07 -0.707106
vn 0.2588209 9.237523E-07 -0.9659253
vn -0.2588188 1.144566E-06 -0.9659259
vn -0.7071051 1.242008E-06 -0.7071086
vn -0.9659262 7.818967E-07 -0.2588179
vn -0.9659269 1.688685E-07 0.2588152
vn -0.7071077 -2.302397E-07 0.7071059
vn -0.2588191 -8.982823E-07 0.9659258
vn 6.993812E-07 1 1.408955E-06
vn -3.904257E-07 -1 -9.671463E-07
vn 0.2588184 -8.460837E-07 0.9659261
vn 0.7071064 -1.034377E-06 0.7071072
vn 0.9659253 -8.215905E-07 0.2588209
vn 0.9659266 -1.878631E-07 -0.2588161
vn 0.7071072 2.914284E-07 -0.7071064
vn 0.2588204 5.859769E-07 -0.9659255
vn -0.2588193 8.067909E-07 -0.9659258
vn -0.7071055 9.947386E-07 -0.7071081
vn -0.9659263 6.913905E-07 -0.2588173
vn -0.9659268 2.593738E-07 0.2588157
vn -0.7071072 1.702887E-08 0.7071064
vn -0.2588186 -5.605068E-07 0.965926
vn 6.993818E-07 1 1.059263E-06
vn -3.904261E-07 -1 -6.174552E-07
vn 0.2588184 -8.913369E-07 0.9659261
vn 0.7071064 -1.158011E-06 0.7071072
vn 0.9659253 -9.904784E-07 0.2588209
vn 0.9659266 -3.567511E-07 -0.2588161
vn 0.7071072 1.677939E-07 -0.7071064
vn 0.2588204 5.407233E-07 -0.9659255
vn -0.2588193 8.520443E-07 -0.9659258
vn -0.7071055 1.118373E-06 -0.7071081
vn -0.9659263 8.602784E-07 -0.2588173
vn -0.9659268 4.282619E-07 0.2588157
vn -0.7071072 1.406635E-07 0.7071064
vn -0.2588186 -5.152535E-07 0.965926
vn 8.742273E-07 1 1.059263E-06
vn -5.652716E-07 -1 -6.174551E-07
vn 0.2588179 -1.229113E-06 0.9659262
vn 0.707106 -1.40528E-06 0.7071076
vn 0.9659252 -1.080986E-06 0.2588214
vn 0.9659268 -2.662455E-07 -0.2588156
vn 0.7071076 4.150625E-07 -0.707106
vn 0.2588209 8.784986E-07 -0.9659253
vn -0.2588188 1.18982E-06 -0.9659259
vn -0.7071051 1.365642E-06 -0.7071086
vn -0.9659262 9.507846E-07 -0.2588179
vn -0.9659269 3.377565E-07 0.2588152
vn -0.7071077 -1.066051E-07 0.7071059
vn -0.2588191 -8.530289E-07 0.9659258
vn 8.742267E-07 1 1.408955E-06
vn -5.652713E-07 -1 -9.671463E-07
vn -0.2688188 -0.9106728 -0.313706
vn -0.7170599 -0.6714159 -0.1871521
vn -0.9700248 -0.2270271 -0.08666424
vn -0.9586849 0.2818054 0.03884519
vn -0.6885109 0.7199095 0.08765216
vn -0.2350538 0.9580076 0.1642292
vn 0.278828 0.9406574 0.1934393
vn 0.7184276 0.6732954 0.1747436
vn 0.9576756 0.2169352 0.1892
vn 0.9560334 -0.2887877 0.05100928
vn 0.6881347 -0.7241464 -0.04563795
vn 0.2321202 -0.9718372 -0.04065355
vn 0.0316458 0.07677917 -0.9965459
vn 0.9795688 0.08649876 0.1815568
vn 0.972293 -0.22517 0.06280809
vn -0.972293 0.2251699 -0.06280814
vn 0.8372254 -0.4148126 -0.3563485
vn -0.09257847 -0.2535144 0.9628913
vn -0.06740435 -0.2571026 0.9640306
vn -0.09340852 -0.1733747 0.9804162
vn 0.02458672 -0.1461739 0.9889533
vn 0.1536784 -0.0916165 0.9838645
vn -0.1663138 -0.1610167 0.9728379
vn -0.4533984 -0.1425205 0.8798397
vn 0.04028713 -0.2144193 0.9759105
vn -0.9842715 -0.1730685 -0.03545308
vn -0.9981753 -0.05946629 0.01047653
vn 0.05528912 0.9697921 0.237585
vn -0.02523644 0.9725819 0.2311872
vn -0.8964956 0.4356792 0.08049382
vn 0.950635 0.2416489 0.1946767
vn -0.1106188 -0.2666341 0.9574288
vn -0.3457128 -0.8945065 -0.2834447
vn 0.959184 -0.2070533 -0.1926005
vn 0.1283134 -0.0742383 0.9889512
vn -0.2688515 -0.9248173 -0.2691319
vn -0.7139658 -0.6886011 -0.1268122
vn -0.9690887 -0.2451675 -0.02756757
vn -0.9601334 0.2676979 0.0805094
vn -0.6955279 0.7114231 0.1005892
vn -0.2429376 0.9591181 0.1451686
vn 0.271995 0.9509132 0.1475898
vn 0.714646 0.6900854 0.1142939
vn 0.9623262 0.2383196 0.130889
vn 0.9623322 -0.2717089 0.009538832
vn 0.6974354 -0.7142562 -0.05849858
vn 0.2467481 -0.9688472 -0.02122645
vn -0.02214043 0.04386224 -0.9987922
vn 0.9860821 0.1080644 0.1263494
vn 0.9780663 -0.2074818 0.01837729
vn -0.9780663 0.2074817 -0.01837735
vn 0.824514 -0.413172 -0.386608
vn -0.03735388 -0.2225699 0.9742008
vn -0.01209538 -0.225718 0.9741176
vn -0.03867335 -0.1419117 0.9891236
vn 0.07910996 -0.1125711 0.9904894
vn 0.2067744 -0.05617281 0.9767748
vn -0.1120825 -0.1309729 0.9850298
vn -0.4039401 -0.1201594 0.9068595
vn 0.09530295 -0.1809572 0.9788626
vn -0.9815722 -0.1897574 0.02254195
vn -0.9950417 -0.07491607 0.06541784
vn 0.05060721 0.9779583 0.2025744
vn -0.03017996 0.9792542 0.2003757
vn -0.8985613 0.4238475 0.1137578
vn 0.9551489 0.263088 0.1359235
vn -0.05542252 -0.2361498 0.9701349
vn -0.3443213 -0.9088691 -0.2353717
vn 0.9512324 -0.1981373 -0.236429
vn 0.1814096 -0.0390388 0.9826325
vn -0.6489359 -0.06507588 -0.7580551
vn -0.7832777 -0.02963516 0.6209652
vn 0.2797177 -0.02046524 0.9598641
vn 0.7662681 -0.02190421 0.6421475
vn 0.7381766 -0.04542502 -0.6730764
vn -0.01805719 -0.06193609 -0.9979168
vn 0.9996755 0.006659505 -0.02458779
vn 0.9935489 0.008485131 0.1130868
vn -0.3604741 0.9295037 0.0779825
vn -0.5570155 0.8299171 -0.03116904
vn -0.4979017 0.8670226 0.01912895
vn 0.09460649 0.9690332 0.2280887
vn 0.2023931 0.9788633 0.02938934
vn 0.1433112 0.9863594 0.08097639
vn 0.1722312 0.9830496 0.06284886
vn 0.9549037 -0.01156043 -0.2966906
vn 0.9295125 0.009480158 -0.3686687
vn -0.9742495 0.02992806 -0.2234776
vn -0.05626781 -0.009940644 0.9983662
vn 0.1358909 -0.01293582 0.9906393
vn -0.9989858 -0.01034128 0.04382538
vn -0.9906035 -0.008491382 0.1365015
vn -0.9892104 -0.0188198 -0.1452883
vn -0.9991589 -0.00679875 0.04043983
vn -0.1674531 -0.9678081 0.1879015
vn 0.06892742 -0.9792302 0.1906756
vn 0.1043101 -0.9818059 0.1586719
vn 0.08522224 -0.9730337 0.2143427
vn -0.6087024 -0.02888858 -0.7928725
vn -0.8155292 -0.03605603 0.5775918
vn 0.2279746 -0.05666708 0.9720168
vn 0.730631 -0.05632079 0.6804457
vn 0.7720743 -0.03645939 -0.6344856
vn 0.03399717 -0.02904723 -0.9989997
vn 0.9995499 -0.01015593 0.02823234
vn 0.9861482 -0.01271127 0.1653784
vn -0.3493107 0.9326743 0.09000357
vn -0.5413321 0.8401766 -0.03260162
vn -0.4843922 0.8745756 0.02194836
vn 0.09772374 0.9592661 0.2650634
vn 0.2160556 0.9736673 0.07274543
vn 0.1544432 0.9805176 0.1213775
vn 0.1842291 0.9772916 0.1046946
vn 0.9690118 -0.01870506 -0.246305
vn 0.9478171 0.005114613 -0.3187734
vn -0.960405 0.05435637 -0.2732539
vn -0.1093724 -0.04148531 0.9931347
vn 0.08285361 -0.04761202 0.9954238
vn -0.9999414 0.005837461 -0.009119154
vn -0.9964657 0.004517526 0.0838794
vn -0.9802698 0.003356908 -0.1976353
vn -0.9998782 0.009490959 -0.01238862
vn -0.1925364 -0.9703182 0.1463298
vn 0.04315199 -0.9859875 0.1611418
vn 0.08013944 -0.9881415 0.130974
vn 0.05826289 -0.9808537 0.185827
vn -0.2666527 -0.9154565 -0.3013898
vn -0.7143255 -0.6797203 -0.1664921
vn -0.9694044 -0.2371358 -0.06341809
vn -0.960342 0.2726564 0.05832553
vn -0.6935261 0.7137228 0.09808869
vn -0.2408706 0.9567912 0.162887
vn 0.2736817 0.9446883 0.1807273
vn 0.7153976 0.6815253 0.1540436
vn 0.959443 0.227647 0.1662707
vn 0.959762 -0.2790301 0.03161138
vn 0.6941279 -0.7176664 -0.05604858
vn 0.2408279 -0.9697766 -0.03918492
vn 0.008676793 0.07005187 -0.9975057
vn 0.982459 0.09738097 0.1590322
vn 0.9756457 -0.2151743 0.04260885
vn -0.9756457 0.2151742 -0.04260891
vn 0.8331723 -0.4090855 -0.3721195
vn -0.0685801 -0.2476093 0.9664297
vn -0.04335235 -0.2509423 0.9670308
vn -0.06981802 -0.1673599 0.9834207
vn 0.04806126 -0.1389437 0.9891334
vn 0.1764576 -0.08315998 0.9807891
vn -0.1429935 -0.1557713 0.9773885
vn -0.4322482 -0.1407484 0.8907028
vn 0.06414643 -0.2071221 0.9762099
vn -0.9830438 -0.1829595 -0.01227149
vn -0.9970525 -0.0691779 0.03317966
vn 0.05090227 0.9719399 0.2296557
vn -0.0297696 0.9738948 0.2250396
vn -0.8987767 0.4274228 0.09752163
vn 0.9522803 0.2523286 0.1717343
vn -0.08660606 -0.2609435 0.9614614
vn -0.3430109 -0.899832 -0.2695295
vn 0.9566718 -0.1989898 -0.212561
vn 0.1510404 -0.06599593 0.9863221
vn -0.6258919 -0.04045106 -0.7788601
vn -0.8020633 -0.03997627 0.5958996
vn 0.2501196 -0.04756836 0.9670458
vn 0.7461292 -0.04434958 0.6643226
vn 0.7580768 -0.03336152 -0.6513115
vn 0.01202721 -0.0357608 -0.999288
vn 0.9999822 -0.0001527253 0.005963926
vn 0.9896646 -0.001871596 0.1433894
vn -0.356494 0.9298155 0.09140724
vn -0.5502673 0.8345761 -0.02624238
vn -0.4924721 0.869916 0.0267855
vn 0.0940412 0.9620249 0.2562506
vn 0.2079111 0.9762286 0.06124321
vn 0.1473319 0.9828173 0.1111916
vn 0.1767695 0.9797658 0.09386986
vn 0.9634241 -0.01093793 -0.2677578
vn 0.9403845 0.0121608 -0.3398958
vn -0.9667464 0.04300497 -0.2520953
vn -0.08680797 -0.03554728 0.9955907
vn 0.1054729 -0.0397721 0.9936266
vn -0.999905 -0.0040344 0.01318231
vn -0.9943459 -0.004663938 0.1060868
vn -0.9844131 -0.007652041 -0.1757049
vn -0.9999511 -0.0004036171 0.009887346
vn -0.1795531 -0.9711032 0.1572239
vn 0.05655101 -0.9843552 0.1668735
vn 0.09287702 -0.9863592 0.1359024
vn 0.07215603 -0.9788994 0.1911793
vn -0.2454388 -0.9108526 -0.3318247
vn -0.699415 -0.6866392 -0.1983565
vn -0.9638922 -0.2515372 -0.08741245
vn -0.9657992 0.2546555 0.04881152
vn -0.7074113 0.6988431 0.1057713
vn -0.2602388 0.94756 0.1854885
vn 0.2540577 0.9436282 0.2121802
vn 0.7006722 0.6888165 0.1859851
vn 0.952309 0.2389522 0.1897618
vn 0.9637651 -0.2636006 0.04088494
vn 0.7073498 -0.7039736 -0.06385519
vn 0.2582692 -0.9640672 -0.06222275
vn 0.02481445 0.09861028 -0.9948167
vn 0.9777049 0.1093521 0.1792628
vn 0.9783444 -0.1998259 0.05396236
vn -0.9783444 0.1998258 -0.05396241
vn 0.8464958 -0.3842034 -0.3685547
vn -0.08107713 -0.2761936 0.9576761
vn -0.05580961 -0.2791167 0.958634
vn -0.08400318 -0.1964938 0.9769001
vn 0.03324788 -0.1662691 0.9855198
vn 0.1607824 -0.1081138 0.9810507
vn -0.1572527 -0.1859729 0.9698896
vn -0.4451725 -0.1733616 0.8785028
vn 0.05073641 -0.2337703 0.9709672
vn -0.9793579 -0.1990794 -0.03500951
vn -0.9961279 -0.08689267 0.01337662
vn 0.03002123 0.9657143 0.2578659
vn -0.05057989 0.9664398 0.2518647
vn -0.9076207 0.4092568 0.09345432
vn 0.9446249 0.2633436 0.1957907
vn -0.09877975 -0.2896827 0.9520118
vn -0.3225994 -0.8974323 -0.3009068
vn 0.9635351 -0.1766922 -0.2009477
vn 0.1349787 -0.0915454 0.9866105
vn -0.6114489 -0.02876446 -0.7907609
vn -0.8114956 -0.07047009 0.5800939
vn 0.2340435 -0.07090808 0.9696369
vn 0.7351146 -0.05069609 0.6760447
vn 0.7697594 -0.001988431 -0.6383311
vn 0.03003144 -0.007036945 -0.9995242
vn 0.9995791 0.01653305 0.02384103
vn 0.9869033 0.01072158 0.1609568
vn -0.3741153 0.9206889 0.1112196
vn -0.56413 0.8255911 -0.01251765
vn -0.5078883 0.8603733 0.04251159
vn 0.07285648 0.9557732 0.2849378
vn 0.1898385 0.9774505 0.09247658
vn 0.1282942 0.9815898 0.1414995
vn 0.1580772 0.9795303 0.1246279
vn 0.9679819 0.01294457 -0.2506861
vn 0.9458035 0.03769977 -0.3225441
vn -0.9628145 0.03387601 -0.2680312
vn -0.1034876 -0.06538703 0.9924791
vn 0.08884267 -0.06631242 0.9938359
vn -0.9997623 -0.02126266 -0.004822261
vn -0.9958106 -0.02444795 0.08811208
vn -0.9809258 -0.01922978 -0.193429
vn -0.999814 -0.01754066 -0.008013746
vn -0.1653792 -0.9780809 0.1265204
vn 0.07071566 -0.9876212 0.1400134
vn 0.1076044 -0.9881284 0.1096527
vn 0.08579836 -0.9825985 0.1647387
vt 0.04757895 -0.02327725
vt 0.05469535 -0.01331435
vt 0.04473245 -0.006197953
vt 0.03761605 -0.01616086
vt -0.04757884 -0.02327711
vt -0.03761593 -0.01616072
vt -0.04473233 -0.006197815
vt -0.05469523 -0.01331419
vt -0.02972987 0.07894316
vt 0.0436716 -0.06785929
vt 0.05462249 -0.06238382
vt -0.01877899 0.08441862
vt 0.02972983 0.07894317
vt 0.01877894 0.08441862
vt -0.05462251 -0.06238383
vt -0.04367163 -0.06785929
vt 0.07742273 0.06144384
vt 0.06589256 0.06556179
vt 0.01068904 -0.08900634
vt 0.02221921 -0.0931243
vt -0.07742272 0.06144385
vt -0.02221924 -0.09312429
vt -0.01068908 -0.08900634
vt -0.06589255 0.0655618
vt 0.06177452 0.05403162
vt 0.07330471 0.04991369
vt 0.07742264 0.06144387
vt 0.06589246 0.06556182
vt -0.06177464 0.05403192
vt -0.06589258 0.06556211
vt -0.07742275 0.06144416
vt -0.07330484 0.04991399
vt -0.04384289 -0.007443378
vt -0.1712654 0.170948
vt -0.1812283 0.1638316
vt -0.0538058 -0.01455976
vt 0.04384283 -0.007443382
vt 0.05380574 -0.01455977
vt 0.1812284 0.1638315
vt 0.1712655 0.1709479
vt 0.01467244 0.07278313
vt 0.0201479 0.08373402
vt -0.1759336 0.181775
vt -0.181409 0.1708241
vt -0.01467244 0.07278311
vt 0.181409 0.1708241
vt 0.1759336 0.181775
vt -0.02014788 0.083734
vt 0.03777627 -0.01316354
vt 0.04930645 -0.01728146
vt 0.05085068 -0.01295764
vt 0.03932049 -0.008839716
vt -0.03777631 -0.01316331
vt -0.03932054 -0.00883949
vt -0.05085072 -0.01295743
vt -0.0493065 -0.01728124
vt -0.04295345 -0.008688701
vt -0.172155 0.1721935
vt -0.1821179 0.1650772
vt -0.05291637 -0.01580507
vt 0.04295345 -0.008688739
vt 0.05291636 -0.01580512
vt 0.1821181 0.165077
vt 0.1721552 0.1721934
vt -0.01586844 0.008279553
vt -0.01381515 0.01238614
vt -0.2126344 0.111796
vt -0.2146877 0.1076894
vt 0.01586846 0.00827953
vt 0.2146877 0.1076893
vt 0.2126345 0.1117959
vt 0.01381516 0.01238612
vt -0.1262349 0.107905
vt -0.1361978 0.1007886
vt -0.1335292 0.09705254
vt -0.1235663 0.1041689
vt 0.1262347 0.1079049
vt 0.123566 0.1041689
vt 0.133529 0.09705248
vt 0.1361976 0.1007886
vt -0.01326303 -0.0818002
vt -0.06228926 0.0554729
vt -0.07381945 0.05135497
vt -0.02479322 -0.08591814
vt 0.01326318 -0.08180022
vt 0.02479337 -0.08591814
vt 0.07381956 0.05135497
vt 0.06228936 0.0554729
vt -0.1766183 0.007169438
vt -0.1725117 0.005116141
vt -0.1073233 0.1354924
vt -0.1114299 0.1375456
vt 0.1766183 0.007169428
vt 0.1114299 0.1375456
vt 0.1073234 0.1354924
vt 0.1725117 0.005116149
vt 0.180675 0.1630567
vt 0.1877913 0.1730196
vt 0.1778284 0.180136
vt 0.1707121 0.1701731
vt -0.1806746 0.163057
vt -0.1707117 0.1701734
vt -0.1778281 0.1801363
vt -0.187791 0.17302
vt 0.1750819 0.1813493
vt 0.2484833 0.03454676
vt 0.2594342 0.04002223
vt 0.1860328 0.1868247
vt -0.175082 0.1813492
vt -0.1860329 0.1868247
vt -0.2594342 0.04002218
vt -0.2484833 0.03454672
vt 0.07742271 0.061444
vt 0.06589253 0.06556194
vt 0.01068931 -0.0890063
vt 0.02221949 -0.09312424
vt -0.0774228 0.06144397
vt -0.02221962 -0.09312428
vt -0.01068945 -0.08900635
vt -0.06589262 0.06556191
vt 0.0106894 -0.08900662
vt 0.02221958 -0.09312455
vt 0.02633752 -0.08159436
vt 0.01480733 -0.07747643
vt -0.01068952 -0.08900622
vt -0.01480746 -0.07747604
vt -0.02633763 -0.08159398
vt -0.02221972 -0.09312416
vt -0.04028479 -0.01242478
vt -0.1730443 0.173439
vt -0.1830072 0.1663226
vt -0.05024772 -0.01954114
vt 0.0402848 -0.01242482
vt 0.05024773 -0.01954119
vt 0.1830074 0.1663225
vt 0.1730444 0.1734388
vt -0.0477782 -0.06580626
vt -0.04230275 -0.05485538
vt -0.2465973 0.04729229
vt -0.2520728 0.0363414
vt 0.04777822 -0.06580629
vt 0.2520728 0.03634136
vt 0.2465973 0.04729223
vt 0.04230275 -0.0548554
vt 0.06167166 0.04919323
vt 0.06887802 0.04661952
vt 0.07042225 0.05094334
vt 0.06321589 0.05351705
vt -0.06167104 0.04919338
vt -0.06321527 0.0535172
vt -0.07042164 0.05094347
vt -0.06887741 0.04661966
vt -0.04508834 -0.008332942
vt -0.1716212 0.1688132
vt -0.177848 0.1643655
vt -0.05131517 -0.01278067
vt 0.04508827 -0.008332966
vt 0.05131509 -0.01278071
vt 0.1778482 0.1643652
vt 0.1716214 0.168813
vt 0.01261916 0.0686767
vt 0.01467246 0.07278328
vt -0.1800403 0.1701398
vt -0.1820936 0.1660332
vt -0.01261916 0.0686767
vt 0.1820935 0.1660331
vt 0.1800403 0.1701397
vt -0.01467246 0.07278328
vt 0.01585982 -0.0790801
vt 0.02306619 -0.0816538
vt 0.02461042 -0.07732998
vt 0.01740405 -0.07475628
vt -0.01585897 -0.07907991
vt -0.0174032 -0.0747561
vt -0.02460957 -0.07732982
vt -0.02306535 -0.08165362
vt -0.04153008 -0.01331447
vt -0.1742895 0.1725495
vt -0.1805163 0.1681017
vt -0.04775691 -0.01776219
vt 0.04153013 -0.01331459
vt 0.04775696 -0.01776232
vt 0.1805167 0.1681013
vt 0.1742899 0.1725491
vt -0.04281966 -0.05588973
vt -0.04076636 -0.05178314
vt -0.2450611 0.05036442
vt -0.2471144 0.04625785
vt 0.04281965 -0.05588974
vt 0.2471144 0.04625784
vt 0.2450611 0.05036441
vt 0.04076637 -0.05178314
vt 0.169625 0.1660178
vt 0.1758518 0.1615701
vt 0.1785204 0.1653062
vt 0.1722936 0.1697539
vt -0.1696235 0.1660191
vt -0.1722922 0.1697552
vt -0.178519 0.1653075
vt -0.1758504 0.1615714
vt 0.06617863 0.06181244
vt 0.01663763 -0.07690186
vt 0.02384401 -0.07947554
vt 0.07338499 0.05923874
vt -0.06617839 0.06181248
vt -0.07338475 0.05923877
vt -0.0238437 -0.07947548
vt -0.01663732 -0.07690179
vt -0.1730287 0.1764823
vt -0.1771353 0.1785356
vt -0.2430079 0.04679048
vt -0.2389013 0.04473719
vt 0.1730287 0.1764823
vt 0.2389013 0.04473723
vt 0.2430079 0.04679051
vt 0.1771353 0.1785356
vt 0.1269267 0.1062403
vt 0.1331535 0.1017925
vt 0.1358222 0.1055286
vt 0.1295954 0.1099764
vt -0.1269257 0.1062414
vt -0.1295943 0.1099775
vt -0.1358211 0.1055298
vt -0.1331526 0.1017937
vt 0.06309005 0.05316477
vt 0.01715215 -0.07546058
vt 0.02435854 -0.07803427
vt 0.07029642 0.05059107
vt -0.06308987 0.05316483
vt -0.07029624 0.05059112
vt -0.02435827 -0.07803418
vt -0.0171519 -0.0754605
vt -0.1114301 0.1354165
vt -0.1155367 0.1374698
vt -0.1766182 0.01530669
vt -0.1725117 0.0132534
vt 0.11143 0.1354165
vt 0.1725116 0.01325344
vt 0.1766182 0.01530672
vt 0.1155366 0.1374698
vt 0.04514853 -0.008323131
vt 0.05137535 -0.01277088
vt 0.054044 -0.009034788
vt 0.04781719 -0.004587039
vt -0.04514808 -0.008321946
vt -0.04781667 -0.004585823
vt -0.05404354 -0.009033496
vt -0.05137496 -0.01276961
vt 0.06363112 0.05455092
vt 0.01460476 -0.08272213
vt 0.02181116 -0.08529577
vt 0.07083749 0.05197722
vt -0.06363113 0.05455089
vt -0.07083749 0.05197717
vt -0.02181107 -0.08529578
vt -0.01460468 -0.08272213
vt 0.01513176 0.07379842
vt 0.01102517 0.07585172
vt -0.05416312 -0.05452452
vt -0.05005654 -0.05657781
vt -0.01513179 0.07379842
vt 0.05005649 -0.05657774
vt 0.05416305 -0.05452446
vt -0.0110252 0.07585169
vt 0.1224791 0.1000134
vt 0.1287059 0.09556568
vt 0.1313746 0.09930177
vt 0.1251478 0.1037495
vt -0.1224781 0.1000145
vt -0.1251467 0.1037506
vt -0.1313736 0.09930292
vt -0.128705 0.09556682
vt 0.06270135 0.05207559
vt 0.01676355 -0.07654981
vt 0.02396994 -0.07912348
vt 0.06990772 0.0495019
vt -0.06270117 0.05207565
vt -0.06990754 0.04950193
vt -0.02396968 -0.0791234
vt -0.0167633 -0.07654972
vt -0.1051029 0.1309599
vt -0.1092095 0.1330132
vt -0.1702911 0.01085014
vt -0.1661845 0.008796844
vt 0.1051029 0.1309599
vt 0.1661845 0.008796889
vt 0.1702911 0.01085017
vt 0.1092095 0.1330132
vt 0.04056725 -0.009898944
vt 0.04777362 -0.01247265
vt 0.04931785 -0.008148831
vt 0.04211148 -0.00557512
vt -0.04056656 -0.009898784
vt -0.0421108 -0.005574965
vt -0.04931716 -0.008148698
vt -0.04777294 -0.0124725
vt -0.04419874 -0.009578299
vt -0.1707318 0.1675678
vt -0.1769586 0.16312
vt -0.05042556 -0.01402604
vt 0.04419871 -0.009578368
vt 0.05042554 -0.01402611
vt 0.1769588 0.1631197
vt 0.170732 0.1675675
vt -0.01407365 0.01186898
vt -0.01202036 0.01597557
vt -0.2067331 0.113332
vt -0.2087864 0.1092255
vt 0.01407365 0.01186896
vt 0.2087864 0.1092254
vt 0.2067331 0.113332
vt 0.01202037 0.01597555
vt 0.03786778 -0.01745743
vt 0.04507414 -0.02003114
vt 0.04661838 -0.01570732
vt 0.039412 -0.01313361
vt -0.03786705 -0.01745731
vt -0.03941129 -0.0131335
vt -0.04661765 -0.01570723
vt -0.04507343 -0.02003104
vt -0.04419869 -0.009578374
vt -0.1716214 0.168813
vt -0.1778482 0.1643652
vt -0.05042551 -0.01402612
vt 0.04419867 -0.009578446
vt 0.05042549 -0.01402619
vt 0.1778484 0.1643649
vt 0.1716217 0.1688127
vt -0.01766296 0.004690227
vt -0.01560967 0.008796817
vt -0.2116913 0.1068377
vt -0.2137446 0.1027311
vt 0.01766296 0.004690203
vt 0.2137446 0.102731
vt 0.2116913 0.1068376
vt 0.01560969 0.008796798
vt 0.05958982 0.04791404
vt 0.07112001 0.0437961
vt 0.07266423 0.04811992
vt 0.06113405 0.05223786
vt -0.05958942 0.04791309
vt -0.06113366 0.05223691
vt -0.07266383 0.04811894
vt -0.07111961 0.04379513
vt -0.1274603 0.1096212
vt -0.1694863 0.1684576
vt -0.1794492 0.1613412
vt -0.1374232 0.1025048
vt 0.1274603 0.1096211
vt 0.1374233 0.1025047
vt 0.1794493 0.161341
vt 0.1694864 0.1684574
vt -0.1169055 0.1313099
vt -0.1148522 0.1354165
vt -0.179523 0.1677521
vt -0.1815763 0.1636456
vt 0.1169056 0.1313099
vt 0.1815764 0.1636455
vt 0.1795231 0.167752
vt 0.1148523 0.1354164
vt 0.04002973 -0.006853987
vt 0.05155992 -0.01097193
vt 0.05310414 -0.006648095
vt 0.04157397 -0.002530157
vt -0.04002919 -0.006855263
vt -0.04157342 -0.002531446
vt -0.0531036 -0.006649421
vt -0.05155937 -0.01097322
vt -0.1274601 0.1096212
vt -0.1694861 0.1684576
vt -0.1794491 0.1613412
vt -0.1374231 0.1025048
vt 0.1274603 0.1096211
vt 0.1374232 0.1025047
vt 0.1794492 0.161341
vt 0.1694863 0.1684574
vt -0.142914 0.07929312
vt -0.1408607 0.08339973
vt -0.2055314 0.1157354
vt -0.2075848 0.1116288
vt 0.1429141 0.07929306
vt 0.2075848 0.1116287
vt 0.2055315 0.1157353
vt 0.1408608 0.08339965
vt 0.03539717 -0.01982544
vt 0.04692736 -0.02394338
vt 0.04847159 -0.01961955
vt 0.03694141 -0.01550161
vt -0.0353966 -0.01982671
vt -0.03694084 -0.01550289
vt -0.04847101 -0.01962086
vt -0.04692679 -0.02394467
vt -0.1274602 0.109621
vt -0.1694862 0.1684573
vt -0.1794492 0.1613409
vt -0.1374231 0.1025046
vt 0.1274603 0.1096209
vt 0.1374232 0.1025045
vt 0.1794493 0.1613407
vt 0.1694864 0.1684571
vt -0.1490738 0.06697338
vt -0.1470205 0.07107998
vt -0.2116912 0.1034156
vt -0.2137445 0.09930904
vt 0.1490739 0.06697331
vt 0.2137446 0.09930896
vt 0.2116913 0.1034155
vt 0.1470205 0.0710799
vt 0.01544815 -0.07568258
vt 0.02697833 -0.07980053
vt 0.02852256 -0.0754767
vt 0.01699238 -0.07135876
vt -0.01544726 -0.0756842
vt -0.0169915 -0.07136038
vt -0.02852167 -0.07547836
vt -0.02697744 -0.07980216
vt -0.1274607 0.1096205
vt -0.1694869 0.1684567
vt -0.1794498 0.1613403
vt -0.1374236 0.1025041
vt 0.1274609 0.1096203
vt 0.1374238 0.1025039
vt 0.17945 0.16134
vt 0.1694871 0.1684565
vt -0.1755992 0.01392252
vt -0.1735459 0.0180291
vt -0.2382168 0.05036453
vt -0.2402701 0.04625795
vt 0.1755993 0.01392242
vt 0.2402701 0.04625783
vt 0.2382168 0.05036439
vt 0.173546 0.01802902
vt 0.1667943 0.1646878
vt 0.1767572 0.1575715
vt 0.1794258 0.1613075
vt 0.1694629 0.1684239
vt -0.1667931 0.1646887
vt -0.1694617 0.1684248
vt -0.1794247 0.1613084
vt -0.1767561 0.1575723
vt 0.05984766 0.04863647
vt 0.04067643 -0.005042786
vt 0.05220663 -0.009160728
vt 0.07137784 0.04451853
vt -0.05984771 0.04863653
vt -0.07137788 0.0445186
vt -0.05220667 -0.009160641
vt -0.04067649 -0.005042707
vt -0.1770912 0.1622584
vt -0.1811978 0.1643117
vt -0.2066887 0.1133292
vt -0.2025821 0.1112759
vt 0.177091 0.1622585
vt 0.2025819 0.111276
vt 0.2066884 0.1133293
vt 0.1811976 0.1643118
vt 0.1274604 0.1096208
vt 0.1374233 0.1025044
vt 0.140092 0.1062405
vt 0.1301291 0.1133569
vt -0.1274596 0.1096214
vt -0.1301282 0.1133575
vt -0.1400912 0.1062412
vt -0.1374225 0.102505
vt 0.05971581 0.04826752
vt 0.04054457 -0.005411747
vt 0.05207477 -0.009529689
vt 0.07124598 0.04414957
vt -0.05971584 0.04826757
vt -0.07124601 0.04414963
vt -0.0520748 -0.009529611
vt -0.04054462 -0.005411676
vt -0.1167384 0.1316443
vt -0.120845 0.1336976
vt -0.1463358 0.08271515
vt -0.1422293 0.08066184
vt 0.1167382 0.1316444
vt 0.1422291 0.08066189
vt 0.1463357 0.08271521
vt 0.1208448 0.1336977
vt 0.1668263 0.1647195
vt 0.1767892 0.1576031
vt 0.1794579 0.1613392
vt 0.169495 0.1684556
vt -0.1668248 0.1647199
vt -0.1694935 0.168456
vt -0.1794564 0.1613397
vt -0.1767878 0.1576036
vt 0.03556811 -0.01936967
vt 0.01639695 -0.07304896
vt 0.02792715 -0.07716688
vt 0.0470983 -0.02348759
vt -0.03556816 -0.01936961
vt -0.04709835 -0.02348753
vt -0.02792721 -0.07716679
vt -0.01639702 -0.07304887
vt -0.2094244 0.0976911
vt -0.213531 0.09974439
vt -0.2390218 0.04876191
vt -0.2349152 0.04670859
vt 0.2094242 0.0976912
vt 0.2349151 0.04670872
vt 0.2390217 0.04876204
vt 0.2135308 0.0997445
vt 0.1274606 0.1096207
vt 0.1374234 0.1025043
vt 0.1400921 0.1062403
vt 0.1301292 0.1133567
vt -0.1274594 0.1096209
vt -0.130128 0.113357
vt -0.140091 0.1062406
vt -0.1374224 0.1025045
vt 0.03591194 -0.0183832
vt 0.01674068 -0.07206246
vt 0.02827088 -0.07618041
vt 0.04744212 -0.02250115
vt -0.03591197 -0.01838316
vt -0.04744215 -0.0225011
vt -0.02827092 -0.07618032
vt -0.01674074 -0.07206239
vt -0.1483894 0.06834224
vt -0.152496 0.07039553
vt -0.1779869 0.01941306
vt -0.1738803 0.01735975
vt 0.1483893 0.06834228
vt 0.1738802 0.01735982
vt 0.1779868 0.01941314
vt 0.1524958 0.07039559
vt 0.04562222 -0.004952292
vt 0.05558512 -0.0120687
vt 0.05825377 -0.008332605
vt 0.04829087 -0.001216205
vt -0.04562209 -0.004952251
vt -0.04829072 -0.001216159
vt -0.05825366 -0.008332495
vt -0.05558505 -0.0120686
vt 0.05971565 0.04826678
vt 0.04054437 -0.005412475
vt 0.05207457 -0.009530423
vt 0.07124583 0.04414883
vt -0.05971567 0.04826681
vt -0.07124583 0.04414886
vt -0.05207458 -0.009530359
vt -0.04054441 -0.00541242
vt 0.009196509 0.06867696
vt 0.00508992 0.07073025
vt -0.02040096 0.0197478
vt -0.01629439 0.01769448
vt -0.009196674 0.06867689
vt 0.01629427 0.01769443
vt 0.02040083 0.01974775
vt -0.005090092 0.07073019
vt 0.03552283 -0.01947309
vt 0.047053 -0.02359105
vt 0.04859725 -0.01926722
vt 0.03706708 -0.01514925
vt -0.03552257 -0.01947481
vt -0.03706682 -0.01515099
vt -0.04859698 -0.01926898
vt -0.04705275 -0.02359279
vt -0.04562219 -0.004952581
vt -0.1223408 0.1024529
vt -0.1323037 0.09533653
vt -0.05558508 -0.012069
vt 0.04562219 -0.004952663
vt 0.05558509 -0.01206906
vt 0.1323038 0.09533627
vt 0.1223409 0.1024527
vt -0.02297141 0.004340531
vt -0.02091809 0.008447131
vt -0.1389745 0.06747564
vt -0.1410278 0.06336907
vt 0.02297142 0.004340467
vt 0.1410279 0.06336902
vt 0.1389745 0.06747556
vt 0.02091813 0.00844708
vt 0.1196789 0.09872641
vt 0.1296418 0.09161
vt 0.1323104 0.0953461
vt 0.1223475 0.1024625
vt -0.1196781 0.09872692
vt -0.1223467 0.102463
vt -0.1323096 0.09534669
vt -0.129641 0.09161057
vt 0.05984758 0.04863609
vt 0.04067633 -0.005043162
vt 0.05220653 -0.009161108
vt 0.07137777 0.04451815
vt -0.05984761 0.04863614
vt -0.07137779 0.0445182
vt -0.05220656 -0.009161027
vt -0.04067638 -0.005043089
vt -0.1045886 0.1260072
vt -0.1086952 0.1280605
vt -0.1341861 0.07707803
vt -0.1300795 0.07502472
vt 0.1045884 0.1260072
vt 0.1300793 0.07502476
vt 0.1341859 0.07707808
vt 0.108695 0.1280605
vt 0.04002979 -0.006853843
vt 0.05155997 -0.01097179
vt 0.05310421 -0.006647955
vt 0.04157403 -0.002530013
vt -0.04002958 -0.006854425
vt -0.04157382 -0.002530609
vt -0.05310398 -0.006648579
vt -0.05155976 -0.01097239
vt -0.04562204 -0.004952757
vt -0.1223405 0.1024527
vt -0.1323034 0.09533633
vt -0.05558498 -0.01206911
vt 0.04562206 -0.004952775
vt 0.05558496 -0.01206917
vt 0.1323035 0.09533622
vt 0.1223406 0.1024526
vt -0.01697852 0.01632565
vt -0.01492524 0.02043226
vt -0.1329816 0.0794607
vt -0.1350349 0.07535411
vt 0.01697861 0.01632558
vt 0.1350349 0.07535399
vt 0.1329816 0.07946056
vt 0.01492528 0.02043217
vt 0.04562206 -0.004952707
vt 0.05558496 -0.01206909
vt 0.05825361 -0.008332996
vt 0.04829071 -0.001216615
vt -0.04562164 -0.00495302
vt -0.04829027 -0.001216924
vt -0.05825322 -0.008333248
vt -0.05558462 -0.01206935
vt 0.03552284 -0.01947309
vt 0.01635162 -0.07315236
vt 0.02788182 -0.0772703
vt 0.04705302 -0.02359103
vt -0.03552286 -0.01947306
vt -0.04705304 -0.02359099
vt -0.02788184 -0.07727023
vt -0.01635166 -0.0731523
vt -0.02297137 0.004340233
vt -0.02707796 0.006393526
vt -0.05256883 -0.04458893
vt -0.04846227 -0.04664225
vt 0.02297126 0.00434018
vt 0.04846219 -0.04664227
vt 0.05256875 -0.04458895
vt 0.02707784 0.006393486
vt 0.01544787 -0.07568277
vt 0.02697804 -0.07980074
vt 0.02852229 -0.0754769
vt 0.01699212 -0.07135893
vt -0.01544755 -0.07568447
vt -0.0169918 -0.07136065
vt -0.02852196 -0.07547864
vt -0.02697773 -0.07980245
vt -0.0456221 -0.004952955
vt -0.1223408 0.1024525
vt -0.1323037 0.09533613
vt -0.05558499 -0.01206938
vt 0.04562215 -0.004953065
vt 0.05558504 -0.01206947
vt 0.1323038 0.09533583
vt 0.1223409 0.1024522
vt -0.04966404 -0.04904519
vt -0.04761071 -0.04493859
vt -0.1656671 0.01408992
vt -0.1677204 0.009983349
vt 0.04966403 -0.04904526
vt 0.1677205 0.009983303
vt 0.1656671 0.01408984
vt 0.04761074 -0.04493865
vt 0.05958993 0.04791449
vt 0.0711201 0.04379652
vt 0.07266434 0.04812036
vt 0.06113418 0.05223833
vt -0.05958972 0.04791275
vt -0.06113397 0.05223657
vt -0.07266414 0.04811858
vt -0.0711199 0.04379477
vt -0.04562219 -0.004952335
vt -0.1223408 0.1024531
vt -0.1323037 0.09533679
vt -0.05558508 -0.01206875
vt 0.04562212 -0.004952386
vt 0.05558502 -0.01206878
vt 0.1323038 0.09533656
vt 0.1223409 0.102453
vt 0.009029551 0.06834249
vt 0.01108288 0.0724491
vt -0.1069735 0.1314776
vt -0.1090268 0.127371
vt -0.009029536 0.06834243
vt 0.1090269 0.127371
vt 0.1069736 0.1314776
vt -0.01108282 0.07244904
vt 0.1196531 0.09869554
vt 0.129616 0.09157915
vt 0.1322847 0.09531525
vt 0.1223218 0.1024316
vt -0.119652 0.09869571
vt -0.1223207 0.1024318
vt -0.1322836 0.09531549
vt -0.129615 0.09157939
vt 0.0355534 -0.01937899
vt 0.01638225 -0.07305828
vt 0.02791245 -0.0771762
vt 0.04708359 -0.02349692
vt -0.03555344 -0.01937895
vt -0.04708363 -0.02349686
vt -0.02791249 -0.07717613
vt -0.0163823 -0.07305822
vt -0.1368522 0.06139026
vt -0.1409588 0.06344354
vt -0.1664497 0.01246106
vt -0.1623431 0.01040774
vt 0.1368521 0.06139029
vt 0.162343 0.01040781
vt 0.1664495 0.01246113
vt 0.1409587 0.06344359
vt 0.1338652 0.1106882
vt 0.1351106 0.1097987
vt 0.171582 0.1608586
vt 0.1703367 0.1617482
vt -0.1338654 0.1106881
vt -0.1703369 0.1617479
vt -0.1715823 0.1608584
vt -0.1351107 0.1097985
vt 0.06391367 0.0463702
vt 0.04589768 -0.004074329
vt 0.04733895 -0.004589075
vt 0.06535494 0.04585546
vt -0.06391353 0.04637029
vt -0.0653548 0.04585554
vt -0.0473388 -0.004588986
vt -0.04589753 -0.004074246
vt -0.1210121 0.1333632
vt -0.1771354 0.1614249
vt -0.2010905 0.1135148
vt -0.1449672 0.08545309
vt 0.1210121 0.1333632
vt 0.1449672 0.08545308
vt 0.2010905 0.1135148
vt 0.1771354 0.1614249
vt 0.1338652 0.1106881
vt 0.1351106 0.1097986
vt 0.1715821 0.1608585
vt 0.1703367 0.161748
vt -0.1338654 0.1106879
vt -0.170337 0.1617478
vt -0.1715824 0.1608582
vt -0.1351108 0.1097984
vt 0.03972085 -0.02136964
vt 0.02119012 -0.07325543
vt 0.02263139 -0.07377018
vt 0.04116213 -0.02188438
vt -0.03972077 -0.02136957
vt -0.04116203 -0.02188431
vt -0.0226313 -0.07377011
vt -0.02119003 -0.07325538
vt -0.1531803 0.06902669
vt -0.2093036 0.09708839
vt -0.2339431 0.04780939
vt -0.1778198 0.01974772
vt 0.1531803 0.0690267
vt 0.1778198 0.01974772
vt 0.2339431 0.04780939
vt 0.2093036 0.09708838
vt 0.05202671 -0.003885312
vt 0.05327207 -0.00477486
vt 0.1244357 0.0948544
vt 0.1231903 0.09574395
vt -0.05202675 -0.003885171
vt -0.1231901 0.09574424
vt -0.1244354 0.09485471
vt -0.05327212 -0.004774715
vt 0.06391371 0.04637023
vt 0.04589771 -0.004074293
vt 0.04733898 -0.004589039
vt 0.06535498 0.04585549
vt -0.06391404 0.0463703
vt -0.06535531 0.04585556
vt -0.04733943 -0.004589019
vt -0.04589816 -0.004074289
vt 0.004923394 0.07039545
vt -0.1045854 0.12515
vt -0.1285405 0.0772399
vt -0.01903175 0.02248535
vt -0.004923399 0.07039545
vt 0.01903174 0.02248535
vt 0.1285405 0.07723991
vt 0.1045854 0.12515
vt 0.05202715 -0.003885658
vt 0.05327251 -0.004775208
vt 0.1253259 0.09609924
vt 0.1240805 0.09698878
vt -0.0520272 -0.00388574
vt -0.1240807 0.09698861
vt -0.125326 0.09609905
vt -0.05327256 -0.004775289
vt 0.03972127 -0.02136973
vt 0.02119049 -0.07325552
vt 0.02263175 -0.07377027
vt 0.04116255 -0.02188447
vt -0.03972109 -0.02136963
vt -0.04116236 -0.02188437
vt -0.02263159 -0.07377017
vt -0.02119031 -0.07325543
vt -0.02724496 0.006059078
vt -0.1381226 0.06149806
vt -0.1627622 0.01221907
vt -0.05188452 -0.04321989
vt 0.02724495 0.006059079
vt 0.05188452 -0.04321989
vt 0.1627622 0.01221907
vt 0.1381226 0.06149805
vt 0.1847217 0.149778
vt 0.18439 0.1504801
vt 0.1762524 0.1466357
vt 0.1765841 0.1459336
vt 0.1952384 0.1252065
vt 0.1948796 0.1258951
vt 0.186898 0.1217364
vt 0.1872568 0.1210479
vt 0.1910259 0.1315012
vt 0.1905307 0.1320993
vt 0.1835989 0.1263591
vt 0.1840941 0.125761
vt 0.0949357 0.2180455
vt 0.09417053 0.2181774
vt 0.09264223 0.2093081
vt 0.0934074 0.2091763
vt -0.09807514 0.2230308
vt -0.09864967 0.2225085
vt -0.09259547 0.2158492
vt -0.09202094 0.2163715
vt -0.161857 0.1822288
vt -0.1622427 0.1815549
vt -0.1544319 0.1770839
vt -0.1540462 0.1777578
vt -0.18439 0.15048
vt -0.1847217 0.1497779
vt -0.1765841 0.1459335
vt -0.1762525 0.1466356
vt -0.1948796 0.1258951
vt -0.1952384 0.1252065
vt -0.1872568 0.1210479
vt -0.186898 0.1217365
vt -0.1905306 0.1320995
vt -0.1910258 0.1315015
vt -0.184094 0.1257613
vt -0.1835988 0.1263593
vt -0.0941707 0.2181773
vt -0.09493587 0.2180454
vt -0.09340756 0.2091762
vt -0.09264237 0.209308
vt 0.0986496 0.2225085
vt 0.09807508 0.2230309
vt 0.09202088 0.2163716
vt 0.0925954 0.2158493
vt 0.1622429 0.1815548
vt 0.1618571 0.1822287
vt 0.1540463 0.1777577
vt 0.154432 0.1770838
vt -0.06154512 0.05102251
vt -0.06084342 0.05069012
vt -0.06006952 0.05075312
vt -0.05943081 0.05119463
vt -0.05909842 0.05189634
vt -0.05916142 0.05267023
vt -0.05960292 0.05330895
vt -0.06030463 0.05364133
vt -0.06107853 0.05357833
vt -0.06171724 0.05313683
vt -0.06204963 0.05243512
vt -0.06198663 0.05166122
vt 0.06198674 0.05166127
vt 0.06204974 0.05243516
vt 0.06171735 0.05313687
vt 0.06107864 0.05357838
vt 0.06030474 0.05364138
vt 0.05960304 0.05330899
vt 0.05916153 0.05267028
vt 0.05909853 0.05189638
vt 0.05943092 0.05119467
vt 0.06006963 0.05075317
vt 0.06084352 0.05069017
vt 0.06154523 0.05102255
vt 0.1358962 0.1267115
vt 0.1355645 0.1274135
vt 0.1274269 0.1235691
vt 0.1277586 0.122867
vt 0.1473489 0.1002548
vt 0.1469901 0.1009433
vt 0.1390085 0.09678473
vt 0.1393673 0.09609614
vt 0.1494351 0.09705998
vt 0.1489399 0.097658
vt 0.1420081 0.09191781
vt 0.1425033 0.09131978
vt 0.08576584 0.1648298
vt 0.08500066 0.1649617
vt 0.08347236 0.1560924
vt 0.08423753 0.1559606
vt -0.06174983 0.183075
vt -0.06232435 0.1825527
vt -0.05627014 0.1758934
vt -0.05569562 0.1764157
vt -0.1149919 0.1554025
vt -0.1153776 0.1547286
vt -0.1075668 0.1502575
vt -0.107181 0.1509314
vt -0.1355645 0.1274134
vt -0.1358962 0.1267114
vt -0.1277586 0.122867
vt -0.127427 0.123569
vt -0.1469901 0.1009434
vt -0.1473488 0.1002548
vt -0.1393673 0.0960962
vt -0.1390085 0.09678479
vt -0.1489398 0.09765815
vt -0.149435 0.09706013
vt -0.1425033 0.09131991
vt -0.142008 0.09191794
vt -0.08500078 0.1649616
vt -0.08576596 0.1648298
vt -0.08423764 0.1559605
vt -0.08347246 0.1560923
vt 0.0623243 0.1825527
vt 0.06174978 0.183075
vt 0.05569557 0.1764157
vt 0.05627009 0.1758934
vt 0.1153777 0.1547285
vt 0.114992 0.1554024
vt 0.1071811 0.1509313
vt 0.1075668 0.1502574
vt -0.06154516 0.05102251
vt -0.06084346 0.05069013
vt -0.06006956 0.05075312
vt -0.05943085 0.05119463
vt -0.05909846 0.05189634
vt -0.05916146 0.05267023
vt -0.05960296 0.05330895
vt -0.06030468 0.05364134
vt -0.06107857 0.05357834
vt -0.06171728 0.05313684
vt -0.06204968 0.05243512
vt -0.06198667 0.05166123
vt 0.06198676 0.05166126
vt 0.06204975 0.05243516
vt 0.06171736 0.05313687
vt 0.06107865 0.05357838
vt 0.06030476 0.05364138
vt 0.05960305 0.05330899
vt 0.05916154 0.05267027
vt 0.05909854 0.05189637
vt 0.05943093 0.05119467
vt 0.06006964 0.05075317
vt 0.06084354 0.05069016
vt 0.06154525 0.05102255
vt 0.2404231 0.03187336
vt 0.2400915 0.03257542
vt 0.2319539 0.028731
vt 0.2322856 0.02802895
vt 0.2393472 0.04054879
vt 0.2389884 0.04123738
vt 0.2310068 0.03707878
vt 0.2313656 0.03639018
vt 0.2133112 0.1045897
vt 0.212816 0.1051878
vt 0.2058841 0.09944756
vt 0.2063794 0.09884953
vt 0.06050305 0.2239788
vt 0.05973788 0.2241106
vt 0.05820956 0.2152413
vt 0.05897474 0.2151095
vt -0.1687077 0.1588161
vt -0.1692823 0.1582938
vt -0.1632281 0.1516345
vt -0.1626535 0.1521568
vt -0.2266378 0.06905815
vt -0.2270235 0.06838428
vt -0.2192127 0.06391323
vt -0.2188269 0.0645871
vt -0.2400915 0.03257538
vt -0.2404231 0.03187334
vt -0.2322856 0.02802891
vt -0.2319539 0.02873097
vt -0.2389884 0.04123729
vt -0.2393472 0.0405487
vt -0.2313656 0.0363901
vt -0.2310068 0.03707869
vt -0.2128156 0.1051884
vt -0.2133108 0.1045904
vt -0.206379 0.09885021
vt -0.2058838 0.09944823
vt -0.05973811 0.2241106
vt -0.06050329 0.2239787
vt -0.05897496 0.2151094
vt -0.05820979 0.2152413
vt 0.1692822 0.1582939
vt 0.1687077 0.1588162
vt 0.1626535 0.1521569
vt 0.163228 0.1516346
vt 0.2270236 0.06838407
vt 0.2266378 0.06905793
vt 0.218827 0.06458689
vt 0.2192127 0.06391302
vt -0.01613962 -0.07611262
vt -0.01543791 -0.07644501
vt -0.01466402 -0.07638201
vt -0.01402531 -0.0759405
vt -0.01369292 -0.07523879
vt -0.01375591 -0.0744649
vt -0.01419742 -0.07382619
vt -0.01489913 -0.07349379
vt -0.01567302 -0.0735568
vt -0.01631174 -0.07399829
vt -0.01664413 -0.07470001
vt -0.01658113 -0.0754739
vt 0.01658127 -0.07547387
vt 0.01664427 -0.07469998
vt 0.01631188 -0.07399826
vt 0.01567316 -0.07355677
vt 0.01489927 -0.07349376
vt 0.01419756 -0.07382615
vt 0.01375605 -0.07446487
vt 0.01369306 -0.07523876
vt 0.01402544 -0.07594047
vt 0.01466416 -0.07638197
vt 0.01543805 -0.07644497
vt 0.01613976 -0.07611258
vt 0.1915976 0.008806805
vt 0.191266 0.009508854
vt 0.1831284 0.005664434
vt 0.1834601 0.004962386
vt 0.1914576 0.01559708
vt 0.1910988 0.01628568
vt 0.1831173 0.01212707
vt 0.183476 0.01143847
vt 0.1717203 0.07014848
vt 0.1712251 0.0707465
vt 0.1642933 0.06500631
vt 0.1647885 0.06440829
vt 0.05133316 0.1707631
vt 0.05056798 0.1708949
vt 0.04903967 0.1620257
vt 0.04980484 0.1618938
vt -0.1323824 0.1188603
vt -0.132957 0.118338
vt -0.1269027 0.1116787
vt -0.1263282 0.112201
vt -0.1797726 0.04223178
vt -0.1801583 0.04155791
vt -0.1723475 0.03708685
vt -0.1719618 0.03776072
vt -0.191266 0.009508829
vt -0.1915976 0.008806781
vt -0.1834601 0.004962356
vt -0.1831284 0.00566441
vt -0.1910989 0.0162856
vt -0.1914576 0.01559701
vt -0.1834761 0.0114384
vt -0.1831173 0.01212699
vt -0.1712248 0.07074709
vt -0.1717201 0.07014906
vt -0.1647883 0.06440885
vt -0.1642931 0.06500687
vt -0.05056817 0.1708949
vt -0.05133335 0.170763
vt -0.04980502 0.1618938
vt -0.04903985 0.1620256
vt 0.1329569 0.118338
vt 0.1323824 0.1188604
vt 0.1263282 0.1122011
vt 0.1269027 0.1116787
vt 0.1801584 0.04155772
vt 0.1797727 0.04223159
vt 0.1719618 0.03776053
vt 0.1723476 0.03708667
vt -0.01613966 -0.07611261
vt -0.01543795 -0.07644501
vt -0.01466406 -0.076382
vt -0.01402535 -0.0759405
vt -0.01369296 -0.07523879
vt -0.01375596 -0.07446489
vt -0.01419746 -0.07382618
vt -0.01489917 -0.07349379
vt -0.01567307 -0.0735568
vt -0.01631178 -0.07399829
vt -0.01664417 -0.07470001
vt -0.01658117 -0.0754739
vt 0.01658128 -0.07547387
vt 0.01664428 -0.07469998
vt 0.01631189 -0.07399827
vt 0.01567318 -0.07355677
vt 0.01489929 -0.07349376
vt 0.01419758 -0.07382615
vt 0.01375607 -0.07446487
vt 0.01369307 -0.07523876
vt 0.01402546 -0.07594047
vt 0.01466417 -0.07638197
vt 0.01543807 -0.07644498
vt 0.01613978 -0.07611258
vt 0.02106573 0.07246234
vt 0.02073407 0.07316439
vt 0.0125965 0.06931998
vt 0.01292817 0.06861793
vt 0.03471966 0.04157209
vt 0.03436089 0.04226068
vt 0.02637932 0.03810207
vt 0.02673809 0.03741348
vt 0.05161958 0.01605927
vt 0.05112436 0.01665729
vt 0.04419256 0.0109171
vt 0.04468779 0.01031908
vt 0.06419967 0.03967424
vt 0.0634345 0.03980609
vt 0.06190617 0.03093683
vt 0.06267135 0.03080498
vt 0.02368202 0.08910473
vt 0.02310751 0.08858242
vt 0.02916171 0.08192312
vt 0.02973622 0.08244544
vt -0.004771912 0.09231077
vt -0.005157647 0.09163691
vt 0.002653195 0.08716585
vt 0.003038927 0.08783971
vt -0.02073409 0.07316434
vt -0.02106576 0.07246229
vt -0.01292819 0.06861787
vt -0.01259652 0.06931992
vt -0.03436085 0.04226076
vt -0.03471963 0.04157217
vt -0.02673805 0.03741356
vt -0.02637927 0.03810215
vt -0.05112449 0.01665719
vt -0.05161972 0.01605917
vt -0.04468793 0.01031896
vt -0.04419271 0.01091699
vt -0.06343451 0.03980605
vt -0.06419969 0.03967419
vt -0.06267135 0.03080494
vt -0.06190617 0.03093679
vt -0.02310754 0.08858241
vt -0.02368206 0.08910473
vt -0.02973625 0.08244542
vt -0.02916173 0.08192311
vt 0.005157713 0.09163687
vt 0.004771982 0.09231073
vt -0.003038856 0.08783968
vt -0.002653125 0.08716581
vt -0.06154525 0.05102251
vt -0.06084353 0.05069012
vt -0.06006964 0.05075312
vt -0.05943093 0.05119463
vt -0.05909853 0.05189634
vt -0.05916154 0.05267024
vt -0.05960304 0.05330895
vt -0.06030475 0.05364134
vt -0.06107865 0.05357834
vt -0.06171736 0.05313683
vt -0.06204975 0.05243512
vt -0.06198675 0.05166122
vt 0.06198676 0.05166124
vt 0.06204976 0.05243514
vt 0.06171737 0.05313684
vt 0.06107866 0.05357836
vt 0.06030477 0.05364136
vt 0.05960306 0.05330897
vt 0.05916155 0.05267026
vt 0.05909855 0.05189636
vt 0.05943094 0.05119465
vt 0.06006965 0.05075315
vt 0.06084355 0.05069014
vt 0.06154526 0.05102253
vt 0.1024416 0.1109066
vt 0.10211 0.1116086
vt 0.0939724 0.1077642
vt 0.09430407 0.1070622
vt 0.1145356 0.08315825
vt 0.1141768 0.08384685
vt 0.1061953 0.07968824
vt 0.1065541 0.07899965
vt 0.1209377 0.07346138
vt 0.1204425 0.07405941
vt 0.1135107 0.06831922
vt 0.1140059 0.0677212
vt 0.07948281 0.1283672
vt 0.07871763 0.1284991
vt 0.07718932 0.1196298
vt 0.07795449 0.1194979
vt -0.03686022 0.1556979
vt -0.03743474 0.1551755
vt -0.03138053 0.1485163
vt -0.03080602 0.1490386
vt -0.08288054 0.1370214
vt -0.08326628 0.1363475
vt -0.07545543 0.1318765
vt -0.0750697 0.1325504
vt -0.10211 0.1116086
vt -0.1024417 0.1109066
vt -0.09430408 0.1070621
vt -0.09397241 0.1077642
vt -0.1141768 0.08384691
vt -0.1145356 0.08315831
vt -0.106554 0.07899971
vt -0.1061952 0.0796883
vt -0.1204424 0.07405949
vt -0.1209377 0.07346146
vt -0.1140059 0.06772125
vt -0.1135107 0.06831928
vt -0.07871772 0.128499
vt -0.0794829 0.1283671
vt -0.07795458 0.1194979
vt -0.0771894 0.1196297
vt 0.03743469 0.1551756
vt 0.03686016 0.1556979
vt 0.03080597 0.1490386
vt 0.03138048 0.1485163
vt 0.08326637 0.1363475
vt 0.08288063 0.1370213
vt 0.0750698 0.1325503
vt 0.07545553 0.1318764
vt -0.06154515 0.05102248
vt -0.06084344 0.05069009
vt -0.06006954 0.05075309
vt -0.05943083 0.0511946
vt -0.05909844 0.05189632
vt -0.05916144 0.0526702
vt -0.05960295 0.05330892
vt -0.06030466 0.05364131
vt -0.06107856 0.05357831
vt -0.06171726 0.0531368
vt -0.06204966 0.05243509
vt -0.06198665 0.0516612
vt 0.06198671 0.05166123
vt 0.06204971 0.05243512
vt 0.06171732 0.05313684
vt 0.06107862 0.05357835
vt 0.06030472 0.05364134
vt 0.05960301 0.05330896
vt 0.0591615 0.05267024
vt 0.0590985 0.05189634
vt 0.05943089 0.05119463
vt 0.06006961 0.05075314
vt 0.0608435 0.05069013
vt 0.06154521 0.05102251
vt 0.1572389 -0.007425225
vt 0.1569072 -0.006723172
vt 0.1487697 -0.0105676
vt 0.1491013 -0.01126964
vt 0.1577575 -0.001961511
vt 0.1573988 -0.001272917
vt 0.1494172 -0.005431528
vt 0.149776 -0.006120122
vt 0.1424527 0.04591206
vt 0.1419574 0.04651009
vt 0.1350257 0.04076989
vt 0.1355209 0.04017187
vt 0.04488026 0.1333149
vt 0.04411509 0.1334468
vt 0.04258677 0.1245775
vt 0.04335194 0.1244457
vt -0.1068201 0.09074326
vt -0.1073946 0.09022094
vt -0.1013404 0.08356164
vt -0.1007659 0.08408396
vt -0.1467934 0.02335396
vt -0.1471791 0.0226801
vt -0.1393683 0.01820904
vt -0.1389826 0.0188829
vt -0.1569073 -0.006723194
vt -0.1572389 -0.007425243
vt -0.1491013 -0.01126967
vt -0.1487697 -0.01056762
vt -0.1573988 -0.001272973
vt -0.1577576 -0.001961568
vt -0.149776 -0.006120182
vt -0.1494172 -0.00543159
vt -0.1419572 0.04651061
vt -0.1424524 0.04591259
vt -0.1355207 0.04017237
vt -0.1350254 0.04077039
vt -0.04411524 0.1334467
vt -0.04488042 0.1333149
vt -0.04335209 0.1244456
vt -0.04258692 0.1245775
vt 0.1073946 0.09022097
vt 0.1068201 0.09074328
vt 0.1007659 0.08408397
vt 0.1013404 0.08356167
vt 0.1471792 0.02267992
vt 0.1467935 0.02335379
vt 0.1389826 0.01888273
vt 0.1393683 0.01820887
vt -0.01613966 -0.07611267
vt -0.01543795 -0.07644505
vt -0.01466405 -0.07638206
vt -0.01402534 -0.07594054
vt -0.01369295 -0.07523883
vt -0.01375595 -0.07446494
vt -0.01419746 -0.07382623
vt -0.01489917 -0.07349384
vt -0.01567306 -0.07355684
vt -0.01631177 -0.07399834
vt -0.01664416 -0.07470005
vt -0.01658116 -0.07547395
vt 0.01658125 -0.07547393
vt 0.01664425 -0.07470004
vt 0.01631186 -0.07399832
vt 0.01567315 -0.07355683
vt 0.01489926 -0.07349382
vt 0.01419755 -0.07382621
vt 0.01375604 -0.07446492
vt 0.01369304 -0.07523882
vt 0.01402543 -0.07594053
vt 0.01466414 -0.07638203
vt 0.01543804 -0.07644504
vt 0.01613975 -0.07611264
vt 0.07586302 -0.04586951
vt 0.07553135 -0.04516746
vt 0.06739379 -0.04901189
vt 0.06772546 -0.04971394
vt 0.07794159 -0.04354775
vt 0.07758281 -0.04285916
vt 0.06960125 -0.04701777
vt 0.06996001 -0.04770636
vt 0.07313462 -0.01149014
vt 0.07263939 -0.01089211
vt 0.0657076 -0.0166323
vt 0.06620283 -0.01723032
vt 0.0295972 0.04462203
vt 0.02883202 0.04475388
vt 0.02730369 0.03588463
vt 0.02806887 0.03575277
vt -0.04627787 0.0241502
vt -0.04685239 0.02362789
vt -0.04079819 0.01696859
vt -0.04022368 0.0174909
vt -0.06868477 -0.02135668
vt -0.0690705 -0.02203054
vt -0.06125966 -0.0265016
vt -0.06087393 -0.02582774
vt -0.07553136 -0.04516748
vt -0.07586303 -0.04586953
vt -0.06772546 -0.04971395
vt -0.06739379 -0.0490119
vt -0.07758281 -0.0428592
vt -0.07794159 -0.0435478
vt -0.06996001 -0.0477064
vt -0.06960124 -0.04701781
vt -0.0726393 -0.01089176
vt -0.07313453 -0.01148979
vt -0.06620274 -0.01723
vt -0.06570752 -0.01663197
vt -0.0288321 0.04475385
vt -0.02959727 0.044622
vt -0.02806894 0.03575274
vt -0.02730376 0.03588459
vt 0.04685236 0.02362789
vt 0.04627784 0.0241502
vt 0.04022365 0.0174909
vt 0.04079817 0.01696859
vt 0.06907054 -0.02203067
vt 0.06868481 -0.02135681
vt 0.06087397 -0.02582786
vt 0.06125971 -0.02650173
vt -0.01613973 -0.07611264
vt -0.01543802 -0.07644502
vt -0.01466413 -0.07638202
vt -0.01402541 -0.07594051
vt -0.01369302 -0.0752388
vt -0.01375602 -0.0744649
vt -0.01419753 -0.07382619
vt -0.01489924 -0.07349381
vt -0.01567313 -0.07355681
vt -0.01631185 -0.07399831
vt -0.01664424 -0.07470002
vt -0.01658124 -0.07547392
vt 0.01658128 -0.07547391
vt 0.01664428 -0.07470002
vt 0.01631189 -0.07399831
vt 0.01567318 -0.0735568
vt 0.01489928 -0.0734938
vt 0.01419757 -0.07382618
vt 0.01375607 -0.0744649
vt 0.01369307 -0.07523879
vt 0.01402545 -0.0759405
vt 0.01466416 -0.07638201
vt 0.01543806 -0.07644501
vt 0.01613977 -0.07611263
vt -0.001211673 -0.02756935
vt -0.001789393 -0.02837082
vt 0.00387063 -0.02976892
vt -0.04892416 -0.06971185
vt -0.04976203 -0.07023536
vt -0.04499703 -0.07354818
vt -0.1195994 0.01180106
vt -0.1204871 0.01223479
vt -0.1190651 0.005875628
vt -0.09163901 0.08337924
vt -0.09210061 0.08425276
vt -0.09664229 0.08077286
vt -0.06869163 0.06876601
vt -0.0690517 0.06968604
vt -0.07413556 0.06707066
vt -0.04391737 0.02243493
vt -0.04429769 0.02334679
vt -0.04904868 0.01991391
vt -0.01257357 -0.03615183
vt -0.01309525 -0.03531279
vt -0.01791231 -0.03834566
vt 0.04859056 -0.07142411
vt 0.04775826 -0.07089177
vt 0.04528306 -0.0760569
vt 0.1193407 0.007405232
vt 0.1184227 0.007040081
vt 0.1206725 0.001734959
vt 0.09997181 0.07597066
vt 0.09944601 0.07513419
vt 0.1038248 0.07174828
vt 0.07315846 0.06751199
vt 0.07278709 0.06659646
vt 0.07804041 0.06490348
vt 0.05718104 0.0190257
vt 0.05682016 0.01810598
vt 0.06244672 0.01737161
vt -0.100801 0.06094621
vt -0.1011058 0.06188599
vt -0.1018396 0.06254748
vt -0.1028059 0.06275341
vt -0.1037457 0.0624486
vt -0.1044072 0.06171473
vt -0.1046131 0.06074842
vt -0.1043083 0.05980865
vt -0.1035744 0.05914717
vt -0.1026081 0.05894124
vt -0.1016684 0.05924606
vt -0.1010069 0.05997992
vt 0.1195602 0.03057741
vt 0.1214762 0.02519201
vt 0.1227103 0.02575217
vt 0.103085 0.07185588
vt 0.1059476 0.06673933
vt 0.1073231 0.06829551
vt -0.1073231 0.0682955
vt -0.1059477 0.06673932
vt -0.103085 0.07185588
vt 0.04426721 0.101735
vt 0.04912805 0.09830453
vt 0.04957264 0.09938291
vt 0.1093171 0.05707022
vt 0.1086255 0.05613096
vt 0.1109239 0.05662789
vt 0.1091076 0.05675709
vt 0.1100217 0.05575626
vt 0.1112361 0.05592542
vt 0.1058009 0.0605622
vt 0.1062193 0.05995888
vt 0.1077923 0.06056214
vt 0.1050613 0.05567683
vt 0.1092034 0.05489099
vt 0.109957 0.05578692
vt 0.1052456 0.04932976
vt 0.1101414 0.0494355
vt 0.1097561 0.05023476
vt 0.1007412 0.06583904
vt 0.1052256 0.06686567
vt 0.1047886 0.0678165
vt 0.08679427 0.08579247
vt 0.09058194 0.08823068
vt 0.08944587 0.08791065
vt 0.1090693 0.0533479
vt 0.1120708 0.0549319
vt 0.1107605 0.05458586
vt -0.1197069 0.03044507
vt -0.1214041 0.02495052
vt -0.1192794 0.0239429
vt -0.1164608 0.05353968
vt -0.11521 0.05241106
vt -0.1123436 0.05739644
vt -0.02213827 -0.007959078
vt -0.02696233 -0.01078865
vt -0.02670223 -0.01163696
vt -0.0327427 -0.0006203433
vt -0.03215557 -0.001486561
vt -0.02728862 0.00126859
vt -0.08637749 0.08436414
vt -0.08586992 0.08330916
vt -0.08104634 0.08638643
vt 0.1183274 0.00217065
vt 0.1194207 -0.003550397
vt 0.12052 -0.003120659
vt 0.1096701 0.05725567
vt 0.1112754 0.0568078
vt 0.110884 0.05742897
vt -0.004760474 -0.03818636
vt 8.7395E-05 -0.04076279
vt 0.0008795747 -0.03966298
vt 0.07551245 0.0967695
vt 0.08013738 0.09372354
vt 0.08106546 0.09560266
vt 0.1077918 0.0499773
vt 0.1036444 0.0507348
vt 0.1058004 0.04997736
vt -0.001962332 -0.04152657
vt -0.002482557 -0.0423665
vt 0.003261423 -0.04336514
vt -0.04647679 -0.08307938
vt -0.04726543 -0.08367448
vt -0.04222783 -0.08655591
vt -0.1225663 0.01496882
vt -0.1234305 0.01544767
vt -0.1223377 0.009023744
vt -0.08530881 0.08421242
vt -0.08569749 0.08512075
vt -0.09050833 0.08202358
vt -0.06382228 0.06117599
vt -0.06412149 0.06211758
vt -0.06936531 0.05983981
vt -0.04122156 0.01053699
vt -0.04154233 0.01147146
vt -0.04650465 0.008351853
vt -0.0131238 -0.04891478
vt -0.01358007 -0.04803846
vt -0.01861412 -0.05069566
vt 0.0457516 -0.08480987
vt 0.04497091 -0.08420438
vt 0.04203829 -0.08912424
vt 0.1230553 0.006471003
vt 0.1221491 0.006077508
vt 0.1245626 0.0008448273
vt 0.09543326 0.07613008
vt 0.09497033 0.07525723
vt 0.099586 0.07220218
vt 0.06862773 0.06003562
vt 0.06831603 0.0590981
vt 0.07366738 0.05774658
vt 0.05522181 0.007893622
vt 0.05492095 0.006952555
vt 0.06058315 0.006582248
vt -0.1060896 0.04617432
vt -0.1064051 0.04711058
vt -0.1071464 0.04776368
vt -0.108115 0.0479586
vt -0.1090513 0.04764313
vt -0.1097044 0.04690178
vt -0.1098993 0.04593321
vt -0.1095838 0.04499695
vt -0.1088425 0.04434385
vt -0.1078739 0.04414893
vt -0.1069376 0.04446441
vt -0.1062845 0.04520575
vt 0.1211968 0.03188122
vt 0.1233882 0.02660189
vt 0.1245917 0.02722498
vt 0.09899632 0.07302986
vt 0.1022323 0.06814089
vt 0.103488 0.06979527
vt -0.103488 0.06979526
vt -0.1022323 0.06814089
vt -0.09899632 0.07302986
vt 0.0342344 0.09707469
vt 0.03936376 0.09406041
vt 0.0397171 0.09517203
vt 0.1138658 0.04363526
vt 0.113173 0.04269682
vt 0.115472 0.04319104
vt 0.1135834 0.04329975
vt 0.1144972 0.04229876
vt 0.1157117 0.04246769
vt 0.1107872 0.04650537
vt 0.1112013 0.04589909
vt 0.1127785 0.04649124
vt 0.1098906 0.04130835
vt 0.1140285 0.04050107
vt 0.1147867 0.04139308
vt 0.1100222 0.03469138
vt 0.1149184 0.03477354
vt 0.114537 0.03557465
vt 0.1060216 0.05188589
vt 0.1105166 0.05286508
vt 0.1100896 0.05382047
vt 0.09381613 0.07296295
vt 0.09767158 0.0752925
vt 0.09652688 0.0750049
vt 0.1135477 0.03944297
vt 0.1165496 0.04102629
vt 0.1152392 0.04068054
vt -0.1200792 0.03747394
vt -0.1222021 0.0321294
vt -0.1201629 0.03095827
vt -0.1127647 0.06223537
vt -0.1116309 0.06098932
vt -0.1082885 0.06566899
vt -0.02071793 -0.0210913
vt -0.02572362 -0.02358552
vt -0.02552193 -0.02444959
vt -0.03096193 -0.01320678
vt -0.0304339 -0.01411024
vt -0.02539396 -0.01168596
vt -0.07998914 0.08241556
vt -0.07956292 0.08132518
vt -0.07452019 0.08402836
vt 0.1223591 0.0003636393
vt 0.1235943 -0.005328455
vt 0.1246826 -0.004871521
vt 0.1141832 0.04397303
vt 0.1157882 0.04352406
vt 0.1153972 0.0441455
vt -0.004695699 -0.05192292
vt 0.0003281887 -0.0541366
vt 0.001037516 -0.05298162
vt 0.06523474 0.0990311
vt 0.07014254 0.09646565
vt 0.07087696 0.09842858
vt 0.1126806 0.03517665
vt 0.1085383 0.03596142
vt 0.1106893 0.0351898
vt -0.1186403 0.01286553
vt -0.09743105 0.001497081
vt -0.09689421 0.002136806
vt 0.03435974 0.1186263
vt 0.02019181 0.09964652
vt 0.02097438 0.09902248
vt 0.1135942 0.03228608
vt 0.09190643 0.02185025
vt 0.09231517 0.02095078
vt 0.1239237 0.01636839
vt 0.1024642 0.005347332
vt 0.1028636 0.00471752
vt -0.03792382 0.1136062
vt -0.02248331 0.09483266
vt -0.02205122 0.095338
vt -0.1013651 0.04750272
vt -0.0802162 0.0353055
vt -0.07983778 0.03621428
vt 0.1121786 0.06364521
vt 0.111096 0.06438738
vt 0.09789359 0.0442053
vt 0.1039013 0.02718313
vt 0.1203006 0.04486594
vt 0.1197054 0.04547725
vt -0.05833122 0.02063703
vt -0.0556597 0.02242732
vt -0.05650707 0.02240826
vt -0.07649292 0.03887118
vt -0.07467594 0.04064975
vt -0.07545136 0.04029391
vt -0.06938915 0.03423647
vt -0.06833906 0.03565294
vt -0.06959642 0.0352761
vt -0.01993015 -0.02726694
vt -0.01936152 -0.02824088
vt -0.01884668 -0.02801788
vt -0.03918076 -0.04650573
vt -0.03816085 -0.04734097
vt -0.03729496 -0.04711091
vt -0.03581081 -0.03839988
vt -0.03391588 -0.03897583
vt -0.03331761 -0.0387498
vt -0.03649503 -0.04225194
vt -0.03400289 -0.0426094
vt -0.03329802 -0.042174
vt 0.06078005 0.08618556
vt 0.06172428 0.1103424
vt 0.0608778 0.1103859
vt 0.04355353 0.09486625
vt 0.0433551 0.1187205
vt 0.04016095 0.1188764
vt -0.1216311 0.03868578
vt -0.1233816 0.03598799
vt -0.1048963 0.02090957
vt 0.1039991 0.05053443
vt 0.1033818 0.0514783
vt 0.08255325 0.04048261
vt 0.08834378 0.02872265
vt 0.1094422 0.03919118
vt 0.1095203 0.04024839
vt -0.1086884 0.06742428
vt -0.1091948 0.06703359
vt -0.09671052 0.04664689
vt -0.08765865 0.06119605
vt -0.09688483 0.08324942
vt -0.09768177 0.08284005
vt -0.1210033 0.04064936
vt -0.1215562 0.0400324
vt -0.1050522 0.0226316
vt -0.0967935 0.04645542
vt -0.1100322 0.06629635
vt -0.1104209 0.06589178
vt 0.06482024 -0.03682373
vt 0.06517111 -0.03758159
vt 0.06609268 -0.03719101
vt 0.07062799 -0.01636381
vt 0.07191326 -0.01668325
vt 0.07187969 -0.01569584
vt 0.06870109 -0.01365729
vt 0.06995918 -0.01300143
vt 0.06952736 -0.01239337
vt 0.07296889 -0.01467251
vt 0.07376792 -0.01339119
vt 0.07318569 -0.01371226
vt -0.1142714 0.02541151
vt -0.09303842 0.01408738
vt -0.09250291 0.01472822
vt 0.01697282 0.1257814
vt 0.004981851 0.1053564
vt 0.005828397 0.1048223
vt 0.10883 0.04698749
vt 0.08719236 0.03644798
vt 0.08760539 0.03555048
vt 0.1201595 0.02645813
vt 0.09855185 0.01573058
vt 0.09894265 0.01509538
vt -0.02314664 0.122182
vt -0.009489221 0.1020741
vt -0.009012688 0.1025378
vt -0.09563763 0.06286941
vt -0.07470901 0.05029801
vt -0.07431449 0.05119992
vt 0.1155131 0.05745276
vt 0.114499 0.05828607
vt 0.09959494 0.0393259
vt 0.1028241 0.02618444
vt 0.1202718 0.04283367
vt 0.119715 0.04348015
vt -0.06112383 0.03124684
vt -0.05857113 0.03320284
vt -0.0594156 0.03313011
vt -0.07945909 0.04763981
vt -0.07775452 0.04952639
vt -0.07850667 0.0491237
vt -0.07246346 0.04366072
vt -0.07150351 0.04513976
vt -0.07273498 0.04468545
vt -0.02111917 -0.01417975
vt -0.02048534 -0.01511257
vt -0.01998694 -0.01485493
vt -0.03796946 -0.03549096
vt -0.03688766 -0.03624431
vt -0.03604229 -0.0359476
vt -0.03549078 -0.02673166
vt -0.03355848 -0.02716605
vt -0.03297854 -0.02689643
vt -0.03580465 -0.03080536
vt -0.03329264 -0.03097367
vt -0.03262264 -0.0304863
vt 0.072944 0.07886023
vt 0.07724305 0.1026502
vt 0.07641087 0.1028111
vt 0.05891754 0.08888249
vt 0.06232047 0.1124936
vt 0.05918641 0.1131297
vt -0.1205116 0.03982256
vt -0.1221314 0.03704435
vt -0.102948 0.02286473
vt 0.09831959 0.06542517
vt 0.09768698 0.06635882
vt 0.07704102 0.05502393
vt 0.0833427 0.0435151
vt 0.1043407 0.05418377
vt 0.1044087 0.05524169
vt -0.1127198 0.06078549
vt -0.1131885 0.06035034
vt -0.09890009 0.04118483
vt -0.09305067 0.05359358
vt -0.1046953 0.07447124
vt -0.1054412 0.07397495
vt -0.1203334 0.03959968
vt -0.1208513 0.03895301
vt -0.1034078 0.02249411
vt -0.09892903 0.04114346
vt -0.1139033 0.0597095
vt -0.1142539 0.05927152
vt 0.06301288 -0.02788805
vt 0.06330255 -0.02867133
vt 0.06425218 -0.02835505
vt 0.07023437 -0.006331339
vt 0.07149512 -0.00673689
vt 0.07152835 -0.005749469
vt 0.0686137 -0.003390652
vt 0.06991275 -0.002820176
vt 0.06952245 -0.002184662
vt 0.07255007 -0.004712274
vt 0.07343273 -0.003487061
vt 0.07283039 -0.003768611
vt -0.04426955 -0.04564774
vt -0.04482358 -0.04646577
vt -0.03912505 -0.04769763
vt -0.1172157 -0.1052315
vt -0.1180323 -0.1057877
vt -0.1131403 -0.10891
vt -0.2017404 0.06068248
vt -0.202625 0.06112257
vt -0.2012488 0.05475334
vt -0.1206122 0.1673238
vt -0.1210491 0.1682099
vt -0.1256866 0.1648588
vt -0.07638159 0.126018
vt -0.07671925 0.1269465
vt -0.08186503 0.1244551
vt -0.03243997 0.03761809
vt -0.03279724 0.03853923
vt -0.03763304 0.03522688
vt 0.01970793 -0.06209782
vt 0.01921258 -0.06124298
vt 0.01430358 -0.06412467
vt 0.1159526 -0.1083603
vt 0.1151425 -0.1077947
vt 0.1124604 -0.1128555
vt 0.2048608 0.04960183
vt 0.2039433 0.04923516
vt 0.2062019 0.04393377
vt 0.1388185 0.1552405
vt 0.1383132 0.1543915
vt 0.1427729 0.151113
vt 0.0846947 0.1235477
vt 0.08434508 0.1226236
vt 0.08963697 0.1210553
vt 0.05657931 0.03024618
vt 0.05624114 0.02931788
vt 0.06188405 0.02872191
vt -0.1926778 0.08785816
vt -0.1929917 0.08879492
vt -0.1937321 0.0894492
vt -0.1947003 0.08964567
vt -0.1956371 0.08933169
vt -0.1962914 0.08859139
vt -0.1964878 0.08762312
vt -0.1961738 0.08668637
vt -0.1954335 0.08603208
vt -0.1944653 0.08583562
vt -0.1935285 0.0861496
vt -0.1928743 0.0868899
vt 0.1956802 0.08917911
vt 0.1976556 0.08381517
vt 0.1988834 0.08438892
vt 0.1466847 0.1513741
vt 0.1496695 0.1463278
vt 0.1510072 0.1479166
vt -0.1510072 0.1479166
vt -0.1496695 0.1463278
vt -0.1466848 0.1513741
vt 0.02829604 0.183357
vt 0.03326618 0.1800868
vt 0.03367536 0.1811791
vt 0.2004636 0.0768795
vt 0.1997661 0.0759445
vt 0.2020676 0.07642733
vt 0.200077 0.0765525
vt 0.2009853 0.07554651
vt 0.2022007 0.07570878
vt 0.1976373 0.08415224
vt 0.1980506 0.08354544
vt 0.1996286 0.08413555
vt 0.1967215 0.08025555
vt 0.2008577 0.07943933
vt 0.2016178 0.0803297
vt 0.1968326 0.0755229
vt 0.201729 0.07559439
vt 0.2013493 0.07639633
vt 0.1927401 0.09037579
vt 0.1972345 0.09135795
vt 0.1968069 0.09231306
vt 0.1778983 0.1170603
vt 0.1817296 0.1194293
vt 0.1805879 0.11913
vt 0.2000229 0.07571084
vt 0.2030329 0.07727855
vt 0.2017207 0.07693962
vt -0.1928578 0.09340262
vt -0.1946521 0.08793901
vt -0.1925456 0.0868939
vt -0.1723592 0.1329314
vt -0.1711412 0.1317676
vt -0.1681338 0.1366692
vt 0.004847131 -0.01508035
vt -5.29434E-05 -0.01777615
vt 0.0001837247 -0.01863129
vt -0.00916 -0.001300003
vt -0.008596235 -0.002181607
vt -0.003657358 0.0004424295
vt -0.1043044 0.1636592
vt -0.1038256 0.1625908
vt -0.09892037 0.1655362
vt 0.2053953 0.0401922
vt 0.2064838 0.03447025
vt 0.2075834 0.03489907
vt 0.200736 0.07627828
vt 0.2023385 0.07582079
vt 0.2019509 0.07644429
vt -0.04920761 -0.06254239
vt -0.04428273 -0.06496837
vt -0.04352477 -0.0638447
vt 0.08608402 0.1883766
vt 0.09081705 0.1855014
vt 0.09167594 0.1874132
vt 0.1995123 0.0764053
vt 0.1953709 0.07719468
vt 0.197521 0.07642068
vt -0.2046583 0.05617066
vt -0.1833747 0.04494195
vt -0.1828421 0.0455852
vt 0.08302327 0.1990851
vt 0.07001337 0.1792935
vt 0.07083179 0.1787173
vt 0.2004003 0.07389458
vt 0.1786903 0.06350498
vt 0.1790971 0.06260465
vt 0.2069497 0.06401679
vt 0.1853399 0.05329344
vt 0.1857306 0.05265816
vt -0.09014034 0.1926745
vt -0.07564753 0.1731602
vt -0.07519096 0.1736435
vt -0.1868145 0.09261158
vt -0.1657353 0.08029438
vt -0.1653517 0.08120099
vt 0.1700498 0.136636
vt 0.1690145 0.1374429
vt 0.1546032 0.1181056
vt 0.1707186 0.09328992
vt 0.1878984 0.1102155
vt 0.1873314 0.110853
vt -0.05921968 0.05503996
vt -0.05662041 0.05693363
vt -0.05746639 0.05688135
vt -0.09349273 0.08702485
vt -0.09174623 0.08887267
vt -0.09250723 0.08848698
vt -0.08008419 0.07876138
vt -0.0790902 0.08021775
vt -0.08033188 0.07979211
vt 0.009866497 -0.02317097
vt 0.01047414 -0.02412106
vt 0.01097952 -0.02387738
vt -0.02064343 -0.06255917
vt -0.01958536 -0.06334551
vt -0.01873126 -0.06307498
vt -0.01573086 -0.04679712
vt -0.01381217 -0.04728811
vt -0.01322455 -0.04703565
vt -0.01652635 -0.0539728
vt -0.01402052 -0.05421641
vt -0.01333621 -0.05374936
vt 0.07955857 0.1763794
vt 0.08264288 0.2003572
vt 0.0818036 0.2004755
vt 0.04860306 0.1868848
vt 0.05063164 0.2106535
vt 0.04746598 0.2111069
vt -0.1925978 0.1010516
vt -0.1942498 0.09829241
vt -0.1752327 0.08389048
vt 0.1898757 0.09429321
vt 0.1892542 0.09523427
vt 0.1684759 0.08414373
vt 0.1750745 0.07071209
vt 0.1961662 0.08119436
vt 0.1962435 0.08225162
vt -0.1652226 0.1414668
vt -0.165703 0.1410446
vt -0.1519437 0.1214958
vt -0.1327059 0.1419637
vt -0.1435865 0.1632495
vt -0.1443499 0.1627806
vt -0.1909747 0.1038
vt -0.1915015 0.1031606
vt -0.1742869 0.08646239
vt -0.1520757 0.1213059
vt -0.1665418 0.1402705
vt -0.1669042 0.1398422
vt 0.0697634 -0.05970585
vt 0.07007641 -0.06048011
vt 0.07101614 -0.06013552
vt 0.08396062 -0.01705502
vt 0.08523113 -0.0174289
vt 0.08523963 -0.01644096
vt 0.0802417 -0.01021633
vt 0.0815262 -0.009613805
vt 0.08112025 -0.008988169
vt 0.08900808 -0.01437444
vt 0.08986043 -0.01312796
vt 0.08926518 -0.01342419
vt -0.040693 -0.02682921
vt -0.04125724 -0.02764021
vt -0.03557466 -0.02894358
vt -0.1108603 -0.09293919
vt -0.111674 -0.09349953
vt -0.1067661 -0.09659668
vt -0.2000585 0.04955391
vt -0.2009745 0.04992421
vt -0.1991093 0.04368063
vt -0.126973 0.1688944
vt -0.1274519 0.1697586
vt -0.1319235 0.1661891
vt -0.0804353 0.1383493
vt -0.08080073 0.1392672
vt -0.08586928 0.1366223
vt -0.03515408 0.05553605
vt -0.03553243 0.05644874
vt -0.04029085 0.05302618
vt 0.01736456 -0.04354803
vt 0.01685377 -0.04270231
vt 0.01199791 -0.04567267
vt 0.1097126 -0.09604207
vt 0.108905 -0.09547299
vt 0.106201 -0.1005221
vt 0.2015291 0.0435394
vt 0.2005906 0.0432304
vt 0.2025156 0.03779898
vt 0.1438244 0.1569569
vt 0.1432793 0.1561329
vt 0.1475779 0.1526457
vt 0.08848464 0.1357551
vt 0.0881067 0.1348423
vt 0.09334772 0.1331116
vt 0.05844802 0.04762569
vt 0.05808558 0.04670658
vt 0.06371088 0.04596258
vt -0.1881623 0.1000235
vt -0.1884998 0.100952
vt -0.1892564 0.1015874
vt -0.1902293 0.1017594
vt -0.1911579 0.1014218
vt -0.1917932 0.1006652
vt -0.1919652 0.09969231
vt -0.1916276 0.09876378
vt -0.190871 0.09812842
vt -0.1898981 0.09795647
vt -0.1889696 0.098294
vt -0.1883343 0.0990506
vt 0.1955937 0.08362326
vt 0.197235 0.0781479
vt 0.1984958 0.07864495
vt 0.1515926 0.1514337
vt 0.1543164 0.1462419
vt 0.1557333 0.1477604
vt -0.1557333 0.1477604
vt -0.1543164 0.1462418
vt -0.1515926 0.1514336
vt 0.03561281 0.191464
vt 0.04048268 0.1880463
vt 0.04092442 0.1891258
vt 0.1963041 0.08731053
vt 0.1955779 0.0863977
vt 0.1978933 0.08680861
vt 0.1959319 0.08719107
vt 0.1968084 0.08615728
vt 0.1980283 0.08628164
vt 0.1933508 0.09515873
vt 0.1937468 0.09454044
vt 0.1953408 0.09508552
vt 0.1922889 0.09221627
vt 0.196401 0.09128644
vt 0.1971854 0.09215553
vt 0.1921944 0.08818729
vt 0.197091 0.08812895
vt 0.1967327 0.08894067
vt 0.1885515 0.1009618
vt 0.1930715 0.1018176
vt 0.1926709 0.1027844
vt 0.1743169 0.124517
vt 0.1782117 0.1267802
vt 0.1770622 0.1265122
vt 0.1957294 0.08730493
vt 0.1987844 0.08878309
vt 0.1974628 0.08848304
vt -0.1949501 0.08035548
vt -0.196278 0.07476018
vt -0.1940909 0.07389617
vt -0.1784565 0.1223204
vt -0.1771512 0.1212553
vt -0.1745358 0.1263768
vt 0.002103291 0.003973579
vt -0.002745653 0.001186873
vt -0.002493081 0.0003362911
vt -0.01190167 0.01753054
vt -0.0113208 0.01666011
vt -0.006434112 0.01938009
vt -0.1100713 0.1692345
vt -0.1095508 0.1681859
vt -0.1047655 0.1713224
vt 0.2013007 0.03456781
vt 0.2020389 0.0287902
vt 0.2031626 0.02915131
vt 0.1966129 0.08645453
vt 0.1982001 0.08594643
vt 0.1978324 0.08658193
vt -0.04570769 -0.04414377
vt -0.04081306 -0.04663021
vt -0.04004133 -0.04551596
vt 0.09509896 0.1890723
vt 0.09968297 0.1859651
vt 0.100636 0.1878317
vt 0.1948186 0.08903582
vt 0.190699 0.08993229
vt 0.1928283 0.0891028
vt -0.1998139 0.06671298
vt -0.1782071 0.05611964
vt -0.1776938 0.05677837
vt 0.07631962 0.2037381
vt 0.06346868 0.183843
vt 0.06429169 0.1832733
vt 0.1956868 0.08667324
vt 0.1737128 0.07685429
vt 0.174096 0.07594363
vt 0.2030042 0.07218632
vt 0.1810389 0.06221144
vt 0.1814075 0.06156312
vt -0.08400863 0.1990259
vt -0.06960455 0.1794459
vt -0.06914578 0.1799272
vt -0.1820701 0.1055678
vt -0.1607267 0.09371412
vt -0.1603631 0.09462891
vt 0.1753472 0.1293826
vt 0.174369 0.1302578
vt 0.1586794 0.1119425
vt 0.1714095 0.08998552
vt 0.1895563 0.1058699
vt 0.1890279 0.1065397
vt -0.06175464 0.07175715
vt -0.05920475 0.07371679
vt -0.06004911 0.07364284
vt -0.09596597 0.1012153
vt -0.09427543 0.1031144
vt -0.09502458 0.1027062
vt -0.08268103 0.09388702
vt -0.08172853 0.09537085
vt -0.08295771 0.09491037
vt 0.006953675 -0.004123603
vt 0.007577562 -0.005063105
vt 0.008078669 -0.004810779
vt -0.021563 -0.04456538
vt -0.02048602 -0.0453256
vt -0.01963879 -0.04503427
vt -0.0172605 -0.02838219
vt -0.01533122 -0.02882981
vt -0.01474945 -0.02856418
vt -0.01784445 -0.03570258
vt -0.01533367 -0.03588819
vt -0.01466033 -0.03540545
vt 0.09118906 0.172085
vt 0.09589196 0.1957985
vt 0.09506264 0.1959735
vt 0.06123824 0.1844205
vt 0.06474955 0.2080158
vt 0.06161845 0.2086662
vt -0.1927065 0.1000682
vt -0.1942151 0.09722809
vt -0.1744855 0.08381877
vt 0.1853454 0.1062687
vt 0.1847463 0.1072243
vt 0.1637107 0.09663005
vt 0.1701276 0.08397959
vt 0.191474 0.09393271
vt 0.1915777 0.09498771
vt -0.1711945 0.1339063
vt -0.1716445 0.1334518
vt -0.1565623 0.1149046
vt -0.1403233 0.134608
vt -0.1527461 0.1550322
vt -0.1534728 0.1545081
vt -0.1918634 0.1001098
vt -0.1923527 0.09944125
vt -0.1742113 0.08375505
vt -0.156616 0.1148869
vt -0.1723529 0.1328111
vt -0.172685 0.1323588
vt 0.06843804 -0.04361744
vt 0.06872438 -0.04440195
vt 0.06967535 -0.0440897
vt 0.08351405 -0.0005461151
vt 0.08477195 -0.0009604607
vt 0.08481206 2.670416E-05
vt 0.08016868 0.006522418
vt 0.08147119 0.00708493
vt 0.0810848 0.007722821
vt 0.08842791 0.001930955
vt 0.08932039 0.003149025
vt 0.08871581 0.002872334
o group1095300195
g mesh1095300195
usemtl mat21
f 4/4/1 3/3/1 2/2/1 1/1/1
f 8/8/2 7/7/2 6/6/2 5/5/2
f 2/12/3 8/11/3 5/10/3 1/9/3
f 6/16/4 7/15/4 3/14/4 4/13/4
f 5/20/5 6/19/5 4/18/5 1/17/5
f 3/24/6 7/23/6 8/22/6 2/21/6
o group882742281
g mesh882742281
usemtl mat21
f 12/28/7 11/27/7 10/26/7 9/25/7
f 16/32/8 15/31/8 14/30/8 13/29/8
f 10/36/9 16/35/9 13/34/9 9/33/9
f 14/40/10 15/39/10 11/38/10 12/37/10
f 13/44/11 14/43/11 12/42/11 9/41/11
f 11/48/12 15/47/12 16/46/12 10/45/12
o group564018101
g mesh564018101
usemtl mat21
f 20/52/13 19/51/13 18/50/13 17/49/13
f 24/56/14 23/55/14 22/54/14 21/53/14
f 18/60/15 24/59/15 21/58/15 17/57/15
f 22/64/16 23/63/16 19/62/16 20/61/16
f 21/68/17 22/67/17 20/66/17 17/65/17
f 19/72/18 23/71/18 24/70/18 18/69/18
o group524600648
g mesh524600648
usemtl mat21
f 28/76/19 27/75/19 26/74/19 25/73/19
f 32/80/20 31/79/20 30/78/20 29/77/20
f 26/84/21 32/83/21 29/82/21 25/81/21
f 30/88/22 31/87/22 27/86/22 28/85/22
f 29/92/23 30/91/23 28/90/23 25/89/23
f 27/96/24 31/95/24 32/94/24 26/93/24
o group279100259
g mesh279100259
usemtl mat21
f 36/100/25 35/99/25 34/98/25 33/97/25
f 40/104/26 39/103/26 38/102/26 37/101/26
f 34/108/27 40/107/27 37/106/27 33/105/27
f 38/112/28 39/111/28 35/110/28 36/109/28
f 37/116/29 38/115/29 36/114/29 33/113/29
f 35/120/30 39/119/30 40/118/30 34/117/30
o group2040139540
g mesh2040139540
usemtl mat21
f 44/124/31 43/123/31 42/122/31 41/121/31
f 48/128/32 47/127/32 46/126/32 45/125/32
f 42/132/33 48/131/33 45/130/33 41/129/33
f 46/136/34 47/135/34 43/134/34 44/133/34
f 45/140/35 46/139/35 44/138/35 41/137/35
f 43/144/36 47/143/36 48/142/36 42/141/36
o group145911502
g mesh145911502
usemtl mat17
f 52/148/37 51/147/37 50/146/37 49/145/37
f 56/152/38 55/151/38 54/150/38 53/149/38
f 50/156/39 56/155/39 53/154/39 49/153/39
f 54/160/40 55/159/40 51/158/40 52/157/40
f 53/164/41 54/163/41 52/162/41 49/161/41
f 51/168/42 55/167/42 56/166/42 50/165/42
o group144487080
g mesh144487080
usemtl mat17
f 60/172/43 59/171/43 58/170/43 57/169/43
f 64/176/44 63/175/44 62/174/44 61/173/44
f 58/180/45 64/179/45 61/178/45 57/177/45
f 62/184/46 63/183/46 59/182/46 60/181/46
f 61/188/47 62/187/47 60/186/47 57/185/47
f 59/192/48 63/191/48 64/190/48 58/189/48
o group237848871
g mesh237848871
usemtl mat17
f 68/196/49 67/195/49 66/194/49 65/193/49
f 72/200/50 71/199/50 70/198/50 69/197/50
f 66/204/51 72/203/51 69/202/51 65/201/51
f 70/208/52 71/207/52 67/206/52 68/205/52
f 69/212/53 70/211/53 68/210/53 65/209/53
f 67/216/54 71/215/54 72/214/54 66/213/54
o group1941295683
g mesh1941295683
usemtl mat17
f 76/220/55 75/219/55 74/218/55 73/217/55
f 80/224/56 79/223/56 78/222/56 77/221/56
f 74/228/57 80/227/57 77/226/57 73/225/57
f 78/232/58 79/231/58 75/230/58 76/229/58
f 77/236/59 78/235/59 76/234/59 73/233/59
f 75/240/60 79/239/60 80/238/60 74/237/60
o group180420410
g mesh180420410
usemtl mat17
f 84/244/61 83/243/61 82/242/61 81/241/61
f 88/248/62 87/247/62 86/246/62 85/245/62
f 82/252/63 88/251/63 85/250/63 81/249/63
f 86/256/64 87/255/64 83/254/64 84/253/64
f 85/260/65 86/259/65 84/258/65 81/257/65
f 83/264/66 87/263/66 88/262/66 82/261/66
o group1035833932
g mesh1035833932
usemtl mat17
f 92/268/67 91/267/67 90/266/67 89/265/67
f 96/272/68 95/271/68 94/270/68 93/269/68
f 90/276/69 96/275/69 93/274/69 89/273/69
f 94/280/70 95/279/70 91/278/70 92/277/70
f 93/284/71 94/283/71 92/282/71 89/281/71
f 91/288/72 95/287/72 96/286/72 90/285/72
o group1053688151
g mesh1053688151
usemtl mat17
f 100/292/73 99/291/73 98/290/73 97/289/73
f 104/296/74 103/295/74 102/294/74 101/293/74
f 98/300/75 104/299/75 101/298/75 97/297/75
f 102/304/76 103/303/76 99/302/76 100/301/76
f 101/308/77 102/307/77 100/306/77 97/305/77
f 99/312/78 103/311/78 104/310/78 98/309/78
o group168669120
g mesh168669120
usemtl mat17
f 108/316/79 107/315/79 106/314/79 105/313/79
f 112/320/80 111/319/80 110/318/80 109/317/80
f 106/324/81 112/323/81 109/322/81 105/321/81
f 110/328/82 111/327/82 107/326/82 108/325/82
f 109/332/83 110/331/83 108/330/83 105/329/83
f 107/336/84 111/335/84 112/334/84 106/333/84
o group1603524277
g mesh1603524277
usemtl mat21
f 132/388/97 131/387/97 130/386/97 129/385/97
f 136/392/98 135/391/98 134/390/98 133/389/98
f 130/396/99 136/395/99 133/394/99 129/393/99
f 134/400/100 135/399/100 131/398/100 132/397/100
f 133/404/101 134/403/101 132/402/101 129/401/101
f 131/408/102 135/407/102 136/406/102 130/405/102
o group1537309855
g mesh1537309855
usemtl mat21
f 140/412/103 139/411/103 138/410/103 137/409/103
f 144/416/104 143/415/104 142/414/104 141/413/104
f 138/420/105 144/419/105 141/418/105 137/417/105
f 142/424/106 143/423/106 139/422/106 140/421/106
f 141/428/107 142/427/107 140/426/107 137/425/107
f 139/432/108 143/431/108 144/430/108 138/429/108
o group1964323784
g mesh1964323784
usemtl mat21
f 164/484/121 163/483/121 162/482/121 161/481/121
f 168/488/122 167/487/122 166/486/122 165/485/122
f 162/492/123 168/491/123 165/490/123 161/489/123
f 166/496/124 167/495/124 163/494/124 164/493/124
f 165/500/125 166/499/125 164/498/125 161/497/125
f 163/504/126 167/503/126 168/502/126 162/501/126
o group59551961
g mesh59551961
usemtl mat21
f 172/508/127 171/507/127 170/506/127 169/505/127
f 176/512/128 175/511/128 174/510/128 173/509/128
f 170/516/129 176/515/129 173/514/129 169/513/129
f 174/520/130 175/519/130 171/518/130 172/517/130
f 173/524/131 174/523/131 172/522/131 169/521/131
f 171/528/132 175/527/132 176/526/132 170/525/132
o group59682284
g mesh59682284
usemtl mat21
f 180/532/133 179/531/133 178/530/133 177/529/133
f 184/536/134 183/535/134 182/534/134 181/533/134
f 178/540/135 184/539/135 181/538/135 177/537/135
f 182/544/136 183/543/136 179/542/136 180/541/136
f 181/548/137 182/547/137 180/546/137 177/545/137
f 179/552/138 183/551/138 184/550/138 178/549/138
o group684877801
g mesh684877801
usemtl mat21
f 188/556/139 187/555/139 186/554/139 185/553/139
f 192/560/140 191/559/140 190/558/140 189/557/140
f 186/564/141 192/563/141 189/562/141 185/561/141
f 190/568/142 191/567/142 187/566/142 188/565/142
f 189/572/143 190/571/143 188/570/143 185/569/143
f 187/576/144 191/575/144 192/574/144 186/573/144
o group1559587156
g mesh1559587156
usemtl mat21
f 196/580/145 195/579/145 194/578/145 193/577/145
f 200/584/146 199/583/146 198/582/146 197/581/146
f 194/588/147 200/587/147 197/586/147 193/585/147
f 198/592/148 199/591/148 195/590/148 196/589/148
f 197/596/149 198/595/149 196/594/149 193/593/149
f 195/600/150 199/599/150 200/598/150 194/597/150
o group116658328
g mesh116658328
usemtl mat21
f 204/604/151 203/603/151 202/602/151 201/601/151
f 208/608/152 207/607/152 206/606/152 205/605/152
f 202/612/153 208/611/153 205/610/153 201/609/153
f 206/616/154 207/615/154 203/614/154 204/613/154
f 205/620/155 206/619/155 204/618/155 201/617/155
f 203/624/156 207/623/156 208/622/156 202/621/156
o group1251030390
g mesh1251030390
usemtl mat21
f 212/628/157 211/627/157 210/626/157 209/625/157
f 216/632/158 215/631/158 214/630/158 213/629/158
f 210/636/159 216/635/159 213/634/159 209/633/159
f 214/640/160 215/639/160 211/638/160 212/637/160
f 213/644/161 214/643/161 212/642/161 209/641/161
f 211/648/162 215/647/162 216/646/162 210/645/162
o group1097680268
g mesh1097680268
usemtl mat21
f 220/652/163 219/651/163 218/650/163 217/649/163
f 224/656/164 223/655/164 222/654/164 221/653/164
f 218/660/165 224/659/165 221/658/165 217/657/165
f 222/664/166 223/663/166 219/662/166 220/661/166
f 221/668/167 222/667/167 220/666/167 217/665/167
f 219/672/168 223/671/168 224/670/168 218/669/168
o group89352579
g mesh89352579
usemtl mat21
f 228/676/169 227/675/169 226/674/169 225/673/169
f 232/680/170 231/679/170 230/678/170 229/677/170
f 226/684/171 232/683/171 229/682/171 225/681/171
f 230/688/172 231/687/172 227/686/172 228/685/172
f 229/692/173 230/691/173 228/690/173 225/689/173
f 227/696/174 231/695/174 232/694/174 226/693/174
o group1636499047
g mesh1636499047
usemtl mat21
f 236/700/175 235/699/175 234/698/175 233/697/175
f 240/704/176 239/703/176 238/702/176 237/701/176
f 234/708/177 240/707/177 237/706/177 233/705/177
f 238/712/178 239/711/178 235/710/178 236/709/178
f 237/716/179 238/715/179 236/714/179 233/713/179
f 235/720/180 239/719/180 240/718/180 234/717/180
o group1443614901
g mesh1443614901
usemtl mat24
f 244/724/181 243/723/181 242/722/181 241/721/181
f 248/728/182 247/727/182 246/726/182 245/725/182
f 242/732/183 248/731/183 245/730/183 241/729/183
f 246/736/184 247/735/184 243/734/184 244/733/184
f 245/740/185 246/739/185 244/738/185 241/737/185
f 243/744/186 247/743/186 248/742/186 242/741/186
o group1567990600
g mesh1567990600
usemtl mat24
f 252/748/187 251/747/187 250/746/187 249/745/187
f 256/752/188 255/751/188 254/750/188 253/749/188
f 250/756/189 256/755/189 253/754/189 249/753/189
f 254/760/190 255/759/190 251/758/190 252/757/190
f 253/764/191 254/763/191 252/762/191 249/761/191
f 251/768/192 255/767/192 256/766/192 250/765/192
o group318304251
g mesh318304251
usemtl mat24
f 260/772/193 259/771/193 258/770/193 257/769/193
f 264/776/194 263/775/194 262/774/194 261/773/194
f 258/780/195 264/779/195 261/778/195 257/777/195
f 262/784/196 263/783/196 259/782/196 260/781/196
f 261/788/197 262/787/197 260/786/197 257/785/197
f 259/792/198 263/791/198 264/790/198 258/789/198
o group593852955
g mesh593852955
usemtl mat24
f 268/796/199 267/795/199 266/794/199 265/793/199
f 272/800/200 271/799/200 270/798/200 269/797/200
f 266/804/201 272/803/201 269/802/201 265/801/201
f 270/808/202 271/807/202 267/806/202 268/805/202
f 269/812/203 270/811/203 268/810/203 265/809/203
f 267/816/204 271/815/204 272/814/204 266/813/204
o group1535698133
g mesh1535698133
usemtl mat21
f 116/340/85 115/339/85 114/338/85 113/337/85
f 120/344/86 119/343/86 118/342/86 117/341/86
f 114/348/87 120/347/87 117/346/87 113/345/87
f 118/352/88 119/351/88 115/350/88 116/349/88
f 117/356/89 118/355/89 116/354/89 113/353/89
f 115/360/90 119/359/90 120/358/90 114/357/90
f 124/364/91 123/363/91 122/362/91 121/361/91
f 128/368/92 127/367/92 126/366/92 125/365/92
f 122/372/93 128/371/93 125/370/93 121/369/93
f 126/376/94 127/375/94 123/374/94 124/373/94
f 125/380/95 126/379/95 124/378/95 121/377/95
f 123/384/96 127/383/96 128/382/96 122/381/96
f 148/436/109 147/435/109 146/434/109 145/433/109
f 152/440/110 151/439/110 150/438/110 149/437/110
f 146/444/111 152/443/111 149/442/111 145/441/111
f 150/448/112 151/447/112 147/446/112 148/445/112
f 149/452/113 150/451/113 148/450/113 145/449/113
f 147/456/114 151/455/114 152/454/114 146/453/114
f 156/460/115 155/459/115 154/458/115 153/457/115
f 160/464/116 159/463/116 158/462/116 157/461/116
f 154/468/117 160/467/117 157/466/117 153/465/117
f 158/472/118 159/471/118 155/470/118 156/469/118
f 157/476/119 158/475/119 156/474/119 153/473/119
f 155/480/120 159/479/120 160/478/120 154/477/120
o group1774269592
g mesh1774269592
usemtl mat15
f 276/820/205 275/819/205 274/818/205 273/817/205
f 275/824/206 278/823/206 277/822/206 274/821/206
f 278/828/207 280/827/207 279/826/207 277/825/207
f 280/832/208 282/831/208 281/830/208 279/829/208
f 282/836/209 284/835/209 283/834/209 281/833/209
f 284/840/210 286/839/210 285/838/210 283/837/210
f 286/844/211 288/843/211 287/842/211 285/841/211
f 288/848/212 290/847/212 289/846/212 287/845/212
f 290/852/213 292/851/213 291/850/213 289/849/213
f 292/856/214 294/855/214 293/854/214 291/853/214
f 294/860/215 296/859/215 295/858/215 293/857/215
f 296/864/216 276/863/216 273/862/216 295/861/216
f 273/876/217 274/875/217 277/874/217 279/873/217 281/872/217 283/871/217 285/870/217 287/869/217 289/868/217 291/867/217 293/866/217 295/865/217
f 296/888/218 294/887/218 292/886/218 290/885/218 288/884/218 286/883/218 284/882/218 282/881/218 280/880/218 278/879/218 275/878/218 276/877/218
f 300/892/219 299/891/219 298/890/219 297/889/219
f 299/896/220 302/895/220 301/894/220 298/893/220
f 302/900/221 304/899/221 303/898/221 301/897/221
f 304/904/222 306/903/222 305/902/222 303/901/222
f 306/908/223 308/907/223 307/906/223 305/905/223
f 308/912/224 310/911/224 309/910/224 307/909/224
f 310/916/225 312/915/225 311/914/225 309/913/225
f 312/920/226 314/919/226 313/918/226 311/917/226
f 314/924/227 316/923/227 315/922/227 313/921/227
f 316/928/228 318/927/228 317/926/228 315/925/228
f 318/932/229 320/931/229 319/930/229 317/929/229
f 320/936/230 300/935/230 297/934/230 319/933/230
f 297/948/231 298/947/231 301/946/231 303/945/231 305/944/231 307/943/231 309/942/231 311/941/231 313/940/231 315/939/231 317/938/231 319/937/231
f 320/960/232 318/959/232 316/958/232 314/957/232 312/956/232 310/955/232 308/954/232 306/953/232 304/952/232 302/951/232 299/950/232 300/949/232
o group1673461948
g mesh1673461948
usemtl mat15
f 324/964/233 323/963/233 322/962/233 321/961/233
f 323/968/234 326/967/234 325/966/234 322/965/234
f 326/972/235 328/971/235 327/970/235 325/969/235
f 328/976/236 330/975/236 329/974/236 327/973/236
f 330/980/237 332/979/237 331/978/237 329/977/237
f 332/984/238 334/983/238 333/982/238 331/981/238
f 334/988/239 336/987/239 335/986/239 333/985/239
f 336/992/240 338/991/240 337/990/240 335/989/240
f 338/996/241 340/995/241 339/994/241 337/993/241
f 340/1000/242 342/999/242 341/998/242 339/997/242
f 342/1004/243 344/1003/243 343/1002/243 341/1001/243
f 344/1008/244 324/1007/244 321/1006/244 343/1005/244
f 321/1020/245 322/1019/245 325/1018/245 327/1017/245 329/1016/245 331/1015/245 333/1014/245 335/1013/245 337/1012/245 339/1011/245 341/1010/245 343/1009/245
f 344/1032/246 342/1031/246 340/1030/246 338/1029/246 336/1028/246 334/1027/246 332/1026/246 330/1025/246 328/1024/246 326/1023/246 323/1022/246 324/1021/246
f 348/1036/247 347/1035/247 346/1034/247 345/1033/247
f 347/1040/248 350/1039/248 349/1038/248 346/1037/248
f 350/1044/249 352/1043/249 351/1042/249 349/1041/249
f 352/1048/250 354/1047/250 353/1046/250 351/1045/250
f 354/1052/251 356/1051/251 355/1050/251 353/1049/251
f 356/1056/252 358/1055/252 357/1054/252 355/1053/252
f 358/1060/253 360/1059/253 359/1058/253 357/1057/253
f 360/1064/254 362/1063/254 361/1062/254 359/1061/254
f 362/1068/255 364/1067/255 363/1066/255 361/1065/255
f 364/1072/256 366/1071/256 365/1070/256 363/1069/256
f 366/1076/257 368/1075/257 367/1074/257 365/1073/257
f 368/1080/258 348/1079/258 345/1078/258 367/1077/258
f 345/1092/259 346/1091/259 349/1090/259 351/1089/259 353/1088/259 355/1087/259 357/1086/259 359/1085/259 361/1084/259 363/1083/259 365/1082/259 367/1081/259
f 368/1104/260 366/1103/260 364/1102/260 362/1101/260 360/1100/260 358/1099/260 356/1098/260 354/1097/260 352/1096/260 350/1095/260 347/1094/260 348/1093/260
o group2119632747
g mesh2119632747
usemtl mat15
f 372/1108/261 371/1107/261 370/1106/261 369/1105/261
f 371/1112/262 374/1111/262 373/1110/262 370/1109/262
f 374/1116/263 376/1115/263 375/1114/263 373/1113/263
f 376/1120/264 378/1119/264 377/1118/264 375/1117/264
f 378/1124/265 380/1123/265 379/1122/265 377/1121/265
f 380/1128/266 382/1127/266 381/1126/266 379/1125/266
f 382/1132/267 384/1131/267 383/1130/267 381/1129/267
f 384/1136/268 386/1135/268 385/1134/268 383/1133/268
f 386/1140/269 388/1139/269 387/1138/269 385/1137/269
f 388/1144/270 390/1143/270 389/1142/270 387/1141/270
f 390/1148/271 392/1147/271 391/1146/271 389/1145/271
f 392/1152/272 372/1151/272 369/1150/272 391/1149/272
f 369/1164/273 370/1163/273 373/1162/273 375/1161/273 377/1160/273 379/1159/273 381/1158/273 383/1157/273 385/1156/273 387/1155/273 389/1154/273 391/1153/273
f 392/1176/274 390/1175/274 388/1174/274 386/1173/274 384/1172/274 382/1171/274 380/1170/274 378/1169/274 376/1168/274 374/1167/274 371/1166/274 372/1165/274
f 396/1180/275 395/1179/275 394/1178/275 393/1177/275
f 395/1184/276 398/1183/276 397/1182/276 394/1181/276
f 398/1188/277 400/1187/277 399/1186/277 397/1185/277
f 400/1192/278 402/1191/278 401/1190/278 399/1189/278
f 402/1196/279 404/1195/279 403/1194/279 401/1193/279
f 404/1200/280 406/1199/280 405/1198/280 403/1197/280
f 406/1204/281 408/1203/281 407/1202/281 405/1201/281
f 408/1208/282 410/1207/282 409/1206/282 407/1205/282
f 410/1212/283 412/1211/283 411/1210/283 409/1209/283
f 412/1216/284 414/1215/284 413/1214/284 411/1213/284
f 414/1220/285 416/1219/285 415/1218/285 413/1217/285
f 416/1224/286 396/1223/286 393/1222/286 415/1221/286
f 393/1236/287 394/1235/287 397/1234/287 399/1233/287 401/1232/287 403/1231/287 405/1230/287 407/1229/287 409/1228/287 411/1227/287 413/1226/287 415/1225/287
f 416/1248/288 414/1247/288 412/1246/288 410/1245/288 408/1244/288 406/1243/288 404/1242/288 402/1241/288 400/1240/288 398/1239/288 395/1238/288 396/1237/288
o group2042306470
g mesh2042306470
usemtl mat15
f 420/1252/289 419/1251/289 418/1250/289 417/1249/289
f 419/1256/290 422/1255/290 421/1254/290 418/1253/290
f 422/1260/291 424/1259/291 423/1258/291 421/1257/291
f 424/1264/292 426/1263/292 425/1262/292 423/1261/292
f 426/1268/293 428/1267/293 427/1266/293 425/1265/293
f 428/1272/294 430/1271/294 429/1270/294 427/1269/294
f 430/1276/295 432/1275/295 431/1274/295 429/1273/295
f 432/1280/296 434/1279/296 433/1278/296 431/1277/296
f 434/1284/297 436/1283/297 435/1282/297 433/1281/297
f 436/1288/298 438/1287/298 437/1286/298 435/1285/298
f 438/1292/299 440/1291/299 439/1290/299 437/1289/299
f 440/1296/300 420/1295/300 417/1294/300 439/1293/300
f 417/1308/301 418/1307/301 421/1306/301 423/1305/301 425/1304/301 427/1303/301 429/1302/301 431/1301/301 433/1300/301 435/1299/301 437/1298/301 439/1297/301
f 440/1320/302 438/1319/302 436/1318/302 434/1317/302 432/1316/302 430/1315/302 428/1314/302 426/1313/302 424/1312/302 422/1311/302 419/1310/302 420/1309/302
f 444/1324/303 443/1323/303 442/1322/303 441/1321/303
f 443/1328/304 446/1327/304 445/1326/304 442/1325/304
f 446/1332/305 448/1331/305 447/1330/305 445/1329/305
f 448/1336/306 450/1335/306 449/1334/306 447/1333/306
f 450/1340/307 452/1339/307 451/1338/307 449/1337/307
f 452/1344/308 454/1343/308 453/1342/308 451/1341/308
f 454/1348/309 456/1347/309 455/1346/309 453/1345/309
f 456/1352/310 458/1351/310 457/1350/310 455/1349/310
f 458/1356/311 460/1355/311 459/1354/311 457/1353/311
f 460/1360/312 462/1359/312 461/1358/312 459/1357/312
f 462/1364/313 464/1363/313 463/1362/313 461/1361/313
f 464/1368/314 444/1367/314 441/1366/314 463/1365/314
f 441/1380/315 442/1379/315 445/1378/315 447/1377/315 449/1376/315 451/1375/315 453/1374/315 455/1373/315 457/1372/315 459/1371/315 461/1370/315 463/1369/315
f 464/1392/316 462/1391/316 460/1390/316 458/1389/316 456/1388/316 454/1387/316 452/1386/316 450/1385/316 448/1384/316 446/1383/316 443/1382/316 444/1381/316
o group1015757049
g mesh1015757049
usemtl mat15
f 467/1395/317 466/1394/317 465/1393/317
f 469/1398/318 468/1397/318 466/1396/318
f 471/1401/319 470/1400/319 468/1399/319
f 473/1404/320 472/1403/320 470/1402/320
f 475/1407/321 474/1406/321 472/1405/321
f 475/1410/322 476/1409/322 474/1408/322
f 478/1413/323 477/1412/323 476/1411/323
f 478/1416/324 479/1415/324 477/1414/324
f 481/1419/325 480/1418/325 479/1417/325
f 483/1422/326 482/1421/326 480/1420/326
f 483/1425/327 484/1424/327 482/1423/327
f 483/1428/328 465/1427/328 484/1426/328
f 465/1440/329 466/1439/329 468/1438/329 470/1437/329 472/1436/329 474/1435/329 476/1434/329 477/1433/329 479/1432/329 480/1431/329 482/1430/329 484/1429/329
f 481/1443/330 483/1442/330 480/1441/330
f 483/1446/331 485/1445/331 482/1444/331
f 482/1449/332 485/1448/332 483/1447/332
f 469/1452/333 471/1451/333 468/1450/333
f 486/1455/334 471/1454/334 469/1453/334
f 487/1458/335 469/1457/335 467/1456/335
f 473/1461/336 486/1460/336 487/1459/336
f 475/1464/337 473/1463/337 467/1462/337
f 488/1467/338 475/1466/338 467/1465/338
f 478/1470/339 488/1469/339 467/1468/339
f 481/1473/340 478/1472/340 467/1471/340
f 483/1476/341 481/1475/341 467/1474/341
f 471/1479/342 486/1478/342 470/1477/342
f 470/1482/343 486/1481/343 473/1480/343
f 475/1485/344 488/1484/344 476/1483/344
f 476/1488/345 488/1487/345 478/1486/345
f 472/1491/346 473/1490/346 475/1489/346
f 478/1494/347 481/1493/347 479/1492/347
f 487/1497/348 486/1496/348 469/1495/348
f 467/1500/349 469/1499/349 466/1498/349
f 483/1503/350 467/1502/350 465/1501/350
f 487/1506/351 467/1505/351 473/1504/351
f 531/1707/415 530/1706/415 529/1705/415
f 530/1710/416 533/1709/416 532/1708/416
f 533/1713/417 535/1712/417 534/1711/417
f 535/1716/418 536/1715/418 534/1714/418
f 536/1719/419 538/1718/419 537/1717/419
f 538/1722/420 531/1721/420 537/1720/420
f 536/1725/421 539/1724/421 534/1723/421
f 540/1728/422 539/1727/422 536/1726/422
f 540/1731/423 537/1730/423 541/1729/423
f 539/1734/424 540/1733/424 541/1732/424
f 534/1737/425 539/1736/425 541/1735/425
f 542/1740/426 532/1739/426 541/1738/426
f 543/1743/427 542/1742/427 541/1741/427
f 544/1746/428 543/1745/428 541/1744/428
f 529/1749/429 544/1748/429 541/1747/429
f 537/1752/430 540/1751/430 536/1750/430
f 529/1755/431 541/1754/431 531/1753/431
f 531/1758/432 541/1757/432 537/1756/432
f 533/1761/433 541/1760/433 532/1759/433
f 534/1764/434 541/1763/434 533/1762/434
f 530/1767/435 543/1766/435 544/1765/435
f 542/1770/436 543/1769/436 530/1768/436
f 530/1773/437 544/1772/437 529/1771/437
f 532/1776/438 542/1775/438 530/1774/438
f 533/1779/439 530/1778/439 531/1777/439
f 535/1782/440 533/1781/440 531/1780/440
f 536/1785/441 535/1784/441 531/1783/441
f 538/1788/442 536/1787/442 531/1786/442
o group65801495
g mesh65801495
usemtl mat15
f 491/1509/352 490/1508/352 489/1507/352
f 493/1512/353 492/1511/353 490/1510/353
f 495/1515/354 494/1514/354 492/1513/354
f 497/1518/355 496/1517/355 494/1516/355
f 499/1521/356 498/1520/356 496/1519/356
f 499/1524/357 500/1523/357 498/1522/357
f 502/1527/358 501/1526/358 500/1525/358
f 502/1530/359 503/1529/359 501/1528/359
f 505/1533/360 504/1532/360 503/1531/360
f 507/1536/361 506/1535/361 504/1534/361
f 507/1539/362 508/1538/362 506/1537/362
f 507/1542/363 489/1541/363 508/1540/363
f 489/1554/364 490/1553/364 492/1552/364 494/1551/364 496/1550/364 498/1549/364 500/1548/364 501/1547/364 503/1546/364 504/1545/364 506/1544/364 508/1543/364
f 505/1557/365 507/1556/365 504/1555/365
f 507/1560/366 509/1559/366 506/1558/366
f 506/1563/367 509/1562/367 507/1561/367
f 493/1566/368 495/1565/368 492/1564/368
f 510/1569/369 495/1568/369 493/1567/369
f 511/1572/370 493/1571/370 491/1570/370
f 497/1575/371 510/1574/371 511/1573/371
f 499/1578/372 497/1577/372 491/1576/372
f 512/1581/373 499/1580/373 491/1579/373
f 502/1584/374 512/1583/374 491/1582/374
f 505/1587/375 502/1586/375 491/1585/375
f 507/1590/376 505/1589/376 491/1588/376
f 495/1593/377 510/1592/377 494/1591/377
f 494/1596/378 510/1595/378 497/1594/378
f 499/1599/379 512/1598/379 500/1597/379
f 500/1602/380 512/1601/380 502/1600/380
f 496/1605/381 497/1604/381 499/1603/381
f 502/1608/382 505/1607/382 503/1606/382
f 511/1611/383 510/1610/383 493/1609/383
f 491/1614/384 493/1613/384 490/1612/384
f 507/1617/385 491/1616/385 489/1615/385
f 511/1620/386 491/1619/386 497/1618/386
f 515/1623/387 514/1622/387 513/1621/387
f 514/1626/388 517/1625/388 516/1624/388
f 517/1629/389 519/1628/389 518/1627/389
f 519/1632/390 520/1631/390 518/1630/390
f 520/1635/391 522/1634/391 521/1633/391
f 522/1638/392 515/1637/392 521/1636/392
f 520/1641/393 523/1640/393 518/1639/393
f 524/1644/394 523/1643/394 520/1642/394
f 524/1647/395 521/1646/395 525/1645/395
f 523/1650/396 524/1649/396 525/1648/396
f 518/1653/397 523/1652/397 525/1651/397
f 526/1656/398 516/1655/398 525/1654/398
f 527/1659/399 526/1658/399 525/1657/399
f 528/1662/400 527/1661/400 525/1660/400
f 513/1665/401 528/1664/401 525/1663/401
f 521/1668/402 524/1667/402 520/1666/402
f 513/1671/403 525/1670/403 515/1669/403
f 515/1674/404 525/1673/404 521/1672/404
f 517/1677/405 525/1676/405 516/1675/405
f 518/1680/406 525/1679/406 517/1678/406
f 514/1683/407 527/1682/407 528/1681/407
f 526/1686/408 527/1685/408 514/1684/408
f 514/1689/409 528/1688/409 513/1687/409
f 516/1692/410 526/1691/410 514/1690/410
f 517/1695/411 514/1694/411 515/1693/411
f 519/1698/412 517/1697/412 515/1696/412
f 520/1701/413 519/1700/413 515/1699/413
f 522/1704/414 520/1703/414 515/1702/414
o group1039596681
g mesh1039596681
usemtl mat15
f 547/1791/443 546/1790/443 545/1789/443
f 549/1794/444 548/1793/444 546/1792/444
f 551/1797/445 550/1796/445 548/1795/445
f 553/1800/446 552/1799/446 550/1798/446
f 555/1803/447 554/1802/447 552/1801/447
f 555/1806/448 556/1805/448 554/1804/448
f 558/1809/449 557/1808/449 556/1807/449
f 558/1812/450 559/1811/450 557/1810/450
f 561/1815/451 560/1814/451 559/1813/451
f 563/1818/452 562/1817/452 560/1816/452
f 563/1821/453 564/1820/453 562/1819/453
f 563/1824/454 545/1823/454 564/1822/454
f 545/1836/455 546/1835/455 548/1834/455 550/1833/455 552/1832/455 554/1831/455 556/1830/455 557/1829/455 559/1828/455 560/1827/455 562/1826/455 564/1825/455
f 561/1839/456 563/1838/456 560/1837/456
f 563/1842/457 565/1841/457 562/1840/457
f 562/1845/458 565/1844/458 563/1843/458
f 549/1848/459 551/1847/459 548/1846/459
f 566/1851/460 551/1850/460 549/1849/460
f 567/1854/461 549/1853/461 547/1852/461
f 553/1857/462 566/1856/462 567/1855/462
f 555/1860/463 553/1859/463 547/1858/463
f 568/1863/464 555/1862/464 547/1861/464
f 558/1866/465 568/1865/465 547/1864/465
f 561/1869/466 558/1868/466 547/1867/466
f 563/1872/467 561/1871/467 547/1870/467
f 551/1875/468 566/1874/468 550/1873/468
f 550/1878/469 566/1877/469 553/1876/469
f 555/1881/470 568/1880/470 556/1879/470
f 556/1884/471 568/1883/471 558/1882/471
f 552/1887/472 553/1886/472 555/1885/472
f 558/1890/473 561/1889/473 559/1888/473
f 567/1893/474 566/1892/474 549/1891/474
f 547/1896/475 549/1895/475 546/1894/475
f 563/1899/476 547/1898/476 545/1897/476
f 567/1902/477 547/1901/477 553/1900/477
f 571/1905/478 570/1904/478 569/1903/478
f 570/1908/479 573/1907/479 572/1906/479
f 573/1911/480 575/1910/480 574/1909/480
f 575/1914/481 576/1913/481 574/1912/481
f 576/1917/482 578/1916/482 577/1915/482
f 578/1920/483 571/1919/483 577/1918/483
f 576/1923/484 579/1922/484 574/1921/484
f 580/1926/485 579/1925/485 576/1924/485
f 580/1929/486 577/1928/486 581/1927/486
f 579/1932/487 580/1931/487 581/1930/487
f 574/1935/488 579/1934/488 581/1933/488
f 582/1938/489 572/1937/489 581/1936/489
f 583/1941/490 582/1940/490 581/1939/490
f 584/1944/491 583/1943/491 581/1942/491
f 569/1947/492 584/1946/492 581/1945/492
f 577/1950/493 580/1949/493 576/1948/493
f 569/1953/494 581/1952/494 571/1951/494
f 571/1956/495 581/1955/495 577/1954/495
f 573/1959/496 581/1958/496 572/1957/496
f 574/1962/497 581/1961/497 573/1960/497
f 570/1965/498 583/1964/498 584/1963/498
f 582/1968/499 583/1967/499 570/1966/499
f 570/1971/500 584/1970/500 569/1969/500
f 572/1974/501 582/1973/501 570/1972/501
f 573/1977/502 570/1976/502 571/1975/502
f 575/1980/503 573/1979/503 571/1978/503
f 576/1983/504 575/1982/504 571/1981/504
f 578/1986/505 576/1985/505 571/1984/505
o group1932614466
g mesh1932614466
usemtl mat15
f 587/1989/506 586/1988/506 585/1987/506
f 589/1992/507 588/1991/507 586/1990/507
f 591/1995/508 590/1994/508 588/1993/508
f 593/1998/509 592/1997/509 590/1996/509
f 595/2001/510 594/2000/510 592/1999/510
f 595/2004/511 596/2003/511 594/2002/511
f 598/2007/512 597/2006/512 596/2005/512
f 598/2010/513 599/2009/513 597/2008/513
f 601/2013/514 600/2012/514 599/2011/514
f 603/2016/515 602/2015/515 600/2014/515
f 603/2019/516 604/2018/516 602/2017/516
f 603/2022/517 585/2021/517 604/2020/517
f 585/2034/518 586/2033/518 588/2032/518 590/2031/518 592/2030/518 594/2029/518 596/2028/518 597/2027/518 599/2026/518 600/2025/518 602/2024/518 604/2023/518
f 601/2037/519 603/2036/519 600/2035/519
f 603/2040/520 605/2039/520 602/2038/520
f 602/2043/521 605/2042/521 603/2041/521
f 589/2046/522 591/2045/522 588/2044/522
f 606/2049/523 591/2048/523 589/2047/523
f 607/2052/524 589/2051/524 587/2050/524
f 593/2055/525 606/2054/525 607/2053/525
f 595/2058/526 593/2057/526 587/2056/526
f 608/2061/527 595/2060/527 587/2059/527
f 598/2064/528 608/2063/528 587/2062/528
f 601/2067/529 598/2066/529 587/2065/529
f 603/2070/530 601/2069/530 587/2068/530
f 591/2073/531 606/2072/531 590/2071/531
f 590/2076/532 606/2075/532 593/2074/532
f 595/2079/533 608/2078/533 596/2077/533
f 596/2082/534 608/2081/534 598/2080/534
f 592/2085/535 593/2084/535 595/2083/535
f 598/2088/536 601/2087/536 599/2086/536
f 607/2091/537 606/2090/537 589/2089/537
f 587/2094/538 589/2093/538 586/2092/538
f 603/2097/539 587/2096/539 585/2095/539
f 607/2100/540 587/2099/540 593/2098/540
f 611/2103/541 610/2102/541 609/2101/541
f 610/2106/542 613/2105/542 612/2104/542
f 613/2109/543 615/2108/543 614/2107/543
f 615/2112/544 616/2111/544 614/2110/544
f 616/2115/545 618/2114/545 617/2113/545
f 618/2118/546 611/2117/546 617/2116/546
f 616/2121/547 619/2120/547 614/2119/547
f 620/2124/548 619/2123/548 616/2122/548
f 620/2127/549 617/2126/549 621/2125/549
f 619/2130/550 620/2129/550 621/2128/550
f 614/2133/551 619/2132/551 621/2131/551
f 622/2136/552 612/2135/552 621/2134/552
f 623/2139/553 622/2138/553 621/2137/553
f 624/2142/554 623/2141/554 621/2140/554
f 609/2145/555 624/2144/555 621/2143/555
f 617/2148/556 620/2147/556 616/2146/556
f 609/2151/557 621/2150/557 611/2149/557
f 611/2154/558 621/2153/558 617/2152/558
f 613/2157/559 621/2156/559 612/2155/559
f 614/2160/560 621/2159/560 613/2158/560
f 610/2163/561 623/2162/561 624/2161/561
f 622/2166/562 623/2165/562 610/2164/562
f 610/2169/563 624/2168/563 609/2167/563
f 612/2172/564 622/2171/564 610/2170/564
f 613/2175/565 610/2174/565 611/2173/565
f 615/2178/566 613/2177/566 611/2176/566
f 616/2181/567 615/2180/567 611/2179/567
f 618/2184/568 616/2183/568 611/2182/568
