# File produced by AccuTrans 3D

mtllib 27.mtl

v 363.294495 5.2634 -191.385452
v 363.294495 5.6436 -191.385452
v 362.749603 5.6436 -192.329254
v 363.148499 5.2634 -191.930344
v 363.148499 5.6436 -191.930344
v 362.749603 5.2634 -192.329254
v 361.65979 5.6436 -192.329254
v 362.204712 5.6436 -192.47525
v 361.65979 5.2634 -192.329254
v 361.260895 5.6436 -191.930344
v 361.260895 5.2634 -190.840546
v 361.114899 5.6436 -191.385452
v 361.65979 5.6436 -190.44165
v 361.260895 5.6436 -190.840546
v 362.204712 5.6436 -190.295654
v 363.148499 5.6436 -190.840546
v 362.749603 5.6436 -190.44165
v 363.272705 5.1375 -192.002045
v 362.204712 5.2634 -192.47525
v 361.588104 5.1375 -192.453445
v 361.260895 5.2634 -191.930344
v 361.114899 5.2634 -191.385452
v 360.971405 5.1375 -191.385452
v 361.588104 5.1375 -190.317444
v 361.65979 5.2634 -190.44165
v 362.204712 5.1375 -190.152252
v 362.204712 5.2634 -190.295654
v 362.749603 5.2634 -190.44165
v 363.148499 5.2634 -190.840546
v 362.81131 0.874 -191.385452
v 362.749603 4.8974 -192.329254
v 362.507996 0.874 -191.910858
v 362.204712 4.8974 -192.47525
v 361.65979 4.8974 -192.329254
v 361.114899 4.8974 -191.385452
v 361.679291 0.874 -191.082153
v 361.901306 0.874 -190.860046
v 362.204712 0.874 -190.778854
v 362.749603 4.8974 -190.44165
v 362.507996 0.874 -190.860046
v 363.148499 4.8974 -190.840546
v 362.84021 0.7458 -191.752457
v 362.730103 0.874 -191.688858
v 362.204712 0.874 -191.992157
v 361.569092 0.7458 -191.752457
v 361.837708 0.7458 -192.021057
v 361.901306 0.874 -191.910858
v 361.679291 0.874 -191.688858
v 361.597992 0.874 -191.385452
v 361.569092 0.7458 -191.018555
v 361.470795 0.7458 -191.385452
v 362.730103 0.874 -191.082153
v 362.81131 0.3008 -191.385452
v 362.730103 0.5397 -191.688858
v 362.204712 0.3008 -191.992157
v 362.507996 0.3008 -191.910858
v 361.901306 0.5397 -191.910858
v 361.679291 0.5397 -191.688858
v 361.597992 0.3008 -191.385452
v 361.679291 0.3008 -191.082153
v 362.204712 0.5397 -190.778854
v 362.817291 4.9922 -192.446548
v 363.148499 4.8974 -191.930344
v 362.204712 4.9922 -192.610748
v 361.592102 4.9922 -192.446548
v 361.143616 4.9922 -191.998047
v 361.260895 4.8974 -191.930344
v 360.979401 4.9922 -191.385452
v 361.260895 4.8974 -190.840546
v 362.204712 4.8974 -190.295654
v 361.65979 4.8974 -190.44165
v 363.294495 4.8974 -191.385452
v 362.81131 0.5397 -191.385452
v 362.507996 0.5397 -191.910858
v 362.571594 0.6475 -192.021057
v 362.204712 0.5397 -191.992157
v 361.597992 0.5397 -191.385452
v 361.901306 0.5397 -190.860046
v 361.679291 0.5397 -191.082153
v 362.204712 0.6475 -190.65155
v 362.571594 0.6475 -190.749954
v 362.84021 0.6475 -191.018555
v 362.507996 0.5397 -190.860046
v 362.938599 0.6475 -191.385452
v 362.730103 0.5397 -191.082153
v 362.730103 0.3008 -191.688858
v 361.901306 0.3008 -191.910858
v 362.204712 0.2124 -192.100143
v 361.679291 0.3008 -191.688858
v 361.585693 0.2124 -191.028152
v 361.84729 0.2124 -190.766556
v 361.901306 0.3008 -190.860046
v 362.204712 0.2124 -190.670746
v 362.204712 0.3008 -190.778854
v 362.823608 0.2124 -191.028152
v 362.507996 0.3008 -190.860046
v 362.730103 0.3008 -191.082153
v 362.823608 0.1062 -191.742844
v 362.730103 0 -191.688858
v 362.507996 0 -191.910858
v 362.204712 0 -191.992157
v 362.204712 0.1062 -192.100143
v 361.84729 0.1062 -192.004456
v 361.585693 0.1062 -191.742844
v 361.901306 0 -190.860046
v 361.679291 0 -191.082153
v 361.84729 0.1062 -190.766556
v 362.507996 0 -190.860046
v 362.204712 0 -190.778854
v 362.823608 0.1062 -191.028152
v 362.81131 0 -191.385452
v 362.919403 0.1062 -191.385452
v 362.84021 0.6475 -191.752457
v 362.204712 0.6475 -192.119354
v 362.571594 0.7458 -192.021057
v 362.204712 0.7458 -192.119354
v 361.837708 0.6475 -192.021057
v 361.569092 0.6475 -191.752457
v 361.569092 0.6475 -191.018555
v 361.470795 0.6475 -191.385452
v 361.837708 0.6475 -190.749954
v 361.837708 0.7458 -190.749954
v 362.204712 0.7458 -190.65155
v 362.571594 0.7458 -190.749954
v 362.84021 0.7458 -191.018555
v 362.938599 0.7458 -191.385452
v 362.823608 0.2124 -191.742844
v 362.562012 0.2124 -192.004456
v 362.562012 0.1062 -192.004456
v 361.84729 0.2124 -192.004456
v 361.585693 0.2124 -191.742844
v 361.48999 0.1062 -191.385452
v 361.48999 0.2124 -191.385452
v 361.585693 0.1062 -191.028152
v 362.204712 0.1062 -190.670746
v 362.562012 0.1062 -190.766556
v 362.562012 0.2124 -190.766556
v 362.919403 0.2124 -191.385452
v 363.265686 4.9922 -191.998047
v 362.821289 5.1375 -192.453445
v 362.204712 5.1375 -192.618744
v 361.136688 5.1375 -192.002045
v 361.136688 5.1375 -190.768845
v 361.592102 4.9922 -190.324448
v 361.143616 4.9922 -190.772858
v 362.204712 4.9922 -190.160248
v 362.821289 5.1375 -190.317444
v 363.265686 4.9922 -190.772858
v 362.817291 4.9922 -190.324448
v 363.272705 5.1375 -190.768845
v 363.437897 5.1375 -191.385452
v 363.429901 4.9922 -191.385452
v 362.730103 0 -191.082153
v 361.901306 0 -191.910858
v 361.679291 0 -191.688858
v 361.597992 0 -191.385452
v 363.294495 5.6436 -216.529251
v 363.294495 5.2634 -216.529251
v 363.148499 5.2634 -215.984344
v 363.148499 5.6436 -215.984344
v 362.749603 5.6436 -215.585449
v 362.204712 5.6436 -215.439453
v 361.260895 5.6436 -215.984344
v 361.65979 5.6436 -215.585449
v 361.114899 5.6436 -216.529251
v 361.114899 5.2634 -216.529251
v 361.260895 5.6436 -217.074142
v 361.260895 5.2634 -217.074142
v 361.65979 5.6436 -217.473053
v 362.204712 5.6436 -217.619049
v 362.204712 5.2634 -217.619049
v 363.148499 5.6436 -217.074142
v 362.749603 5.6436 -217.473053
v 363.148499 5.2634 -217.074142
v 363.437897 5.1375 -216.529251
v 363.272705 5.1375 -215.912643
v 362.749603 5.2634 -215.585449
v 362.821289 5.1375 -215.461243
v 362.204712 5.1375 -215.295944
v 362.204712 5.2634 -215.439453
v 361.260895 5.2634 -215.984344
v 361.65979 5.2634 -215.585449
v 361.136688 5.1375 -217.145844
v 361.65979 5.2634 -217.473053
v 361.588104 5.1375 -217.597244
v 362.749603 5.2634 -217.473053
v 362.821289 5.1375 -217.597244
v 362.730103 0.874 -216.225845
v 362.507996 0.874 -216.003845
v 361.65979 4.8974 -215.585449
v 362.204712 4.8974 -215.439453
v 361.260895 4.8974 -215.984344
v 361.114899 4.8974 -216.529251
v 361.901306 0.874 -217.054657
v 361.260895 4.8974 -217.074142
v 361.679291 0.874 -216.83255
v 362.749603 4.8974 -217.473053
v 362.730103 0.874 -216.83255
v 362.81131 0.874 -216.529251
v 361.901306 0.874 -216.003845
v 362.204712 0.874 -215.922546
v 362.204712 0.7458 -215.795349
v 361.837708 0.7458 -215.893646
v 361.679291 0.874 -216.225845
v 361.569092 0.7458 -216.162247
v 361.597992 0.874 -216.529251
v 361.569092 0.7458 -216.896149
v 361.837708 0.7458 -217.164749
v 362.204712 0.874 -217.135849
v 362.204712 0.7458 -217.263153
v 362.571594 0.7458 -217.164749
v 362.507996 0.874 -217.054657
v 362.84021 0.7458 -216.896149
v 362.81131 0.3008 -216.529251
v 362.730103 0.5397 -216.225845
v 361.901306 0.3008 -216.003845
v 361.901306 0.5397 -216.003845
v 361.679291 0.5397 -216.225845
v 361.901306 0.5397 -217.054657
v 361.679291 0.5397 -216.83255
v 362.204712 0.5397 -217.135849
v 362.81131 0.5397 -216.529251
v 362.730103 0.5397 -216.83255
v 362.730103 0.3008 -216.83255
v 363.294495 4.8974 -216.529251
v 363.148499 4.8974 -215.984344
v 362.817291 4.9922 -215.468155
v 362.749603 4.8974 -215.585449
v 361.592102 4.9922 -215.468155
v 361.592102 4.9922 -217.590256
v 361.65979 4.8974 -217.473053
v 362.204712 4.8974 -217.619049
v 362.817291 4.9922 -217.590256
v 363.148499 4.8974 -217.074142
v 363.429901 4.9922 -216.529251
v 362.84021 0.6475 -216.162247
v 362.507996 0.5397 -216.003845
v 362.571594 0.6475 -215.893646
v 362.204712 0.5397 -215.922546
v 361.597992 0.5397 -216.529251
v 361.569092 0.6475 -216.896149
v 362.204712 0.6475 -217.263153
v 362.571594 0.6475 -217.164749
v 362.507996 0.5397 -217.054657
v 362.938599 0.6475 -216.529251
v 362.84021 0.6475 -216.896149
v 362.730103 0.3008 -216.225845
v 362.823608 0.2124 -216.171844
v 362.507996 0.3008 -216.003845
v 362.204712 0.3008 -215.922546
v 362.204712 0.2124 -215.814545
v 361.679291 0.3008 -216.225845
v 361.84729 0.2124 -215.910248
v 361.585693 0.2124 -216.171844
v 361.48999 0.2124 -216.529251
v 361.597992 0.3008 -216.529251
v 361.585693 0.2124 -216.886551
v 361.679291 0.3008 -216.83255
v 361.901306 0.3008 -217.054657
v 362.204712 0.2124 -217.243958
v 362.204712 0.3008 -217.135849
v 362.507996 0.3008 -217.054657
v 362.562012 0.2124 -217.148148
v 362.823608 0.2124 -216.886551
v 362.823608 0.1062 -216.171844
v 362.730103 0 -216.225845
v 362.507996 0 -216.003845
v 362.204712 0 -215.922546
v 362.204712 0.1062 -215.814545
v 361.585693 0.1062 -216.171844
v 361.901306 0 -216.003845
v 361.679291 0 -216.225845
v 361.48999 0.1062 -216.529251
v 361.585693 0.1062 -216.886551
v 361.597992 0 -216.529251
v 361.679291 0 -216.83255
v 361.901306 0 -217.054657
v 362.204712 0.1062 -217.243958
v 362.204712 0 -217.135849
v 362.823608 0.1062 -216.886551
v 362.919403 0.1062 -216.529251
v 362.84021 0.7458 -216.162247
v 362.938599 0.7458 -216.529251
v 362.204712 0.6475 -215.795349
v 362.571594 0.7458 -215.893646
v 361.837708 0.6475 -215.893646
v 361.569092 0.6475 -216.162247
v 361.470795 0.7458 -216.529251
v 361.470795 0.6475 -216.529251
v 361.837708 0.6475 -217.164749
v 362.919403 0.2124 -216.529251
v 362.562012 0.1062 -215.910248
v 362.562012 0.2124 -215.910248
v 361.84729 0.1062 -215.910248
v 361.84729 0.2124 -217.148148
v 361.84729 0.1062 -217.148148
v 362.562012 0.1062 -217.148148
v 363.265686 4.9922 -215.916656
v 362.204712 4.9922 -215.303955
v 361.588104 5.1375 -215.461243
v 361.143616 4.9922 -215.916656
v 360.971405 5.1375 -216.529251
v 361.136688 5.1375 -215.912643
v 360.979401 4.9922 -216.529251
v 361.143616 4.9922 -217.141846
v 362.204712 4.9922 -217.754456
v 362.204712 5.1375 -217.762451
v 363.265686 4.9922 -217.141846
v 363.272705 5.1375 -217.145844
v 362.81131 0 -216.529251
v 362.730103 0 -216.83255
v 362.507996 0 -217.054657
v 312.705505 5.6436 -191.385452
v 313.250397 5.6436 -192.329254
v 312.851501 5.6436 -191.930344
v 312.851501 5.2634 -191.930344
v 314.34021 5.6436 -192.329254
v 313.795288 5.6436 -192.47525
v 314.739105 5.6436 -191.930344
v 314.885101 5.2634 -191.385452
v 314.885101 5.6436 -191.385452
v 314.739105 5.6436 -190.840546
v 314.34021 5.6436 -190.44165
v 313.795288 5.2634 -190.295654
v 313.795288 5.6436 -190.295654
v 312.851501 5.6436 -190.840546
v 313.250397 5.6436 -190.44165
v 312.705505 5.2634 -191.385452
v 313.795288 5.2634 -192.47525
v 313.250397 5.2634 -192.329254
v 313.178711 5.1375 -192.453445
v 314.34021 5.2634 -192.329254
v 314.739105 5.2634 -191.930344
v 314.863312 5.1375 -190.768845
v 315.028595 5.1375 -191.385452
v 314.739105 5.2634 -190.840546
v 314.34021 5.2634 -190.44165
v 313.250397 5.2634 -190.44165
v 312.851501 5.2634 -190.840546
v 313.178711 5.1375 -190.317444
v 313.269897 0.874 -191.688858
v 313.795288 0.874 -191.992157
v 313.250397 4.8974 -192.329254
v 314.098694 0.874 -191.910858
v 314.739105 4.8974 -191.930344
v 314.320709 0.874 -191.082153
v 314.34021 4.8974 -190.44165
v 313.250397 4.8974 -190.44165
v 313.492004 0.874 -190.860046
v 312.851501 4.8974 -190.840546
v 313.269897 0.874 -191.082153
v 312.705505 4.8974 -191.385452
v 313.492004 0.874 -191.910858
v 313.15979 0.7458 -191.752457
v 313.428406 0.7458 -192.021057
v 314.402008 0.874 -191.385452
v 314.320709 0.874 -191.688858
v 314.430908 0.7458 -191.752457
v 314.430908 0.7458 -191.018555
v 313.795288 0.7458 -190.65155
v 314.098694 0.874 -190.860046
v 313.795288 0.874 -190.778854
v 313.428406 0.7458 -190.749954
v 313.18869 0.874 -191.385452
v 313.15979 0.7458 -191.018555
v 313.269897 0.5397 -191.688858
v 313.18869 0.5397 -191.385452
v 313.18869 0.3008 -191.385452
v 313.492004 0.3008 -191.910858
v 313.269897 0.3008 -191.688858
v 314.098694 0.3008 -191.910858
v 313.795288 0.5397 -191.992157
v 314.320709 0.3008 -191.688858
v 314.320709 0.5397 -191.688858
v 314.098694 0.5397 -191.910858
v 314.320709 0.3008 -191.082153
v 314.320709 0.5397 -191.082153
v 314.098694 0.3008 -190.860046
v 314.098694 0.5397 -190.860046
v 313.795288 0.3008 -190.778854
v 313.795288 0.5397 -190.778854
v 313.492004 0.3008 -190.860046
v 312.851501 4.8974 -191.930344
v 312.734314 4.9922 -191.998047
v 313.182709 4.9922 -192.446548
v 313.795288 4.8974 -192.47525
v 314.407898 4.9922 -192.446548
v 314.34021 4.8974 -192.329254
v 314.885101 4.8974 -191.385452
v 314.739105 4.8974 -190.840546
v 314.407898 4.9922 -190.324448
v 313.795288 4.9922 -190.160248
v 313.795288 4.8974 -190.295654
v 313.182709 4.9922 -190.324448
v 312.734314 4.9922 -190.772858
v 313.15979 0.6475 -191.752457
v 313.428406 0.6475 -192.021057
v 313.795288 0.6475 -192.119354
v 313.492004 0.5397 -191.910858
v 314.162292 0.6475 -192.021057
v 314.430908 0.6475 -191.752457
v 314.402008 0.5397 -191.385452
v 313.795288 0.6475 -190.65155
v 313.492004 0.5397 -190.860046
v 313.269897 0.5397 -191.082153
v 313.176392 0.2124 -191.742844
v 313.795288 0.3008 -191.992157
v 314.414307 0.2124 -191.742844
v 314.402008 0.3008 -191.385452
v 314.51001 0.2124 -191.385452
v 314.15271 0.2124 -190.766556
v 313.795288 0.2124 -190.670746
v 313.269897 0.3008 -191.082153
v 313.176392 0.2124 -191.028152
v 313.269897 0 -191.688858
v 313.492004 0 -191.910858
v 313.795288 0.1062 -192.100143
v 314.098694 0 -191.910858
v 314.402008 0 -191.385452
v 314.414307 0.1062 -191.028152
v 314.098694 0 -190.860046
v 313.437988 0.1062 -190.766556
v 313.795288 0.1062 -190.670746
v 313.795288 0 -190.778854
v 313.176392 0.1062 -191.028152
v 313.080597 0.1062 -191.385452
v 313.269897 0 -191.082153
v 313.18869 0 -191.385452
v 313.061401 0.6475 -191.385452
v 313.795288 0.7458 -192.119354
v 314.162292 0.7458 -192.021057
v 314.529205 0.6475 -191.385452
v 314.529205 0.7458 -191.385452
v 314.162292 0.7458 -190.749954
v 314.430908 0.6475 -191.018555
v 314.162292 0.6475 -190.749954
v 313.428406 0.6475 -190.749954
v 313.061401 0.7458 -191.385452
v 313.15979 0.6475 -191.018555
v 313.080597 0.2124 -191.385452
v 313.437988 0.1062 -192.004456
v 313.437988 0.2124 -192.004456
v 313.176392 0.1062 -191.742844
v 314.15271 0.1062 -192.004456
v 314.15271 0.2124 -192.004456
v 313.795288 0.2124 -192.100143
v 314.51001 0.1062 -191.385452
v 314.414307 0.1062 -191.742844
v 314.414307 0.2124 -191.028152
v 314.15271 0.1062 -190.766556
v 313.437988 0.2124 -190.766556
v 312.562103 5.1375 -191.385452
v 312.727295 5.1375 -192.002045
v 313.795288 4.9922 -192.610748
v 313.795288 5.1375 -192.618744
v 314.411896 5.1375 -192.453445
v 315.020599 4.9922 -191.385452
v 314.863312 5.1375 -192.002045
v 314.856384 4.9922 -191.998047
v 314.856384 4.9922 -190.772858
v 314.411896 5.1375 -190.317444
v 313.795288 5.1375 -190.152252
v 312.727295 5.1375 -190.768845
v 312.570099 4.9922 -191.385452
v 313.795288 0 -191.992157
v 313.492004 0 -190.860046
v 314.320709 0 -191.688858
v 314.320709 0 -191.082153
v 312.851501 5.6436 -215.984344
v 312.705505 5.6436 -216.529251
v 313.250397 5.2634 -215.585449
v 313.250397 5.6436 -215.585449
v 314.34021 5.2634 -215.585449
v 313.795288 5.6436 -215.439453
v 314.739105 5.6436 -215.984344
v 314.34021 5.6436 -215.585449
v 314.885101 5.6436 -216.529251
v 314.739105 5.2634 -217.074142
v 314.739105 5.6436 -217.074142
v 313.795288 5.6436 -217.619049
v 314.34021 5.2634 -217.473053
v 314.34021 5.6436 -217.473053
v 312.851501 5.2634 -217.074142
v 313.250397 5.6436 -217.473053
v 312.851501 5.6436 -217.074142
v 312.727295 5.1375 -215.912643
v 312.705505 5.2634 -216.529251
v 313.178711 5.1375 -215.461243
v 312.851501 5.2634 -215.984344
v 313.795288 5.2634 -215.439453
v 313.795288 5.1375 -215.295944
v 314.739105 5.2634 -215.984344
v 314.885101 5.2634 -216.529251
v 314.863312 5.1375 -217.145844
v 313.795288 5.2634 -217.619049
v 313.178711 5.1375 -217.597244
v 313.250397 5.2634 -217.473053
v 312.727295 5.1375 -217.145844
v 313.18869 0.874 -216.529251
v 313.269897 0.874 -216.225845
v 313.492004 0.874 -216.003845
v 313.795288 0.874 -215.922546
v 313.795288 4.8974 -215.439453
v 314.098694 0.874 -216.003845
v 314.34021 4.8974 -215.585449
v 314.739105 4.8974 -215.984344
v 314.402008 0.874 -216.529251
v 314.34021 4.8974 -217.473053
v 313.492004 0.874 -217.054657
v 312.705505 4.8974 -216.529251
v 313.269897 0.874 -216.83255
v 313.428406 0.7458 -215.893646
v 314.430908 0.7458 -216.162247
v 314.320709 0.874 -216.225845
v 314.529205 0.7458 -216.529251
v 314.430908 0.7458 -216.896149
v 314.320709 0.874 -216.83255
v 314.098694 0.874 -217.054657
v 313.795288 0.7458 -217.263153
v 313.795288 0.874 -217.135849
v 313.15979 0.7458 -216.896149
v 313.18869 0.3008 -216.529251
v 313.18869 0.5397 -216.529251
v 313.795288 0.3008 -215.922546
v 314.098694 0.5397 -216.003845
v 314.098694 0.3008 -216.003845
v 314.402008 0.3008 -216.529251
v 314.320709 0.3008 -216.225845
v 314.320709 0.5397 -216.225845
v 314.320709 0.3008 -216.83255
v 314.320709 0.5397 -216.83255
v 314.098694 0.3008 -217.054657
v 314.098694 0.5397 -217.054657
v 313.492004 0.3008 -217.054657
v 313.795288 0.3008 -217.135849
v 313.492004 0.5397 -217.054657
v 312.570099 4.9922 -216.529251
v 312.851501 4.8974 -215.984344
v 313.250397 4.8974 -215.585449
v 313.795288 4.9922 -215.303955
v 314.856384 4.9922 -215.916656
v 314.885101 4.8974 -216.529251
v 314.739105 4.8974 -217.074142
v 313.795288 4.9922 -217.754456
v 313.795288 4.8974 -217.619049
v 312.734314 4.9922 -217.141846
v 312.851501 4.8974 -217.074142
v 313.250397 4.8974 -217.473053
v 313.269897 0.5397 -216.225845
v 313.15979 0.6475 -216.162247
v 313.492004 0.5397 -216.003845
v 313.795288 0.6475 -215.795349
v 313.795288 0.5397 -215.922546
v 314.430908 0.6475 -216.162247
v 314.402008 0.5397 -216.529251
v 314.430908 0.6475 -216.896149
v 313.795288 0.5397 -217.135849
v 313.795288 0.6475 -217.263153
v 313.269897 0.5397 -216.83255
v 313.428406 0.6475 -217.164749
v 313.061401 0.6475 -216.529251
v 313.176392 0.2124 -216.171844
v 313.269897 0.3008 -216.225845
v 313.492004 0.3008 -216.003845
v 314.15271 0.2124 -215.910248
v 314.51001 0.2124 -216.529251
v 314.15271 0.2124 -217.148148
v 314.414307 0.2124 -216.886551
v 313.795288 0.2124 -217.243958
v 313.437988 0.2124 -217.148148
v 313.269897 0.3008 -216.83255
v 313.080597 0.2124 -216.529251
v 313.18869 0 -216.529251
v 313.269897 0 -216.225845
v 313.176392 0.1062 -216.171844
v 313.795288 0 -215.922546
v 313.795288 0.1062 -215.814545
v 314.15271 0.1062 -215.910248
v 314.414307 0.1062 -216.171844
v 314.402008 0 -216.529251
v 314.414307 0.1062 -216.886551
v 314.15271 0.1062 -217.148148
v 313.795288 0.1062 -217.243958
v 313.795288 0 -217.135849
v 313.437988 0.1062 -217.148148
v 313.492004 0 -217.054657
v 313.15979 0.7458 -216.162247
v 313.428406 0.6475 -215.893646
v 314.162292 0.6475 -215.893646
v 313.795288 0.7458 -215.795349
v 314.162292 0.7458 -215.893646
v 314.529205 0.6475 -216.529251
v 314.162292 0.6475 -217.164749
v 314.162292 0.7458 -217.164749
v 313.428406 0.7458 -217.164749
v 313.15979 0.6475 -216.896149
v 313.061401 0.7458 -216.529251
v 313.080597 0.1062 -216.529251
v 313.437988 0.1062 -215.910248
v 313.437988 0.2124 -215.910248
v 313.795288 0.2124 -215.814545
v 314.414307 0.2124 -216.171844
v 314.51001 0.1062 -216.529251
v 313.176392 0.1062 -216.886551
v 313.176392 0.2124 -216.886551
v 312.734314 4.9922 -215.916656
v 313.182709 4.9922 -215.468155
v 314.407898 4.9922 -215.468155
v 314.411896 5.1375 -215.461243
v 314.863312 5.1375 -215.912643
v 315.028595 5.1375 -216.529251
v 314.856384 4.9922 -217.141846
v 315.020599 4.9922 -216.529251
v 314.411896 5.1375 -217.597244
v 314.407898 4.9922 -217.590256
v 313.795288 5.1375 -217.762451
v 313.182709 4.9922 -217.590256
v 312.562103 5.1375 -216.529251
v 313.492004 0 -216.003845
v 313.269897 0 -216.83255
v 314.098694 0 -216.003845
v 314.320709 0 -216.225845
v 314.098694 0 -217.054657
v 314.320709 0 -216.83255
v 310.694214 11.1236 -217.220154
v 310.694214 11.1236 -217.707352
v 309.828186 13.6833 -217.220154
v 309.793213 16.6469 -217.707352
v 309.793213 16.6469 -217.220154
v 310.433716 20.939899 -217.707352
v 310.433716 20.939899 -217.220154
v 310.700104 24.0023 -217.707352
v 310.700104 24.0023 -217.220154
v 310.687012 25.8638 -217.707352
v 310.687012 25.8638 -217.218155
v 310.503204 27.946199 -217.707352
v 310.503204 27.946199 -217.211243
v 312.534088 9.0945 -217.175354
v 312.534088 9.0945 -217.707352
v 313.408203 12.4018 -217.707352
v 312.69751 14.2689 -217.707352
v 309.828186 13.6833 -217.707352
v 312.578888 16.440701 -217.707352
v 312.765991 20.957001 -217.707352
v 312.728699 24.1868 -217.707352
v 312.070404 27.9491 -217.707352
v 311.796509 28.771299 -217.707352
v 311.196594 29.790899 -217.707352
v 309.781616 27.956301 -217.707352
v 310.60611 30.291 -217.707352
v 308.799591 28.731899 -217.707352
v 309.233002 30.311501 -217.707352
v 308.712585 29.526899 -217.707352
v 324.597687 30.1458 -217.707352
v 317.897186 30.0383 -217.707352
v 318.347107 29.0187 -217.707352
v 324.897797 29.1262 -217.707352
v 324.302185 30.645901 -217.707352
v 317.454193 30.538401 -217.707352
v 323.865814 30.753401 -217.707352
v 316.799805 30.645901 -217.707352
v 312.534088 9.0945 -215.339554
v 312.839905 9.0945 -217.593445
v 312.645203 9.0945 -217.398849
v 312.645203 8.8554 -217.398849
v 312.839905 8.8554 -217.593445
v 335.988495 31.282801 -217.707352
v 331.298187 30.862301 -217.707352
v 331.448395 29.842699 -217.707352
v 336.033905 30.263201 -217.707352
v 335.943909 31.782801 -217.707352
v 331.150299 31.3624 -217.707352
v 335.877991 31.8904 -217.707352
v 330.931793 31.4699 -217.707352
v 309.733704 30.3985 -217.707352
v 338.0 30.339701 -217.707352
v 338.0 31.359301 -217.707352
v 338.0 31.859301 -217.707352
v 338.0 31.9669 -217.707352
v 338.0 9.0945 -217.707352
v 332.270203 9.0945 -217.707047
v 338.0 8.8554 -217.707352
v 326.540314 9.0945 -217.70665
v 326.540314 8.8554 -217.70665
v 320.810486 9.0945 -217.706345
v 315.054596 9.1342 -190.207352
v 312.700989 9.1222 -190.207352
v 314.178314 10.4727 -190.207352
v 310.960693 11.3113 -190.207352
v 313.271088 12.3408 -190.207352
v 360.997589 9.2976 -217.707352
v 360.919312 9.0945 -217.705948
v 365.305786 11.1236 -217.707352
v 362.591797 12.4018 -217.707352
v 315.002411 9.2976 -217.706253
v 362.891785 9.0945 -190.207352
v 360.919312 9.0945 -190.207352
v 360.945404 9.1342 -190.207352
v 363.299011 9.1222 -190.207352
v 365.039307 11.3113 -190.207352
v 362.728912 12.3408 -190.207352
v 363.449097 14.2368 -190.207352
v 365.823395 13.7155 -190.207352
v 363.570709 16.4529 -190.207352
v 365.797607 16.634701 -190.207352
v 363.384094 20.9606 -190.207352
v 364.87619 20.996401 -190.207352
v 363.420898 24.174299 -190.207352
v 364.56839 24.0784 -190.207352
v 363.58551 26.4464 -190.207352
v 364.722809 25.869499 -190.207352
v 364.329987 28.690599 -190.207352
v 365.3703 28.026899 -190.207352
v 364.894989 29.6721 -190.207352
v 366.126801 28.0751 -190.207352
v 365.477692 30.1665 -190.207352
v 366.7229 28.315901 -190.207352
v 366.339691 30.267599 -190.207352
v 367.127106 28.8629 -190.207352
v 366.83139 30.0291 -190.207352
v 367.132904 29.495199 -190.207352
v 361.821686 10.4727 -190.207352
v 361.442993 10.7901 -190.207352
v 363.465912 9.0945 -193.347458
v 363.465912 9.0945 -215.339554
v 363.465912 9.0945 -192.572357
v 363.465912 8.8554 -190.781555
v 363.354797 9.0945 -190.513153
v 363.160095 9.0945 -190.318558
v 349.459686 9.0945 -217.70665
v 349.459686 8.8554 -217.70665
v 355.189514 8.8554 -217.706345
v 355.189514 9.0945 -217.706345
v 363.465912 9.0945 -217.707352
v 366.171814 13.6833 -217.707352
v 363.30249 14.2689 -217.707352
v 363.421112 16.440701 -217.707352
v 363.234009 20.957001 -217.707352
v 365.299896 24.0023 -217.707352
v 363.271301 24.1868 -217.707352
v 363.929596 27.9491 -217.707352
v 365.39389 30.291 -217.707352
v 367.200409 28.731899 -217.707352
v 366.766998 30.311501 -217.707352
v 351.402313 30.1458 -217.707352
v 351.102203 29.1262 -217.707352
v 357.652893 29.0187 -217.707352
v 358.102814 30.0383 -217.707352
v 351.697815 30.645901 -217.707352
v 358.545807 30.538401 -217.707352
v 352.134186 30.753401 -217.707352
v 359.200195 30.645901 -217.707352
v 360.919312 8.8554 -217.705948
v 363.465912 8.8554 -217.130447
v 363.160095 9.0945 -217.593445
v 363.160095 8.8554 -217.593445
v 363.354797 8.8554 -217.398849
v 363.354797 9.0945 -217.398849
v 362.893188 9.0945 -217.705856
v 340.011505 31.282801 -217.707352
v 339.966095 30.263201 -217.707352
v 344.551605 29.842699 -217.707352
v 344.701813 30.862301 -217.707352
v 364.203491 28.771299 -217.707352
v 364.803406 29.790899 -217.707352
v 340.056091 31.782801 -217.707352
v 344.849701 31.3624 -217.707352
v 340.122009 31.8904 -217.707352
v 345.068207 31.4699 -217.707352
v 366.266296 30.3985 -217.707352
v 343.729797 9.0945 -217.707047
v 315.080688 9.0945 -190.207352
v 310.176605 13.7155 -190.207352
v 312.550903 14.2368 -190.207352
v 310.202393 16.634701 -190.207352
v 312.429291 16.4529 -190.207352
v 311.12381 20.996401 -190.207352
v 312.615906 20.9606 -190.207352
v 311.43161 24.0784 -190.207352
v 312.579102 24.174299 -190.207352
v 311.277191 25.869499 -190.207352
v 312.41449 26.4464 -190.207352
v 310.6297 28.026899 -190.207352
v 311.670013 28.690599 -190.207352
v 309.873199 28.0751 -190.207352
v 311.105011 29.6721 -190.207352
v 309.2771 28.315901 -190.207352
v 310.522308 30.1665 -190.207352
v 308.872894 28.8629 -190.207352
v 309.660309 30.267599 -190.207352
v 308.867096 29.495199 -190.207352
v 309.16861 30.0291 -190.207352
v 312.534088 9.0945 -193.347458
v 312.534088 9.0945 -190.781555
v 312.534088 8.8554 -190.781555
v 312.534088 9.0945 -192.572357
v 312.645203 8.8554 -190.513153
v 312.645203 9.0945 -190.513153
v 312.839905 9.0945 -190.318558
v 315.080688 9.0945 -217.705948
v 330.995087 31.438801 -217.205048
v 323.992188 30.7223 -217.205048
v 309.986389 30.367399 -217.205048
v 309.232605 30.319599 -217.204956
v 316.989288 30.614799 -217.205048
v 335.897095 31.8592 -217.205048
v 338.0 31.935699 -217.205048
v 352.007813 30.7223 -217.205048
v 345.004913 31.438801 -217.205048
v 366.767395 30.319599 -217.204956
v 366.013611 30.367399 -217.205048
v 359.010712 30.614799 -217.205048
v 340.102905 31.8592 -217.205048
v 309.064911 30.150801 -217.707352
v 309.064911 30.150801 -217.205048
v 309.064911 30.150801 -191.958252
v 308.712585 29.526899 -190.515656
v 308.712585 29.526899 -192.023254
v 308.712585 29.526899 -192.860855
v 309.064911 30.150801 -192.803055
v 309.064911 30.150801 -211.00975
v 309.064911 30.150801 -204.438553
v 308.712585 29.526899 -197.91745
v 308.712585 29.526899 -211.02655
v 309.064911 30.150801 -197.867355
v 308.712585 29.526899 -217.206253
v 315.080688 6.2167 -192.593445
v 338.0 6.2167 -215.348251
v 338.0 6.2167 -217.466354
v 360.919312 6.2167 -192.593445
v 359.816986 6.2167 -191.237244
v 338.0 6.2167 -192.467056
v 338.0 6.2167 -191.237244
v 338.0 6.2167 -190.448349
v 316.177887 6.2167 -190.448349
v 316.183014 6.2167 -191.237244
v 312.790588 8.8554 -217.130447
v 312.790588 8.5278 -217.130447
v 312.864685 8.5278 -217.290543
v 312.987915 8.8554 -217.447845
v 312.987915 8.5278 -217.447845
v 312.864685 8.5278 -190.621445
v 312.987915 8.8554 -190.464157
v 315.080688 8.8554 -190.272751
v 315.080688 8.5278 -190.272751
v 312.688416 8.2887 -215.318542
v 312.688416 8.2887 -192.593445
v 312.688416 8.5278 -215.318542
v 312.790588 8.5278 -215.318542
v 312.790588 8.5278 -192.593445
v 315.080688 6.2167 -217.704651
v 315.080688 8.2887 -217.704651
v 313.108215 8.2887 -217.704651
v 313.108215 6.2167 -217.704651
v 312.534088 6.2167 -217.130447
v 312.534088 8.2887 -217.130447
v 312.534088 8.2887 -215.318542
v 312.534088 6.2167 -215.318542
v 312.839905 8.2887 -217.593445
v 312.645203 8.2887 -217.398849
v 312.645203 6.2167 -217.398849
v 312.839905 6.2167 -217.593445
v 312.534088 8.5278 -217.130447
v 312.534088 8.5278 -215.318542
v 312.839905 8.5278 -217.593445
v 313.108215 8.5278 -217.704651
v 315.080688 8.5278 -217.704651
v 313.108215 5.5754 -217.704651
v 315.080688 5.5754 -217.704651
v 312.645203 5.5754 -217.398849
v 312.534088 5.5754 -217.130447
v 312.534088 5.5754 -215.318542
v 315.080688 8.5278 -217.463654
v 315.080688 6.2167 -215.318542
v 315.080688 5.5754 -217.463654
v 312.839905 5.5754 -217.593445
v 312.688416 6.2167 -215.318542
v 312.688416 5.5754 -215.318542
v 315.080688 5.5754 -215.318542
v 313.108215 8.8554 -217.704651
v 313.140686 8.8554 -217.540451
v 312.534088 8.8554 -215.339554
v 312.790588 8.8554 -215.339554
v 312.534088 8.8554 -217.130447
v 312.864685 8.8554 -217.290543
v 315.080688 8.8554 -217.705948
v 332.270203 8.8554 -217.707047
v 332.270203 8.8554 -217.465744
v 338.0 8.8554 -217.466354
v 320.810486 8.8554 -217.464355
v 320.810486 8.8554 -217.706345
v 362.891785 8.8554 -190.207352
v 363.160095 8.8554 -190.318558
v 362.859314 8.8554 -190.371552
v 363.465912 8.8554 -192.572357
v 363.465912 8.8554 -215.339554
v 363.209412 8.8554 -192.572357
v 363.354797 8.8554 -190.513153
v 360.919312 8.8554 -190.207352
v 349.459686 8.8554 -217.465057
v 362.891785 8.8554 -217.704651
v 362.859314 8.8554 -217.540451
v 363.012085 8.8554 -217.447845
v 363.209412 8.8554 -217.130447
v 363.135315 8.8554 -217.290543
v 360.919312 8.8554 -217.463654
v 343.729797 8.8554 -217.465744
v 343.729797 8.8554 -217.707047
v 313.108215 8.8554 -190.207352
v 313.140686 8.8554 -190.371552
v 312.839905 8.8554 -190.318558
v 312.534088 8.8554 -192.572357
v 312.790588 8.8554 -192.572357
v 312.790588 8.8554 -190.781555
v 312.864685 8.8554 -190.621445
v 315.080688 8.8554 -190.207352
v 312.645203 8.5278 -217.398849
v 313.140686 8.5278 -217.540451
v 315.080688 8.8554 -217.463654
v 315.080688 6.2167 -217.463654
v 326.540314 8.8554 -217.465057
v 360.919312 6.2167 -217.463654
v 355.189514 8.8554 -217.464355
v 314.672089 10.8865 -190.404358
v 313.408203 12.4018 -190.439453
v 313.408203 12.4018 -191.220749
v 312.69751 14.2689 -190.447144
v 312.69751 14.2689 -191.301453
v 312.578888 16.440701 -190.454758
v 312.578888 16.440701 -191.381546
v 312.765991 20.957001 -190.462357
v 312.765991 20.957001 -191.461548
v 312.728699 24.1868 -190.474457
v 312.728699 24.1868 -191.589554
v 312.548309 26.514299 -190.491257
v 312.548309 26.514299 -191.766449
v 311.796509 28.771299 -190.506348
v 311.796509 28.771299 -191.924454
v 311.196594 29.790899 -190.506653
v 311.196594 29.790899 -191.928558
v 310.60611 30.291 -190.50705
v 310.60611 30.291 -191.931946
v 314.672089 10.8865 -190.357452
v 312.578888 16.440701 -190.357452
v 312.765991 20.957001 -190.357452
v 312.728699 24.1868 -190.357452
v 312.548309 26.514299 -190.357452
v 311.196594 29.790899 -190.357452
v 314.672089 10.8865 -191.220749
v 309.733704 30.3985 -190.507446
v 309.733704 30.3985 -191.936951
v 309.064911 30.150801 -190.509552
v 310.823608 11.2502 -190.357452
v 310.823608 11.2502 -190.567856
v 310.029999 13.6833 -190.567856
v 310.029999 13.6833 -190.357452
v 310.052887 16.6469 -190.567856
v 310.052887 16.6469 -190.357452
v 310.973694 20.999901 -190.567856
v 311.282013 24.065901 -190.567856
v 311.282013 24.065901 -190.357452
v 311.143402 25.8016 -190.558258
v 310.503204 27.946199 -190.539948
v 310.503204 27.946199 -190.357452
v 312.566895 9.1131 -190.363449
v 312.51239 9.1217 -190.778854
v 312.510895 9.1237 -192.572357
v 312.583313 9.093 -190.363449
v 310.823608 11.2502 -192.572357
v 310.029999 13.6833 -192.572357
v 310.052887 16.6469 -192.572357
v 310.973694 20.999901 -192.572357
v 311.282013 24.065901 -192.572357
v 311.143402 25.8016 -192.470749
v 310.503204 27.946199 -192.278549
v 310.973694 20.999901 -190.357452
v 311.143402 25.8016 -190.357452
v 309.781616 27.956301 -190.539948
v 309.193298 28.191401 -190.357452
v 309.193298 28.191401 -190.534851
v 308.799591 28.731899 -190.526657
v 310.503204 27.946199 -192.778748
v 310.503204 27.946199 -193.039948
v 309.781616 27.956301 -193.030151
v 309.781616 27.956301 -192.278549
v 309.193298 28.191401 -192.999557
v 309.193298 28.191401 -192.225357
v 308.799591 28.731899 -192.940948
v 308.799591 28.731899 -192.138748
v 309.781616 27.956301 -211.093048
v 309.781616 27.956301 -198.114151
v 310.503204 27.946199 -198.114151
v 310.503204 27.946199 -211.093048
v 309.193298 28.191401 -211.079147
v 308.799591 28.731899 -211.056656
v 308.799591 28.731899 -198.006454
v 309.193298 28.191401 -198.073151
v 309.781616 27.956301 -217.211243
v 309.193298 28.191401 -217.210251
v 308.799591 28.731899 -217.208557
v 309.193298 28.191401 -217.707352
v 314.57251 10.8031 -190.537949
v 314.672089 10.8865 -190.851654
v 314.418701 10.6741 -190.33725
v 314.557007 10.7901 -190.207352
v 363.465912 9.0945 -217.175354
v 313.105804 9.0945 -217.705856
v 360.919312 6.2167 -190.207352
v 360.919312 8.2887 -190.207352
v 362.891785 8.2887 -190.207352
v 362.891785 6.2167 -190.207352
v 363.465912 6.2167 -190.781555
v 363.465912 8.2887 -190.781555
v 363.465912 8.2887 -192.593445
v 363.465912 6.2167 -192.593445
v 363.160095 8.2887 -190.318558
v 363.354797 8.2887 -190.513153
v 363.354797 6.2167 -190.513153
v 363.160095 6.2167 -190.318558
v 363.465912 8.5278 -192.593445
v 363.354797 8.5278 -190.513153
v 362.891785 8.5278 -190.207352
v 360.919312 8.5278 -190.207352
v 362.891785 5.5754 -190.207352
v 360.919312 5.5754 -190.207352
v 363.160095 5.5754 -190.318558
v 363.354797 5.5754 -190.513153
v 363.465912 5.5754 -190.781555
v 363.465912 5.5754 -192.593445
v 361.327911 10.8865 -190.404358
v 362.591797 12.4018 -190.439453
v 363.30249 14.2689 -190.447144
v 363.421112 16.440701 -190.454758
v 363.234009 20.957001 -190.462357
v 363.234009 20.957001 -190.357452
v 363.271301 24.1868 -190.474457
v 363.451691 26.514299 -190.491257
v 363.451691 26.514299 -190.357452
v 364.203491 28.771299 -190.506348
v 364.803406 29.790899 -190.506653
v 364.803406 29.790899 -190.357452
v 365.39389 30.291 -190.50705
v 361.327911 10.8865 -191.220749
v 362.591797 12.4018 -191.220749
v 363.30249 14.2689 -191.301453
v 363.421112 16.440701 -191.381546
v 363.234009 20.957001 -191.461548
v 363.271301 24.1868 -191.589554
v 363.451691 26.514299 -191.766449
v 364.203491 28.771299 -191.924454
v 364.803406 29.790899 -191.928558
v 365.39389 30.291 -191.931946
v 366.266296 30.3985 -190.507446
v 366.266296 30.3985 -191.936951
v 366.935089 30.150801 -191.958252
v 366.935089 30.150801 -190.509552
v 367.287415 29.526899 -190.515656
v 367.287415 29.526899 -190.357452
v 366.935089 30.150801 -197.867355
v 366.935089 30.150801 -204.438553
v 367.287415 29.526899 -197.91745
v 367.287415 29.526899 -217.206253
v 367.287415 29.526899 -211.02655
v 366.935089 30.150801 -211.00975
v 367.287415 29.526899 -192.860855
v 366.935089 30.150801 -192.803055
v 367.287415 29.526899 -217.707352
v 366.935089 30.150801 -217.707352
v 366.935089 30.150801 -217.205048
v 367.287415 29.526899 -192.023254
v 363.48761 9.1217 -190.778854
v 365.176392 11.2502 -190.567856
v 365.176392 11.2502 -192.572357
v 363.489105 9.1237 -192.572357
v 365.970001 13.6833 -190.567856
v 365.970001 13.6833 -192.572357
v 365.947113 16.6469 -190.567856
v 365.947113 16.6469 -192.572357
v 365.026306 20.999901 -190.567856
v 365.026306 20.999901 -192.572357
v 364.717987 24.065901 -190.567856
v 364.717987 24.065901 -192.572357
v 364.856598 25.8016 -190.558258
v 364.856598 25.8016 -192.470749
v 365.496796 27.946199 -190.539948
v 365.176392 11.2502 -190.357452
v 365.970001 13.6833 -190.357452
v 365.947113 16.6469 -190.357452
v 364.717987 24.065901 -190.357452
v 365.026306 20.999901 -190.357452
v 364.856598 25.8016 -190.357452
v 363.433105 9.1131 -190.363449
v 363.416687 9.093 -190.363449
v 366.218384 27.956301 -190.539948
v 366.218384 27.956301 -192.278549
v 365.496796 27.946199 -192.278549
v 366.806702 28.191401 -190.534851
v 367.200409 28.731899 -190.526657
v 367.200409 28.731899 -192.138748
v 366.806702 28.191401 -192.225357
v 366.218384 27.956301 -211.093048
v 365.496796 27.946199 -211.093048
v 365.496796 27.946199 -198.114151
v 366.218384 27.956301 -198.114151
v 366.806702 28.191401 -198.073151
v 367.200409 28.731899 -211.056656
v 366.806702 28.191401 -211.079147
v 367.200409 28.731899 -198.006454
v 366.218384 27.956301 -217.211243
v 365.496796 27.946199 -192.778748
v 366.218384 27.956301 -193.030151
v 366.806702 28.191401 -192.999557
v 367.200409 28.731899 -217.208557
v 366.806702 28.191401 -217.210251
v 367.200409 28.731899 -192.940948
v 366.218384 27.956301 -217.707352
v 366.806702 28.191401 -217.707352
v 365.496796 27.946199 -193.039948
v 365.496796 27.946199 -190.357452
v 366.218384 27.956301 -190.357452
v 366.806702 28.191401 -190.357452
v 361.42749 10.8031 -190.537949
v 361.581299 10.6741 -190.33725
v 361.327911 10.8865 -190.851654
v 360.919312 6.82 -190.676758
v 360.919312 7.0147 -190.707443
v 360.919312 7.5393 -190.47435
v 360.919312 5.5754 -190.448349
v 360.919312 5.5754 -192.593445
v 363.209412 8.8554 -190.781555
v 363.135315 8.5278 -190.621445
v 363.135315 8.8554 -190.621445
v 360.919312 8.8554 -190.272751
v 363.012085 8.8554 -190.464157
v 363.012085 8.5278 -190.464157
v 363.209412 8.8554 -215.339554
v 363.012085 8.5278 -217.447845
v 360.919312 8.5278 -190.272751
v 360.919312 8.2887 -190.272751
v 338.0 8.6956 -190.272751
v 359.915802 8.6956 -190.272751
v 360.919312 8.6956 -190.272751
v 316.072998 8.2887 -190.272751
v 316.084198 8.6956 -190.272751
v 315.080688 8.6956 -190.272751
v 360.919312 7.598 -190.448349
v 359.888214 7.5393 -190.47435
v 359.891296 7.598 -190.448349
v 360.919312 8.2887 -190.448349
v 338.0 7.0147 -190.707443
v 338.0 7.5393 -190.47435
v 359.860413 7.0146 -190.70755
v 338.0 7.598 -190.448349
v 338.0 8.2887 -190.448349
v 316.108704 7.598 -190.448349
v 316.111786 7.5393 -190.47435
v 315.080688 7.5393 -190.47435
v 315.080688 8.2887 -190.448349
v 316.139587 7.0146 -190.70755
v 315.080688 7.0147 -190.707443
v 359.925903 8.2887 -190.448349
v 359.927002 8.2887 -190.272751
v 338.0 8.2887 -190.272751
v 316.074097 8.2887 -190.448349
v 360.919312 6.5929 -190.472855
v 359.840698 6.5929 -190.472855
v 359.8508 6.82 -190.676758
v 338.0 6.5655 -190.448349
v 338.0 6.5929 -190.472855
v 359.839508 6.5655 -190.448349
v 360.919312 6.5655 -190.448349
v 338.0 6.82 -190.676758
v 315.080688 6.5929 -190.472855
v 315.080688 6.82 -190.676758
v 316.1492 6.82 -190.676758
v 316.159302 6.5929 -190.472855
v 316.160492 6.5655 -190.448349
v 315.080688 6.5655 -190.448349
v 360.919312 6.2167 -190.448349
v 359.822113 6.2167 -190.448349
v 315.080688 6.2167 -190.448349
v 363.311584 8.2887 -192.593445
v 363.311584 8.5278 -192.593445
v 363.311584 5.5754 -192.593445
v 363.277313 9.095 -190.207352
v 363.465912 9.0945 -190.781555
v 361.327911 10.8865 -190.357452
v 362.591797 12.4018 -190.357452
v 363.30249 14.2689 -190.357452
v 363.421112 16.440701 -190.357452
v 363.271301 24.1868 -190.357452
v 364.203491 28.771299 -190.357452
v 365.39389 30.291 -190.357452
v 366.266296 30.3985 -190.357452
v 367.200409 28.731899 -190.357452
v 366.935089 30.150801 -190.357452
v 363.209412 8.5278 -192.593445
v 363.465912 8.5278 -190.781555
v 363.209412 8.5278 -190.781555
v 363.160095 8.5278 -190.318558
v 362.859314 8.5278 -190.371552
v 365.305786 11.1236 -217.220154
v 366.171814 13.6833 -217.220154
v 366.206787 16.6469 -217.220154
v 366.206787 16.6469 -217.707352
v 365.566284 20.939899 -217.220154
v 365.566284 20.939899 -217.707352
v 365.299896 24.0023 -217.220154
v 365.312988 25.8638 -217.218155
v 365.312988 25.8638 -217.707352
v 365.496796 27.946199 -217.211243
v 365.496796 27.946199 -217.707352
v 363.311584 6.2167 -192.593445
v 363.311584 6.2167 -215.318542
v 363.311584 8.5278 -215.318542
v 363.209412 8.5278 -215.318542
v 360.919312 6.2167 -217.704651
v 362.891785 6.2167 -217.704651
v 362.891785 8.2887 -217.704651
v 360.919312 8.2887 -217.704651
v 363.465912 6.2167 -217.130447
v 363.465912 6.2167 -215.318542
v 363.465912 8.2887 -215.318542
v 363.465912 8.2887 -217.130447
v 363.160095 8.2887 -217.593445
v 363.160095 6.2167 -217.593445
v 363.354797 6.2167 -217.398849
v 363.354797 8.2887 -217.398849
v 363.465912 8.5278 -215.318542
v 363.160095 8.5278 -217.593445
v 360.919312 8.5278 -217.704651
v 360.919312 5.5754 -217.704651
v 362.891785 5.5754 -217.704651
v 363.160095 5.5754 -217.593445
v 363.354797 5.5754 -217.398849
v 360.919312 8.5278 -217.463654
v 360.919312 6.2167 -215.318542
v 360.919312 5.5754 -217.463654
v 363.465912 5.5754 -217.130447
v 363.311584 5.5754 -215.318542
v 363.465912 5.5754 -215.318542
v 363.311584 8.2887 -215.318542
v 360.919312 5.5754 -215.318542
v 363.209412 8.5278 -217.130447
v 363.465912 8.5278 -217.130447
v 363.354797 8.5278 -217.398849
v 363.135315 8.5278 -217.290543
v 362.891785 8.5278 -217.704651
v 362.859314 8.5278 -217.540451
v 315.080688 6.2167 -190.207352
v 313.108215 6.2167 -190.207352
v 313.108215 8.2887 -190.207352
v 315.080688 8.2887 -190.207352
v 312.534088 6.2167 -190.781555
v 312.534088 6.2167 -192.593445
v 312.534088 8.2887 -192.593445
v 312.534088 8.2887 -190.781555
v 312.839905 8.2887 -190.318558
v 312.839905 6.2167 -190.318558
v 312.645203 6.2167 -190.513153
v 312.645203 8.2887 -190.513153
v 312.839905 8.5278 -190.318558
v 315.080688 5.5754 -190.207352
v 312.645203 5.5754 -190.513153
v 312.534088 5.5754 -190.781555
v 315.080688 7.598 -190.448349
v 315.080688 8.2887 -190.272751
v 315.080688 5.5754 -192.593445
v 315.080688 5.5754 -190.448349
v 313.108215 5.5754 -190.207352
v 312.839905 5.5754 -190.318558
v 312.534088 5.5754 -192.593445
v 312.688416 6.2167 -192.593445
v 312.688416 8.5278 -192.593445
v 312.688416 5.5754 -192.593445
v 312.722687 9.095 -190.207352
v 313.108215 9.0945 -190.207352
v 313.408203 12.4018 -190.357452
v 312.69751 14.2689 -190.357452
v 311.796509 28.771299 -190.357452
v 310.60611 30.291 -190.357452
v 309.733704 30.3985 -190.357452
v 308.799591 28.731899 -190.357452
v 308.712585 29.526899 -190.357452
v 309.064911 30.150801 -190.357452
v 309.781616 27.956301 -190.357452
v 312.790588 8.5278 -190.781555
v 312.534088 8.5278 -190.781555
v 312.534088 8.5278 -192.593445
v 312.645203 8.5278 -190.513153
v 312.987915 8.5278 -190.464157
v 315.080688 8.5278 -190.207352
v 313.108215 8.5278 -190.207352
v 313.140686 8.5278 -190.371552
# 1294 vertices

vt 0.5222 13.0258
vt 0.5222 16.9797
vt 0.5227 16.9844
vt 0.5227 20.9401
vt 0.5228 13.0248
vt 0.5228 16.9771
vt 0.5227 20.9401
vt 0.5246 13.0167
vt 0.5246 16.6559
vt 0.5246 17.2632
vt 0.5246 17.2822
vt 0.5246 20.9495
vt 0.5257 16.6555
vt 0.5292 13.1761
vt 0.5292 17.0324
vt 0.5292 17.0373
vt 0.5292 20.5665
vt 0.5294 13.4179
vt 0.5294 17.0053
vt 0.5294 17.0106
vt 0.5294 20.9095
vt 0.5303 13.1737
vt 0.5303 20.5686
vt 0.5306 13.416
vt 0.5308 20.9164
vt 0.532 13.1655
vt 0.532 13.4086
vt 0.532 16.4529
vt 0.532 17.015
vt 0.532 17.027
vt 0.532 20.5774
vt 0.532 20.9211
vt 0.5465 13.1679
vt 0.5465 13.4105
vt 0.5465 16.4533
vt 0.5465 20.5754
vt 0.5477 13.1655
vt 0.5477 13.4086
vt 0.5477 16.4529
vt 0.5477 17.015
vt 0.5477 17.027
vt 0.5477 20.5774
vt 0.5477 20.9211
vt 0.5479 13.4179
vt 0.5479 17.0053
vt 0.5479 17.0106
vt 0.5479 20.9095
vt 0.5482 13.1761
vt 0.5482 17.0324
vt 0.5482 17.0373
vt 0.5482 20.5665
vt 0.5491 20.9143
vt 0.5522 13.0178
vt 0.5528 13.0167
vt 0.5528 16.6559
vt 0.5528 17.2632
vt 0.5528 17.2822
vt 0.5528 20.9495
vt 0.554 13.0258
vt 0.554 16.9797
vt 0.5541 16.987
vt 0.5546 16.9844
vt 0.5546 20.9401
vt 0.6884 17.5615
vt 0.6884 21.8644
vt 0.689 12.8582
vt 0.6889 12.8586
vt 0.689 17.5662
vt 0.6891 17.5589
vt 0.689 21.8666
vt 0.6907 12.8679
vt 0.6907 17.2632
vt 0.6907 17.2822
vt 0.6907 17.9141
vt 0.6907 21.8585
vt 0.6924 17.915
vt 0.6943 13.0129
vt 0.6943 17.0324
vt 0.6943 17.0373
vt 0.6943 21.3823
vt 0.695 12.578
vt 0.695 17.0053
vt 0.695 17.0106
vt 0.695 21.0698
vt 0.6964 12.5848
vt 0.697 13.0038
vt 0.697 21.3916
vt 0.6972 21.0779
vt 0.6986 12.5812
vt 0.6986 13.0127
vt 0.6986 17.015
vt 0.6986 17.027
vt 0.6986 17.7125
vt 0.6986 21.0704
vt 0.6986 21.3834
vt 0.7117 13.0218
vt 0.7117 21.3741
vt 0.7121 21.0623
vt 0.7127 17.7116
vt 0.7133 13.0129
vt 0.7133 17.0324
vt 0.7133 17.0373
vt 0.7133 21.3823
vt 0.7135 12.578
vt 0.7135 17.0053
vt 0.7135 17.0106
vt 0.7135 21.0698
vt 0.7143 12.5812
vt 0.7143 13.0127
vt 0.7143 17.015
vt 0.7143 17.027
vt 0.7143 17.7125
vt 0.7143 21.0704
vt 0.7143 21.3834
vt 0.7157 12.5744
vt 0.7184 21.8564
vt 0.719 12.8675
vt 0.7189 12.8679
vt 0.7189 17.2632
vt 0.7189 17.2822
vt 0.7189 17.9141
vt 0.7189 21.8585
vt 0.7201 17.5615
vt 0.7201 21.8644
vt 0.7202 17.5688
vt 0.7209 12.8582
vt 0.7209 17.5662
vt 1.0136 13.7581
vt 1.0136 17.5006
vt 1.0138 17.5015
vt 1.0139 17.4942
vt 1.0139 20.8827
vt 1.0155 13.7675
vt 1.0157 20.8746
vt 1.0161 13.7664
vt 1.0161 17.2632
vt 1.0161 17.2822
vt 1.0161 17.7742
vt 1.0161 20.8756
vt 1.0209 13.5049
vt 1.0211 13.8487
vt 1.0211 17.0324
vt 1.0211 17.0373
vt 1.0211 20.4741
vt 1.0217 13.5012
vt 1.0217 17.0053
vt 1.0217 17.0106
vt 1.0217 20.2231
vt 1.0223 13.5117
vt 1.0223 13.8585
vt 1.0223 17.015
vt 1.0223 17.027
vt 1.0223 17.5717
vt 1.0223 20.2141
vt 1.0223 20.4648
vt 1.0227 13.8576
vt 1.0227 20.4659
vt 1.0231 20.2157
vt 1.038 13.5117
vt 1.038 13.8585
vt 1.038 17.015
vt 1.038 17.027
vt 1.038 17.5717
vt 1.038 20.2141
vt 1.038 20.4648
vt 1.0388 13.5081
vt 1.0394 20.2215
vt 1.0396 13.8496
vt 1.0396 20.473
vt 1.0401 13.8487
vt 1.0401 17.0324
vt 1.0401 17.0373
vt 1.0401 20.4741
vt 1.0402 13.5012
vt 1.0402 17.0053
vt 1.0402 17.0106
vt 1.0402 20.2231
vt 1.0443 13.7664
vt 1.0443 17.2632
vt 1.0443 17.2822
vt 1.0443 17.7742
vt 1.0443 20.8756
vt 1.0454 17.4933
vt 1.0455 13.7581
vt 1.0456 17.4942
vt 1.0455 17.5006
vt 1.0456 20.8827
vt 1.046 20.8837
vt 1.0462 13.7571
vt 1.4117 16.9398
vt 1.4117 21.5979
vt 1.4118 12.3041
vt 1.4118 16.9325
vt 1.4135 12.296
vt 1.4135 16.5535
vt 1.4135 17.2632
vt 1.4135 17.2822
vt 1.4135 21.6072
vt 1.4135 21.6073
vt 1.4181 12.5078
vt 1.4181 17.0324
vt 1.4181 17.0373
vt 1.4181 21.1817
vt 1.4184 12.7948
vt 1.4184 17.0053
vt 1.4184 17.0106
vt 1.4184 21.589
vt 1.4198 12.4996
vt 1.4198 12.7873
vt 1.4198 16.351
vt 1.4198 17.015
vt 1.4198 17.027
vt 1.4198 21.1906
vt 1.4198 21.5958
vt 1.4355 12.4996
vt 1.4355 12.7873
vt 1.4355 16.351
vt 1.4355 17.015
vt 1.4355 17.027
vt 1.4355 21.1906
vt 1.4355 21.5958
vt 1.4369 12.7948
vt 1.4369 17.0053
vt 1.4369 17.0106
vt 1.4369 21.589
vt 1.4371 12.5078
vt 1.4371 17.0324
vt 1.4371 17.0373
vt 1.4371 21.1817
vt 1.4417 12.296
vt 1.4417 16.5535
vt 1.4417 17.2632
vt 1.4417 17.2822
vt 1.4417 21.6073
vt 1.4435 12.3041
vt 1.4435 16.9325
vt 1.4436 16.9397
vt 1.4436 21.5979
vt 1.4436 21.598
vt 2.2342 17.0759
vt 2.2342 19.6735
vt 2.2343 14.4104
vt 2.2343 17.0686
vt 2.2361 14.4023
vt 2.2361 16.8531
vt 2.2361 17.2632
vt 2.2361 17.2822
vt 2.2361 19.6829
vt 2.2407 14.4634
vt 2.2407 17.0324
vt 2.2407 17.0373
vt 2.2407 19.3814
vt 2.2409 14.6184
vt 2.2409 17.0053
vt 2.2409 17.0106
vt 2.2409 19.6039
vt 2.2423 14.4553
vt 2.2423 14.611
vt 2.2423 16.6506
vt 2.2423 17.015
vt 2.2423 17.027
vt 2.2423 19.3903
vt 2.2423 19.6107
vt 2.258 14.4553
vt 2.258 14.611
vt 2.258 16.6506
vt 2.258 17.015
vt 2.258 17.027
vt 2.258 19.3903
vt 2.258 19.6107
vt 2.2594 14.6184
vt 2.2594 17.0053
vt 2.2594 17.0106
vt 2.2594 19.6039
vt 2.2597 14.4634
vt 2.2597 17.0324
vt 2.2597 17.0373
vt 2.2597 19.3814
vt 2.2643 14.4023
vt 2.2643 16.8531
vt 2.2643 17.2632
vt 2.2643 17.2822
vt 2.2643 19.6829
vt 2.266 14.4104
vt 2.2661 17.0686
vt 2.2662 17.0759
vt 2.2662 19.6735
vt 3.0263 17.5993
vt 3.0264 17.592
vt 3.0264 22.3724
vt 3.027 12.3948
vt 3.027 17.6025
vt 3.0281 22.3643
vt 3.0287 12.4042
vt 3.0287 17.2632
vt 3.0287 17.2822
vt 3.0287 17.9864
vt 3.0287 22.365
vt 3.0288 12.4041
vt 3.0318 12.5775
vt 3.0318 17.0324
vt 3.0318 17.0373
vt 3.0318 21.8548
vt 3.0325 12.103
vt 3.0325 17.0053
vt 3.0325 17.0106
vt 3.0325 21.5106
vt 3.0334 12.5863
vt 3.0334 21.8466
vt 3.0339 21.5031
vt 3.0349 12.0954
vt 3.035 17.7839
vt 3.0363 12.1022
vt 3.0363 12.5838
vt 3.0363 17.015
vt 3.0363 17.027
vt 3.0363 17.7842
vt 3.0363 21.505
vt 3.0363 21.85
vt 3.0496 12.1099
vt 3.0508 12.5775
vt 3.0508 17.0324
vt 3.0508 17.0373
vt 3.0508 21.8548
vt 3.051 12.103
vt 3.051 17.0053
vt 3.051 17.0106
vt 3.051 21.5106
vt 3.052 12.1022
vt 3.052 12.5838
vt 3.052 17.015
vt 3.052 17.027
vt 3.052 17.7842
vt 3.052 21.505
vt 3.052 21.85
vt 3.0534 21.5125
vt 3.0536 12.5749
vt 3.0536 21.8581
vt 3.0569 12.4042
vt 3.0569 17.2632
vt 3.0569 17.2822
vt 3.0569 17.9864
vt 3.0569 22.365
vt 3.0581 17.592
vt 3.0581 22.3724
vt 3.0582 17.9867
vt 3.0587 22.373
vt 3.0588 12.3948
vt 3.0588 17.5952
vt 3.0589 12.3948
vt 3.0589 17.6025
vt 3.1232 17.0304
vt 3.1232 20.3314
vt 3.1233 13.69
vt 3.1233 17.0232
vt 3.1238 13.689
vt 3.1238 17.021
vt 3.1241 16.7511
vt 3.1251 13.6819
vt 3.1251 16.7507
vt 3.1251 17.2632
vt 3.1251 17.2822
vt 3.1251 20.3407
vt 3.1287 13.7974
vt 3.1287 19.9946
vt 3.1289 13.9972
vt 3.1297 13.7953
vt 3.1297 17.0324
vt 3.1297 17.0373
vt 3.1297 19.9964
vt 3.1299 13.9955
vt 3.1299 17.0053
vt 3.1299 17.0106
vt 3.1299 20.283
vt 3.1303 13.7893
vt 3.1303 13.9898
vt 3.1303 16.5486
vt 3.1303 17.015
vt 3.1303 17.027
vt 3.1303 20.0035
vt 3.1303 20.2857
vt 3.1313 20.2898
vt 3.146 13.7893
vt 3.146 13.9898
vt 3.146 16.5486
vt 3.146 17.015
vt 3.146 17.027
vt 3.146 20.0035
vt 3.146 20.2857
vt 3.147 13.7871
vt 3.147 13.9881
vt 3.147 16.5482
vt 3.147 20.0053
vt 3.1474 20.2789
vt 3.1484 13.9955
vt 3.1484 17.0053
vt 3.1484 17.0106
vt 3.1484 20.283
vt 3.1487 13.7953
vt 3.1487 17.0324
vt 3.1487 17.0373
vt 3.1487 19.9964
vt 3.1533 13.6819
vt 3.1533 16.7507
vt 3.1533 17.2632
vt 3.1533 17.2822
vt 3.1533 20.3407
vt 3.1537 13.681
vt 3.1551 17.0304
vt 3.1551 20.3314
vt 3.1555 13.689
vt 3.1555 17.021
vt 3.1556 17.0282
vt 3.3515 13.2952
vt 3.3515 17.5348
vt 3.3516 17.5275
vt 3.3519 17.5265
vt 3.3519 21.3897
vt 3.3522 13.2923
vt 3.3523 21.3916
vt 3.3536 17.8462
vt 3.3541 13.3017
vt 3.3541 17.2632
vt 3.3541 17.2822
vt 3.3541 17.8464
vt 3.3541 21.3835
vt 3.3582 13.4177
vt 3.3582 20.9423
vt 3.3584 20.6584
vt 3.3588 13.4157
vt 3.3588 17.0324
vt 3.3588 17.0373
vt 3.3588 20.9444
vt 3.3594 13.0254
vt 3.3594 17.0053
vt 3.3594 17.0106
vt 3.3594 20.662
vt 3.3598 13.0338
vt 3.3598 13.4266
vt 3.3598 17.015
vt 3.3598 17.027
vt 3.3598 17.6436
vt 3.3598 20.651
vt 3.3598 20.9341
vt 3.3608 13.0322
vt 3.3755 13.0338
vt 3.3755 13.4266
vt 3.3755 17.015
vt 3.3755 17.027
vt 3.3755 17.6436
vt 3.3755 20.651
vt 3.3755 20.9341
vt 3.3761 13.4245
vt 3.376 17.6439
vt 3.3761 20.9362
vt 3.3765 20.6546
vt 3.3769 13.0269
vt 3.3778 13.4157
vt 3.3778 17.0324
vt 3.3778 17.0373
vt 3.3778 20.9444
vt 3.3779 13.0254
vt 3.3779 17.0053
vt 3.3779 17.0106
vt 3.3779 20.662
vt 3.3816 13.3045
vt 3.3818 21.3816
vt 3.3823 13.3017
vt 3.3823 17.2632
vt 3.3823 17.2822
vt 3.3823 17.8464
vt 3.3823 21.3835
vt 3.3834 13.2952
vt 3.3834 17.5348
vt 3.3836 17.5265
vt 3.3836 21.3897
vt 3.3837 17.5338
vt 5.8374 16.4822
vt 5.8374 28.0019
vt 5.8375 16.4749
vt 5.8381 5.2975
vt 5.8381 16.4722
vt 5.8393 28.0006
vt 5.8395 5.2982
vt 5.8396 15.5568
vt 5.8412 5.2901
vt 5.8412 15.5567
vt 5.8412 17.2632
vt 5.8412 17.2822
vt 5.8412 28.0099
vt 5.8442 6.0043
vt 5.8442 27.1684
vt 5.8445 6.7305
vt 5.8459 5.9961
vt 5.8459 6.7231
vt 5.8459 15.3542
vt 5.8459 17.015
vt 5.8459 17.027
vt 5.8459 27.1773
vt 5.8459 28.1942
vt 5.8461 6.0046
vt 5.8461 17.0324
vt 5.8461 17.0373
vt 5.8461 27.1678
vt 5.8474 6.7318
vt 5.8474 17.0053
vt 5.8474 17.0106
vt 5.8474 28.1927
vt 5.8488 28.1996
vt 5.8616 5.9961
vt 5.8616 6.7231
vt 5.8616 15.3542
vt 5.8616 17.015
vt 5.8616 17.027
vt 5.8616 27.1773
vt 5.8616 28.1942
vt 5.863 28.1874
vt 5.8632 15.3542
vt 5.8634 5.9964
vt 5.8634 27.1767
vt 5.8645 6.7244
vt 5.8651 6.0046
vt 5.8651 17.0324
vt 5.8651 17.0373
vt 5.8651 27.1678
vt 5.8659 6.7318
vt 5.8659 17.0053
vt 5.8659 17.0106
vt 5.8659 28.1927
vt 5.8674 28.0112
vt 5.8681 5.2895
vt 5.8693 16.4822
vt 5.8693 28.0019
vt 5.8694 5.2901
vt 5.8694 15.5567
vt 5.8694 17.2632
vt 5.8694 17.2822
vt 5.8694 28.0099
vt 5.8698 5.2975
vt 5.8698 16.4722
vt 5.8699 16.4794
vt 5.9688 17.9968
vt 5.9689 17.9896
vt 5.9689 28.4757
vt 5.9694 6.8183
vt 5.9693 6.8263
vt 5.9693 17.2632
vt 5.9693 17.2822
vt 5.9694 17.9995
vt 5.9693 18.8543
vt 5.9693 28.4681
vt 5.9706 28.4676
vt 5.9712 6.8276
vt 5.9729 6.3537
vt 5.9729 17.0053
vt 5.9729 17.0106
vt 5.9729 26.7919
vt 5.9737 7.3622
vt 5.9737 17.0324
vt 5.9737 17.0373
vt 5.9737 27.5205
vt 5.9743 26.7845
vt 5.9754 7.3711
vt 5.9754 27.5124
vt 5.9756 6.3487
vt 5.9756 18.6518
vt 5.977 6.3555
vt 5.977 7.3715
vt 5.977 17.015
vt 5.977 17.027
vt 5.977 18.6518
vt 5.977 26.7834
vt 5.977 27.5122
vt 5.99 6.3606
vt 5.9914 6.3537
vt 5.9914 17.0053
vt 5.9914 17.0106
vt 5.9914 26.7919
vt 5.9927 6.3555
vt 5.9927 7.3622
vt 5.9927 7.3715
vt 5.9927 17.015
vt 5.9927 17.027
vt 5.9927 17.0324
vt 5.9927 17.0373
vt 5.9927 18.6518
vt 5.9927 26.7834
vt 5.9927 27.5122
vt 5.9927 27.5205
vt 5.9941 26.7908
vt 5.9944 7.3626
vt 5.9944 27.5204
vt 5.9975 6.8263
vt 5.9975 17.2632
vt 5.9975 17.2822
vt 5.9975 18.8543
vt 5.9975 28.4681
vt 5.999 18.8543
vt 5.9993 28.4762
vt 5.9994 6.817
vt 6.0006 17.9896
vt 6.0006 28.4757
vt 6.0012 17.9922
vt 6.0013 6.8183
vt 6.0013 17.9995
vt 6.2916 18.9938
vt 6.2926 5.9218
vt 6.2926 18.0712
vt 6.2927 18.0639
vt 6.2929 5.9212
vt 6.293 29.4548
vt 6.2944 18.0567
vt 6.2944 29.4576
vt 6.2947 5.9306
vt 6.2947 17.2632
vt 6.2947 17.2822
vt 6.2947 18.9945
vt 6.2947 29.4467
vt 6.2962 6.5283
vt 6.2962 28.4273
vt 6.2965 27.6369
vt 6.2979 5.4307
vt 6.2979 6.5371
vt 6.2979 17.015
vt 6.2979 17.027
vt 6.2979 18.7913
vt 6.2979 27.6295
vt 6.2979 28.4191
vt 6.3022 5.4256
vt 6.3022 17.0053
vt 6.3022 17.0106
vt 6.3022 27.6474
vt 6.3029 6.517
vt 6.3029 17.0324
vt 6.3029 17.0373
vt 6.3029 28.4383
vt 6.3036 5.4324
vt 6.3136 5.4307
vt 6.3136 6.5371
vt 6.3136 17.015
vt 6.3136 17.027
vt 6.3136 18.7913
vt 6.3136 27.6295
vt 6.3136 28.4191
vt 6.315 5.4238
vt 6.3167 18.792
vt 6.3192 27.6399
vt 6.3203 6.5259
vt 6.3203 28.4301
vt 6.3206 5.4256
vt 6.3206 17.0053
vt 6.3206 17.0106
vt 6.3206 27.6474
vt 6.3219 6.517
vt 6.3219 17.0324
vt 6.3219 17.0373
vt 6.3219 28.4383
vt 6.3227 5.9312
vt 6.3229 5.9306
vt 6.3229 17.2632
vt 6.3229 17.2822
vt 6.3229 18.9945
vt 6.3229 29.4467
vt 6.3243 29.4495
vt 6.3245 5.9218
vt 6.3245 18.0712
vt 6.3261 18.0567
vt 6.3261 29.4576
vt 6.3262 18.064
vt 6.4647 16.5978
vt 6.4648 7.195
vt 6.4648 16.5906
vt 6.466 16.6035
vt 6.466 26.2705
vt 6.4665 7.1869
vt 6.4676 7.1843
vt 6.4676 15.826
vt 6.4676 17.2632
vt 6.4676 17.2822
vt 6.4676 26.2794
vt 6.4678 26.2798
vt 6.4693 7.7664
vt 6.4693 17.0324
vt 6.4693 17.0373
vt 6.4693 25.5458
vt 6.4704 8.3741
vt 6.4704 17.0053
vt 6.4704 17.0106
vt 6.4704 26.4066
vt 6.471 7.7583
vt 6.471 25.5546
vt 6.4718 8.3666
vt 6.4739 15.6235
vt 6.475 26.406
vt 6.4764 7.7484
vt 6.4764 8.3575
vt 6.4764 15.6229
vt 6.4764 17.015
vt 6.4764 17.027
vt 6.4764 25.5646
vt 6.4764 26.4128
vt 6.4875 26.4135
vt 6.4883 7.7664
vt 6.4883 17.0324
vt 6.4883 17.0373
vt 6.4883 25.5458
vt 6.4889 8.3741
vt 6.4889 17.0053
vt 6.4889 17.0106
vt 6.4889 26.4066
vt 6.4921 7.7484
vt 6.4921 8.3575
vt 6.4921 15.6229
vt 6.4921 17.015
vt 6.4921 17.027
vt 6.4921 25.5646
vt 6.4921 26.4128
vt 6.4935 8.365
vt 6.4938 7.7566
vt 6.4938 25.5557
vt 6.4959 7.1843
vt 6.4959 15.826
vt 6.4959 17.2632
vt 6.4959 17.2822
vt 6.4959 26.2794
vt 6.4965 7.195
vt 6.4965 16.5906
vt 6.4976 7.1924
vt 6.4978 16.5962
vt 6.4977 26.27
vt 6.4979 16.6035
vt 6.4979 26.2705
vt 6.4984 15.8254
vt 7.0517 16.4622
vt 7.0517 28.2401
vt 7.0523 16.465
vt 7.0524 5.0356
vt 7.0524 16.4577
vt 7.0535 28.2495
vt 7.0542 5.0275
vt 7.0556 5.0247
vt 7.0556 15.5192
vt 7.0556 17.2632
vt 7.0556 17.2822
vt 7.0556 28.2537
vt 7.06 28.4398
vt 7.0614 5.7523
vt 7.0615 5.7578
vt 7.0614 6.4977
vt 7.0614 15.3168
vt 7.0614 17.015
vt 7.0614 17.027
vt 7.0615 17.0324
vt 7.0615 17.0373
vt 7.0615 27.3952
vt 7.0614 27.4014
vt 7.0614 28.4467
vt 7.0618 15.3167
vt 7.0628 6.5001
vt 7.0628 17.0053
vt 7.0628 17.0106
vt 7.0628 28.4389
vt 7.0631 5.7496
vt 7.0631 27.4041
vt 7.0642 6.4927
vt 7.0771 5.7523
vt 7.0771 6.4977
vt 7.0771 15.3168
vt 7.0771 17.015
vt 7.0771 17.027
vt 7.0771 27.4014
vt 7.0771 28.4467
vt 7.0785 6.5052
vt 7.0788 5.7605
vt 7.0788 27.3925
vt 7.0799 28.4457
vt 7.0805 5.7578
vt 7.0805 17.0324
vt 7.0805 17.0373
vt 7.0805 27.3952
vt 7.0813 6.5001
vt 7.0813 17.0053
vt 7.0813 17.0106
vt 7.0813 28.4389
vt 7.0834 15.5193
vt 7.0835 16.4549
vt 7.0836 16.4622
vt 7.0836 28.2401
vt 7.0838 5.0247
vt 7.0838 15.5192
vt 7.0838 17.2632
vt 7.0838 17.2822
vt 7.0838 28.2537
vt 7.0841 5.0356
vt 7.0841 16.4577
vt 7.0855 5.0328
vt 7.0856 28.2444
vt 7.6791 6.9301
vt 7.6791 16.579
vt 7.6801 26.5111
vt 7.6802 6.9306
vt 7.6803 16.5803
vt 7.6803 26.511
vt 7.6804 16.5731
vt 7.682 6.9225
vt 7.682 15.7883
vt 7.682 17.2632
vt 7.682 17.2822
vt 7.682 26.5205
vt 7.6845 7.5163
vt 7.6845 17.0324
vt 7.6845 17.0373
vt 7.6845 25.7769
vt 7.6856 8.1402
vt 7.6856 15.7883
vt 7.6856 17.0053
vt 7.6856 17.0106
vt 7.6856 26.6512
vt 7.687 26.6581
vt 7.6902 7.517
vt 7.6902 25.7752
vt 7.6905 8.1423
vt 7.6919 7.5089
vt 7.6919 8.1348
vt 7.6919 15.5857
vt 7.6919 17.015
vt 7.6919 17.027
vt 7.6919 25.7841
vt 7.6919 26.667
vt 7.7018 7.5081
vt 7.7018 25.7857
vt 7.7027 8.1327
vt 7.7035 7.5163
vt 7.7035 17.0324
vt 7.7035 17.0373
vt 7.7035 25.7769
vt 7.7039 15.5858
vt 7.7041 8.1402
vt 7.7041 17.0053
vt 7.7041 17.0106
vt 7.7041 26.6512
vt 7.7076 7.5089
vt 7.7076 8.1348
vt 7.7076 15.5857
vt 7.7076 17.015
vt 7.7076 17.027
vt 7.7076 25.7841
vt 7.7076 26.667
vt 7.709 6.922
vt 7.709 26.6602
vt 7.7102 6.9225
vt 7.7102 15.7883
vt 7.7102 17.2632
vt 7.7102 17.2822
vt 7.7102 26.5205
vt 7.7104 26.5203
vt 7.7108 6.9301
vt 7.7108 16.579
vt 7.7109 16.5863
vt 7.7123 16.5803
vt 7.7123 26.511
vt 8.3055 7.2835
vt 8.3056 27.9672
vt 8.3068 17.9589
vt 8.3068 27.9697
vt 8.3073 7.2796
vt 8.3073 7.2929
vt 8.3073 17.2632
vt 8.3073 17.2822
vt 8.3073 17.9637
vt 8.3074 17.9565
vt 8.3073 18.782
vt 8.3073 27.9591
vt 8.3076 18.7821
vt 8.31 6.8298
vt 8.31 17.0053
vt 8.31 17.0106
vt 8.31 26.3496
vt 8.3108 7.7976
vt 8.3108 17.0324
vt 8.3108 17.0373
vt 8.3108 27.0477
vt 8.3114 6.8366
vt 8.3122 7.7953
vt 8.3122 27.05
vt 8.3124 26.3541
vt 8.3138 6.8374
vt 8.3138 7.8042
vt 8.3138 17.015
vt 8.3138 17.027
vt 8.3138 18.5796
vt 8.3138 26.3466
vt 8.3138 27.0418
vt 8.3271 26.3422
vt 8.3282 7.8065
vt 8.3282 27.0396
vt 8.3285 6.8298
vt 8.3285 17.0053
vt 8.3285 17.0106
vt 8.3285 26.3496
vt 8.3293 18.5795
vt 8.3295 6.8374
vt 8.3295 7.8042
vt 8.3295 17.015
vt 8.3295 17.027
vt 8.3295 18.5796
vt 8.3295 26.3466
vt 8.3295 27.0418
vt 8.3298 7.7976
vt 8.3298 17.0324
vt 8.3298 17.0373
vt 8.3298 27.0477
vt 8.3309 6.8306
vt 8.3355 7.2929
vt 8.3355 17.2632
vt 8.3355 17.2822
vt 8.3355 18.782
vt 8.3355 27.9591
vt 8.3368 27.9616
vt 8.3373 7.2889
vt 8.3385 17.9589
vt 8.3385 27.9697
vt 8.3386 17.9662
vt 8.3392 7.2796
vt 8.3392 17.9637
vt 8.6306 6.385
vt 8.6306 18.0307
vt 8.6322 18.0377
vt 8.6323 18.0304
vt 8.6323 28.9486
vt 8.6325 6.3944
vt 8.6327 6.3946
vt 8.6327 17.2632
vt 8.6327 17.2822
vt 8.6327 18.922
vt 8.6327 28.9413
vt 8.6334 5.9086
vt 8.634 28.9406
vt 8.6348 5.9155
vt 8.6348 6.9636
vt 8.6348 17.015
vt 8.6348 17.027
vt 8.6348 18.7195
vt 8.6348 27.1971
vt 8.6348 27.9545
vt 8.639 5.8991
vt 8.639 17.0053
vt 8.639 17.0106
vt 8.6389 18.7194
vt 8.639 27.2014
vt 8.6398 6.9576
vt 8.6398 17.0324
vt 8.6398 17.0373
vt 8.6398 27.9608
vt 8.6404 27.1939
vt 8.6414 6.9664
vt 8.6414 27.9526
vt 8.6505 5.9155
vt 8.6505 6.9636
vt 8.6505 17.015
vt 8.6505 17.027
vt 8.6505 18.7195
vt 8.6505 27.1971
vt 8.6505 27.9545
vt 8.6519 27.2046
vt 8.6522 6.9547
vt 8.6522 27.9627
vt 8.6561 5.906
vt 8.6568 18.922
vt 8.6575 5.8991
vt 8.6575 17.0053
vt 8.6575 17.0106
vt 8.6575 27.2014
vt 8.6588 6.9576
vt 8.6588 17.0324
vt 8.6588 17.0373
vt 8.6588 27.9608
vt 8.6609 6.3946
vt 8.6609 17.2632
vt 8.6609 17.2822
vt 8.6609 18.922
vt 8.6609 28.9413
vt 8.6624 18.0234
vt 8.6625 6.385
vt 8.6625 18.0307
vt 8.6627 28.9494
vt 8.6628 6.3852
vt 8.664 18.0304
vt 8.664 28.9486
vt 13.6442 16.6192
vt 13.6442 16.7211
vt 13.6442 17.0172
vt 13.6442 17.3133
vt 13.6442 17.6094
vt 13.6442 17.9055
vt 13.6442 18.2016
vt 13.6442 18.4978
vt 13.6442 18.7938
vt 13.6442 19.0899
vt 13.6442 19.1918
vt 13.6569 16.6192
vt 13.6569 16.7211
vt 13.6569 17.0172
vt 13.6569 17.3133
vt 13.6569 17.6094
vt 13.6569 17.9055
vt 13.6569 18.2016
vt 13.6569 18.4978
vt 13.6569 18.7938
vt 13.6569 19.0899
vt 13.6569 19.1918
vt 13.6726 16.6209
vt 13.6726 16.7211
vt 13.6726 17.0172
vt 13.6726 17.3133
vt 13.6726 17.6094
vt 13.6726 17.9055
vt 13.6726 18.2016
vt 13.6726 18.4978
vt 13.6726 18.7938
vt 13.6726 19.0899
vt 13.6726 19.1902
vt 13.69 16.6209
vt 13.6899 16.7211
vt 13.6899 19.0899
vt 13.6899 19.1902
vt 13.8126 16.7211
vt 13.8126 17.9055
vt 13.8126 19.0899
vt 14.5869 16.2975
vt 14.5869 30.4169
vt 14.5888 16.3058
vt 14.5887 30.4263
vt 14.5887 30.6847
vt 14.5889 2.6547
vt 14.5889 16.2986
vt 14.589 2.6492
vt 14.589 15.18
vt 14.589 17.2632
vt 14.589 17.2822
vt 14.589 30.4268
vt 14.5901 3.5461
vt 14.5901 4.4404
vt 14.5901 14.9783
vt 14.5901 17.015
vt 14.5901 17.027
vt 14.5901 29.4316
vt 14.5901 30.6915
vt 14.5906 2.6466
vt 14.5952 14.9775
vt 14.5956 4.4381
vt 14.5956 17.0053
vt 14.5956 17.0106
vt 14.5956 30.6794
vt 14.5966 3.5446
vt 14.5966 17.0324
vt 14.5966 17.0373
vt 14.5966 29.433
vt 14.597 4.4306
vt 14.5983 3.5364
vt 14.5983 29.4419
vt 14.6058 3.5461
vt 14.6058 4.4404
vt 14.6058 14.9783
vt 14.6058 17.015
vt 14.6058 17.027
vt 14.6058 29.4316
vt 14.6058 30.6915
vt 14.6072 4.4478
vt 14.6075 3.5543
vt 14.6075 29.4227
vt 14.6121 15.1808
vt 14.6127 30.6863
vt 14.6141 4.4381
vt 14.6141 17.0053
vt 14.6141 17.0106
vt 14.6141 30.6794
vt 14.6156 3.5446
vt 14.6156 17.0324
vt 14.6156 17.0373
vt 14.6156 29.433
vt 14.6172 2.6492
vt 14.6172 15.18
vt 14.6172 17.2632
vt 14.6172 17.2822
vt 14.6172 30.4268
vt 14.6187 16.2902
vt 14.6188 16.2975
vt 14.6188 30.4169
vt 14.6189 2.6573
vt 14.619 30.4174
vt 14.6206 2.6547
vt 14.6206 16.2986
vt 14.9447 2.6448
vt 14.9447 18.2963
vt 14.9465 2.6542
vt 14.9465 17.2632
vt 14.9465 17.2822
vt 14.9465 19.5041
vt 14.9465 33.0347
vt 14.9469 2.0512
vt 14.9469 18.306
vt 14.947 18.2987
vt 14.947 33.0405
vt 14.9483 2.058
vt 14.9483 3.4675
vt 14.9483 17.015
vt 14.9483 17.027
vt 14.9483 19.3019
vt 14.9483 30.7389
vt 14.9483 31.753
vt 14.9487 33.0325
vt 14.9511 3.4622
vt 14.9511 17.0324
vt 14.9511 17.0373
vt 14.9511 31.7581
vt 14.9514 2.0454
vt 14.9514 17.0053
vt 14.9514 17.0106
vt 14.9514 30.7421
vt 14.9528 3.4711
vt 14.9528 19.3016
vt 14.9528 30.7346
vt 14.9528 31.75
vt 14.964 2.058
vt 14.964 3.4675
vt 14.964 17.015
vt 14.964 17.027
vt 14.964 19.3019
vt 14.964 30.7389
vt 14.964 31.753
vt 14.9654 30.7463
vt 14.9657 3.4586
vt 14.9657 31.7612
vt 14.9685 2.0523
vt 14.9699 2.0454
vt 14.9699 17.0053
vt 14.9699 17.0106
vt 14.9699 30.7421
vt 14.9701 3.4622
vt 14.9701 17.0324
vt 14.9701 17.0373
vt 14.9701 31.7581
vt 14.9703 19.5044
vt 14.9747 2.6542
vt 14.9747 17.2632
vt 14.9747 17.2822
vt 14.9747 19.5041
vt 14.9747 33.0347
vt 14.9765 18.289
vt 14.9765 33.0428
vt 14.9766 2.6448
vt 14.9766 18.2963
vt 14.9787 18.2987
vt 14.9787 33.0405
vt 15.1348 16.7211
vt 15.1348 16.7724
vt 15.1348 17.9055
vt 15.1348 19.0387
vt 15.1348 19.0899
vt 15.1442 16.7211
vt 15.1442 16.7724
vt 15.1442 17.9055
vt 15.1442 19.0386
vt 15.1442 19.0899
vt 15.2136 32.1518
vt 15.2137 0.7578
vt 15.2154 0.7497
vt 15.2154 14.9111
vt 15.2154 17.2632
vt 15.2154 17.2822
vt 15.2154 32.1612
vt 15.2155 0.7598
vt 15.2155 16.1782
vt 15.2159 14.9111
vt 15.2163 16.1817
vt 15.2163 32.1485
vt 15.2164 16.1744
vt 15.217 2.8021
vt 15.217 17.0053
vt 15.217 17.0106
vt 15.217 32.4637
vt 15.2182 1.7907
vt 15.2182 17.0324
vt 15.2182 17.0373
vt 15.2182 31.0471
vt 15.2184 32.4705
vt 15.2205 1.7923
vt 15.2205 31.0452
vt 15.2208 2.8058
vt 15.2222 1.7841
vt 15.2222 2.7983
vt 15.2222 14.7086
vt 15.2222 17.015
vt 15.2222 17.027
vt 15.2222 31.0541
vt 15.2222 32.4753
vt 15.2341 2.7947
vt 15.2355 2.8021
vt 15.2355 17.0053
vt 15.2355 17.0106
vt 15.2355 32.4637
vt 15.2356 1.7825
vt 15.2356 31.056
vt 15.2372 1.7907
vt 15.2372 17.0324
vt 15.2372 17.0373
vt 15.2372 31.0471
vt 15.2374 14.7086
vt 15.2379 1.7841
vt 15.2379 2.7983
vt 15.2379 14.7086
vt 15.2379 17.015
vt 15.2379 17.027
vt 15.2379 31.0541
vt 15.2379 32.4753
vt 15.2393 32.4685
vt 15.2436 0.7497
vt 15.2436 14.9111
vt 15.2436 17.2632
vt 15.2436 17.2822
vt 15.2436 32.1612
vt 15.2455 0.7517
vt 15.2464 32.1578
vt 15.2472 0.7598
vt 15.2472 16.1782
vt 15.2473 16.1855
vt 15.2482 16.1817
vt 15.2482 32.1485
vt 15.4227 16.7211
vt 15.4227 16.773
vt 15.4227 17.9055
vt 15.4227 19.038
vt 15.4227 19.0899
vt 15.4316 16.7211
vt 15.4316 19.0899
vt 15.4444 16.7211
vt 15.4444 16.7724
vt 15.4444 17.9055
vt 15.4444 19.0387
vt 15.4444 19.0899
vt 15.4672 16.7211
vt 15.4672 16.7724
vt 15.4672 17.9055
vt 15.4672 19.0386
vt 15.4672 19.0899
vt 15.5039 16.7211
vt 15.5039 16.7743
vt 15.5039 17.9055
vt 15.5039 19.0368
vt 15.5039 19.0899
vt 15.507 16.7211
vt 15.507 16.7744
vt 15.507 17.9055
vt 15.507 19.0366
vt 15.507 19.0899
vt 15.5349 16.7211
vt 15.5349 16.7758
vt 15.5349 17.9055
vt 15.5349 19.0352
vt 15.5349 19.0899
vt 15.5452 16.7211
vt 15.5452 16.7764
vt 15.5452 17.9055
vt 15.5452 19.0347
vt 15.5452 19.0899
vt 15.5573 16.7211
vt 15.5573 16.7768
vt 15.5573 17.9055
vt 15.5573 19.0342
vt 15.5573 19.0899
vt 15.5587 16.7211
vt 15.5587 16.7769
vt 15.5587 17.9055
vt 15.5587 19.0341
vt 15.5587 19.0899
vt 15.5771 16.7211
vt 15.5771 16.7778
vt 15.5771 17.9055
vt 15.5771 19.0332
vt 15.5771 19.0899
vt 15.5772 16.7211
vt 15.5772 16.7778
vt 15.5772 17.9055
vt 15.5772 19.0332
vt 15.5772 19.0899
vt 15.619 16.7781
vt 15.619 17.9055
vt 15.619 19.0329
vt 15.6669 19.2807
vt 15.6726 19.2693
vt 15.6811 19.2731
vt 15.6811 19.2864
vt 15.6842 17.9055
vt 15.6909 16.5975
vt 15.6909 16.7211
vt 15.6909 19.0899
vt 15.6909 19.2135
vt 15.7096 16.4927
vt 15.7154 16.504
vt 15.7239 16.4869
vt 15.7239 16.5002
vt 15.7761 19.2731
vt 15.7761 19.2864
vt 15.7997 15.2176
vt 15.8012 16.3231
vt 15.8012 30.1765
vt 15.8013 16.3159
vt 15.8015 30.1762
vt 15.8016 2.9185
vt 15.8032 2.9202
vt 15.8032 16.3076
vt 15.8033 2.9104
vt 15.8033 15.2178
vt 15.8033 17.2632
vt 15.8033 17.2822
vt 15.8033 30.1856
vt 15.8043 3.7903
vt 15.8043 29.2069
vt 15.8046 4.6669
vt 15.806 3.7821
vt 15.806 4.6594
vt 15.806 15.015
vt 15.806 17.015
vt 15.806 17.027
vt 15.806 29.2158
vt 15.806 30.4363
vt 15.8111 4.6732
vt 15.8111 17.0053
vt 15.8111 17.0106
vt 15.8111 30.4378
vt 15.8121 3.7957
vt 15.8121 17.0324
vt 15.8121 17.0373
vt 15.8121 29.2006
vt 15.8125 30.4446
vt 15.8189 16.4869
vt 15.8189 16.5002
vt 15.8217 3.7821
vt 15.8217 4.6594
vt 15.8217 15.015
vt 15.8217 17.015
vt 15.8217 17.027
vt 15.8217 29.2158
vt 15.8217 30.4363
vt 15.8231 30.4295
vt 15.8253 15.0153
vt 15.8282 4.6657
vt 15.8294 3.7876
vt 15.8294 29.2095
vt 15.8296 4.6732
vt 15.8296 17.0053
vt 15.8296 17.0106
vt 15.8296 30.4378
vt 15.8311 3.7957
vt 15.8311 17.0324
vt 15.8311 17.0373
vt 15.8311 29.2006
vt 15.8313 30.1859
vt 15.8315 2.9104
vt 15.8315 15.2178
vt 15.8315 17.2632
vt 15.8315 17.2822
vt 15.8315 30.1856
vt 15.8332 2.9121
vt 15.8331 16.3231
vt 15.8331 30.1765
vt 15.8337 1.9869
vt 15.8337 18.3535
vt 15.8338 18.3462
vt 15.8337 33.7595
vt 15.8349 2.9202
vt 15.8349 16.3076
vt 15.835 16.3149
vt 15.8355 1.9964
vt 15.8355 17.2632
vt 15.8355 17.2822
vt 15.8355 19.6069
vt 15.8355 33.7514
vt 15.84 2.8472
vt 15.8401 17.0324
vt 15.8401 17.0373
vt 15.84 32.4263
vt 15.8403 1.3715
vt 15.8403 17.0053
vt 15.8403 17.0106
vt 15.8403 31.365
vt 15.8417 1.3783
vt 15.8417 2.856
vt 15.8417 17.015
vt 15.8417 17.027
vt 15.8417 19.4044
vt 15.8417 31.3576
vt 15.8417 32.4181
vt 15.8574 1.3783
vt 15.8574 2.856
vt 15.8574 17.015
vt 15.8574 17.027
vt 15.8574 19.4044
vt 15.8574 31.3576
vt 15.8574 32.4181
vt 15.8588 1.3715
vt 15.8588 17.0053
vt 15.8588 17.0106
vt 15.8588 31.3651
vt 15.8591 2.8471
vt 15.8591 17.0324
vt 15.8591 17.0373
vt 15.8591 32.4263
vt 15.8637 1.9964
vt 15.8637 17.2632
vt 15.8637 17.2822
vt 15.8637 19.6069
vt 15.8637 33.7515
vt 15.8655 18.3462
vt 15.8655 33.7595
vt 15.8656 1.9869
vt 15.8656 18.3534
vt 16.4298 1.0157
vt 16.4298 14.9486
vt 16.4297 16.199
vt 16.4298 1.0211
vt 16.4298 16.1917
vt 16.4298 17.2632
vt 16.4298 17.2822
vt 16.4298 31.9162
vt 16.4306 16.2027
vt 16.4306 31.9112
vt 16.4316 1.013
vt 16.4325 31.9205
vt 16.4328 3.034
vt 16.4328 17.0053
vt 16.4328 17.0106
vt 16.4328 32.2195
vt 16.434 2.037
vt 16.434 17.0324
vt 16.434 17.0373
vt 16.434 30.82
vt 16.4342 3.0265
vt 16.4356 2.0288
vt 16.4356 30.8289
vt 16.436 14.7461
vt 16.4368 32.2161
vt 16.4381 2.026
vt 16.4381 3.0213
vt 16.4381 14.7458
vt 16.4381 17.015
vt 16.4381 17.027
vt 16.4381 30.8319
vt 16.4381 32.2229
vt 16.4499 32.2264
vt 16.4513 3.034
vt 16.4513 17.0053
vt 16.4513 17.0106
vt 16.4513 32.2195
vt 16.453 2.037
vt 16.453 17.0324
vt 16.453 17.0373
vt 16.453 30.82
vt 16.4538 2.026
vt 16.4538 3.0213
vt 16.4538 14.7458
vt 16.4538 17.015
vt 16.4538 17.027
vt 16.4538 30.8319
vt 16.4538 32.2229
vt 16.4552 3.0287
vt 16.4555 2.0342
vt 16.4555 30.823
vt 16.458 1.0157
vt 16.458 14.9486
vt 16.458 17.2632
vt 16.458 17.2822
vt 16.458 31.9162
vt 16.4597 1.0238
vt 16.4598 31.9069
vt 16.4601 14.9483
vt 16.4616 1.0211
vt 16.4616 16.1917
vt 16.4624 16.1954
vt 16.4625 16.2027
vt 16.4625 31.9112
vt 16.6562 3.9113
vt 16.6562 3.9114
vt 16.6562 18.2058
vt 16.6563 18.1984
vt 16.6563 18.1985
vt 16.6563 31.6568
vt 16.6581 3.9207
vt 16.6581 17.2632
vt 16.6581 17.2822
vt 16.6581 19.3069
vt 16.6581 31.6488
vt 16.6627 4.6425
vt 16.6627 17.0324
vt 16.6627 17.0373
vt 16.6627 30.4752
vt 16.6629 3.3515
vt 16.6629 17.0053
vt 16.6629 17.0106
vt 16.6629 29.5472
vt 16.6643 3.3583
vt 16.6643 4.6513
vt 16.6643 17.015
vt 16.6643 17.027
vt 16.6643 19.1044
vt 16.6643 29.5398
vt 16.6643 30.467
vt 16.68 3.3583
vt 16.68 4.6513
vt 16.68 17.015
vt 16.68 17.027
vt 16.68 19.1044
vt 16.68 29.5398
vt 16.68 30.467
vt 16.6814 3.3515
vt 16.6814 17.0053
vt 16.6814 17.0106
vt 16.6814 29.5472
vt 16.6817 4.6425
vt 16.6817 17.0324
vt 16.6817 17.0373
vt 16.6817 30.4752
vt 16.6863 3.9207
vt 16.6862 3.9208
vt 16.6863 17.2632
vt 16.6863 17.2822
vt 16.6863 19.3069
vt 16.6863 31.6488
vt 16.6881 3.9114
vt 16.688 18.1984
vt 16.6881 18.2056
vt 16.6881 18.2058
vt 16.688 31.6568
vt 16.8971 16.5975
vt 16.8971 16.7211
vt 16.8971 19.0899
vt 16.8971 19.2135
vt 16.8987 17.9055
vt 16.9846 19.2731
vt 16.9846 19.2864
vt 17.0109 16.7211
vt 17.0109 19.0899
vt 17.0111 17.9055
vt 17.0273 16.4869
vt 17.0273 16.5002
vt 17.0795 19.2731
vt 17.0795 19.2864
vt 17.0881 19.2693
vt 17.0938 19.2807
vt 17.0964 19.263
vt 17.1014 19.2551
vt 17.1041 19.2706
vt 17.1066 19.1548
vt 17.11 19.1548
vt 17.11 19.2567
vt 17.1223 16.4869
vt 17.1223 16.5002
vt 17.1308 16.504
vt 17.1365 16.4927
vt 17.1392 16.5103
vt 17.1441 16.5182
vt 17.1469 16.5027
vt 17.1494 16.6185
vt 17.1528 16.5166
vt 17.1528 16.6185
vt 17.289 16.6066
vt 17.289 19.2045
vt 17.2947 16.5953
vt 17.2947 19.2158
vt 17.2973 16.613
vt 17.2973 19.198
vt 17.2982 16.7211
vt 17.2982 17.0172
vt 17.2982 17.3133
vt 17.2982 17.6094
vt 17.2983 17.9055
vt 17.2982 18.2016
vt 17.2982 18.4978
vt 17.2982 18.7938
vt 17.2982 19.0899
vt 17.3022 16.6209
vt 17.3022 19.1902
vt 17.3051 16.6053
vt 17.3051 19.2057
vt 17.311 16.6192
vt 17.3111 16.7211
vt 17.3111 17.0172
vt 17.3111 17.3133
vt 17.3111 17.6094
vt 17.3111 17.9055
vt 17.3111 18.2016
vt 17.3111 18.4978
vt 17.3111 18.7938
vt 17.3111 19.0899
vt 17.311 19.1918
vt 17.4946 16.5344
vt 17.4946 19.2426
vt 17.5077 16.8729
vt 17.5077 18.9041
vt 17.5134 17.2114
vt 17.5134 18.5656
vt 17.5431 18.2529
vt 17.5432 18.2456
vt 17.5432 32.3762
vt 17.5449 32.3681
vt 17.5452 3.2535
vt 17.5452 18.2619
vt 17.547 3.2629
vt 17.547 17.2632
vt 17.547 17.2822
vt 17.547 19.4097
vt 17.547 32.3658
vt 17.5486 16.5034
vt 17.5486 19.2736
vt 17.5514 17.5499
vt 17.5514 18.2271
vt 17.5516 4.0272
vt 17.5516 17.0324
vt 17.5516 17.0373
vt 17.5516 31.1435
vt 17.5519 2.6771
vt 17.5519 17.0053
vt 17.5519 17.0106
vt 17.5519 30.1704
vt 17.5533 4.0361
vt 17.5533 19.2072
vt 17.5533 30.1629
vt 17.5533 31.1353
vt 17.5561 2.6721
vt 17.5575 2.679
vt 17.5575 4.0399
vt 17.5575 17.015
vt 17.5575 17.027
vt 17.5575 19.2068
vt 17.5575 30.1585
vt 17.5575 31.132
vt 17.5618 16.8496
vt 17.5618 18.9273
vt 17.5675 17.1959
vt 17.5675 18.5811
vt 17.5681 19.3838
vt 17.569 2.684
vt 17.57 16.395
vt 17.5704 2.6771
vt 17.5704 17.0053
vt 17.5704 17.0106
vt 17.5704 30.1704
vt 17.5706 4.0272
vt 17.5706 17.0324
vt 17.5706 17.0373
vt 17.5706 31.1435
vt 17.5732 2.679
vt 17.5732 4.0399
vt 17.5732 17.015
vt 17.5732 17.027
vt 17.5732 19.2068
vt 17.5732 30.1585
vt 17.5732 31.132
vt 17.5737 17.7869
vt 17.5737 17.9901
vt 17.5746 30.1659
vt 17.5748 4.031
vt 17.5749 18.2456
vt 17.5748 31.1402
vt 17.5749 32.3762
vt 17.5753 3.2629
vt 17.5752 16.4728
vt 17.5753 17.2632
vt 17.5753 17.2822
vt 17.5752 19.3041
vt 17.5753 19.4097
vt 17.5753 32.3658
vt 17.5765 16.4024
vt 17.5765 19.3751
vt 17.577 18.2547
vt 17.5771 3.2535
vt 17.5771 18.2619
vt 17.577 32.3739
vt 17.5778 17.8885
vt 17.5795 19.4093
vt 17.5805 19.3492
vt 17.5812 16.4278
vt 17.5883 16.8268
vt 17.5883 18.9502
vt 17.5938 18.9841
vt 17.594 17.1806
vt 17.594 18.5964
vt 17.5943 16.793
vt 17.5948 19.3838
vt 17.5965 16.395
vt 17.5995 18.6189
vt 17.6001 17.1581
vt 17.6032 16.4024
vt 17.6032 19.3751
vt 17.6055 17.5421
vt 17.6055 18.2348
vt 17.6071 19.3362
vt 17.6078 16.4408
vt 17.6204 18.9742
vt 17.621 16.8027
vt 17.6261 18.6124
vt 17.6267 17.1646
vt 17.6278 17.7845
vt 17.6278 17.9924
vt 17.6319 17.8885
vt 17.6321 17.5345
vt 17.6321 18.2424
vt 17.6378 17.5232
vt 17.6378 18.2537
vt 17.6543 17.7822
vt 17.6543 17.9948
vt 17.6584 17.8885
vt 17.659 17.9986
vt 17.6602 17.7788
vt 17.6643 17.8885
vt 17.6646 17.5265
vt 17.6645 18.2505
vt 17.6857 17.9975
vt 17.6869 17.7798
vt 17.691 17.8885
vt 18.0419 17.9591
vt 18.0419 17.9606
vt 18.0419 18.0705
vt 18.0419 18.1962
vt 18.0419 18.3494
vt 18.0419 18.5743
vt 18.0419 18.7328
vt 18.0473 18.8225
vt 18.0575 18.9333
vt 18.0745 17.7795
vt 18.0757 17.8141
vt 18.0759 17.8591
vt 18.0761 17.8896
vt 18.0763 17.9424
vt 18.0847 18.059
vt 18.094 18.1792
vt 18.1009 18.3462
vt 18.1051 18.5796
vt 18.1093 18.6918
vt 18.1136 18.7883
vt 18.1136 18.8666
vt 18.1332 18.8666
vt 18.137 17.9591
vt 18.1371 17.9605
vt 18.1483 18.0705
vt 18.1483 18.1962
vt 18.1483 18.3494
vt 18.1483 18.5743
vt 18.1483 18.7328
vt 18.1488 18.8225
vt 18.1498 18.9333
vt 18.1514 17.7795
vt 18.1515 17.8141
vt 18.1515 17.8591
vt 18.1515 17.8896
vt 18.1515 17.9424
vt 18.1523 18.059
vt 18.1533 18.1792
vt 18.1539 18.3462
vt 18.1543 18.5796
vt 18.1547 18.6918
vt 18.1551 18.7883
vt 18.1569 18.8666
vt 18.1592 17.959
vt 18.1592 17.96
vt 18.1595 17.7795
vt 18.1595 17.8141
vt 18.1595 17.8591
vt 18.1595 17.8896
vt 18.1595 17.9424
vt 18.1595 18.059
vt 18.1595 18.0705
vt 18.1595 18.1792
vt 18.1595 18.1962
vt 18.1595 18.3462
vt 18.1595 18.3494
vt 18.1595 18.5743
vt 18.1595 18.5796
vt 18.1595 18.6918
vt 18.1595 18.7328
vt 18.1595 18.7883
vt 18.1595 18.8225
vt 18.1595 18.8666
vt 18.1595 18.9333
vt 18.3534 17.7761
vt 18.3534 17.8107
vt 18.3534 17.8557
vt 18.3533 17.8863
vt 18.3533 17.939
vt 18.3533 18.0556
vt 18.3533 18.0671
vt 18.3533 18.1759
vt 18.3533 18.1928
vt 18.3533 18.3428
vt 18.3533 18.346
vt 18.3533 18.5709
vt 18.3533 18.5762
vt 18.3533 18.6884
vt 18.3533 18.7294
vt 18.3533 18.785
vt 18.3533 18.8191
vt 18.3533 18.8632
vt 18.3533 18.9299
vt 18.3537 17.9556
vt 18.3537 17.9567
vt 18.3558 18.8632
vt 18.3576 18.785
vt 18.3581 18.6884
vt 18.3585 18.5762
vt 18.3589 18.3428
vt 18.3596 18.1759
vt 18.3604 18.0556
vt 18.3613 17.8557
vt 18.3613 17.8862
vt 18.3612 17.939
vt 18.3615 17.7761
vt 18.3614 17.8107
vt 18.363 18.9299
vt 18.364 18.8191
vt 18.3645 18.0671
vt 18.3645 18.1928
vt 18.3645 18.346
vt 18.3645 18.5709
vt 18.3645 18.7294
vt 18.3757 17.9571
vt 18.3759 17.9557
vt 18.3795 18.8632
vt 18.3991 18.785
vt 18.3991 18.8632
vt 18.4034 18.6884
vt 18.4077 18.5762
vt 18.4119 18.3428
vt 18.4187 18.1759
vt 18.4281 18.0556
vt 18.4365 17.939
vt 18.4368 17.8862
vt 18.4369 17.8557
vt 18.4373 17.8107
vt 18.4384 17.7761
vt 18.4553 18.9299
vt 18.4655 18.8191
vt 18.4709 17.9557
vt 18.4709 17.9572
vt 18.4709 18.0671
vt 18.4709 18.1928
vt 18.4709 18.346
vt 18.4709 18.5709
vt 18.4709 18.7294
vt 19.4392 14.3414
vt 19.4392 14.3745
vt 19.5662 14.3414
vt 19.5662 14.3745
vt 19.5662 14.4816
vt 19.5662 14.494
vt 19.5744 14.3414
vt 19.5744 14.3745
vt 19.5744 14.4816
vt 19.5744 14.494
vt 19.6123 19.1003
vt 19.6123 19.1083
vt 19.6123 19.2319
vt 19.6123 19.265
vt 19.6705 14.3414
vt 19.6705 14.3745
vt 19.6705 14.4817
vt 19.6705 14.494
vt 19.6847 14.3414
vt 19.6847 14.3745
vt 19.6847 14.4817
vt 19.6847 14.494
vt 19.6951 14.3414
vt 19.695 14.3745
vt 19.695 14.4816
vt 19.695 14.4939
vt 19.7084 19.1003
vt 19.7092 14.3414
vt 19.7092 14.3745
vt 19.7092 14.4816
vt 19.7092 14.4939
vt 19.7227 19.106
vt 19.7261 19.2319
vt 19.7261 19.265
vt 19.7261 19.3845
vt 19.733 19.1161
vt 19.7389 19.13
vt 19.7389 19.2319
vt 19.7389 19.265
vt 19.7389 19.3721
vt 19.7389 19.3845
vt 19.8138 14.2395
vt 19.8139 14.3414
vt 19.8139 14.3745
vt 19.8139 14.4816
vt 19.8139 14.4939
vt 19.8174 14.4816
vt 19.8174 14.4939
vt 19.8197 14.2256
vt 19.8267 14.3414
vt 19.8267 14.3745
vt 19.8267 14.3925
vt 19.8267 14.4459
vt 19.8267 14.4816
vt 19.828 14.394
vt 19.8281 14.4429
vt 19.83 14.2156
vt 19.8388 14.4057
vt 19.8404 14.4158
vt 19.8436 15.6107
vt 19.8436 19.2319
vt 19.8436 19.265
vt 19.8436 19.3721
vt 19.8436 19.3845
vt 19.8436 20.6236
vt 19.8443 14.2098
vt 19.8469 19.5743
vt 19.8469 19.6792
vt 19.8469 19.8115
vt 19.8469 19.9646
vt 19.8469 20.1864
vt 19.8469 20.3447
vt 19.8469 20.4409
vt 19.8469 20.5485
vt 19.8482 15.5696
vt 19.8482 20.5825
vt 19.8518 15.6091
vt 19.8521 15.5764
vt 19.8579 19.2319
vt 19.8579 19.265
vt 19.8579 19.3721
vt 19.8579 19.3845
vt 19.8623 15.6429
vt 19.8623 20.6562
vt 19.8678 15.6367
vt 19.8682 19.2319
vt 19.8682 19.265
vt 19.8682 19.3721
vt 19.8682 19.3845
vt 19.8692 15.5417
vt 19.8692 16.677
vt 19.8692 16.7027
vt 19.8692 17.0195
vt 19.8692 17.6917
vt 19.8692 17.9538
vt 19.8692 17.9938
vt 19.8692 18.0812
vt 19.8692 18.0904
vt 19.8692 20.5546
vt 19.8712 20.6644
vt 19.8728 19.6792
vt 19.8728 19.8115
vt 19.8728 19.9646
vt 19.8728 20.1864
vt 19.8728 20.3447
vt 19.8728 20.4409
vt 19.8732 20.5485
vt 19.8736 15.5481
vt 19.8751 19.5743
vt 19.8824 19.2319
vt 19.8824 19.265
vt 19.8824 19.3721
vt 19.8824 19.3845
vt 19.8939 15.649
vt 19.897 15.6569
vt 19.8978 20.6683
vt 19.9004 15.5295
vt 19.9004 16.677
vt 19.9004 16.7027
vt 19.9004 17.0188
vt 19.9004 17.6895
vt 19.9004 17.9523
vt 19.9004 17.9911
vt 19.9004 18.081
vt 19.9004 18.0904
vt 19.9004 20.5425
vt 19.9009 19.958
vt 19.9029 19.8048
vt 19.9052 15.5357
vt 19.9135 14.792
vt 19.9148 14.9451
vt 19.9213 14.7937
vt 19.9227 14.9445
vt 19.9349 20.1798
vt 19.9387 15.5291
vt 19.9387 16.677
vt 19.9387 16.7027
vt 19.9387 17.0188
vt 19.9387 17.6895
vt 19.9387 17.9517
vt 19.9387 17.9652
vt 19.9387 17.9911
vt 19.9387 18.081
vt 19.9387 18.0904
vt 19.9387 20.5419
vt 19.9397 15.6438
vt 19.9404 14.2098
vt 19.9404 14.2178
vt 19.9406 14.3414
vt 19.9406 14.3745
vt 19.9441 15.6502
vt 19.9441 20.6631
vt 19.9454 15.5332
vt 19.9484 20.4343
vt 19.9488 19.6726
vt 19.9491 20.3381
vt 19.9556 14.6662
vt 19.963 14.6694
vt 19.9636 15.1701
vt 19.9706 15.6182
vt 19.9716 15.1699
vt 19.9722 12.7962
vt 19.9722 12.8898
vt 19.9722 14.0642
vt 19.9722 14.1578
vt 19.9727 15.4182
vt 19.9755 15.6243
vt 19.9755 20.6373
vt 19.9781 12.7823
vt 19.9781 14.1717
vt 19.9786 19.2318
vt 19.9786 19.265
vt 19.9786 19.3721
vt 19.9786 19.3844
vt 19.9798 15.4217
vt 19.9799 15.3285
vt 19.9804 12.8898
vt 19.9804 14.0642
vt 19.9858 12.7962
vt 19.9858 12.8898
vt 19.9858 14.0642
vt 19.9858 14.1578
vt 19.9868 19.2318
vt 19.9868 19.265
vt 19.9868 19.3721
vt 19.9868 19.3844
vt 19.988 15.3292
vt 19.9884 12.7722
vt 19.9897 12.7879
vt 19.9897 14.1661
vt 19.9962 12.7797
vt 20.0006 15.5675
vt 20.0026 12.7665
vt 20.0044 12.775
vt 20.0073 15.5717
vt 20.0073 20.5846
vt 20.0219 20.5421
vt 20.0266 14.52
vt 20.0292 14.5417
vt 20.0325 14.5339
vt 20.0366 14.5497
vt 20.0401 15.4515
vt 20.0409 14.9351
vt 20.0428 14.5439
vt 20.0465 19.5677
vt 20.0472 15.455
vt 20.0474 14.8206
vt 20.0482 14.5558
vt 20.0489 14.9344
vt 20.0489 15.3341
vt 20.0489 19.9474
vt 20.0508 15.1681
vt 20.0552 14.8222
vt 20.0552 19.8351
vt 20.0553 14.5562
vt 20.0564 14.5548
vt 20.0567 20.3477
vt 20.0571 14.5497
vt 20.0587 15.1678
vt 20.0587 20.1808
vt 20.061 15.3389
vt 20.0627 14.5424
vt 20.0627 14.5548
vt 20.0627 19.5338
vt 20.0627 19.5461
vt 20.0705 14.4242
vt 20.0705 14.4411
vt 20.0705 19.5015
vt 20.0705 19.5184
vt 20.0769 14.5424
vt 20.0769 14.5548
vt 20.0769 19.5338
vt 20.0769 19.5461
vt 20.0768 19.5677
vt 20.0786 14.4242
vt 20.0786 14.4411
vt 20.0786 19.5015
vt 20.0786 19.5184
vt 20.0856 14.7226
vt 20.0871 14.0986
vt 20.0928 14.7258
vt 20.0928 19.7386
vt 20.0974 14.0886
vt 20.0988 14.1043
vt 20.1053 14.0961
vt 20.1073 12.7665
vt 20.1073 12.7699
vt 20.1117 14.0829
vt 20.1134 14.0913
vt 20.1138 19.2318
vt 20.1138 19.265
vt 20.1337 14.6261
vt 20.1528 14.6329
vt 20.1538 14.6424
vt 20.1599 14.6475
vt 20.1657 14.6262
vt 20.173 14.6329
vt 20.1738 14.6159
vt 20.1759 19.5787
vt 20.1791 14.5997
vt 20.1791 14.6228
vt 20.1791 14.6252
vt 20.1802 14.5569
vt 20.1816 14.4242
vt 20.1816 14.4411
vt 20.1816 14.5424
vt 20.1816 14.5548
vt 20.1816 19.5677
vt 20.2164 14.0829
vt 20.2164 14.0953
vt 20.7317 16.8005
vt 20.7317 17.9748
vt 20.8417 16.8005
vt 20.8417 17.9748
vt 20.8544 16.8005
vt 20.8544 17.9748
vt 20.8716 16.6904
vt 20.8716 16.6985
vt 20.8716 16.7068
vt 20.8716 16.8005
vt 20.8716 17.9748
vt 20.8716 18.0685
vt 20.8716 18.0768
vt 20.8716 18.0848
vt 20.8889 16.6904
vt 20.8889 16.6985
vt 20.8889 16.7068
vt 20.8889 16.7994
vt 20.8889 17.9759
vt 20.8889 18.0685
vt 20.8889 18.0768
vt 20.8889 18.0848
vt 20.8949 16.6829
vt 20.8949 16.693
vt 20.8949 16.7068
vt 20.8949 16.7994
vt 20.8949 17.9759
vt 20.8949 18.0685
vt 20.8949 18.0823
vt 20.8949 18.0924
vt 20.9076 16.6829
vt 20.9076 16.693
vt 20.9076 16.7045
vt 20.9076 16.7994
vt 20.9076 17.9358
vt 20.9076 17.9759
vt 20.9076 18.0685
vt 20.9076 18.0823
vt 20.9076 18.0924
vt 20.9246 16.677
vt 20.9246 16.703
vt 20.9246 17.0231
vt 20.9246 17.3627
vt 20.9246 17.7023
vt 20.9246 17.964
vt 20.9246 18.0076
vt 20.9246 18.0825
vt 20.9246 18.0904
vt 20.9576 16.677
vt 20.9576 16.7029
vt 20.9576 17.0222
vt 20.9576 17.6997
vt 20.9576 17.961
vt 20.9576 18.0043
vt 20.9576 18.0822
vt 20.9576 18.0904
vt 20.9998 16.677
vt 20.9998 16.7028
vt 20.9998 17.0207
vt 20.9998 17.6951
vt 20.9998 17.9569
vt 20.9998 17.9983
vt 20.9998 18.0817
vt 20.9998 18.0904
vt 21.0286 16.677
vt 21.0286 16.7027
vt 21.0286 17.0195
vt 21.0286 17.6917
vt 21.0286 17.9538
vt 21.0286 17.9938
vt 21.0286 18.0812
vt 21.0286 18.0904
vt 21.9102 18.0982
vt 21.9107 18.0901
vt 21.9116 16.6829
vt 21.9116 16.693
vt 21.9116 16.7045
vt 21.9116 16.7994
vt 21.9116 17.9358
vt 21.9116 17.9759
vt 21.9116 18.0685
vt 21.9116 18.0823
vt 21.9117 18.0901
vt 21.9116 18.0924
vt 21.9116 18.0982
vt 21.9243 16.6829
vt 21.9243 16.6904
vt 21.9243 16.693
vt 21.9243 16.6985
vt 21.9243 16.7068
vt 21.9243 16.7994
vt 21.9243 17.9759
vt 21.9243 18.0685
vt 21.9243 18.0768
vt 21.9243 18.0823
vt 21.9243 18.0848
vt 21.9243 18.0924
vt 21.9417 16.6904
vt 21.9417 16.6985
vt 21.9417 16.7068
vt 21.9417 16.8005
vt 21.9417 17.9748
vt 21.9417 18.0685
vt 21.9417 18.0768
vt 21.9417 18.0848
vt 21.9544 16.8005
vt 21.9544 17.9748
vt 22.0644 16.8005
vt 22.0644 17.9748
vt 22.5367 19.2036
vt 22.5367 19.2367
vt 22.61 14.5991
vt 22.61 14.6222
vt 22.61 14.6247
vt 22.6145 14.4242
vt 22.6145 14.4411
vt 22.6145 14.5424
vt 22.6145 14.5548
vt 22.6145 19.5677
vt 22.6153 14.6153
vt 22.6159 14.5569
vt 22.6161 14.6324
vt 22.6187 19.5782
vt 22.6235 14.6257
vt 22.6362 14.6324
vt 22.6362 14.6475
vt 22.6423 14.6424
vt 22.6493 14.0829
vt 22.6493 14.0953
vt 22.6534 12.8072
vt 22.6534 12.8105
vt 22.6624 14.6261
vt 22.6637 19.2036
vt 22.6637 19.2367
vt 22.6637 19.3438
vt 22.6637 19.3562
vt 22.6718 19.2036
vt 22.6718 19.2367
vt 22.6718 19.3438
vt 22.6718 19.3562
vt 22.7033 14.7258
vt 22.7033 19.7386
vt 22.7106 14.7226
vt 22.7175 14.4242
vt 22.7175 14.4411
vt 22.7175 19.5016
vt 22.7175 19.5185
vt 22.7192 14.5424
vt 22.7192 14.5548
vt 22.7192 19.5338
vt 22.7192 19.5461
vt 22.7195 19.5677
vt 22.7256 14.4242
vt 22.7256 14.4411
vt 22.7256 19.5016
vt 22.7256 19.5185
vt 22.7334 14.5424
vt 22.7334 14.5548
vt 22.7334 19.5338
vt 22.7334 19.5461
vt 22.7374 15.1678
vt 22.7374 20.1808
vt 22.7376 15.3303
vt 22.7394 20.3477
vt 22.7397 14.5548
vt 22.7409 14.5478
vt 22.7408 14.5562
vt 22.741 14.8222
vt 22.741 19.8351
vt 22.7454 15.1681
vt 22.7464 14.5539
vt 22.7473 14.9344
vt 22.7473 15.3341
vt 22.7473 19.9474
vt 22.7479 14.5558
vt 22.7488 14.8206
vt 22.7489 15.455
vt 22.7497 19.5677
vt 22.7522 14.0913
vt 22.754 14.0829
vt 22.7551 14.542
vt 22.7552 14.9351
vt 22.7556 14.2435
vt 22.7556 14.2515
vt 22.7556 14.3751
vt 22.7556 14.4083
vt 22.756 15.4515
vt 22.7564 12.8156
vt 22.7581 12.8072
vt 22.7603 14.0961
vt 22.7614 14.5478
vt 22.7645 12.8204
vt 22.7655 14.532
vt 22.7668 14.1043
vt 22.7679 19.2036
vt 22.7679 19.2368
vt 22.7679 19.3438
vt 22.7679 19.3562
vt 22.7682 14.0886
vt 22.7688 14.5397
vt 22.7711 12.8286
vt 22.7711 14.2067
vt 22.7714 14.5181
vt 22.7723 12.8129
vt 22.7743 20.5421
vt 22.775 12.8369
vt 22.775 12.9304
vt 22.775 14.1048
vt 22.775 14.1984
vt 22.7786 14.0986
vt 22.7804 12.9304
vt 22.7804 14.1048
vt 22.7821 19.2036
vt 22.7822 19.2368
vt 22.7821 19.3438
vt 22.7821 19.3562
vt 22.7827 12.823
vt 22.7827 14.2123
vt 22.7886 12.8369
vt 22.7886 12.9304
vt 22.7886 14.1048
vt 22.7886 14.1984
vt 22.7888 15.5717
vt 22.7888 20.5846
vt 22.7926 19.2036
vt 22.7926 19.2368
vt 22.7926 19.3438
vt 22.7926 19.3562
vt 22.7955 15.5675
vt 22.8068 19.2036
vt 22.8068 19.2368
vt 22.8068 19.3438
vt 22.8068 19.3562
vt 22.8082 15.3292
vt 22.8153 15.3282
vt 22.8164 15.4217
vt 22.8207 15.6243
vt 22.8207 20.6373
vt 22.8235 15.4182
vt 22.8245 15.1699
vt 22.8255 15.6182
vt 22.8325 15.1701
vt 22.8332 14.6694
vt 22.8405 14.6662
vt 22.847 20.3381
vt 22.8473 19.6726
vt 22.8477 20.4343
vt 22.8508 15.5332
vt 22.8518 14.2435
vt 22.852 15.6502
vt 22.852 20.6631
vt 22.8557 14.4495
vt 22.8564 15.6438
vt 22.8574 14.4394
vt 22.8574 15.5291
vt 22.8574 20.5419
vt 22.8612 20.1798
vt 22.866 14.2492
vt 22.8681 14.4277
vt 22.868 14.4766
vt 22.8695 14.3751
vt 22.8695 14.4083
vt 22.8695 14.4263
vt 22.8695 14.4797
vt 22.8695 14.5153
vt 22.8735 14.9445
vt 22.8748 14.7937
vt 22.8763 14.2593
vt 22.8788 14.5153
vt 22.8788 14.5277
vt 22.8813 14.9451
vt 22.8823 14.2732
vt 22.8822 14.3751
vt 22.8822 14.4083
vt 22.8822 14.5153
vt 22.8822 14.5277
vt 22.8826 14.792
vt 22.8909 15.5357
vt 22.8933 19.8048
vt 22.8952 19.958
vt 22.8957 15.5295
vt 22.8957 20.5425
vt 22.8983 20.6689
vt 22.9022 15.649
vt 22.9031 15.6576
vt 22.9115 19.1016
vt 22.9115 19.2035
vt 22.9115 19.2366
vt 22.9115 19.3438
vt 22.9115 19.3561
vt 22.9174 19.0877
vt 22.9226 15.5481
vt 22.9243 19.2035
vt 22.9243 19.2366
vt 22.9243 19.3561
vt 22.9243 20.6643
vt 22.927 15.5417
vt 22.927 20.5546
vt 22.9277 19.0777
vt 22.9277 19.5079
vt 22.9283 15.6367
vt 22.9296 20.4821
vt 22.9301 19.6127
vt 22.9301 19.745
vt 22.9301 19.8982
vt 22.9301 20.12
vt 22.9301 20.2782
vt 22.93 20.3744
vt 22.932 20.658
vt 22.9338 15.6429
vt 22.9419 19.0719
vt 22.944 15.5764
vt 22.9443 15.6091
vt 22.9479 15.5696
vt 22.9479 20.5825
vt 22.9525 15.6107
vt 22.9525 20.6236
vt 22.9559 19.5079
vt 22.9559 19.6127
vt 22.9559 19.745
vt 22.9559 19.8982
vt 22.9559 20.12
vt 22.9559 20.2782
vt 22.9559 20.3744
vt 22.9559 20.4821
vt 22.9869 14.3749
vt 22.9869 14.408
vt 22.9869 14.5152
vt 22.9869 14.5275
vt 23.0012 14.3749
vt 23.0012 14.408
vt 23.0012 14.5152
vt 23.0012 14.5275
vt 23.0114 14.3749
vt 23.0114 14.408
vt 23.0114 14.5152
vt 23.0114 14.5275
vt 23.0257 14.3749
vt 23.0257 14.408
vt 23.0257 14.5152
vt 23.0257 14.5275
vt 23.0381 19.0719
vt 23.0381 19.0799
vt 23.0382 19.2035
vt 23.0382 19.2366
vt 23.1218 14.3749
vt 23.1218 14.4081
vt 23.1218 14.5152
vt 23.1218 14.5275
vt 23.13 14.3749
vt 23.13 14.4081
vt 23.13 14.5152
vt 23.13 14.5275
vt 23.257 14.3749
vt 23.257 14.4081
vt 24.1321 16.6769
vt 24.1321 16.7026
vt 24.1321 17.0188
vt 24.1321 17.6895
vt 24.1321 17.9517
vt 24.1321 17.9651
vt 24.1321 17.991
vt 24.1321 18.0809
vt 24.1321 18.0903
vt 24.1703 16.6769
vt 24.1703 16.7026
vt 24.1703 17.0188
vt 24.1703 17.6895
vt 24.1703 17.9522
vt 24.1703 17.991
vt 24.1703 18.0809
vt 24.1703 18.0903
vt 24.2016 16.6769
vt 24.2016 16.7027
vt 24.2016 17.0195
vt 24.2016 17.6916
vt 24.2016 17.9538
vt 24.2016 17.9938
vt 24.2016 18.0811
vt 24.2016 18.0904
vt 24.2302 16.677
vt 24.2302 16.7028
vt 24.2302 17.0207
vt 24.2302 17.6951
vt 24.2302 17.9569
vt 24.2302 17.9983
vt 24.2302 18.0817
vt 24.2302 18.0904
vt 24.2724 16.677
vt 24.2724 16.7029
vt 24.2724 17.0222
vt 24.2724 17.6997
vt 24.2724 17.961
vt 24.2724 18.0043
vt 24.2724 18.0822
vt 24.2724 18.0904
vt 24.3055 16.677
vt 24.3055 16.703
vt 24.3055 17.0231
vt 24.3055 17.3627
vt 24.3055 17.7023
vt 24.3055 17.964
vt 24.3055 18.0076
vt 24.3055 18.0825
vt 24.3055 18.0904
vt 24.4208 16.2574
vt 24.4209 2.0145
vt 24.4209 16.2501
vt 24.4227 2.0065
vt 24.4229 16.2665
vt 24.4229 31.0038
vt 24.4248 2.004
vt 24.4248 15.0892
vt 24.4248 17.2632
vt 24.4248 17.2822
vt 24.4248 31.0133
vt 24.4294 2.956
vt 24.4294 17.0324
vt 24.4294 17.0373
vt 24.4294 29.9736
vt 24.4296 3.8902
vt 24.4296 17.0053
vt 24.4296 17.0106
vt 24.4296 31.288
vt 24.431 2.9479
vt 24.431 3.8827
vt 24.431 14.8867
vt 24.431 29.9825
vt 24.4339 31.2829
vt 24.4353 2.9445
vt 24.4353 3.8783
vt 24.4353 14.8864
vt 24.4353 17.015
vt 24.4353 17.027
vt 24.4353 29.9863
vt 24.4353 31.2898
vt 24.4467 31.2948
vt 24.4481 3.8902
vt 24.4481 17.0053
vt 24.4481 17.0106
vt 24.4481 31.288
vt 24.4484 2.956
vt 24.4484 17.0324
vt 24.4484 17.0373
vt 24.4484 29.9736
vt 24.451 2.9445
vt 24.451 3.8783
vt 24.451 14.8864
vt 24.451 17.015
vt 24.451 17.027
vt 24.451 29.9863
vt 24.451 31.2898
vt 24.4524 3.8858
vt 24.4526 2.0145
vt 24.4526 2.9527
vt 24.4526 16.2501
vt 24.4526 29.9774
vt 24.453 2.004
vt 24.453 15.0892
vt 24.453 17.2632
vt 24.453 17.2822
vt 24.453 31.0133
vt 24.4548 2.0121
vt 24.4547 16.2592
vt 24.4548 16.2665
vt 24.4549 31.0039
vt 24.4572 15.0889
vt 25.3118 16.305
vt 25.3118 30.3461
vt 25.312 2.7346
vt 25.312 2.7347
vt 25.312 16.2977
vt 25.3119 30.346
vt 25.3138 2.7266
vt 25.3138 15.1914
vt 25.3138 17.2632
vt 25.3138 17.2822
vt 25.3138 30.3553
vt 25.3184 3.6242
vt 25.3184 17.0324
vt 25.3184 17.0373
vt 25.3184 29.3586
vt 25.3186 4.513
vt 25.3187 4.5131
vt 25.3186 17.0053
vt 25.3186 17.0106
vt 25.3186 30.6057
vt 25.3201 3.616
vt 25.3201 4.5057
vt 25.3201 14.9888
vt 25.3201 17.015
vt 25.3201 17.027
vt 25.3201 29.3675
vt 25.3201 30.6126
vt 25.3358 3.616
vt 25.3357 4.5056
vt 25.3358 4.5057
vt 25.3358 14.9888
vt 25.3358 17.015
vt 25.3358 17.027
vt 25.3358 29.3675
vt 25.3358 30.6126
vt 25.3371 4.513
vt 25.3371 17.0053
vt 25.3371 17.0106
vt 25.3372 30.6058
vt 25.3374 3.6242
vt 25.3374 17.0324
vt 25.3374 17.0373
vt 25.3374 29.3586
vt 25.3419 2.7265
vt 25.342 2.7266
vt 25.342 15.1914
vt 25.342 17.2632
vt 25.342 17.2822
vt 25.342 30.3553
vt 25.3419 30.3554
vt 25.3437 2.7346
vt 25.3437 16.2977
vt 25.3438 16.305
vt 25.3438 30.3461
vt 25.5383 18.3204
vt 25.5384 18.3131
vt 25.5384 33.3635
vt 25.5402 33.3554
vt 25.5405 2.3511
vt 25.5405 18.3297
vt 25.542 2.36
vt 25.542 17.2632
vt 25.542 17.2822
vt 25.542 19.5505
vt 25.542 33.3528
vt 25.5423 2.3605
vt 25.5432 3.1788
vt 25.5432 17.0324
vt 25.5432 17.0373
vt 25.5432 32.0645
vt 25.5449 1.7465
vt 25.5449 3.1877
vt 25.5449 17.0053
vt 25.5449 17.0106
vt 25.5449 31.0288
vt 25.5449 32.0564
vt 25.5463 31.0213
vt 25.5483 19.348
vt 25.5526 1.7398
vt 25.554 1.7466
vt 25.554 3.1985
vt 25.554 17.015
vt 25.554 17.027
vt 25.554 19.3472
vt 25.554 31.0111
vt 25.554 32.0464
vt 25.562 1.7533
vt 25.5622 3.1788
vt 25.5622 17.0324
vt 25.5622 17.0373
vt 25.5622 32.0645
vt 25.5634 1.7465
vt 25.5634 17.0053
vt 25.5634 17.0106
vt 25.5634 31.0288
vt 25.5697 1.7466
vt 25.5697 3.1985
vt 25.5697 17.015
vt 25.5697 17.027
vt 25.5697 19.3472
vt 25.5697 31.0111
vt 25.5697 32.0464
vt 25.5702 2.36
vt 25.5702 17.2632
vt 25.5702 17.2822
vt 25.5701 18.3131
vt 25.5702 19.5505
vt 25.5702 33.3528
vt 25.5701 33.3635
vt 25.5711 31.0186
vt 25.5714 3.1896
vt 25.5714 32.0546
vt 25.572 33.3609
vt 25.5721 2.3506
vt 25.5723 18.3224
vt 25.5724 2.3511
vt 25.5724 18.3297
vt 25.576 19.5497
vt 26.1345 16.1757
vt 26.1345 32.2704
vt 26.1345 0.6262
vt 26.1346 16.1685
vt 26.1345 16.1686
vt 26.1363 0.6181
vt 26.1363 14.8921
vt 26.1363 17.2632
vt 26.1363 17.2822
vt 26.1363 32.2798
vt 26.1409 1.6658
vt 26.1409 17.0324
vt 26.1409 17.0373
vt 26.1409 31.1619
vt 26.1412 2.686
vt 26.1412 17.0053
vt 26.1412 17.0106
vt 26.1412 32.594
vt 26.1426 1.6576
vt 26.1426 2.6785
vt 26.1426 14.6896
vt 26.1426 17.015
vt 26.1426 17.027
vt 26.1426 31.1708
vt 26.1426 32.6008
vt 26.1583 1.6576
vt 26.1583 2.6785
vt 26.1583 14.6896
vt 26.1583 17.015
vt 26.1583 17.027
vt 26.1583 31.1708
vt 26.1583 32.6008
vt 26.1597 2.686
vt 26.1597 17.0053
vt 26.1597 17.0106
vt 26.1597 32.594
vt 26.1599 1.6658
vt 26.1599 17.0324
vt 26.1599 17.0373
vt 26.1599 31.1619
vt 26.1642 4.08
vt 26.1642 18.1962
vt 26.1643 18.1889
vt 26.1645 0.6181
vt 26.1645 14.8921
vt 26.1645 17.2632
vt 26.1645 17.2822
vt 26.1645 32.2798
vt 26.1651 18.1856
vt 26.1651 31.4723
vt 26.1663 0.6262
vt 26.1663 16.1686
vt 26.1664 16.1757
vt 26.1664 16.1759
vt 26.1664 32.2704
vt 26.1666 4.077
vt 26.1667 31.4739
vt 26.168 19.2806
vt 26.1685 4.0863
vt 26.1685 17.2632
vt 26.1685 17.2822
vt 26.1685 19.2807
vt 26.1685 31.4658
vt 26.1726 4.8024
vt 26.1726 30.3017
vt 26.1729 29.3838
vt 26.1743 3.5319
vt 26.1743 4.8113
vt 26.1743 17.015
vt 26.1743 17.027
vt 26.1743 19.0781
vt 26.1743 29.3763
vt 26.1743 30.2935
vt 26.1746 4.8008
vt 26.1746 17.0324
vt 26.1746 17.0373
vt 26.1746 30.3031
vt 26.1762 3.5293
vt 26.1762 17.0053
vt 26.1762 17.0106
vt 26.1762 29.3869
vt 26.1776 3.5361
vt 26.19 3.5319
vt 26.19 4.8113
vt 26.19 17.015
vt 26.19 17.027
vt 26.19 19.0781
vt 26.19 29.3763
vt 26.19 30.2935
vt 26.1904 19.0782
vt 26.1914 3.5251
vt 26.192 4.8097
vt 26.192 30.2949
vt 26.1933 29.3795
vt 26.1936 4.8008
vt 26.1936 17.0324
vt 26.1936 17.0373
vt 26.1936 30.3031
vt 26.1943 4.0893
vt 26.1947 3.5293
vt 26.1947 17.0053
vt 26.1947 17.0106
vt 26.1947 29.3869
vt 26.195 31.4642
vt 26.1961 4.08
vt 26.1961 18.1962
vt 26.1967 4.0863
vt 26.1967 17.2632
vt 26.1967 17.2822
vt 26.1967 19.2807
vt 26.1967 31.4658
vt 26.1968 18.1856
vt 26.1968 31.4723
vt 26.1969 18.1929
vt 26.7528 18.3399
vt 26.7528 33.6248
vt 26.7545 2.1103
vt 26.7546 33.6268
vt 26.7548 2.1099
vt 26.7548 18.3377
vt 26.7549 18.3304
vt 26.7562 2.9616
vt 26.7562 17.0324
vt 26.7562 17.0373
vt 26.7562 32.302
vt 26.7564 2.1197
vt 26.7564 17.2632
vt 26.7564 17.2822
vt 26.7564 19.5877
vt 26.7564 33.6187
vt 26.7578 1.4905
vt 26.7578 17.0053
vt 26.7578 17.0106
vt 26.7578 31.249
vt 26.7592 1.4974
vt 26.7605 19.588
vt 26.7651 2.9542
vt 26.7651 32.3084
vt 26.7654 31.2563
vt 26.7668 1.5069
vt 26.7668 2.9631
vt 26.7668 17.015
vt 26.7668 17.027
vt 26.7668 19.3854
vt 26.7668 31.2489
vt 26.7668 32.3002
vt 26.7735 2.9705
vt 26.7735 32.2939
vt 26.7749 31.2416
vt 26.7752 2.9616
vt 26.7752 17.0324
vt 26.7752 17.0373
vt 26.7752 32.302
vt 26.7763 1.4905
vt 26.7763 17.0053
vt 26.7763 17.0106
vt 26.7763 31.249
vt 26.7783 19.3851
vt 26.7825 1.5069
vt 26.7825 2.9631
vt 26.7825 17.015
vt 26.7825 17.027
vt 26.7825 19.3854
vt 26.7825 31.2489
vt 26.7825 32.3002
vt 26.7827 33.6168
vt 26.7839 1.5
vt 26.7845 18.3399
vt 26.7845 33.6248
vt 26.7846 2.1197
vt 26.7846 17.2632
vt 26.7846 17.2822
vt 26.7846 18.3472
vt 26.7846 19.5877
vt 26.7846 33.6187
vt 26.7849 2.1193
vt 26.7867 2.1099
vt 26.7867 18.3377
vt 27.0234 16.2135
vt 27.0234 31.6126
vt 27.0253 1.341
vt 27.0253 14.9941
vt 27.0253 17.2632
vt 27.0253 17.2822
vt 27.0253 31.6219
vt 27.0256 16.2229
vt 27.0257 1.3468
vt 27.0257 16.2157
vt 27.0258 31.917
vt 27.0272 2.329
vt 27.0272 3.3058
vt 27.0272 14.7919
vt 27.0272 17.015
vt 27.0272 17.027
vt 27.0272 30.5521
vt 27.0272 31.9239
vt 27.0274 1.3387
vt 27.0299 2.3341
vt 27.0299 17.0324
vt 27.0299 17.0373
vt 27.0299 30.5468
vt 27.0301 3.3091
vt 27.0301 17.0053
vt 27.0301 17.0106
vt 27.0301 31.9114
vt 27.0316 2.3259
vt 27.0315 3.3016
vt 27.0315 14.7916
vt 27.0316 30.5556
vt 27.0429 2.329
vt 27.0429 3.3058
vt 27.0429 14.7919
vt 27.0429 17.015
vt 27.0429 17.027
vt 27.0429 30.5521
vt 27.0429 31.9239
vt 27.0443 3.3132
vt 27.0445 2.3372
vt 27.0445 30.5432
vt 27.0472 31.9183
vt 27.0486 3.3091
vt 27.0486 17.0053
vt 27.0486 17.0106
vt 27.0486 31.9114
vt 27.0489 2.3341
vt 27.0489 17.0324
vt 27.0489 17.0373
vt 27.0489 30.5468
vt 27.0491 14.9945
vt 27.0535 1.341
vt 27.0535 14.9941
vt 27.0535 17.2632
vt 27.0535 17.2822
vt 27.0535 31.6219
vt 27.0552 1.349
vt 27.0552 16.2062
vt 27.0553 16.2135
vt 27.0553 31.6126
vt 27.0574 1.3468
vt 27.0574 16.2157
vt 27.3785 3.8357
vt 27.3785 18.2101
vt 27.3793 18.2135
vt 27.3794 18.2062
vt 27.3794 31.7378
vt 27.3804 3.845
vt 27.3812 31.7297
vt 27.3828 3.8493
vt 27.3828 17.2632
vt 27.3828 17.2822
vt 27.3828 19.3181
vt 27.3828 31.7272
vt 27.3857 3.2803
vt 27.3871 3.2871
vt 27.3871 4.5834
vt 27.3871 17.015
vt 27.3871 17.027
vt 27.3871 19.1159
vt 27.3871 29.6091
vt 27.3871 30.5407
vt 27.3878 4.5774
vt 27.3878 17.0324
vt 27.3878 17.0373
vt 27.3878 30.5461
vt 27.3891 19.1156
vt 27.3893 3.2775
vt 27.3894 4.5863
vt 27.3893 17.0053
vt 27.3893 17.0106
vt 27.3893 29.6115
vt 27.3894 30.538
vt 27.3907 29.604
vt 27.4028 3.2871
vt 27.4028 4.5834
vt 27.4028 17.015
vt 27.4028 17.027
vt 27.4028 19.1159
vt 27.4028 29.6091
vt 27.4028 30.5407
vt 27.4042 29.6166
vt 27.4045 4.5745
vt 27.4045 30.5488
vt 27.4064 3.2843
vt 27.4068 4.5774
vt 27.4068 17.0324
vt 27.4068 17.0373
vt 27.4068 30.5461
vt 27.4078 3.2775
vt 27.4078 17.0053
vt 27.4078 17.0106
vt 27.4078 29.6115
vt 27.4091 19.3184
vt 27.4103 18.2029
vt 27.4104 3.8357
vt 27.4104 18.2101
vt 27.411 3.8493
vt 27.411 17.2632
vt 27.411 17.2822
vt 27.4111 18.2062
vt 27.411 19.3181
vt 27.411 31.7272
vt 27.4111 31.7378
vt 27.4128 31.7352
vt 27.4129 3.8399
vt 33.3353 16.4886
vt 33.3353 27.874
vt 33.3359 16.4913
vt 33.336 5.4372
vt 33.336 16.484
vt 33.3371 27.8833
vt 33.3378 5.4291
vt 33.3391 5.4283
vt 33.3391 15.5765
vt 33.3391 17.2632
vt 33.3391 17.2822
vt 33.3391 27.8848
vt 33.3424 28.0609
vt 33.3438 6.1258
vt 33.3438 6.8459
vt 33.3438 15.374
vt 33.3438 17.015
vt 33.3438 17.027
vt 33.3438 27.0576
vt 33.3438 28.0677
vt 33.3439 6.1334
vt 33.3439 17.0324
vt 33.3439 17.0373
vt 33.3439 27.0495
vt 33.3453 6.8517
vt 33.3453 15.374
vt 33.3453 17.0053
vt 33.3453 17.0106
vt 33.3453 28.0561
vt 33.3456 6.1252
vt 33.3456 27.0584
vt 33.3466 6.8443
vt 33.3595 6.1258
vt 33.3595 6.8459
vt 33.3595 15.374
vt 33.3595 17.015
vt 33.3595 17.027
vt 33.3595 27.0576
vt 33.3595 28.0677
vt 33.3609 6.8533
vt 33.3612 6.1339
vt 33.3612 27.0487
vt 33.3624 28.0629
vt 33.3629 6.1334
vt 33.3629 17.0324
vt 33.3629 17.0373
vt 33.3629 27.0495
vt 33.3637 6.8517
vt 33.3637 17.0053
vt 33.3637 17.0106
vt 33.3637 28.0561
vt 33.3658 15.5766
vt 33.3671 16.4813
vt 33.3673 5.4283
vt 33.3673 15.5765
vt 33.3672 16.4886
vt 33.3673 17.2632
vt 33.3673 17.2822
vt 33.3672 27.874
vt 33.3673 27.8848
vt 33.3677 5.4372
vt 33.3677 16.484
vt 33.369 5.4364
vt 33.3691 27.8755
vt 33.6615 6.4218
vt 33.6615 16.5459
vt 33.6626 26.9739
vt 33.6627 6.4243
vt 33.6628 16.5469
vt 33.6628 26.9734
vt 33.6629 16.5396
vt 33.6645 6.4162
vt 33.6645 15.7163
vt 33.6645 17.2632
vt 33.6645 17.2822
vt 33.6645 26.9833
vt 33.6659 7.0422
vt 33.6659 17.0324
vt 33.6659 17.0373
vt 33.6659 26.2133
vt 33.667 7.6993
vt 33.667 17.0053
vt 33.667 17.0106
vt 33.667 27.131
vt 33.6672 15.7168
vt 33.6684 27.1378
vt 33.6718 7.0518
vt 33.6718 26.2035
vt 33.672 7.7085
vt 33.6734 7.0436
vt 33.6734 7.701
vt 33.6734 15.5143
vt 33.6734 17.015
vt 33.6734 17.027
vt 33.6734 26.2124
vt 33.6734 27.1394
vt 33.6833 7.034
vt 33.6833 26.2222
vt 33.6841 7.6919
vt 33.6849 7.0422
vt 33.6849 17.0324
vt 33.6849 17.0373
vt 33.6849 26.2133
vt 33.6855 7.6993
vt 33.6855 17.0053
vt 33.6855 17.0106
vt 33.6855 27.131
vt 33.6864 15.5137
vt 33.6891 7.0436
vt 33.6891 7.701
vt 33.6891 15.5143
vt 33.6891 17.015
vt 33.6891 17.027
vt 33.6891 26.2124
vt 33.6891 27.1394
vt 33.6905 27.1326
vt 33.6915 6.4137
vt 33.6927 6.4162
vt 33.6927 15.7163
vt 33.6927 17.2632
vt 33.6927 17.2822
vt 33.6927 26.9833
vt 33.6929 26.9828
vt 33.6932 6.4218
vt 33.6932 16.5459
vt 33.6933 16.5531
vt 33.6948 16.5469
vt 33.6948 26.9734
vt 34.2879 7.7462
vt 34.288 27.4609
vt 34.2892 17.9258
vt 34.2892 27.4613
vt 34.2897 7.745
vt 34.2897 17.9306
vt 34.2898 7.7556
vt 34.2898 17.2632
vt 34.2898 17.2822
vt 34.2898 17.9233
vt 34.2898 18.71
vt 34.2898 27.4528
vt 34.2911 18.71
vt 34.2935 7.3043
vt 34.2935 17.0053
vt 34.2935 17.0106
vt 34.2935 25.9136
vt 34.2941 8.2296
vt 34.2941 17.0324
vt 34.2941 17.0373
vt 34.2941 26.5786
vt 34.2949 7.3112
vt 34.2958 8.2291
vt 34.2958 26.5788
vt 34.296 25.9147
vt 34.2974 7.3158
vt 34.2974 8.238
vt 34.2974 17.015
vt 34.2974 17.027
vt 34.2974 18.5075
vt 34.2974 25.9073
vt 34.2974 26.5706
vt 34.3106 25.9062
vt 34.3115 8.2384
vt 34.3115 26.5704
vt 34.3117 18.5075
vt 34.312 7.3043
vt 34.312 17.0053
vt 34.312 17.0106
vt 34.312 25.9136
vt 34.3131 7.3158
vt 34.3131 8.2296
vt 34.3131 8.238
vt 34.3131 17.015
vt 34.3131 17.027
vt 34.3131 17.0324
vt 34.3131 17.0373
vt 34.3131 18.5075
vt 34.3131 25.9073
vt 34.3131 26.5706
vt 34.3131 26.5786
vt 34.3145 7.309
vt 34.318 7.7556
vt 34.318 17.2632
vt 34.318 17.2822
vt 34.318 18.71
vt 34.318 27.4528
vt 34.3192 27.4533
vt 34.3197 7.7544
vt 34.3209 17.9258
vt 34.3209 27.4613
vt 34.321 17.933
vt 34.3216 7.745
vt 34.3216 17.9306
vt 34.9142 6.016
vt 34.9142 18.0573
vt 34.9158 18.0643
vt 34.9159 18.057
vt 34.9159 29.3501
vt 34.916 6.0253
vt 34.9162 6.0258
vt 34.9162 17.2632
vt 34.9162 17.2822
vt 34.9162 18.9795
vt 34.9162 29.3448
vt 34.9176 29.342
vt 34.918 5.5236
vt 34.9194 5.5304
vt 34.9194 6.6143
vt 34.9194 17.015
vt 34.9194 17.027
vt 34.9194 18.7776
vt 34.9194 27.5508
vt 34.9194 28.3339
vt 34.9225 18.777
vt 34.9236 5.5217
vt 34.9236 17.0053
vt 34.9236 17.0106
vt 34.9236 27.5481
vt 34.9244 6.6165
vt 34.9244 17.0324
vt 34.9244 17.0373
vt 34.9244 28.3314
vt 34.925 27.5407
vt 34.926 6.6254
vt 34.926 28.3232
vt 34.9351 5.5304
vt 34.9351 6.6143
vt 34.9351 17.015
vt 34.9351 17.027
vt 34.9351 18.7776
vt 34.9351 27.5508
vt 34.9351 28.3339
vt 34.9365 27.5583
vt 34.9368 6.6055
vt 34.9368 28.3421
vt 34.9407 5.5285
vt 34.9414 18.9801
vt 34.9421 5.5217
vt 34.9421 17.0053
vt 34.9421 17.0106
vt 34.9421 27.5481
vt 34.9434 6.6165
vt 34.9434 17.0324
vt 34.9434 17.0373
vt 34.9434 28.3314
vt 34.9444 6.0258
vt 34.9444 17.2632
vt 34.9444 17.2822
vt 34.9444 18.9795
vt 34.9444 29.3448
vt 34.946 18.05
vt 34.9461 6.016
vt 34.9461 18.0573
vt 34.9462 29.3528
vt 34.9463 6.0165
vt 34.9476 18.057
vt 34.9476 29.3501
vt 35.5034 17.9134
vt 35.5035 17.9061
vt 35.5035 27.1964
vt 35.504 7.9883
vt 35.504 17.9157
vt 35.5041 7.9937
vt 35.5041 17.2632
vt 35.5041 17.2822
vt 35.5041 18.6725
vt 35.5041 27.1908
vt 35.5053 27.1883
vt 35.5058 7.9977
vt 35.507 7.5541
vt 35.507 17.0053
vt 35.507 17.0106
vt 35.507 25.689
vt 35.5077 8.4526
vt 35.5077 17.0324
vt 35.5077 17.0373
vt 35.5077 26.336
vt 35.5084 25.6815
vt 35.5093 7.5537
vt 35.5093 8.4615
vt 35.5093 26.3278
vt 35.5104 18.47
vt 35.5107 7.5605
vt 35.5107 8.4641
vt 35.5107 17.015
vt 35.5107 17.027
vt 35.5107 18.4699
vt 35.5107 25.6769
vt 35.5107 26.3253
vt 35.5241 7.5609
vt 35.5255 7.5541
vt 35.5255 17.0053
vt 35.5255 17.0106
vt 35.5255 25.689
vt 35.5264 7.5605
vt 35.5264 8.4641
vt 35.5264 17.015
vt 35.5264 17.027
vt 35.5264 18.4699
vt 35.5264 25.6769
vt 35.5264 26.3253
vt 35.5267 8.4526
vt 35.5267 17.0324
vt 35.5267 17.0373
vt 35.5267 26.336
vt 35.5278 25.6844
vt 35.5281 8.4552
vt 35.5281 26.3334
vt 35.5324 7.9937
vt 35.5324 17.2632
vt 35.5324 17.2822
vt 35.5324 18.6725
vt 35.5324 27.1908
vt 35.5327 18.6725
vt 35.5341 27.1989
vt 35.5342 7.9844
vt 35.5352 17.9061
vt 35.5352 27.1964
vt 35.5358 17.9084
vt 35.5359 7.9883
vt 35.5359 17.9157
vt 35.6732 16.4581
vt 35.6732 28.3405
vt 35.6733 16.4508
vt 35.674 4.928
vt 35.674 16.448
vt 35.6752 28.3361
vt 35.6753 4.931
vt 35.6768 15.5044
vt 35.6771 4.9229
vt 35.6771 15.5045
vt 35.6771 17.2632
vt 35.6771 17.2822
vt 35.6771 28.3455
vt 35.6814 5.662
vt 35.6814 27.4834
vt 35.6816 6.4114
vt 35.683 5.6538
vt 35.683 5.6647
vt 35.683 6.404
vt 35.683 15.3019
vt 35.683 17.015
vt 35.683 17.027
vt 35.683 17.0324
vt 35.683 17.0373
vt 35.683 27.4807
vt 35.683 27.4923
vt 35.683 28.5418
vt 35.6844 6.4165
vt 35.6844 17.0053
vt 35.6844 17.0106
vt 35.6844 28.5358
vt 35.6858 28.5426
vt 35.6987 5.6538
vt 35.6987 6.404
vt 35.6987 15.3019
vt 35.6987 17.015
vt 35.6987 17.027
vt 35.6987 27.4923
vt 35.6987 28.5418
vt 35.6991 15.302
vt 35.7001 28.535
vt 35.7003 5.6565
vt 35.7003 27.4896
vt 35.7015 6.4091
vt 35.702 5.6647
vt 35.702 17.0324
vt 35.702 17.0373
vt 35.702 27.4807
vt 35.7029 6.4165
vt 35.7029 17.0053
vt 35.7029 17.0106
vt 35.7029 28.5358
vt 35.7033 28.3498
vt 35.7039 4.92
vt 35.7051 16.4581
vt 35.7051 28.3405
vt 35.7053 4.9229
vt 35.7053 15.5045
vt 35.7053 17.2632
vt 35.7053 17.2822
vt 35.7053 28.3455
vt 35.7057 4.928
vt 35.7057 16.448
vt 35.7058 16.4553
vt 35.9993 16.5132
vt 35.9994 5.916
vt 35.9994 16.5059
vt 36.0009 16.5199
vt 36.0009 27.4373
vt 36.0012 5.9079
vt 36.0025 5.9073
vt 36.0025 15.6444
vt 36.0025 17.2632
vt 36.0025 17.2822
vt 36.0025 27.4465
vt 36.0027 27.4466
vt 36.0047 6.5767
vt 36.0047 17.0324
vt 36.0047 17.0373
vt 36.0047 26.6408
vt 36.0059 7.2663
vt 36.0059 17.0053
vt 36.0059 17.0106
vt 36.0059 27.6134
vt 36.0064 6.5685
vt 36.0064 26.6497
vt 36.0073 7.2589
vt 36.0087 15.4419
vt 36.0113 27.6034
vt 36.0127 6.5678
vt 36.0127 7.2566
vt 36.0127 15.4419
vt 36.0127 17.015
vt 36.0127 17.027
vt 36.0127 26.6514
vt 36.0127 27.6102
vt 36.023 27.6203
vt 36.0237 6.5767
vt 36.0237 17.0324
vt 36.0237 17.0373
vt 36.0237 26.6408
vt 36.0244 7.2663
vt 36.0244 17.0053
vt 36.0244 17.0106
vt 36.0244 27.6134
vt 36.0284 6.5678
vt 36.0284 7.2566
vt 36.0284 15.4419
vt 36.0284 17.015
vt 36.0284 17.027
vt 36.0284 26.6514
vt 36.0284 27.6102
vt 36.0298 7.2641
vt 36.03 6.576
vt 36.03 26.6425
vt 36.0307 5.9073
vt 36.0307 15.6444
vt 36.0307 17.2632
vt 36.0307 17.2822
vt 36.0307 27.4465
vt 36.0311 5.916
vt 36.0311 16.5059
vt 36.0324 5.9154
vt 36.0325 27.4371
vt 36.0327 16.5127
vt 36.0328 16.5199
vt 36.0328 27.4373
vt 36.0346 15.6444
vt 36.1264 18.9423
vt 36.1285 6.2571
vt 36.1285 18.0469
vt 36.1286 18.0396
vt 36.1287 6.2569
vt 36.1288 29.0876
vt 36.1302 18.0326
vt 36.1302 29.0882
vt 36.1306 6.2663
vt 36.1306 17.2632
vt 36.1306 17.2822
vt 36.1306 18.9422
vt 36.1306 29.0795
vt 36.131 6.837
vt 36.131 28.0919
vt 36.1312 27.3242
vt 36.1326 5.7712
vt 36.1326 6.8459
vt 36.1326 17.015
vt 36.1326 17.027
vt 36.1326 18.7397
vt 36.1326 27.3167
vt 36.1326 28.0837
vt 36.1369 5.7747
vt 36.1369 17.0053
vt 36.1369 17.0106
vt 36.1369 27.3267
vt 36.1377 6.835
vt 36.1377 17.0324
vt 36.1377 17.0373
vt 36.1377 28.0929
vt 36.1383 5.7815
vt 36.1483 5.7712
vt 36.1483 6.8459
vt 36.1483 17.015
vt 36.1483 17.027
vt 36.1483 18.7397
vt 36.1483 27.3167
vt 36.1483 28.0837
vt 36.1497 5.7643
vt 36.1525 18.7397
vt 36.154 27.3192
vt 36.155 6.8439
vt 36.155 28.0847
vt 36.1554 5.7747
vt 36.1554 17.0053
vt 36.1554 17.0106
vt 36.1554 27.3267
vt 36.1567 6.835
vt 36.1567 17.0324
vt 36.1567 17.0373
vt 36.1567 28.0929
vt 36.1586 6.2664
vt 36.1588 6.2663
vt 36.1588 17.2632
vt 36.1588 17.2822
vt 36.1588 18.9422
vt 36.1588 29.0795
vt 36.1602 29.0801
vt 36.1604 6.2571
vt 36.1604 18.0469
vt 36.1619 18.0326
vt 36.1619 29.0882
vt 36.162 18.0399
vt 36.6267 6.1146
vt 36.6267 6.1412
vt 36.6323 6.1301
vt 36.642 6.1203
vt 36.6553 6.1147
vt 36.6594 6.1735
vt 36.6594 7.4307
vt 36.6635 6.1584
vt 36.6635 6.1887
vt 36.6635 7.4156
vt 36.6635 7.4459
vt 36.6746 6.1473
vt 36.6746 6.1998
vt 36.6746 7.4045
vt 36.6746 7.457
vt 36.6898 6.1432
vt 36.6898 6.2039
vt 36.6898 7.4004
vt 36.6898 7.4611
vt 36.7049 6.1473
vt 36.7049 6.1998
vt 36.7049 7.4045
vt 36.7049 7.457
vt 36.716 6.1584
vt 36.716 6.1887
vt 36.716 7.4156
vt 36.716 7.4459
vt 36.7201 6.1735
vt 36.7201 7.4307
vt 38.6159 16.9772
vt 38.6158 16.9844
vt 38.6158 20.9638
vt 38.6158 20.9641
vt 38.616 12.9982
vt 38.6162 16.6515
vt 38.6164 13.0002
vt 38.6164 16.9748
vt 38.6177 12.9901
vt 38.6177 16.6522
vt 38.6177 17.2632
vt 38.6177 17.2822
vt 38.6177 20.9732
vt 38.6208 13.1471
vt 38.6208 20.5934
vt 38.6211 13.3908
vt 38.6225 13.1389
vt 38.6225 13.3834
vt 38.6225 16.449
vt 38.6225 17.015
vt 38.6225 17.027
vt 38.6225 20.6023
vt 38.6225 20.9445
vt 38.6232 13.1553
vt 38.6231 13.3979
vt 38.6231 17.0053
vt 38.6231 17.0106
vt 38.6232 17.0324
vt 38.6232 17.0373
vt 38.6232 20.5855
vt 38.6231 20.9345
vt 38.6245 20.9414
vt 38.6382 13.1389
vt 38.6382 13.3834
vt 38.6382 16.449
vt 38.6382 17.015
vt 38.6382 17.027
vt 38.6382 20.6023
vt 38.6382 20.9445
vt 38.6397 16.4497
vt 38.6396 20.9377
vt 38.6402 13.3905
vt 38.6405 13.1471
vt 38.6405 20.5944
vt 38.6416 13.3979
vt 38.6416 17.0053
vt 38.6416 17.0106
vt 38.6416 20.9345
vt 38.6422 13.1553
vt 38.6422 17.0324
vt 38.6422 17.0373
vt 38.6422 20.5855
vt 38.6459 12.9901
vt 38.6459 16.6522
vt 38.6459 17.2632
vt 38.6459 17.2822
vt 38.6459 20.9732
vt 38.6458 20.9735
vt 38.6464 12.9921
vt 38.6477 16.9844
vt 38.6477 20.9641
vt 38.6481 13.0002
vt 38.6481 16.9748
vt 38.6482 16.9821
vt 38.8449 13.926
vt 38.8449 17.491
vt 38.845 17.4838
vt 38.845 20.6982
vt 38.8455 17.4815
vt 38.8455 20.6971
vt 38.8458 17.7483
vt 38.8467 13.9354
vt 38.8467 17.2632
vt 38.8467 17.2822
vt 38.8467 17.748
vt 38.8467 20.6901
vt 38.8504 14.0057
vt 38.8504 20.3036
vt 38.8506 20.0632
vt 38.8514 14.0075
vt 38.8514 17.0324
vt 38.8514 17.0373
vt 38.8514 20.3015
vt 38.8516 13.679
vt 38.8516 17.0053
vt 38.8516 17.0106
vt 38.8516 20.0615
vt 38.852 13.6818
vt 38.852 14.0146
vt 38.852 17.015
vt 38.852 17.027
vt 38.852 17.5458
vt 38.852 20.0557
vt 38.852 20.2955
vt 38.853 13.6859
vt 38.8677 13.6818
vt 38.8677 14.0146
vt 38.8677 17.015
vt 38.8677 17.027
vt 38.8677 17.5458
vt 38.8677 20.0557
vt 38.8677 20.2955
vt 38.8687 14.0164
vt 38.8687 17.5454
vt 38.8687 20.0541
vt 38.8687 20.2933
vt 38.8691 13.6749
vt 38.8701 13.679
vt 38.8701 17.0053
vt 38.8701 17.0106
vt 38.8701 20.0615
vt 38.8704 14.0075
vt 38.8704 17.0324
vt 38.8704 17.0373
vt 38.8704 20.3015
vt 38.8749 13.9354
vt 38.8749 17.2632
vt 38.8749 17.2822
vt 38.8749 17.748
vt 38.8749 20.6901
vt 38.8754 20.6891
vt 38.8768 13.926
vt 38.8768 17.491
vt 38.8772 17.4815
vt 38.8772 20.6971
vt 38.8773 17.4888
vt 38.9418 16.92
vt 38.9419 12.015
vt 38.9419 16.9128
vt 38.9421 16.9213
vt 38.9421 21.862
vt 38.9431 12.0064
vt 38.9431 16.5123
vt 38.9431 17.2632
vt 38.9431 17.2822
vt 38.9431 21.8719
vt 38.9437 12.0069
vt 38.9439 21.8713
vt 38.9469 12.5431
vt 38.9469 17.0053
vt 38.9469 17.0106
vt 38.9469 21.8643
vt 38.9471 12.2383
vt 38.9471 17.0324
vt 38.9471 17.0373
vt 38.9471 21.4297
vt 38.9481 21.8606
vt 38.9483 12.5357
vt 38.9488 12.2301
vt 38.9488 21.4386
vt 38.9493 16.3098
vt 38.9495 12.2309
vt 38.9495 12.5366
vt 38.9495 16.3098
vt 38.9495 17.015
vt 38.9495 17.027
vt 38.9495 21.438
vt 38.9495 21.8674
vt 38.964 21.8711
vt 38.9652 12.2309
vt 38.9652 12.5366
vt 38.9652 16.3098
vt 38.9652 17.015
vt 38.9652 17.027
vt 38.9652 21.438
vt 38.9652 21.8674
vt 38.9654 12.5431
vt 38.9654 17.0053
vt 38.9654 17.0106
vt 38.9654 21.8643
vt 38.9661 12.2383
vt 38.9661 17.0324
vt 38.9661 17.0373
vt 38.9661 21.4297
vt 38.9666 12.5441
vt 38.9668 12.2391
vt 38.9668 21.4291
vt 38.9713 12.0064
vt 38.9713 16.5123
vt 38.9713 17.2632
vt 38.9713 17.2822
vt 38.9713 21.8719
vt 38.9714 16.5124
vt 38.973 12.0145
vt 38.9731 21.8626
vt 38.9736 12.015
vt 38.9736 16.9128
vt 38.9739 16.914
vt 38.974 16.9213
vt 38.974 21.862
vt 39.0799 6.1735
vt 39.0799 7.4307
vt 39.084 6.1584
vt 39.084 6.1887
vt 39.084 7.4156
vt 39.084 7.4459
vt 39.0951 6.1473
vt 39.0951 6.1998
vt 39.0951 7.4045
vt 39.0951 7.457
vt 39.1102 6.1432
vt 39.1102 6.2039
vt 39.1102 7.4004
vt 39.1102 7.4611
vt 39.1254 6.1473
vt 39.1254 6.1998
vt 39.1254 7.4045
vt 39.1254 7.457
vt 39.1365 6.1584
vt 39.1365 6.1887
vt 39.1365 7.4156
vt 39.1365 7.4459
vt 39.1406 6.1735
vt 39.1406 7.4307
vt 39.1447 6.1147
vt 39.158 6.1203
vt 39.1677 6.1301
vt 39.1733 6.1146
vt 39.1733 6.1412
vt 39.7338 14.5839
vt 39.7338 17.4418
vt 39.7339 17.4345
vt 39.7338 17.4418
vt 39.7339 19.979
vt 39.7357 14.5932
vt 39.7357 17.2632
vt 39.7357 17.2822
vt 39.7357 17.6455
vt 39.7357 19.9709
vt 39.7403 14.6227
vt 39.7403 17.0324
vt 39.7403 17.0373
vt 39.7403 19.6332
vt 39.7406 14.3564
vt 39.7406 17.0053
vt 39.7406 17.0106
vt 39.7406 19.4384
vt 39.742 14.3633
vt 39.742 14.6315
vt 39.742 17.015
vt 39.742 17.027
vt 39.742 17.443
vt 39.742 19.431
vt 39.742 19.6251
vt 39.7577 14.3633
vt 39.7577 14.6315
vt 39.7577 17.015
vt 39.7577 17.027
vt 39.7577 17.443
vt 39.7577 19.431
vt 39.7577 19.6251
vt 39.7591 14.3564
vt 39.7591 17.0053
vt 39.7591 17.0106
vt 39.7591 19.4384
vt 39.7593 14.6227
vt 39.7593 17.0324
vt 39.7593 17.0373
vt 39.7593 19.6332
vt 39.7639 14.5932
vt 39.7639 17.2632
vt 39.7639 17.2822
vt 39.7639 17.6455
vt 39.7639 19.9709
vt 39.7657 17.4346
vt 39.7657 19.979
vt 39.7658 14.5838
vt 39.7658 17.4418
vt 40.5564 12.6594
vt 40.5564 17.5825
vt 40.5565 17.5752
vt 40.5565 22.0838
vt 40.5583 12.6688
vt 40.5583 12.6689
vt 40.5583 17.2632
vt 40.5583 17.2822
vt 40.5583 17.9452
vt 40.5583 22.0757
vt 40.5583 22.0758
vt 40.5629 12.8244
vt 40.5629 17.0324
vt 40.5629 17.0373
vt 40.5629 21.587
vt 40.5631 12.3734
vt 40.5631 17.0053
vt 40.5631 17.0106
vt 40.5631 21.2597
vt 40.5645 12.3803
vt 40.5645 12.8333
vt 40.5645 17.015
vt 40.5645 17.027
vt 40.5645 17.7426
vt 40.5645 21.2522
vt 40.5645 21.5788
vt 40.5802 12.3802
vt 40.5802 12.8333
vt 40.5802 17.015
vt 40.5802 17.027
vt 40.5802 17.7426
vt 40.5802 21.2522
vt 40.5802 21.5788
vt 40.5816 12.3734
vt 40.5816 17.0053
vt 40.5816 17.0106
vt 40.5816 21.2597
vt 40.5819 12.8244
vt 40.5819 17.0324
vt 40.5819 17.0373
vt 40.5819 21.587
vt 40.5865 12.6689
vt 40.5865 17.2632
vt 40.5865 17.2822
vt 40.5865 17.9452
vt 40.5865 22.0757
vt 40.5882 17.5752
vt 40.5882 22.0838
vt 40.5883 12.6594
vt 40.5882 22.0837
vt 40.5883 12.6595
vt 40.5883 17.5825
vt 40.9538 17.0156
vt 40.9538 20.5005
vt 40.9543 17.0178
vt 40.9544 13.507
vt 40.9544 17.0106
vt 40.9557 13.498
vt 40.9557 16.7243
vt 40.9557 17.2632
vt 40.9557 17.2822
vt 40.9557 20.5097
vt 40.9556 20.5099
vt 40.9561 13.4989
vt 40.9596 20.461
vt 40.961 13.6128
vt 40.961 13.8255
vt 40.961 16.5214
vt 40.961 17.015
vt 40.961 17.027
vt 40.961 20.1658
vt 40.961 20.4678
vt 40.9614 13.6257
vt 40.9613 13.8362
vt 40.9613 17.0053
vt 40.9613 17.0106
vt 40.9614 17.0324
vt 40.9614 17.0373
vt 40.9614 20.1528
vt 40.9613 20.4535
vt 40.962 16.5218
vt 40.9627 13.8287
vt 40.963 13.6175
vt 40.963 20.1617
vt 40.9767 13.6128
vt 40.9767 13.8255
vt 40.9767 16.5214
vt 40.9767 17.015
vt 40.9767 17.027
vt 40.9767 20.1658
vt 40.9767 20.4678
vt 40.9781 13.8329
vt 40.9784 13.6209
vt 40.9784 20.1569
vt 40.9784 20.4604
vt 40.9798 13.8362
vt 40.9798 17.0053
vt 40.9798 17.0106
vt 40.9798 20.4535
vt 40.9804 13.6257
vt 40.9804 17.0324
vt 40.9804 17.0373
vt 40.9804 20.1528
vt 40.983 16.7239
vt 40.9839 13.498
vt 40.9839 16.7243
vt 40.9839 17.2632
vt 40.9839 17.2822
vt 40.9839 20.5097
vt 40.9857 13.506
vt 40.9856 17.0083
vt 40.9857 17.0156
vt 40.9858 20.5003
vt 40.9857 20.5005
vt 40.9861 13.507
vt 40.9861 17.0106
vt 41.2793 12.521
vt 41.2792 21.4001
vt 41.2799 12.5232
vt 41.2799 16.9471
vt 41.28 16.9534
vt 41.28 21.397
vt 41.2801 16.9461
vt 41.2811 12.5129
vt 41.2811 16.5844
vt 41.2811 17.2632
vt 41.2811 17.2822
vt 41.2811 21.4095
vt 41.2817 16.5848
vt 41.2854 12.9817
vt 41.2854 17.0053
vt 41.2854 17.0106
vt 41.2854 21.3844
vt 41.2856 12.7095
vt 41.2856 17.0324
vt 41.2856 17.0373
vt 41.2856 20.996
vt 41.2863 12.7121
vt 41.2863 20.9936
vt 41.2865 12.9858
vt 41.2868 21.3912
vt 41.2879 12.7039
vt 41.2879 12.9783
vt 41.2879 16.3822
vt 41.2879 17.015
vt 41.2879 17.027
vt 41.2879 21.0025
vt 41.2879 21.3894
vt 41.3025 12.9742
vt 41.3029 12.7013
vt 41.3029 21.0049
vt 41.303 16.3819
vt 41.3036 12.7039
vt 41.3036 12.9783
vt 41.3036 16.3822
vt 41.3036 17.015
vt 41.3036 17.027
vt 41.3036 21.0025
vt 41.3036 21.3894
vt 41.3039 12.9817
vt 41.3039 17.0053
vt 41.3039 17.0106
vt 41.3039 21.3844
vt 41.3046 12.7095
vt 41.3046 17.0324
vt 41.3046 17.0373
vt 41.3046 20.996
vt 41.305 21.3825
vt 41.3093 12.5129
vt 41.3093 16.5844
vt 41.3093 17.2632
vt 41.3093 17.2822
vt 41.3093 21.4095
vt 41.3098 12.5151
vt 41.3101 21.4064
vt 41.3116 12.5232
vt 41.3116 16.9471
vt 41.3117 16.9544
vt 41.3119 16.9534
vt 41.3119 21.397
vt 41.4449 17.5279
vt 41.4449 21.366
vt 41.4454 13.3173
vt 41.4454 17.5325
vt 41.4455 17.5252
vt 41.4455 21.3648
vt 41.4472 13.3267
vt 41.4472 17.2632
vt 41.4472 17.2822
vt 41.4472 17.8426
vt 41.4472 21.3567
vt 41.4484 17.8422
vt 41.4518 13.4393
vt 41.4518 17.0324
vt 41.4518 17.0373
vt 41.4518 20.9189
vt 41.4521 13.0504
vt 41.4521 17.0053
vt 41.4521 17.0106
vt 41.4521 20.6368
vt 41.453 13.4413
vt 41.453 20.9165
vt 41.4533 20.6349
vt 41.4535 13.0573
vt 41.4547 13.062
vt 41.4547 13.4502
vt 41.4547 17.015
vt 41.4547 17.027
vt 41.4547 17.6397
vt 41.4547 20.6275
vt 41.4547 20.9083
vt 41.4692 13.4482
vt 41.4692 17.6401
vt 41.4692 20.6294
vt 41.4692 20.9107
vt 41.4704 13.062
vt 41.4704 13.4502
vt 41.4704 17.015
vt 41.4704 17.027
vt 41.4704 17.6397
vt 41.4704 20.6275
vt 41.4704 20.9083
vt 41.4706 13.0504
vt 41.4706 17.0053
vt 41.4706 17.0106
vt 41.4706 20.6368
vt 41.4708 13.4393
vt 41.4708 17.0324
vt 41.4708 17.0373
vt 41.4708 20.9189
vt 41.4718 13.0552
vt 41.4748 21.3579
vt 41.4754 13.3267
vt 41.4754 17.2632
vt 41.4754 17.2822
vt 41.4754 17.8426
vt 41.4754 21.3567
vt 41.4766 17.5279
vt 41.4766 21.366
vt 41.4767 17.5351
vt 41.4773 13.3173
vt 41.4773 17.5325
# 4059 texture vertices

s off

usemtl Meridian_S

f 1/2648 4/2690 5/2691
f 5/2691 2/2649 1/2648
f 4/1097 6/1146 3/1147
f 3/1147 5/1098 4/1097
f 6/547 19/594 8/595
f 8/595 3/548 6/547
f 19/136 9/179 7/180
f 7/180 8/137 19/136
f 9/196 21/232 10/233
f 10/233 7/197 9/196
f 21/743 22/791 12/792
f 12/792 10/744 21/743
f 22/1424 11/1472 14/1473
f 14/1473 12/1425 22/1424
f 11/2887 25/2936 13/2937
f 13/2937 14/2888 11/2887
f 25/3401 27/3446 15/3447
f 15/3447 13/3402 25/3401
f 27/3877 28/3924 17/3925
f 17/3925 15/3878 27/3877
f 28/3824 29/3860 16/3861
f 16/3861 17/3825 28/3824
f 29/3208 1/3254 2/3255
f 2/3255 16/3209 29/3208
f 1/2652 151/2645 18/2702
f 18/2700 4/2689 1/2647
f 4/1096 18/1094 140/1152
f 140/1152 6/1145 4/1096
f 6/553 140/545 141/604
f 141/600 19/593 6/546
f 19/133 141/128 20/184
f 20/189 9/178 19/135
f 9/198 20/191 142/238
f 142/239 21/234 9/199
f 21/739 142/735 23/788
f 23/797 22/793 21/745
f 22/1430 23/1428 143/1482
f 143/1476 11/1474 22/1426
f 11/2889 143/2884 24/2942
f 24/2942 25/2938 11/2889
f 25/3404 24/3397 26/3455
f 26/3452 27/3448 25/3403
f 27/3880 26/3871 147/3931
f 147/3930 28/3926 27/3879
f 28/3822 147/3818 150/3866
f 150/3868 29/3859 28/3823
f 29/3206 150/3201 151/3259
f 151/3262 1/3253 29/3207
f 63/2693 72/2650 30/2664
f 30/2670 43/2686 63/2704
f 31/1148 63/1099 43/1122
f 43/1109 32/1129 31/1144
f 33/596 31/550 32/566
f 32/571 44/586 33/598
f 34/181 33/138 44/153
f 44/153 47/163 34/181
f 67/231 34/195 47/210
f 47/210 48/217 67/231
f 35/790 67/742 48/758
f 48/750 49/768 35/785
f 69/1471 35/1420 49/1442
f 49/1446 36/1462 69/1477
f 71/2935 69/2886 36/2912
f 36/2896 37/2916 71/2933
f 70/3445 71/3400 37/3416
f 37/3420 38/3436 70/3456
f 39/3923 70/3876 38/3898
f 38/3885 40/3904 39/3921
f 41/3862 39/3826 40/3841
f 40/3841 52/3848 41/3862
f 72/3256 41/3210 52/3221
f 52/3218 30/3237 72/3244
f 30/2658 126/2653 42/2674
f 42/2697 43/2683 30/2667
f 43/1121 42/1113 115/1140
f 115/1133 32/1126 43/1106
f 32/563 115/558 116/580
f 116/591 44/581 32/568
f 44/156 116/141 46/170
f 46/168 47/160 44/150
f 47/213 46/203 45/229
f 45/229 48/220 47/213
f 48/764 45/755 51/780
f 51/775 49/771 48/756
f 49/1441 51/1438 50/1459
f 50/1469 36/1465 49/1449
f 36/2913 50/2905 122/2932
f 122/2923 37/2919 36/2899
f 37/3414 122/3408 123/3429
f 123/3443 38/3439 37/3423
f 38/3901 123/3896 124/3920
f 124/3911 40/3907 38/3888
f 40/3838 124/3829 125/3855
f 125/3855 52/3845 40/3838
f 52/3231 125/3226 126/3249
f 126/3241 30/3234 52/3215
f 73/2669 53/2668 86/2684
f 86/2684 54/2685 73/2669
f 54/1108 86/1107 56/1127
f 56/1127 74/1128 54/1108
f 74/570 56/569 55/582
f 55/582 76/583 74/570
f 76/152 55/151 87/161
f 87/161 57/162 76/152
f 57/212 87/211 89/218
f 89/218 58/219 57/212
f 58/752 89/751 59/769
f 59/769 77/770 58/752
f 77/1448 59/1447 60/1463
f 60/1463 79/1464 77/1448
f 79/2898 60/2897 92/2917
f 92/2917 78/2918 79/2898
f 78/3422 92/3421 94/3437
f 94/3437 61/3438 78/3422
f 61/3887 94/3886 96/3905
f 96/3905 83/3906 61/3887
f 83/3840 96/3839 97/3846
f 97/3846 85/3847 83/3840
f 85/3217 97/3216 53/3235
f 53/3235 73/3236 85/3217
f 72/2651 63/2694 139/2699
f 139/2695 152/2643 72/2644
f 63/1100 31/1149 62/1151
f 62/1155 139/1104 63/1112
f 31/551 33/597 64/599
f 64/602 62/544 31/552
f 33/139 34/182 65/188
f 65/187 64/132 33/134
f 34/194 67/230 66/235
f 66/235 65/192 34/194
f 67/741 35/789 68/796
f 68/794 66/737 67/740
f 35/1419 69/1470 145/1475
f 145/1478 68/1422 35/1429
f 69/2885 71/2934 144/2939
f 144/2943 145/2891 69/2901
f 71/3399 70/3444 146/3451
f 146/3449 144/3394 71/3398
f 70/3875 39/3922 149/3927
f 149/3932 146/3873 70/3881
f 39/3827 41/3863 148/3867
f 148/3865 149/3821 39/3828
f 41/3211 72/3257 152/3261
f 152/3264 148/3205 41/3212
f 73/2672 54/2688 113/2698
f 113/2677 84/2656 73/2662
f 54/1111 74/1131 75/1134
f 75/1143 113/1116 54/1124
f 74/573 76/588 114/592
f 114/589 75/561 74/564
f 76/155 57/165 117/169
f 117/173 114/144 76/157
f 57/208 58/215 118/226
f 118/226 117/200 57/208
f 58/747 77/766 120/774
f 120/777 118/748 58/763
f 77/1444 79/1460 119/1468
f 119/1456 120/1435 77/1440
f 79/2894 78/2914 121/2922
f 121/2929 119/2902 79/2910
f 78/3418 61/3434 80/3442
f 80/3426 121/3405 78/3413
f 61/3883 83/3902 81/3910
f 81/3917 80/3890 61/3900
f 83/3843 85/3850 82/3858
f 82/3858 81/3832 83/3843
f 85/3220 73/3239 84/3242
f 84/3252 82/3229 85/3232
f 138/2657 127/2678 86/2673
f 86/2682 53/2666 138/2665
f 127/1117 128/1136 56/1135
f 56/1125 86/1105 127/1101
f 128/554 88/575 55/574
f 55/579 56/567 128/565
f 88/145 130/174 87/166
f 87/159 55/149 88/140
f 130/207 131/225 89/221
f 89/221 87/214 130/207
f 131/762 133/784 59/776
f 59/772 89/757 131/746
f 133/1434 90/1455 60/1451
f 60/1466 59/1450 133/1443
f 90/2909 91/2928 92/2924
f 92/2920 60/2900 90/2893
f 91/3412 93/3433 94/3425
f 94/3440 92/3424 91/3417
f 93/3897 137/3916 96/3912
f 96/3908 94/3889 93/3882
f 137/3833 95/3851 97/3844
f 97/3844 96/3837 137/3833
f 95/3222 138/3245 53/3243
f 53/3233 97/3214 95/3213
f 111/2671 99/2687 98/2696
f 98/2681 112/2661 111/2663
f 99/1110 100/1130 129/1132
f 129/1139 98/1120 99/1123
f 100/572 101/587 102/590
f 102/578 129/557 100/562
f 101/154 154/164 103/167
f 103/177 102/148 101/158
f 154/209 155/216 104/222
f 104/222 103/204 154/209
f 155/749 156/767 132/773
f 132/781 104/759 155/765
f 156/1445 106/1461 134/1467
f 134/1452 132/1431 156/1439
f 106/2895 105/2915 107/2921
f 107/2925 134/2906 106/2911
f 105/3419 109/3435 135/3441
f 135/3430 107/3409 105/3415
f 109/3884 108/3903 136/3909
f 136/3913 135/3891 109/3899
f 108/3842 153/3849 110/3854
f 110/3854 136/3836 108/3842
f 153/3219 111/3238 112/3240
f 112/3248 110/3225 153/3230
f 126/2655 84/2654 113/2675
f 113/2675 42/2676 126/2655
f 42/1115 113/1114 75/1141
f 75/1141 115/1142 42/1115
f 115/560 75/559 114/584
f 114/584 116/585 115/560
f 116/143 114/142 117/171
f 117/171 46/172 116/143
f 46/202 117/201 118/227
f 118/227 45/228 46/202
f 45/754 118/753 120/778
f 120/778 51/779 45/754
f 51/1437 120/1436 119/1457
f 119/1457 50/1458 51/1437
f 50/2904 119/2903 121/2930
f 121/2930 122/2931 50/2904
f 122/3407 121/3406 80/3427
f 80/3427 123/3428 122/3407
f 123/3895 80/3894 81/3918
f 81/3918 124/3919 123/3895
f 124/3831 81/3830 82/3856
f 82/3856 125/3857 124/3831
f 125/3228 82/3227 84/3250
f 84/3250 126/3251 125/3228
f 138/2660 112/2659 98/2679
f 98/2679 127/2680 138/2660
f 127/1119 98/1118 129/1137
f 129/1137 128/1138 127/1119
f 128/556 129/555 102/576
f 102/576 88/577 128/556
f 88/147 102/146 103/175
f 103/175 130/176 88/147
f 130/206 103/205 104/223
f 104/223 131/224 130/206
f 131/761 104/760 132/782
f 132/782 133/783 131/761
f 133/1433 132/1432 134/1453
f 134/1453 90/1454 133/1433
f 90/2908 134/2907 107/2926
f 107/2926 91/2927 90/2908
f 91/3411 107/3410 135/3431
f 135/3431 93/3432 91/3411
f 93/3893 135/3892 136/3914
f 136/3914 137/3915 93/3893
f 137/3835 136/3834 110/3852
f 110/3852 95/3853 137/3835
f 95/3224 110/3223 112/3246
f 112/3246 138/3247 95/3224
f 151/2641 152/2642 139/2692
f 139/2701 18/2703 151/2646
f 18/1102 139/1103 62/1154
f 62/1150 140/1153 18/1095
f 140/542 62/543 64/601
f 64/603 141/605 140/549
f 141/130 64/131 65/185
f 65/183 20/186 141/129
f 20/190 65/193 66/236
f 66/236 142/237 20/190
f 142/736 66/738 68/795
f 68/786 23/787 142/734
f 23/1421 68/1423 145/1479
f 145/1480 143/1481 23/1427
f 143/2890 145/2892 144/2944
f 144/2940 24/2941 143/2883
f 24/3393 144/3395 146/3450
f 146/3453 26/3454 24/3396
f 26/3872 146/3874 149/3933
f 149/3928 147/3929 26/3870
f 147/3819 149/3820 148/3864
f 148/3864 150/3869 147/3819
f 150/3203 148/3204 152/3263
f 152/3258 151/3260 150/3202
f 153/3761 100/3756 99/3760
f 99/3760 111/3763 153/3761
f 109/3753 154/3748 101/3752
f 101/3752 108/3757 109/3753
f 108/3757 101/3752 100/3756
f 100/3756 153/3761 108/3757
f 105/3749 155/3744 154/3748
f 154/3748 109/3753 105/3749
f 106/3745 156/3741 155/3744
f 155/3744 105/3749 106/3745
f 158/3511 157/3512 160/3467
f 160/3467 159/3466 158/3511
f 159/4051 160/4052 161/4006
f 161/4006 177/4005 159/4051
f 177/3988 161/3989 162/3944
f 162/3944 180/3943 177/3988
f 180/3387 162/3388 164/3340
f 164/3340 182/3339 180/3387
f 182/2750 164/2751 163/2713
f 163/2713 181/2712 182/2750
f 181/1220 163/1221 165/1171
f 165/1171 166/1170 181/1220
f 166/536 165/537 167/489
f 167/489 168/488 166/536
f 168/56 167/57 169/11
f 169/11 184/10 168/56
f 184/119 169/120 170/73
f 170/73 171/72 184/119
f 171/660 170/661 173/616
f 173/616 186/615 171/660
f 186/1411 173/1412 172/1377
f 172/1377 174/1376 186/1411
f 174/2875 172/2876 157/2832
f 157/2832 158/2831 174/2875
f 158/3510 159/3465 176/3461
f 176/3458 175/3516 158/3509
f 159/4050 177/4004 178/4000
f 178/4000 176/4058 159/4050
f 177/3990 180/3945 179/3935
f 179/3939 178/3997 177/3992
f 180/3389 182/3341 300/3334
f 300/3330 179/3384 180/3381
f 182/2752 181/2714 303/2706
f 303/2706 300/2759 182/2752
f 181/1222 166/1172 302/1166
f 302/1177 303/1229 181/1224
f 166/538 168/490 183/483
f 183/479 302/533 166/530
f 168/58 184/12 185/7
f 185/4 183/63 168/58
f 184/118 171/71 307/67
f 307/66 185/126 184/117
f 171/659 186/614 187/610
f 187/607 307/665 171/658
f 186/1410 174/1375 309/1368
f 309/1368 187/1417 186/1410
f 174/2874 158/2830 175/2821
f 175/2823 309/2881 174/2880
f 226/3457 188/3477 199/3493
f 199/3497 225/3513 226/3468
f 228/4009 189/4026 188/4037
f 188/4030 226/4053 228/4007
f 191/3946 201/3961 189/3972
f 189/3969 228/3987 191/3942
f 190/3336 200/3348 201/3363
f 201/3368 191/3386 190/3338
f 192/2711 204/2725 200/2732
f 200/2732 190/2749 192/2711
f 193/1175 206/1193 204/1212
f 204/1209 192/1219 193/1169
f 195/485 196/496 206/512
f 206/518 193/535 195/487
f 231/13 194/28 196/39
f 196/35 195/55 231/9
f 232/76 209/93 194/112
f 194/99 231/121 232/74
f 197/606 212/626 209/642
f 209/646 232/662 197/617
f 234/1378 198/1392 212/1399
f 212/1399 197/1413 234/1378
f 225/2840 199/2848 198/2867
f 198/2862 234/2878 225/2833
f 199/3490 188/3474 282/3470
f 282/3484 283/3505 199/3499
f 188/4034 189/4023 285/4018
f 285/4010 282/4044 188/4029
f 189/3975 201/3964 202/3956
f 202/3954 285/3984 189/3968
f 201/3366 200/3354 203/3343
f 203/3353 202/3376 201/3371
f 200/2735 204/2728 205/2718
f 205/2718 203/2744 200/2735
f 204/1215 206/1196 288/1189
f 288/1186 205/1208 204/1204
f 206/515 196/499 207/492
f 207/504 288/525 206/520
f 196/42 194/31 208/23
f 208/17 207/51 196/36
f 194/109 209/90 210/86
f 210/77 208/100 194/96
f 209/639 212/623 211/619
f 211/633 210/654 209/648
f 212/1396 198/1389 213/1380
f 213/1380 211/1406 212/1396
f 198/2864 199/2845 283/2841
f 283/2826 213/2854 198/2851
f 222/3492 215/3476 247/3475
f 247/3475 214/3491 222/3492
f 215/4036 237/4025 249/4024
f 249/4024 247/4035 215/4036
f 237/3974 239/3963 250/3962
f 250/3962 249/3973 237/3974
f 239/3365 217/3350 216/3349
f 216/3349 250/3364 239/3365
f 217/2734 218/2727 252/2726
f 252/2726 216/2733 217/2734
f 218/1214 240/1195 256/1194
f 256/1194 252/1213 218/1214
f 240/514 220/498 258/497
f 258/497 256/513 240/514
f 220/41 219/30 259/29
f 259/29 258/40 220/41
f 219/111 221/92 261/91
f 261/91 259/110 219/111
f 221/641 244/625 262/624
f 262/624 261/640 221/641
f 244/1398 223/1391 224/1390
f 224/1390 262/1397 244/1398
f 223/2866 222/2847 214/2846
f 214/2846 224/2865 223/2866
f 225/3515 235/3519 298/3464
f 298/3462 226/3469 225/3514
f 226/4049 298/4056 227/3999
f 227/4003 228/4008 226/4054
f 228/3991 227/3993 299/3936
f 299/3934 191/3941 228/3986
f 191/3382 299/3390 229/3332
f 229/3335 190/3337 191/3385
f 190/2748 229/2755 301/2707
f 301/2707 192/2710 190/2748
f 192/1223 301/1225 304/1173
f 304/1167 193/1168 192/1218
f 193/531 304/539 305/481
f 305/484 195/486 193/534
f 195/53 305/59 230/1
f 230/5 231/8 195/54
f 231/116 230/124 306/65
f 306/70 232/75 231/122
f 232/664 306/668 233/613
f 233/611 197/618 232/663
f 197/1414 233/1416 308/1371
f 308/1371 234/1379 197/1414
f 234/2870 308/2873 235/2820
f 235/2822 225/2834 234/2879
f 222/3500 245/3508 236/3487
f 236/3471 215/3479 222/3495
f 215/4032 236/4047 238/4013
f 238/4019 237/4028 215/4039
f 237/3967 238/3981 284/3951
f 284/3955 239/3959 237/3970
f 239/3370 284/3373 286/3346
f 286/3342 217/3345 239/3361
f 217/2730 286/2741 287/2715
f 287/2715 218/2723 217/2730
f 218/1203 287/1205 289/1183
f 289/1188 240/1191 218/1210
f 240/519 289/522 241/501
f 241/491 220/494 240/510
f 220/33 241/48 290/14
f 290/22 219/26 220/37
f 219/97 290/103 242/80
f 242/87 221/95 219/114
f 221/649 242/657 243/636
f 243/620 244/628 221/644
f 244/1401 243/1409 246/1383
f 246/1383 223/1394 244/1401
f 223/2852 246/2857 245/2829
f 245/2842 222/2850 223/2869
f 291/3496 214/3489 247/3473
f 247/3488 248/3480 291/3501
f 248/4048 247/4033 249/4022
f 249/4021 293/4014 248/4040
f 293/3985 249/3976 250/3965
f 250/3958 251/3950 293/3980
f 251/3369 250/3367 216/3355
f 216/3360 253/3359 251/3380
f 253/2740 216/2736 252/2729
f 252/2729 254/2722 253/2740
f 254/1217 252/1216 256/1197
f 256/1187 255/1182 254/1202
f 255/517 256/516 258/500
f 258/509 257/508 255/529
f 257/52 258/43 259/32
f 259/25 295/21 257/47
f 295/115 259/108 261/89
f 261/85 260/81 295/104
f 260/645 261/638 262/622
f 262/637 263/629 260/650
f 263/1402 262/1395 224/1388
f 224/1388 264/1384 263/1402
f 264/2871 224/2863 214/2844
f 214/2839 291/2835 264/2858
f 310/3498 281/3504 265/3483
f 265/3472 266/3478 310/3494
f 266/4031 265/4043 292/4017
f 292/4020 267/4027 266/4038
f 267/3966 292/3977 269/3947
f 269/3957 268/3960 267/3971
f 268/3372 269/3377 294/3356
f 294/3344 271/3347 268/3362
f 271/2731 294/2737 270/2719
f 270/2719 272/2724 271/2731
f 272/1198 270/1199 273/1179
f 273/1190 275/1192 272/1211
f 275/521 273/526 274/505
f 274/493 276/495 275/511
f 276/34 274/44 296/18
f 296/24 277/27 276/38
f 277/98 296/107 278/84
f 278/88 279/94 277/113
f 279/647 278/653 297/632
f 297/621 312/627 279/643
f 312/1400 297/1405 280/1387
f 280/1387 311/1393 312/1400
f 311/2853 280/2861 281/2838
f 281/2843 310/2849 311/2868
f 283/3507 282/3486 236/3485
f 236/3485 245/3506 283/3507
f 282/4046 285/4012 238/4011
f 238/4011 236/4045 282/4046
f 285/3983 202/3953 284/3952
f 284/3952 238/3982 285/3983
f 202/3375 203/3352 286/3351
f 286/3351 284/3374 202/3375
f 203/2743 205/2717 287/2716
f 287/2716 286/2742 203/2743
f 205/1207 288/1185 289/1184
f 289/1184 287/1206 205/1207
f 288/524 207/503 241/502
f 241/502 289/523 288/524
f 207/50 208/16 290/15
f 290/15 241/49 207/50
f 208/102 210/79 242/78
f 242/78 290/101 208/102
f 210/656 211/635 243/634
f 243/634 242/655 210/656
f 211/1408 213/1382 246/1381
f 246/1381 243/1407 211/1408
f 213/2856 283/2828 245/2827
f 245/2827 246/2855 213/2856
f 291/3503 248/3482 265/3481
f 265/3481 281/3502 291/3503
f 248/4042 293/4016 292/4015
f 292/4015 265/4041 248/4042
f 293/3979 251/3949 269/3948
f 269/3948 292/3978 293/3979
f 251/3379 253/3358 294/3357
f 294/3357 269/3378 251/3379
f 253/2739 254/2721 270/2720
f 270/2720 294/2738 253/2739
f 254/1201 255/1181 273/1180
f 273/1180 270/1200 254/1201
f 255/528 257/507 274/506
f 274/506 273/527 255/528
f 257/46 295/20 296/19
f 296/19 274/45 257/46
f 295/106 260/83 278/82
f 278/82 296/105 295/106
f 260/652 263/631 297/630
f 297/630 278/651 260/652
f 263/1404 264/1386 280/1385
f 280/1385 297/1403 263/1404
f 264/2860 291/2837 281/2836
f 281/2836 280/2859 264/2860
f 175/3517 176/3459 298/3460
f 298/3463 235/3518 175/3520
f 176/4059 178/4001 227/4002
f 227/3998 298/4055 176/4057
f 178/3996 179/3938 299/3940
f 299/3937 227/3994 178/3995
f 179/3383 300/3329 229/3331
f 229/3333 299/3391 179/3392
f 300/2757 303/2705 301/2708
f 301/2709 229/2756 300/2758
f 303/1228 302/1176 304/1178
f 304/1174 301/1226 303/1227
f 302/532 183/478 305/480
f 305/482 304/540 302/541
f 183/62 185/3 230/6
f 230/2 305/60 183/61
f 185/127 307/68 306/69
f 306/64 230/123 185/125
f 307/666 187/608 233/609
f 233/612 306/667 307/669
f 187/1418 309/1369 308/1370
f 308/1370 233/1415 187/1418
f 309/2882 175/2824 235/2825
f 235/2819 308/2872 309/2877
f 311/3758 310/3762 266/3759
f 266/3759 267/3755 311/3758
f 279/3750 312/3754 268/3751
f 268/3751 271/3747 279/3750
f 312/3754 311/3758 267/3755
f 267/3755 268/3751 312/3754
f 277/3746 279/3750 271/3747
f 271/3747 272/3743 277/3746
f 276/3742 277/3746 272/3743
f 272/3743 275/3740 276/3742
f 328/853 313/854 315/808
f 315/808 316/807 328/853
f 316/405 315/406 314/362
f 314/362 330/361 316/405
f 330/469 314/470 318/424
f 318/424 329/423 330/469
f 329/915 318/916 317/869
f 317/869 332/868 329/915
f 332/1526 317/1527 319/1491
f 319/1491 333/1490 332/1526
f 333/2812 319/2813 321/2765
f 321/2765 320/2764 333/2812
f 320/3190 321/3191 322/3145
f 322/3145 336/3144 320/3190
f 336/3666 322/3667 323/3623
f 323/3623 337/3622 336/3666
f 337/3604 323/3605 325/3561
f 325/3561 324/3560 337/3604
f 324/3128 325/3129 327/3083
f 327/3083 338/3082 324/3128
f 338/2633 327/2634 326/2596
f 326/2596 339/2595 338/2633
f 339/1362 326/1363 313/1316
f 313/1316 328/1315 339/1362
f 328/855 316/809 453/800
f 453/803 452/861 328/856
f 316/407 330/363 331/353
f 331/353 453/410 316/407
f 330/468 329/422 455/419
f 455/414 331/473 330/466
f 329/914 332/867 456/862
f 456/866 455/924 329/920
f 332/1524 333/1489 458/1483
f 458/1484 456/1530 332/1525
f 333/2811 320/2763 335/2760
f 335/2745 458/2809 333/2803
f 320/3189 336/3143 334/3137
f 334/3141 335/3199 320/3195
f 336/3665 337/3621 461/3614
f 461/3614 334/3671 336/3665
f 337/3606 324/3562 462/3552
f 462/3553 461/3610 337/3607
f 324/3130 338/3084 340/3075
f 340/3078 462/3136 324/3131
f 338/2635 339/2597 463/2592
f 463/2588 340/2640 338/2636
f 339/1364 328/1317 452/1309
f 452/1307 463/1367 339/1359
f 383/815 341/825 364/844
f 364/837 352/852 383/806
f 343/358 353/377 341/385
f 341/392 383/404 343/360
f 386/421 342/442 353/450
f 353/454 343/471 386/425
f 388/874 344/891 342/906
f 342/901 386/917 388/872
f 345/1492 357/1506 344/1513
f 344/1513 388/1528 345/1492
f 389/2762 356/2775 357/2791
f 357/2794 345/2814 389/2766
f 390/3149 346/3166 356/3184
f 356/3172 389/3192 390/3147
f 347/3620 361/3641 346/3649
f 346/3653 390/3668 347/3624
f 393/3555 362/3568 361/3584
f 361/3589 347/3603 393/3559
f 348/3093 349/3100 362/3119
f 362/3116 393/3127 348/3081
f 350/2594 351/2609 349/2617
f 349/2617 348/2632 350/2594
f 352/1305 364/1323 351/1341
f 351/1347 350/1361 352/1314
f 364/847 341/828 354/821
f 354/813 438/836 364/831
f 341/388 353/380 355/365
f 355/370 354/402 341/393
f 353/447 342/439 430/427
f 430/430 355/458 353/453
f 342/903 344/888 431/884
f 431/879 430/909 342/895
f 344/1510 357/1503 358/1494
f 358/1494 431/1520 344/1510
f 357/2788 356/2772 433/2768
f 433/2778 358/2799 357/2796
f 356/3179 346/3163 359/3159
f 359/3154 433/3178 356/3170
f 346/3646 361/3638 434/3626
f 434/3629 359/3661 346/3652
f 361/3587 362/3571 360/3564
f 360/3579 434/3601 361/3593
f 362/3122 349/3103 363/3096
f 363/3088 360/3111 362/3106
f 349/2620 351/2612 365/2601
f 365/2601 363/2629 349/2620
f 351/1344 364/1326 438/1319
f 438/1335 365/1358 351/1350
f 367/846 366/827 370/826
f 370/826 368/845 367/846
f 366/387 399/379 369/378
f 369/378 370/386 366/387
f 399/449 372/441 407/440
f 407/440 369/448 399/449
f 372/905 375/890 371/889
f 371/889 407/904 372/905
f 375/1512 374/1505 373/1504
f 373/1504 371/1511 375/1512
f 374/2790 402/2774 409/2773
f 409/2773 373/2789 374/2790
f 402/3181 377/3165 376/3164
f 376/3164 409/3180 402/3181
f 377/3648 379/3640 378/3639
f 378/3639 376/3647 377/3648
f 379/3586 381/3570 380/3569
f 380/3569 378/3585 379/3586
f 381/3121 404/3102 382/3101
f 382/3101 380/3120 381/3121
f 404/2619 405/2611 413/2610
f 413/2610 382/2618 404/2619
f 405/1343 367/1325 368/1324
f 368/1324 413/1342 405/1343
f 352/849 464/857 384/798
f 384/801 383/805 352/851
f 383/408 384/411 385/356
f 385/354 343/359 383/403
f 343/467 385/476 454/418
f 454/420 386/426 343/472
f 386/919 454/922 387/865
f 387/863 388/873 386/918
f 388/1529 387/1534 459/1488
f 459/1488 345/1493 388/1529
f 345/2808 459/2817 457/2754
f 457/2761 389/2767 345/2815
f 389/3194 457/3197 460/3140
f 460/3138 390/3148 389/3193
f 390/3670 460/3674 391/3619
f 391/3617 347/3625 390/3669
f 347/3608 391/3611 392/3556
f 392/3554 393/3558 347/3602
f 393/3125 392/3132 394/3073
f 394/3076 348/3080 393/3126
f 348/2630 394/2637 395/2589
f 395/2590 350/2593 348/2631
f 350/1365 395/1372 464/1311
f 464/1310 352/1313 350/1360
f 367/830 429/833 396/810
f 396/820 366/823 367/842
f 366/390 396/399 397/367
f 397/364 399/375 366/383
f 399/455 397/461 398/433
f 398/428 372/444 399/452
f 372/896 398/912 400/882
f 400/885 375/893 372/908
f 375/1515 400/1523 401/1497
f 401/1497 374/1508 375/1515
f 374/2797 401/2802 432/2781
f 432/2769 402/2777 374/2793
f 402/3171 432/3187 435/3157
f 435/3160 377/3168 402/3186
f 377/3655 435/3664 436/3632
f 436/3627 379/3643 377/3651
f 379/3592 436/3598 403/3573
f 403/3563 381/3566 379/3582
f 381/3105 403/3108 437/3085
f 437/3095 404/3098 381/3117
f 404/2614 437/2626 439/2598
f 439/2598 405/2607 404/2614
f 405/1349 439/1355 429/1332
f 429/1318 367/1321 405/1339
f 440/850 368/848 370/829
f 370/819 406/818 440/841
f 406/394 370/389 369/381
f 369/382 442/374 406/398
f 442/457 369/446 407/438
f 407/445 446/434 442/462
f 446/913 407/902 371/887
f 371/883 445/875 446/897
f 445/1516 371/1509 373/1502
f 373/1502 408/1498 445/1516
f 408/2795 373/2787 409/2771
f 409/2786 410/2782 408/2804
f 410/3188 409/3177 376/3162
f 376/3158 449/3150 410/3173
f 449/3656 376/3645 378/3637
f 378/3644 411/3633 449/3657
f 411/3590 378/3588 380/3572
f 380/3581 412/3580 411/3597
f 412/3124 380/3123 382/3104
f 382/3094 451/3092 412/3115
f 451/2625 382/2621 413/2613
f 413/2613 414/2606 451/2625
f 414/1346 413/1345 368/1327
f 368/1336 440/1331 414/1354
f 428/832 426/838 443/814
f 443/822 415/824 428/843
f 415/391 443/395 441/371
f 441/366 416/376 415/384
f 416/456 441/465 417/437
f 417/429 465/443 416/451
f 465/894 417/900 444/878
f 444/886 418/892 465/907
f 418/1514 444/1519 448/1501
f 448/1501 467/1507 418/1514
f 467/2798 448/2807 447/2785
f 447/2770 419/2776 467/2792
f 419/3169 447/3176 420/3153
f 420/3161 468/3167 419/3185
f 468/3654 420/3660 450/3636
f 450/3628 421/3642 468/3650
f 421/3591 450/3594 423/3574
f 423/3565 424/3567 421/3583
f 424/3107 423/3112 422/3089
f 422/3097 466/3099 424/3118
f 466/2615 422/2622 425/2602
f 425/2603 427/2608 466/2616
f 427/1348 425/1351 426/1328
f 426/1320 428/1322 427/1340
f 438/835 354/812 396/811
f 396/811 429/834 438/835
f 354/401 355/369 397/368
f 397/368 396/400 354/401
f 355/460 430/432 398/431
f 398/431 397/459 355/460
f 430/911 431/881 400/880
f 400/880 398/910 430/911
f 431/1522 358/1496 401/1495
f 401/1495 400/1521 431/1522
f 358/2801 433/2780 432/2779
f 432/2779 401/2800 358/2801
f 433/3183 359/3156 435/3155
f 435/3155 432/3182 433/3183
f 359/3663 434/3631 436/3630
f 436/3630 435/3662 359/3663
f 434/3600 360/3578 403/3577
f 403/3577 436/3599 434/3600
f 360/3110 363/3087 437/3086
f 437/3086 403/3109 360/3110
f 363/2628 365/2600 439/2599
f 439/2599 437/2627 363/2628
f 365/1357 438/1334 429/1333
f 429/1333 439/1356 365/1357
f 440/840 406/817 443/816
f 443/816 426/839 440/840
f 406/397 442/373 441/372
f 441/372 443/396 406/397
f 442/464 446/436 417/435
f 417/435 441/463 442/464
f 446/899 445/877 444/876
f 444/876 417/898 446/899
f 445/1518 408/1500 448/1499
f 448/1499 444/1517 445/1518
f 408/2806 410/2784 447/2783
f 447/2783 448/2805 408/2806
f 410/3175 449/3152 420/3151
f 420/3151 447/3174 410/3175
f 449/3659 411/3635 450/3634
f 450/3634 420/3658 449/3659
f 411/3596 412/3576 423/3575
f 423/3575 450/3595 411/3596
f 412/3114 451/3091 422/3090
f 422/3090 423/3113 412/3114
f 451/2624 414/2605 425/2604
f 425/2604 422/2623 451/2624
f 414/1353 440/1330 426/1329
f 426/1329 425/1352 414/1353
f 452/860 453/802 384/804
f 384/799 464/858 452/859
f 453/409 331/352 385/355
f 385/357 384/412 453/413
f 331/474 455/415 454/416
f 454/417 385/475 331/477
f 455/925 456/870 387/871
f 387/864 454/921 455/923
f 456/1533 458/1485 459/1487
f 459/1486 387/1531 456/1532
f 458/2810 335/2746 457/2747
f 457/2753 459/2816 458/2818
f 335/3200 334/3142 460/3146
f 460/3139 457/3196 335/3198
f 334/3672 461/3615 391/3616
f 391/3618 460/3673 334/3675
f 461/3609 462/3551 392/3550
f 392/3557 391/3612 461/3613
f 462/3135 340/3077 394/3079
f 394/3074 392/3133 462/3134
f 340/2639 463/2587 395/2591
f 395/2591 394/2638 340/2639
f 463/1366 452/1306 464/1308
f 464/1312 395/1373 463/1374
f 427/3531 428/3527 415/3530
f 415/3530 416/3534 427/3531
f 424/3539 466/3535 465/3538
f 465/3538 418/3542 424/3539
f 466/3535 427/3531 416/3534
f 416/3534 465/3538 466/3535
f 421/3543 424/3539 418/3542
f 418/3542 467/3546 421/3543
f 468/3547 421/3543 467/3546
f 467/3546 419/3549 468/3547
f 487/1039 489/1084 469/1085
f 469/1085 470/1040 487/1039
f 489/2533 471/2579 472/2580
f 472/2580 469/2534 489/2533
f 471/3018 490/3065 474/3066
f 474/3066 472/3019 471/3018
f 490/3683 473/3729 476/3730
f 476/3730 474/3684 490/3683
f 473/3775 492/3810 475/3811
f 475/3811 476/3776 473/3775
f 492/3271 493/3317 477/3318
f 477/3318 475/3272 492/3271
f 493/2953 478/3001 479/3002
f 479/3002 477/2954 493/2953
f 478/1610 481/1669 482/1670
f 482/1670 479/1611 478/1610
f 481/933 495/979 480/980
f 480/980 482/934 481/933
f 495/295 497/340 484/341
f 484/341 480/296 495/295
f 497/246 483/281 485/282
f 485/282 484/247 497/246
f 483/678 487/723 470/724
f 470/724 485/679 483/678
f 487/1033 618/1031 486/1089
f 486/1091 489/1086 487/1041
f 489/2535 486/2530 488/2585
f 488/2585 471/2581 489/2535
f 471/3014 488/3010 491/3067
f 491/3072 490/3068 471/3020
f 490/3687 491/3680 609/3739
f 609/3734 473/3731 490/3685
f 473/3774 609/3769 610/3816
f 610/3816 492/3809 473/3774
f 492/3276 610/3268 611/3327
f 611/3323 493/3316 492/3270
f 493/2950 611/2945 494/2998
f 494/3008 478/3000 493/2952
f 478/1609 494/1607 614/1677
f 614/1677 481/1667 478/1609
f 481/931 614/926 616/984
f 616/987 495/978 481/932
f 495/299 616/291 496/350
f 496/348 497/339 495/294
f 497/248 496/241 498/287
f 498/287 483/283 497/248
f 483/681 498/674 618/732
f 618/730 487/725 483/680
f 538/1083 510/1038 499/1050
f 499/1044 500/1064 538/1072
f 539/2578 538/2532 500/2546
f 500/2551 501/2567 539/2586
f 503/3063 539/3017 501/3034
f 501/3024 502/3043 503/3060
f 505/3728 503/3682 502/3700
f 502/3703 504/3711 505/3732
f 506/3812 505/3777 504/3791
f 504/3791 514/3798 506/3812
f 542/3319 506/3273 514/3289
f 514/3294 507/3306 542/3321
f 543/3004 542/2955 507/2969
f 507/2962 517/2981 543/2996
f 508/1672 543/1612 517/1627
f 517/1635 518/1657 508/1681
f 545/981 508/935 518/949
f 518/943 520/962 545/969
f 548/342 545/297 520/312
f 520/317 509/333 548/346
f 547/280 548/245 509/259
f 509/259 511/266 547/280
f 510/722 547/677 511/693
f 511/697 499/713 510/733
f 499/1061 597/1058 587/1081
f 587/1071 500/1067 499/1047
f 500/2547 587/2539 512/2564
f 512/2576 501/2570 500/2554
f 501/3039 512/3032 590/3055
f 590/3050 502/3046 501/3027
f 502/3699 590/3695 591/3723
f 591/3726 504/3714 502/3706
f 504/3788 591/3779 513/3805
f 513/3805 514/3795 504/3788
f 514/3287 513/3281 515/3309
f 515/3314 507/3303 514/3291
f 507/2971 515/2965 516/2988
f 516/2985 517/2978 507/2959
f 517/1626 516/1618 594/1649
f 594/1663 518/1654 517/1632
f 518/956 594/951 519/974
f 519/966 520/959 518/940
f 520/308 519/300 595/321
f 595/337 509/330 520/314
f 509/262 595/252 521/278
f 521/278 511/269 509/262
f 511/691 521/685 597/706
f 597/720 499/716 511/700
f 523/1046 522/1045 563/1065
f 563/1065 549/1066 523/1046
f 549/2553 563/2552 564/2568
f 564/2568 551/2569 549/2553
f 551/3026 564/3025 524/3044
f 524/3044 553/3045 551/3026
f 553/3705 524/3704 526/3712
f 526/3712 525/3713 553/3705
f 525/3790 526/3789 528/3796
f 528/3796 529/3797 525/3790
f 529/3293 528/3292 527/3304
f 527/3304 555/3305 529/3293
f 555/2961 527/2960 530/2979
f 530/2979 531/2980 555/2961
f 531/1634 530/1633 532/1655
f 532/1655 533/1656 531/1634
f 533/942 532/941 535/960
f 535/960 557/961 533/942
f 557/316 535/315 534/331
f 534/331 536/332 557/316
f 536/261 534/260 571/267
f 571/267 559/268 536/261
f 559/699 571/698 522/714
f 522/714 523/715 559/699
f 510/1037 538/1082 606/1090
f 606/1092 537/1035 510/1049
f 538/2531 539/2577 607/2582
f 607/2573 606/2526 538/2528
f 539/3016 503/3062 540/3071
f 540/3069 607/3012 539/3015
f 503/3681 505/3727 608/3733
f 608/3735 540/3677 503/3686
f 505/3778 506/3813 541/3815
f 541/3815 608/3773 505/3778
f 506/3274 542/3320 613/3322
f 613/3325 541/3267 506/3275
f 542/2956 543/3005 612/3007
f 612/3006 613/2949 542/2951
f 543/1613 508/1673 615/1679
f 615/1666 612/1605 543/1606
f 508/936 545/982 544/986
f 544/989 615/930 508/938
f 545/298 548/343 617/347
f 617/345 544/290 545/293
f 548/244 547/279 546/284
f 546/284 617/242 548/244
f 547/676 510/721 537/728
f 537/726 546/671 547/675
f 523/1042 549/1062 550/1070
f 550/1078 561/1055 523/1060
f 549/2549 551/2565 588/2574
f 588/2561 550/2536 549/2544
f 551/3022 553/3041 552/3049
f 552/3052 588/3029 551/3038
f 553/3701 525/3709 589/3725
f 589/3720 552/3692 553/3698
f 525/3793 529/3800 554/3808
f 554/3808 589/3782 525/3793
f 529/3296 555/3308 592/3315
f 592/3312 554/3284 529/3288
f 555/2964 531/2983 556/2986
f 556/2991 592/2968 555/2975
f 531/1637 533/1659 593/1665
f 593/1652 556/1621 531/1629
f 533/945 557/964 558/967
f 558/977 593/954 533/957
f 557/319 536/335 560/338
f 560/324 558/303 557/309
f 536/257 559/264 596/275
f 596/275 560/249 536/257
f 559/695 523/711 561/719
f 561/703 596/682 559/690
f 572/1054 562/1077 563/1073
f 563/1068 522/1048 572/1034
f 562/2543 600/2560 564/2556
f 564/2571 563/2555 562/2548
f 600/3037 601/3059 524/3051
f 524/3047 564/3028 600/3021
f 601/3691 565/3719 526/3708
f 526/3715 524/3707 601/3696
f 565/3783 602/3801 528/3794
f 528/3794 526/3787 565/3783
f 602/3277 566/3298 527/3297
f 527/3302 528/3290 602/3286
f 566/2970 568/2992 530/2987
f 530/2977 527/2958 566/2957
f 568/1622 567/1645 532/1643
f 532/1653 530/1631 568/1630
f 567/946 569/970 535/968
f 535/958 532/939 567/937
f 569/304 570/325 534/320
f 534/329 535/313 569/311
f 570/256 605/274 571/270
f 571/270 534/263 570/256
f 605/689 572/710 522/702
f 522/717 571/701 605/694
f 573/1043 574/1063 575/1069
f 575/1074 598/1051 573/1059
f 574/2550 619/2566 599/2572
f 599/2557 575/2540 574/2545
f 619/3023 576/3042 577/3048
f 577/3056 599/3033 619/3040
f 576/3702 621/3710 578/3724
f 578/3716 577/3688 576/3697
f 621/3792 622/3799 579/3804
f 579/3804 578/3786 621/3792
f 622/3295 580/3307 603/3313
f 603/3301 579/3280 622/3285
f 580/2963 624/2982 581/2984
f 581/2995 603/2974 580/2976
f 624/1636 623/1658 582/1662
f 582/1648 581/1625 624/1628
f 623/944 584/963 583/965
f 583/973 582/950 623/955
f 584/318 586/334 585/336
f 585/328 583/307 584/310
f 586/258 620/265 604/271
f 604/271 585/253 586/258
f 620/696 573/712 598/718
f 598/707 604/686 620/692
f 597/1057 561/1056 550/1079
f 550/1079 587/1080 597/1057
f 587/2538 550/2537 588/2562
f 588/2562 512/2563 587/2538
f 512/3031 588/3030 552/3053
f 552/3053 590/3054 512/3031
f 590/3694 552/3693 589/3721
f 589/3721 591/3722 590/3694
f 591/3781 589/3780 554/3806
f 554/3806 513/3807 591/3781
f 513/3283 554/3282 592/3310
f 592/3310 515/3311 513/3283
f 515/2967 592/2966 556/2989
f 556/2989 516/2990 515/2967
f 516/1620 556/1619 593/1650
f 593/1650 594/1651 516/1620
f 594/953 593/952 558/975
f 558/975 519/976 594/953
f 519/302 558/301 560/322
f 560/322 595/323 519/302
f 595/251 560/250 596/276
f 596/276 521/277 595/251
f 521/684 596/683 561/704
f 561/704 597/705 521/684
f 572/1053 598/1052 575/1075
f 575/1075 562/1076 572/1053
f 562/2542 575/2541 599/2558
f 599/2558 600/2559 562/2542
f 600/3036 599/3035 577/3057
f 577/3057 601/3058 600/3036
f 601/3690 577/3689 578/3717
f 578/3717 565/3718 601/3690
f 565/3785 578/3784 579/3802
f 579/3802 602/3803 565/3785
f 602/3279 579/3278 603/3299
f 603/3299 566/3300 602/3279
f 566/2973 603/2972 581/2993
f 581/2993 568/2994 566/2973
f 568/1624 581/1623 582/1646
f 582/1646 567/1647 568/1624
f 567/948 582/947 583/971
f 583/971 569/972 567/948
f 569/306 583/305 585/326
f 585/326 570/327 569/306
f 570/255 585/254 604/272
f 604/272 605/273 570/255
f 605/688 604/687 598/708
f 598/708 572/709 605/688
f 618/1032 537/1036 606/1093
f 606/1087 486/1088 618/1030
f 486/2525 606/2527 607/2575
f 607/2583 488/2584 486/2529
f 488/3011 607/3013 540/3070
f 540/3061 491/3064 488/3009
f 491/3676 540/3678 608/3736
f 608/3737 609/3738 491/3679
f 609/3770 608/3771 541/3814
f 541/3814 610/3817 609/3772
f 610/3265 541/3266 613/3324
f 613/3326 611/3328 610/3269
f 611/2947 613/2948 612/3003
f 612/2997 494/2999 611/2946
f 494/1603 612/1604 615/1664
f 615/1676 614/1678 494/1608
f 614/928 615/929 544/988
f 544/983 616/985 614/927
f 616/288 544/289 617/344
f 617/349 496/351 616/292
f 496/240 617/243 546/285
f 546/285 498/286 496/240
f 498/670 546/672 537/727
f 537/729 618/731 498/673
f 620/3528 619/3533 574/3529
f 574/3529 573/3526 620/3528
f 584/3536 621/3541 576/3537
f 576/3537 586/3532 584/3536
f 586/3532 576/3537 619/3533
f 619/3533 620/3528 586/3532
f 623/3540 622/3545 621/3541
f 621/3541 584/3536 623/3540
f 624/3544 580/3548 622/3545
f 622/3545 623/3540 624/3544
f 642/2439 626/2438 625/2422
f 625/2422 627/2423 642/2439
f 628/2440 642/2439 627/2423
f 627/2423 629/2424 628/2440
f 630/2441 628/2440 629/2424
f 629/2424 631/2425 630/2441
f 632/2442 630/2441 631/2425
f 631/2425 633/2426 632/2442
f 634/2443 632/2442 633/2426
f 633/2426 635/2427 634/2443
f 636/2444 634/2443 635/2427
f 635/2427 637/2421 636/2444
f 626/2438 639/2437 638/2419
f 638/2419 625/2422 626/2438
f 642/2398 641/2288 640/2261
f 640/2261 626/2365 642/2398
f 628/2399 643/2293 641/2288
f 641/2288 642/2398 628/2399
f 630/2376 644/2281 643/2293
f 643/2293 628/2399 630/2376
f 632/2364 645/2283 644/2281
f 644/2281 630/2376 632/2364
f 634/2366 646/2324 645/2283
f 645/2283 632/2364 634/2366
f 636/2375 647/2343 646/2324
f 646/2324 634/2366 636/2375
f 649/2401 648/2357 647/2343
f 647/2343 636/2375 649/2401
f 1001/2417 650/2370 648/2357
f 648/2357 649/2401 1001/2417
f 651/2434 675/2402 650/2370
f 653/2436 814/2428 652/2415
f 653/2436 652/2415 675/2402
f 651/2434 653/2436 675/2402
f 656/1599 655/1638 654/1640
f 654/1640 657/1601 656/1599
f 655/1638 659/1684 658/1687
f 658/1687 654/1640 655/1638
f 659/1684 661/1689 660/1693
f 660/1693 658/1687 659/1684
f 880/1011 1007/1000 800/999
f 800/999 886/1010 880/1011
f 882/2145 662/2153 638/2152
f 638/2152 884/2144 882/2145
f 665/2143 664/2151 663/2150
f 663/2150 666/2142 665/2143
f 666/2278 663/2279 1007/2270
f 1007/2270 880/2269 666/2278
f 884/2144 638/2152 664/2151
f 664/2151 665/2143 884/2144
f 669/1616 668/1696 667/1704
f 667/1704 670/1660 669/1616
f 657/1601 654/1640 668/1696
f 668/1696 669/1616 657/1601
f 655/1638 656/1599 647/1597
f 647/1597 648/1614 655/1638
f 668/1696 672/1707 671/1711
f 671/1711 667/1704 668/1696
f 654/1640 658/1687 672/1707
f 672/1707 668/1696 654/1640
f 659/1684 655/1638 648/1614
f 648/1614 650/1668 659/1684
f 672/1707 674/1709 673/1715
f 673/1715 671/1711 672/1707
f 658/1687 660/1693 674/1709
f 674/1709 672/1707 658/1687
f 661/1689 659/1684 650/1668
f 650/1668 675/1683 661/1689
f 676/1680 670/1660 667/1704
f 667/1704 677/1706 676/1680
f 677/1706 667/1704 671/1711
f 671/1711 678/1713 677/1706
f 671/1711 673/1715 679/1716
f 679/1716 678/1713 671/1711
f 887/1007 681/996 680/995
f 680/995 682/1006 887/1007
f 684/1008 683/997 681/996
f 681/996 887/1007 684/1008
f 685/998 891/1009 886/1010
f 886/1010 800/999 685/998
f 688/2251 687/2286 686/2240
f 690/2262 689/2362 687/2286
f 687/2286 688/2251 690/2262
f 759/2083 692/2117 691/2108
f 694/2091 693/2004 759/2083
f 759/2083 691/2108 694/2091
f 1007/2271 639/2297 626/2365
f 1007/2271 626/2365 640/2261
f 640/2261 695/2242 1007/2271
f 698/2112 697/2116 696/2080
f 699/2064 698/2112 696/2080
f 699/2064 696/2080 1185/2065
f 702/2056 701/2088 700/2007
f 700/2007 703/1981 702/2056
f 704/2052 702/2056 703/1981
f 703/1981 705/1982 704/2052
f 706/2061 704/2052 705/1982
f 705/1982 707/2010 706/2061
f 708/2059 706/2061 707/2010
f 707/2010 709/2036 708/2059
f 710/2051 708/2059 709/2036
f 709/2036 711/2024 710/2051
f 712/2041 710/2051 711/2024
f 711/2024 713/2002 712/2041
f 714/2009 712/2041 713/2002
f 713/2002 715/1978 714/2009
f 716/1995 714/2009 715/1978
f 715/1978 717/1957 716/1995
f 718/1963 716/1995 717/1957
f 717/1957 719/1927 718/1963
f 720/1934 718/1963 719/1927
f 719/1927 721/1926 720/1934
f 701/2088 723/2103 722/2101
f 892/2079 696/2080 697/2116
f 697/2116 899/2115 892/2079
f 896/2210 725/2197 724/2198
f 724/2198 895/2211 896/2210
f 895/2211 726/2199 1186/2200
f 1186/2200 727/2212 895/2211
f 724/2198 726/2199 895/2211
f 898/2214 728/2201 729/2203
f 729/2203 893/2216 898/2214
f 893/2071 729/2072 696/2080
f 696/2080 892/2079 893/2071
f 727/2212 1186/2200 728/2201
f 728/2201 898/2214 727/2212
f 650/2370 1001/2417 651/2434
f 732/1003 731/1004 730/993
f 730/993 733/992 732/1003
f 693/2004 734/2054 759/2083
f 735/1977 693/2004 694/2091
f 694/2091 736/2063 735/1977
f 1205/1976 735/1977 736/2063
f 736/2063 737/2060 1205/1976
f 1207/1983 1205/1976 737/2060
f 737/2060 738/2069 1207/1983
f 739/2005 1207/1983 738/2069
f 738/2069 740/2066 739/2005
f 1210/2003 739/2005 740/2066
f 740/2066 741/2046 1210/2003
f 1212/1994 1210/2003 741/2046
f 741/2046 764/2045 1212/1994
f 1116/1975 1212/1994 764/2045
f 764/2045 765/2017 1116/1975
f 1117/1948 1116/1975 765/2017
f 765/2017 742/2001 1117/1948
f 743/1925 1117/1948 742/2001
f 742/2001 770/1965 743/1925
f 1067/1914 743/1925 770/1965
f 744/1949 1068/1933 1067/1914
f 744/1949 1067/1914 770/1965
f 747/1600 746/1602 745/1641
f 745/1641 748/1639 747/1600
f 748/1639 745/1641 749/1688
f 749/1688 750/1685 748/1639
f 750/1685 749/1688 751/1692
f 751/1692 752/1686 750/1685
f 901/1001 753/1002 692/991
f 692/991 759/990 901/1001
f 896/2210 754/2209 1006/2196
f 1006/2196 725/2197 896/2210
f 757/2207 756/2205 755/2194
f 755/2194 758/2195 757/2207
f 756/2073 901/2081 759/2082
f 759/2082 755/2074 756/2073
f 754/2209 757/2207 758/2195
f 758/2195 1006/2196 754/2209
f 762/1617 761/1661 760/1705
f 760/1705 763/1697 762/1617
f 746/1602 762/1617 763/1697
f 763/1697 745/1641 746/1602
f 748/1639 765/1615 764/1598
f 764/1598 747/1600 748/1639
f 763/1697 760/1705 766/1712
f 766/1712 767/1708 763/1697
f 745/1641 763/1697 767/1708
f 767/1708 749/1688 745/1641
f 750/1685 742/1671 765/1615
f 765/1615 748/1639 750/1685
f 767/1708 766/1712 768/1714
f 768/1714 769/1710 767/1708
f 749/1688 767/1708 769/1710
f 769/1710 751/1692 749/1688
f 752/1686 770/1682 742/1671
f 742/1671 750/1685 752/1686
f 676/1680 677/1706 760/1705
f 760/1705 761/1661 676/1680
f 677/1706 678/1713 766/1712
f 766/1712 760/1705 677/1706
f 766/1712 678/1713 679/1716
f 679/1716 768/1714 766/1712
f 908/1005 682/1006 680/995
f 680/995 771/994 908/1005
f 731/1004 908/1005 771/994
f 771/994 730/993 731/1004
f 733/992 692/991 753/1002
f 753/1002 732/1003 733/992
f 699/2064 722/2101 698/2112
f 701/2088 722/2101 699/2064
f 699/2064 700/2007 701/2088
f 1277/2268 772/2237 686/2240
f 1277/2268 686/2240 687/2286
f 1277/2268 687/2286 1276/2284
f 774/2295 773/2386 689/2362
f 689/2362 690/2262 774/2295
f 776/2301 775/2385 773/2386
f 773/2386 774/2295 776/2301
f 778/2289 777/2359 775/2385
f 775/2385 776/2301 778/2289
f 780/2292 779/2353 777/2359
f 777/2359 778/2289 780/2292
f 782/2306 781/2355 779/2353
f 779/2353 780/2292 782/2306
f 784/2348 783/2367 781/2355
f 781/2355 782/2306 784/2348
f 786/2360 785/2397 783/2367
f 783/2367 784/2348 786/2360
f 788/2372 787/2411 785/2397
f 785/2397 786/2360 788/2372
f 790/2403 789/2431 787/2411
f 787/2411 788/2372 790/2403
f 792/2420 791/2432 789/2431
f 789/2431 790/2403 792/2420
f 1005/2246 690/2262 688/2251
f 909/2267 916/2236 772/2237
f 772/2237 1277/2268 909/2267
f 882/2145 912/2146 793/2154
f 793/2154 662/2153 882/2145
f 912/2146 795/2147 794/2156
f 794/2156 796/2155 912/2146
f 796/2155 793/2154 912/2146
f 797/2148 911/2149 799/2158
f 799/2158 798/2157 797/2148
f 911/2276 909/2267 1277/2268
f 1277/2268 799/2277 911/2276
f 795/2147 797/2148 798/2157
f 798/2157 794/2156 795/2147
f 891/1009 685/998 683/997
f 683/997 684/1008 891/1009
f 1007/2271 695/2242 800/2238
f 802/1703 801/1717 674/1709
f 674/1709 660/1693 802/1703
f 804/1694 803/1699 675/1683
f 675/1683 652/1674 804/1694
f 803/1699 805/1701 661/1689
f 661/1689 675/1683 803/1699
f 805/1701 802/1703 660/1693
f 660/1693 661/1689 805/1701
f 673/1715 674/1709 801/1717
f 801/1717 806/1720 673/1715
f 679/1716 673/1715 806/1720
f 806/1720 807/1721 679/1716
f 808/1702 751/1692 769/1710
f 769/1710 809/1718 808/1702
f 810/1695 744/1675 770/1682
f 770/1682 811/1698 810/1695
f 811/1698 770/1682 752/1686
f 752/1686 812/1700 811/1698
f 812/1700 752/1686 751/1692
f 751/1692 808/1702 812/1700
f 768/1714 813/1719 809/1718
f 809/1718 769/1710 768/1714
f 679/1716 807/1721 813/1719
f 813/1719 768/1714 679/1716
f 804/1694 652/1674 814/1644
f 814/1644 815/1691 804/1694
f 817/2514 952/2523 816/2522
f 816/2522 818/2513 817/2514
f 820/2521 819/2512 818/2513
f 818/2513 816/2522 820/2521
f 823/2511 822/2519 821/2518
f 821/2518 824/2510 823/2511
f 817/2514 1284/2515 1285/2524
f 1285/2524 952/2523 817/2514
f 822/2519 823/2511 825/2520
f 824/2510 821/2518 815/2517
f 815/2517 826/2509 824/2510
f 825/2520 823/2511 819/2512
f 819/2512 820/2521 825/2520
f 826/2509 815/2517 814/2516
f 814/2516 653/2508 826/2509
f 877/1538 874/1537 827/1297
f 827/1297 1273/1298 877/1538
f 828/1539 874/1537 920/1543
f 920/1543 829/1544 828/1539
f 831/1287 830/1296 1179/1277
f 1179/1277 1180/1278 831/1287
f 1237/1536 830/1296 832/1294
f 832/1294 828/1539 1237/1536
f 830/1296 831/1287 833/1288
f 833/1288 832/1294 830/1296
f 1180/1278 834/1279 833/1288
f 833/1288 831/1287 1180/1278
f 1214/1535 1213/1295 830/1296
f 830/1296 1237/1536 1214/1535
f 828/1539 829/1544 922/1542
f 922/1542 1237/1536 828/1539
f 836/1289 835/1280 1181/1281
f 1181/1281 827/1297 836/1289
f 874/1537 828/1539 832/1294
f 832/1294 827/1297 874/1537
f 827/1297 832/1294 833/1288
f 833/1288 836/1289 827/1297
f 835/1280 836/1289 833/1288
f 833/1288 834/1279 835/1280
f 883/2137 849/2129 850/2130
f 850/2130 913/2138 883/2137
f 849/2129 883/2137 837/2136
f 837/2136 838/2128 849/2129
f 840/2134 841/2126 839/2127
f 839/2127 885/2135 840/2134
f 885/2135 839/2127 838/2128
f 838/2128 837/2136 885/2135
f 918/2265 841/2274 840/2275
f 840/2275 881/2266 918/2265
f 850/2130 1287/2131 914/2139
f 914/2139 913/2138 850/2130
f 843/2141 915/2140 842/2132
f 842/2132 1291/2133 843/2141
f 915/2140 914/2139 1287/2131
f 1287/2131 842/2132 915/2140
f 844/2235 910/2264 1294/2263
f 1294/2263 845/2234 844/2235
f 1294/2263 910/2264 843/2273
f 843/2273 1291/2272 1294/2263
f 846/2122 877/2120 1273/2121
f 1273/2121 847/2123 846/2122
f 848/2124 846/2122 847/2123
f 847/2123 1274/2125 848/2124
f 849/2030 848/2027 1274/2026
f 1274/2026 850/2029 849/2030
f 853/2351 852/2408 851/2407
f 851/2407 854/2350 853/2351
f 857/2258 856/2316 855/2315
f 855/2315 858/2257 857/2258
f 861/2333 860/2334 859/2346
f 859/2346 862/2345 861/2333
f 862/2345 859/2346 853/2351
f 853/2351 854/2350 862/2345
f 855/2315 856/2316 860/2334
f 860/2334 861/2333 855/2315
f 863/2317 856/2316 857/2258
f 857/2258 864/2259 863/2317
f 865/2347 859/2346 860/2334
f 860/2334 917/2335 865/2347
f 866/2352 853/2351 859/2346
f 859/2346 865/2347 866/2352
f 917/2335 860/2334 856/2316
f 856/2316 863/2317 917/2335
f 867/2409 852/2408 853/2351
f 853/2351 866/2352 867/2409
f 868/2349 854/2350 851/2407
f 851/2407 869/2406 868/2349
f 876/2344 862/2345 854/2350
f 854/2350 868/2349 876/2344
f 870/2332 861/2333 862/2345
f 862/2345 876/2344 870/2332
f 871/2314 855/2315 861/2333
f 861/2333 870/2332 871/2314
f 872/2256 858/2257 855/2315
f 855/2315 871/2314 872/2256
f 873/2414 920/2413 851/2407
f 851/2407 852/2408 873/2414
f 873/2414 852/2408 867/2409
f 875/2412 920/2413 874/2464
f 874/2464 879/2463 875/2412
f 869/2406 851/2407 920/2413
f 920/2413 875/2412 869/2406
f 875/2412 871/2430 868/2405
f 868/2405 869/2406 875/2412
f 871/2430 875/2412 879/2463
f 879/2463 878/2462 871/2430
f 871/2430 870/2418 876/2410
f 876/2410 868/2405 871/2430
f 878/2462 872/2461 871/2430
f 846/2254 857/2258 858/2257
f 858/2257 877/2253 846/2254
f 864/2259 857/2258 846/2254
f 846/2254 848/2255 864/2259
f 878/2252 877/2253 858/2257
f 858/2257 872/2256 878/2252
f 879/2229 874/2230 877/2253
f 877/2253 878/2252 879/2229
f 840/1572 666/1585 880/1596
f 880/1596 881/1583 840/1572
f 837/1292 883/1303 882/1304
f 882/1304 884/1293 837/1292
f 665/1570 666/1585 840/1572
f 840/1572 885/1568 665/1570
f 884/1293 665/1290 885/1291
f 885/1291 837/1292 884/1293
f 880/1596 886/1595 919/1581
f 919/1581 881/1583 880/1596
f 888/1578 887/1592 682/1591
f 682/1591 889/1577 888/1578
f 921/1579 684/1593 887/1592
f 887/1592 888/1578 921/1579
f 891/1594 890/1580 919/1581
f 919/1581 886/1595 891/1594
f 1134/1561 893/1563 892/1565
f 892/1565 894/1562 1134/1561
f 1136/1338 896/1337 895/1545
f 895/1545 897/1546 1136/1338
f 1130/1558 897/1546 895/1545
f 895/1545 727/1557 1130/1558
f 898/1560 893/1563 1134/1561
f 1134/1561 1132/1559 898/1560
f 727/1557 898/1560 1132/1559
f 1132/1559 1130/1558 727/1557
f 892/1565 899/1566 1133/1564
f 1133/1564 894/1562 892/1565
f 923/1574 900/1575 731/1589
f 731/1589 732/1588 923/1574
f 903/1571 902/1582 901/1586
f 901/1586 756/1584 903/1571
f 904/1302 754/1301 896/1337
f 896/1337 1136/1338 904/1302
f 757/1569 905/1567 903/1571
f 903/1571 756/1584 757/1569
f 754/1301 904/1302 905/1300
f 905/1300 757/1299 754/1301
f 901/1586 902/1582 906/1573
f 906/1573 753/1587 901/1586
f 907/1576 889/1577 682/1591
f 682/1591 908/1590 907/1576
f 900/1575 907/1576 908/1590
f 908/1590 731/1589 900/1575
f 732/1588 753/1587 906/1573
f 906/1573 923/1574 732/1588
f 843/1551 910/1552 909/1556
f 909/1556 911/1553 843/1551
f 883/1303 913/1540 912/1541
f 912/1541 882/1304 883/1303
f 914/1547 795/1548 912/1541
f 912/1541 913/1540 914/1547
f 797/1550 915/1549 843/1551
f 843/1551 911/1553 797/1550
f 795/1548 914/1547 915/1549
f 915/1549 797/1550 795/1548
f 909/1556 910/1552 844/1554
f 844/1554 916/1555 909/1556
f 890/1580 891/1594 684/1593
f 684/1593 921/1579 890/1580
f 863/2014 864/2013 849/2030
f 849/2030 838/2031 863/2014
f 839/2093 841/2094 865/2092
f 865/2092 917/2089 839/2093
f 838/2031 839/2039 917/2019
f 917/2019 863/2014 838/2031
f 918/2098 873/2119 867/2118
f 867/2118 866/2097 918/2098
f 866/2097 865/2092 841/2094
f 841/2094 918/2098 866/2097
f 919/1021 873/1025 918/1026
f 918/1026 881/1022 919/1021
f 873/1025 919/1021 890/1020
f 873/1025 890/1020 920/1029
f 890/1020 921/1019 920/1029
f 921/1019 888/1018 920/1029
f 907/1016 922/1027 829/1028
f 829/1028 889/1017 907/1016
f 906/1013 902/1012 1249/1023
f 1249/1023 1236/1024 906/1013
f 906/1013 1236/1024 923/1014
f 923/1014 1236/1024 922/1027
f 900/1015 923/1014 922/1027
f 907/1016 900/1015 922/1027
f 888/1018 889/1017 829/1028
f 829/1028 920/1029 888/1018
f 925/1808 924/1807 1003/1828
f 1003/1828 926/1829 925/1808
f 927/1809 925/1808 926/1829
f 926/1829 928/1831 927/1809
f 929/1810 927/1809 928/1831
f 928/1831 930/1832 929/1810
f 931/1811 929/1810 930/1832
f 930/1832 932/1833 931/1811
f 933/1812 931/1811 932/1833
f 932/1833 934/1834 933/1812
f 935/1813 933/1812 934/1834
f 934/1834 936/1835 935/1813
f 937/1816 935/1813 936/1835
f 936/1835 938/1836 937/1816
f 939/1815 937/1816 938/1836
f 938/1836 940/1837 939/1815
f 941/1814 939/1815 940/1837
f 940/1837 942/1838 941/1814
f 1278/1801 943/1803 924/1807
f 924/1807 925/1808 1278/1801
f 1279/1799 1278/1801 925/1808
f 925/1808 927/1809 1279/1799
f 944/1798 1279/1799 927/1809
f 927/1809 929/1810 944/1798
f 945/1795 944/1798 929/1810
f 929/1810 931/1811 945/1795
f 946/1793 945/1795 931/1811
f 931/1811 933/1812 946/1793
f 947/1791 946/1793 933/1812
f 933/1812 935/1813 947/1791
f 1280/1790 947/1791 935/1813
f 935/1813 937/1816 1280/1790
f 948/1789 1280/1790 937/1816
f 937/1816 939/1815 948/1789
f 1281/1788 948/1789 939/1815
f 939/1815 941/1814 1281/1788
f 949/1830 926/1829 1003/1828
f 950/1818 941/1814 942/1838
f 942/1838 951/1839 950/1818
f 952/1817 950/1818 951/1839
f 951/1839 816/1840 952/1817
f 1282/1787 1281/1788 941/1814
f 941/1814 950/1818 1282/1787
f 1285/1786 1282/1787 950/1818
f 950/1818 952/1817 1285/1786
f 955/1822 954/1821 953/1792
f 953/1792 956/1794 955/1822
f 957/1823 955/1822 956/1794
f 956/1794 958/1796 957/1823
f 959/1824 957/1823 958/1796
f 958/1796 976/1797 959/1824
f 960/1825 959/1824 976/1797
f 976/1797 961/1800 960/1825
f 962/1820 960/1825 961/1800
f 961/1800 977/1802 962/1820
f 963/1819 962/1820 977/1802
f 977/1802 964/1804 963/1819
f 966/1826 965/1806 953/1792
f 953/1792 954/1821 966/1826
f 965/2294 687/2286 689/2362
f 689/2362 953/2363 965/2294
f 966/1826 967/1844 796/1843
f 796/1843 794/1827 966/1826
f 965/1806 966/1826 794/1827
f 794/1827 968/1805 965/1806
f 969/1845 967/1844 966/1826
f 966/1826 954/1821 969/1845
f 970/1846 969/1845 954/1821
f 954/1821 955/1822 970/1846
f 971/1847 970/1846 955/1822
f 955/1822 957/1823 971/1847
f 972/1848 971/1847 957/1823
f 957/1823 959/1824 972/1848
f 973/1849 972/1848 959/1824
f 959/1824 960/1825 973/1849
f 974/1842 973/1849 960/1825
f 960/1825 962/1820 974/1842
f 975/1841 974/1842 962/1820
f 962/1820 963/1819 975/1841
f 687/2286 965/2294 968/2290
f 968/2290 1276/2284 687/2286
f 773/2386 956/2396 953/2363
f 953/2363 689/2362 773/2386
f 775/2385 958/2390 956/2396
f 956/2396 773/2386 775/2385
f 777/2359 976/2361 958/2390
f 958/2390 775/2385 777/2359
f 779/2353 961/2354 976/2361
f 976/2361 777/2359 779/2353
f 781/2355 977/2358 961/2354
f 961/2354 779/2353 781/2355
f 783/2367 964/2374 977/2358
f 977/2358 781/2355 783/2367
f 978/2490 963/2482 964/2483
f 964/2483 1286/2491 978/2490
f 980/2498 978/2490 1286/2491
f 1286/2491 979/2499 980/2498
f 981/2506 980/2498 979/2499
f 979/2499 1283/2507 981/2506
f 817/2514 981/2506 1283/2507
f 1283/2507 1284/2515 817/2514
f 984/2488 983/2479 982/2480
f 982/2480 985/2489 984/2488
f 986/2496 984/2488 985/2489
f 985/2489 987/2497 986/2496
f 988/2504 986/2496 987/2497
f 987/2497 989/2505 988/2504
f 819/2512 988/2504 989/2505
f 989/2505 818/2513 819/2512
f 985/2489 975/2481 963/2482
f 963/2482 978/2490 985/2489
f 987/2497 985/2489 978/2490
f 978/2490 980/2498 987/2497
f 989/2505 987/2497 980/2498
f 980/2498 981/2506 989/2505
f 818/2513 989/2505 981/2506
f 981/2506 817/2514 818/2513
f 992/2478 991/2487 990/2486
f 990/2486 993/2477 992/2478
f 991/2487 997/2495 994/2494
f 994/2494 990/2486 991/2487
f 997/2495 996/2503 995/2502
f 995/2502 994/2494 997/2495
f 996/2503 823/2511 824/2510
f 824/2510 995/2502 996/2503
f 993/2477 990/2486 998/2485
f 998/2485 637/2476 993/2477
f 975/2481 985/2489 982/2480
f 990/2486 994/2494 999/2493
f 999/2493 998/2485 990/2486
f 997/2495 991/2487 984/2488
f 984/2488 986/2496 997/2495
f 994/2494 995/2502 1000/2501
f 1000/2501 999/2493 994/2494
f 996/2503 997/2495 986/2496
f 986/2496 988/2504 996/2503
f 995/2502 824/2510 826/2509
f 826/2509 1000/2501 995/2502
f 823/2511 996/2503 988/2504
f 988/2504 819/2512 823/2511
f 637/2476 998/2485 649/2484
f 649/2484 636/2475 637/2476
f 998/2485 999/2493 1001/2492
f 1001/2492 649/2484 998/2485
f 999/2493 1000/2501 651/2500
f 651/2500 1001/2492 999/2493
f 1000/2501 826/2509 653/2508
f 653/2508 651/2500 1000/2501
f 983/2479 984/2488 991/2487
f 991/2487 992/2478 983/2479
f 1003/2231 924/2232 1002/2239
f 1005/2241 1004/2243 1002/2239
f 1002/2239 943/2233 1005/2241
f 1004/2243 1005/2241 688/2244
f 924/2232 943/2233 1002/2239
f 734/3767 758/3766 755/3765
f 734/3767 755/3765 759/3764
f 734/3767 1006/3768 758/3766
f 639/3521 663/3524 664/3523
f 639/3521 1007/3525 663/3524
f 639/3521 664/3523 638/3522
f 1010/1879 1009/1894 1008/1893
f 1008/1893 1011/1878 1010/1879
f 1014/1858 1013/1866 1012/1865
f 1012/1865 1015/1857 1014/1858
f 1018/1869 1017/1870 1016/1874
f 1016/1874 1019/1873 1018/1869
f 1019/1873 1016/1874 1010/1879
f 1010/1879 1011/1878 1019/1873
f 1012/1865 1013/1866 1017/1870
f 1017/1870 1018/1869 1012/1865
f 1198/1867 1013/1866 1014/1858
f 1014/1858 1020/1859 1198/1867
f 1200/1875 1016/1874 1017/1870
f 1017/1870 1021/1871 1200/1875
f 1022/1880 1010/1879 1016/1874
f 1016/1874 1200/1875 1022/1880
f 1021/1871 1017/1870 1013/1866
f 1013/1866 1198/1867 1021/1871
f 1023/1895 1009/1894 1010/1879
f 1010/1879 1022/1880 1023/1895
f 1024/1877 1011/1878 1008/1893
f 1008/1893 1025/1892 1024/1877
f 1026/1872 1019/1873 1011/1878
f 1011/1878 1024/1877 1026/1872
f 1027/1868 1018/1869 1019/1873
f 1019/1873 1026/1872 1027/1868
f 1028/1864 1012/1865 1018/1869
f 1018/1869 1027/1868 1028/1864
f 1029/1856 1015/1857 1012/1865
f 1012/1865 1028/1864 1029/1856
f 1188/1782 1031/1763 1030/1764
f 1030/1764 1187/1784 1188/1782
f 1189/1780 1032/1762 1031/1763
f 1031/1763 1188/1782 1189/1780
f 1190/1779 1033/1761 1032/1762
f 1032/1762 1189/1780 1190/1779
f 1035/1776 1034/1760 1033/1761
f 1033/1761 1190/1779 1035/1776
f 1191/1774 1036/1759 1034/1760
f 1034/1760 1035/1776 1191/1774
f 1038/1772 1037/1758 1036/1759
f 1036/1759 1191/1774 1038/1772
f 1192/1771 1039/1757 1037/1758
f 1037/1758 1038/1772 1192/1771
f 1041/1770 1040/1756 1039/1757
f 1039/1757 1192/1771 1041/1770
f 1193/1769 1042/1755 1040/1756
f 1040/1756 1041/1770 1193/1769
f 1044/1741 1043/1742 1124/1743
f 1031/1763 1044/1741 1124/1743
f 1124/1743 1030/1764 1031/1763
f 1032/1762 1045/1740 1044/1741
f 1044/1741 1031/1763 1032/1762
f 1033/1761 1046/1739 1045/1740
f 1045/1740 1032/1762 1033/1761
f 1034/1760 1047/1738 1046/1739
f 1046/1739 1033/1761 1034/1760
f 1036/1759 1048/1737 1047/1738
f 1047/1738 1034/1760 1036/1759
f 1037/1758 1049/1736 1048/1737
f 1048/1737 1036/1759 1037/1758
f 1039/1757 1050/1735 1049/1736
f 1049/1736 1037/1758 1039/1757
f 1040/1756 1051/1734 1050/1735
f 1050/1735 1039/1757 1040/1756
f 1042/1755 1052/1733 1051/1734
f 1051/1734 1040/1756 1042/1755
f 1194/1768 1053/1754 1042/1755
f 1042/1755 1193/1769 1194/1768
f 1196/1767 1056/1753 1053/1754
f 1053/1754 1194/1768 1196/1767
f 1053/1754 1054/1732 1052/1733
f 1052/1733 1042/1755 1053/1754
f 1056/1753 1055/1731 1054/1732
f 1054/1732 1053/1754 1056/1753
f 1057/2174 1056/2166 1196/2167
f 1196/2167 1058/2175 1057/2174
f 1061/2171 1060/2162 1059/2163
f 1063/2170 1062/2169 1069/2160
f 1069/2160 1064/2161 1063/2170
f 1059/2163 1066/2164 1065/2172
f 1065/2172 1061/2171 1059/2163
f 1062/2169 1067/2168 1068/2159
f 1068/2159 1069/2160 1062/2169
f 810/1695 1069/1690 1068/1642
f 1068/1642 744/1675 810/1695
f 1057/2174 1070/2173 1055/2165
f 1055/2165 1056/2166 1057/2174
f 1066/2164 1055/2165 1070/2173
f 1070/2173 1065/2172 1066/2164
f 1061/2171 1063/2170 1064/2161
f 1064/2161 1060/2162 1061/2171
f 1073/1724 1072/1746 1071/1745
f 1071/1745 1074/1723 1073/1724
f 1076/1725 1075/1747 1072/1746
f 1072/1746 1073/1724 1076/1725
f 1078/1726 1077/1748 1075/1747
f 1075/1747 1076/1725 1078/1726
f 1080/1727 1079/1749 1077/1748
f 1077/1748 1078/1726 1080/1727
f 1082/1728 1081/1750 1079/1749
f 1079/1749 1080/1727 1082/1728
f 1084/1729 1083/1751 1081/1750
f 1081/1750 1082/1728 1084/1729
f 1096/1730 1085/1752 1083/1751
f 1083/1751 1084/1729 1096/1730
f 699/2192 1185/2204 1093/2202
f 1093/2202 1092/2193 699/2192
f 703/1981 700/2007 1086/2006
f 1086/2006 1087/1979 703/1981
f 705/1982 703/1981 1087/1979
f 1087/1979 1088/1980 705/1982
f 707/2010 705/1982 1088/1980
f 1088/1980 1090/2008 707/2010
f 709/2036 707/2010 1090/2008
f 1090/2008 1089/2025 709/2036
f 711/2024 709/2036 1089/2025
f 1089/2025 1091/2015 711/2024
f 713/2002 711/2024 1091/2015
f 1091/2015 1119/1984 713/2002
f 1075/1747 1087/1775 1086/1773
f 1086/1773 1072/1746 1075/1747
f 1077/1748 1088/1777 1087/1775
f 1087/1775 1075/1747 1077/1748
f 1079/1749 1090/1778 1088/1777
f 1088/1777 1077/1748 1079/1749
f 1081/1750 1089/1781 1090/1778
f 1090/1778 1079/1749 1081/1750
f 1083/1751 1091/1783 1089/1781
f 1089/1781 1081/1750 1083/1751
f 1085/1752 1119/1785 1091/1783
f 1091/1783 1083/1751 1085/1752
f 1071/1745 1072/1746 1086/1773
f 1086/1773 1092/1766 1071/1745
f 1092/2057 1086/2006 700/2007
f 700/2007 699/2064 1092/2057
f 1071/1745 1186/1744 726/1722
f 726/1722 1074/1723 1071/1745
f 1092/1766 1093/1765 1186/1744
f 1186/1744 1071/1745 1092/1766
f 1095/1972 1094/1973 1085/1992
f 1085/1992 1096/1991 1095/1972
f 1100/1945 1097/1946 1094/1973
f 1094/1973 1095/1972 1100/1945
f 1099/2181 1098/2182 1097/2190
f 1097/2190 1100/2189 1099/2181
f 1070/2173 1057/2174 1098/2182
f 1098/2182 1099/2181 1070/2173
f 1103/1988 1102/1987 1101/1969
f 1101/1969 1104/1970 1103/1988
f 1104/1970 1101/1969 1107/1942
f 1107/1942 1105/1943 1104/1970
f 1105/2187 1107/2186 1106/2178
f 1106/2178 1108/2179 1105/2187
f 1108/2179 1106/2178 1063/2170
f 1063/2170 1061/2171 1108/2179
f 1102/1987 1211/1986 1109/1968
f 1109/1968 1101/1969 1102/1987
f 1095/1972 1096/1991 1110/1990
f 1101/1969 1109/1968 1114/1941
f 1114/1941 1107/1942 1101/1969
f 1105/1943 1112/1944 1111/1971
f 1111/1971 1104/1970 1105/1943
f 1107/2186 1114/2185 1113/2177
f 1113/2177 1106/2178 1107/2186
f 1108/2179 1115/2180 1112/2188
f 1112/2188 1105/2187 1108/2179
f 1106/2178 1113/2177 1062/2169
f 1062/2169 1063/2170 1106/2178
f 1061/2171 1065/2172 1115/2180
f 1115/2180 1108/2179 1061/2171
f 1211/1986 1212/1985 1116/1967
f 1116/1967 1109/1968 1211/1986
f 1109/1968 1116/1967 1117/1940
f 1117/1940 1114/1941 1109/1968
f 1114/2185 1117/2184 743/2176
f 743/2176 1113/2177 1114/2185
f 1113/2177 743/2176 1067/2168
f 1067/2168 1062/2169 1113/2177
f 1118/1989 1103/1988 1104/1970
f 1104/1970 1111/1971 1118/1989
f 1094/1973 1120/1974 1119/1993
f 1119/1993 1085/1992 1094/1973
f 1097/1946 1121/1947 1120/1974
f 1120/1974 1094/1973 1097/1946
f 1098/2182 1195/2183 1121/2191
f 1121/2191 1097/2190 1098/2182
f 1057/2174 1058/2175 1195/2183
f 1195/2183 1098/2182 1057/2174
f 1111/1971 1095/1972 1110/1990
f 1110/1990 1118/1989 1111/1971
f 1112/1944 1100/1945 1095/1972
f 1095/1972 1111/1971 1112/1944
f 1115/2180 1099/2181 1100/2189
f 1100/2189 1112/2188 1115/2180
f 1065/2172 1070/2173 1099/2181
f 1099/2181 1115/2180 1065/2172
f 723/2106 1187/2111 1122/2107
f 1122/2107 1123/2105 723/2106
f 723/2106 1123/2105 722/2102
f 1187/2111 1030/2110 1122/2107
f 1030/2110 1124/2109 1122/2107
f 1146/1902 1171/1901 1008/1893
f 1008/1893 1009/1894 1146/1902
f 1138/1897 1139/1896 1009/1894
f 1009/1894 1023/1895 1138/1897
f 1126/1908 1125/1907 1165/1904
f 1165/1904 1127/1905 1126/1908
f 1171/1901 1179/1900 1008/1893
f 1009/1894 1139/1896 1146/1902
f 1139/1896 1149/1903 1146/1902
f 1127/1905 1165/1904 1171/1901
f 1171/1901 1146/1902 1127/1905
f 1128/1899 1179/1900 830/1999
f 830/1999 1129/1998 1128/1899
f 1025/1892 1008/1893 1179/1900
f 1179/1900 1128/1899 1025/1892
f 1128/1899 1028/1915 1024/1891
f 1024/1891 1025/1892 1128/1899
f 1028/1915 1128/1899 1129/1998
f 1129/1998 1184/1997 1028/1915
f 1028/1915 1027/1906 1026/1898
f 1026/1898 1024/1891 1028/1915
f 1184/1997 1029/1996 1028/1915
f 1197/2221 897/2211 1130/2212
f 1130/2212 1199/2222 1197/2221
f 1134/2215 1135/2224 1131/2223
f 1131/2223 1132/2213 1134/2215
f 1132/2213 1131/2223 1199/2222
f 1199/2222 1130/2212 1132/2213
f 1133/2114 1138/2113 1201/2084
f 1201/2084 894/2085 1133/2114
f 1201/2084 1135/2075 1134/2076
f 1134/2076 894/2085 1201/2084
f 1136/2210 897/2211 1197/2221
f 1197/2221 1216/2220 1136/2210
f 1216/2220 1244/2219 904/2209
f 904/2209 1136/2210 1216/2220
f 903/2206 905/2208 1247/2218
f 1247/2218 1137/2217 903/2206
f 905/2208 904/2209 1244/2219
f 1244/2219 1247/2218 905/2208
f 1249/2086 902/2087 903/2078
f 903/2078 1137/2077 1249/2086
f 1162/1238 1139/1237 1138/1235
f 1141/1231 1140/1232 1163/1239
f 1163/1239 1162/1238 1141/1231
f 1138/1235 1142/1230 1141/1231
f 1267/1241 1143/1240 845/1236
f 1141/1231 1162/1238 1138/1235
f 1163/1239 1140/1232 1144/1233
f 1144/1233 1143/1240 1163/1239
f 845/1236 1143/1240 1144/1233
f 1144/1233 1145/1234 845/1236
f 1147/1253 1127/1252 1146/1247
f 1146/1247 1148/1248 1147/1253
f 1146/1247 1149/1242 1161/1243
f 1148/1248 1146/1247 1161/1243
f 1147/1253 1151/1254 1150/1259
f 1150/1259 1152/1258 1147/1253
f 1161/1243 1154/1244 1153/1249
f 1153/1249 1148/1248 1161/1243
f 1147/1253 1152/1258 1126/1257
f 1126/1257 1127/1252 1147/1253
f 1147/1253 1148/1248 1153/1249
f 1153/1249 1151/1254 1147/1253
f 1156/1255 1155/1250 1266/1251
f 1266/1251 1157/1256 1156/1255
f 1266/1251 1155/1250 1164/1245
f 1158/1246 1266/1251 1164/1245
f 1156/1255 1159/1260 1150/1259
f 1150/1259 1151/1254 1156/1255
f 1164/1245 1155/1250 1153/1249
f 1153/1249 1154/1244 1164/1245
f 1156/1255 1157/1256 1160/1261
f 1160/1261 1159/1260 1156/1255
f 1156/1255 1151/1254 1153/1249
f 1153/1249 1155/1250 1156/1255
f 1161/1162 1149/1161 1139/1156
f 1139/1156 1162/1157 1161/1162
f 1162/1157 1163/1158 1154/1163
f 1154/1163 1161/1162 1162/1157
f 1164/1164 1143/1159 1267/1160
f 1267/1160 1158/1165 1164/1164
f 1143/1159 1164/1164 1154/1163
f 1154/1163 1163/1158 1143/1159
f 1167/1263 1166/1268 1165/1267
f 1165/1267 1125/1262 1167/1263
f 1166/1268 1169/1269 1168/1274
f 1168/1274 1170/1273 1166/1268
f 1166/1268 1170/1273 1171/1272
f 1171/1272 1165/1267 1166/1268
f 1166/1268 1167/1263 1172/1264
f 1172/1264 1169/1269 1166/1268
f 1175/1265 1174/1266 1173/1271
f 1173/1271 1176/1270 1175/1265
f 1176/1270 1177/1275 1168/1274
f 1168/1274 1169/1269 1176/1270
f 1176/1270 1173/1271 1178/1276
f 1178/1276 1177/1275 1176/1270
f 1176/1270 1169/1269 1172/1264
f 1172/1264 1175/1265 1176/1270
f 1170/1273 1180/1283 1179/1282
f 1179/1282 1171/1272 1170/1273
f 1170/1273 1168/1274 834/1284
f 834/1284 1180/1283 1170/1273
f 1177/1275 1178/1276 1181/1286
f 1181/1286 835/1285 1177/1275
f 1177/1275 835/1285 834/1284
f 834/1284 1168/1274 1177/1275
f 1182/1854 1014/1858 1015/1857
f 1015/1857 1213/1853 1182/1854
f 1020/1859 1014/1858 1182/1854
f 1182/1854 1183/1855 1020/1859
f 1184/1852 1213/1853 1015/1857
f 1015/1857 1029/1856 1184/1852
f 1129/1850 830/1851 1213/1853
f 1213/1853 1184/1852 1129/1850
f 1185/2050 729/2053 728/2049
f 728/2049 1093/2048 1185/2050
f 1093/2048 728/2049 1186/2047
f 696/2067 729/2053 1185/2050
f 1188/2090 1187/2104 723/2103
f 723/2103 701/2088 1188/2090
f 1189/2062 1188/2090 701/2088
f 701/2088 702/2056 1189/2062
f 1190/2058 1189/2062 702/2056
f 702/2056 704/2052 1190/2058
f 1035/2068 1190/2058 704/2052
f 704/2052 706/2061 1035/2068
f 1191/2070 1035/2068 706/2061
f 706/2061 708/2059 1191/2070
f 1038/2055 1191/2070 708/2059
f 708/2059 710/2051 1038/2055
f 1192/2044 1038/2055 710/2051
f 710/2051 712/2041 1192/2044
f 1041/2016 1192/2044 712/2041
f 712/2041 714/2009 1041/2016
f 1193/2000 1041/2016 714/2009
f 714/2009 716/1995 1193/2000
f 1194/1964 1193/2000 716/1995
f 716/1995 718/1963 1194/1964
f 721/1926 719/1927 1195/1924
f 1195/1924 1058/1909 721/1926
f 1196/1932 1194/1964 718/1963
f 718/1963 720/1934 1196/1932
f 1058/1909 1196/1932 720/1934
f 720/1934 721/1926 1058/1909
f 715/1978 713/2002 1119/1984
f 1119/1984 1120/1966 715/1978
f 717/1957 715/1978 1120/1966
f 1120/1966 1121/1939 717/1957
f 719/1927 717/1957 1121/1939
f 1121/1939 1195/1924 719/1927
f 1198/2338 1020/2339 1197/2326
f 1197/2326 1199/2325 1198/2338
f 1131/2320 1135/2311 1200/2323
f 1200/2323 1021/2336 1131/2320
f 1199/2325 1131/2320 1021/2336
f 1021/2336 1198/2338 1199/2325
f 1201/2307 1138/2250 1023/2249
f 1023/2249 1022/2308 1201/2307
f 1022/2308 1200/2323 1135/2311
f 1135/2311 1201/2307 1022/2308
f 1167/1263 1125/1262 1126/1257
f 1126/1257 1152/1258 1167/1263
f 1172/1264 1167/1263 1152/1258
f 1152/1258 1150/1259 1172/1264
f 1175/1265 1159/1260 1160/1261
f 1160/1261 1174/1266 1175/1265
f 1172/1264 1150/1259 1159/1260
f 1159/1260 1175/1265 1172/1264
f 693/1917 1202/1950 1006/1958
f 1006/1958 734/1916 693/1917
f 735/1918 1203/1951 1202/1950
f 1202/1950 693/1917 735/1918
f 1205/1919 1204/1952 1203/1951
f 1203/1951 735/1918 1205/1919
f 1207/1920 1206/1953 1204/1952
f 1204/1952 1205/1919 1207/1920
f 739/1921 1208/1954 1206/1953
f 1206/1953 1207/1920 739/1921
f 1210/1922 1209/1955 1208/1954
f 1208/1954 739/1921 1210/1922
f 1212/1923 1211/1956 1209/1955
f 1209/1955 1210/1922 1212/1923
f 1242/2225 1182/2226 1213/2228
f 1213/2228 1214/2227 1242/2225
f 1215/2220 1183/2221 1182/2226
f 1182/2226 1242/2225 1215/2220
f 1216/2327 1197/2326 1183/2330
f 1183/2330 1215/2331 1216/2327
f 1219/1912 1218/1911 1217/1888
f 1217/1888 1220/1889 1219/1912
f 1223/2022 1222/2021 1221/1960
f 1221/1960 1224/1961 1223/2022
f 1227/1936 1226/1929 1225/1930
f 1225/1930 1228/1937 1227/1936
f 1226/1929 1218/1911 1219/1912
f 1219/1912 1225/1930 1226/1929
f 1221/1960 1227/1936 1228/1937
f 1228/1937 1224/1961 1221/1960
f 1245/1962 1229/2023 1223/2022
f 1223/2022 1224/1961 1245/1962
f 1230/1931 1246/1938 1228/1937
f 1228/1937 1225/1930 1230/1931
f 1248/1913 1230/1931 1225/1930
f 1225/1930 1219/1912 1248/1913
f 1246/1938 1245/1962 1224/1961
f 1224/1961 1228/1937 1246/1938
f 1231/1890 1248/1913 1219/1912
f 1219/1912 1220/1889 1231/1890
f 1233/1910 1232/1887 1217/1888
f 1217/1888 1218/1911 1233/1910
f 1234/1928 1233/1910 1218/1911
f 1218/1911 1226/1929 1234/1928
f 1235/1935 1234/1928 1226/1929
f 1226/1929 1227/1936 1235/1935
f 1239/1959 1235/1935 1227/1936
f 1227/1936 1221/1960 1239/1959
f 1241/2020 1239/1959 1221/1960
f 1221/1960 1222/2021 1241/2020
f 1236/1884 1220/1889 1217/1888
f 1217/1888 922/1883 1236/1884
f 1220/1889 1236/1884 1231/1890
f 1238/1882 1243/1862 1237/1863
f 1237/1863 922/1883 1238/1882
f 1232/1887 1238/1882 922/1883
f 922/1883 1217/1888 1232/1887
f 1238/1882 1232/1887 1233/1886
f 1233/1886 1239/1876 1238/1882
f 1239/1876 1240/1861 1243/1862
f 1243/1862 1238/1882 1239/1876
f 1239/1876 1233/1886 1234/1885
f 1234/1885 1235/1881 1239/1876
f 1241/1860 1240/1861 1239/1876
f 1242/2034 1214/2033 1222/2021
f 1222/2021 1223/2022 1242/2034
f 1229/2023 1215/2035 1242/2034
f 1242/2034 1223/2022 1229/2023
f 1240/2032 1241/2020 1222/2021
f 1222/2021 1214/2033 1240/2032
f 1243/2099 1240/2032 1214/2033
f 1214/2033 1237/2100 1243/2099
f 1245/2341 1244/2328 1216/2327
f 1216/2327 1229/2340 1245/2341
f 1247/2313 1246/2329 1230/2318
f 1230/2318 1137/2309 1247/2313
f 1244/2328 1245/2341 1246/2337
f 1246/2337 1247/2321 1244/2328
f 1249/2298 1248/2299 1231/2247
f 1231/2247 1236/2248 1249/2298
f 1248/2299 1249/2298 1137/2309
f 1137/2309 1230/2318 1248/2299
f 1252/2447 1251/2446 1250/2393
f 1250/2393 1253/2394 1252/2447
f 1256/2467 1255/2466 1254/2458
f 1254/2458 1257/2459 1256/2467
f 1260/2454 1259/2450 1258/2451
f 1258/2451 1261/2455 1260/2454
f 1259/2450 1251/2446 1252/2447
f 1252/2447 1258/2451 1259/2450
f 1254/2458 1260/2454 1261/2455
f 1261/2455 1257/2459 1254/2458
f 1288/2460 1289/2468 1256/2467
f 1256/2467 1257/2459 1288/2460
f 1262/2452 1290/2456 1261/2455
f 1261/2455 1258/2451 1262/2452
f 1293/2448 1262/2452 1258/2451
f 1258/2451 1252/2447 1293/2448
f 1290/2456 1288/2460 1257/2459
f 1257/2459 1261/2455 1290/2456
f 1292/2395 1293/2448 1252/2447
f 1252/2447 1253/2394 1292/2395
f 1270/2445 1263/2392 1250/2393
f 1250/2393 1251/2446 1270/2445
f 1271/2449 1270/2445 1251/2446
f 1251/2446 1259/2450 1271/2449
f 1264/2453 1271/2449 1259/2450
f 1259/2450 1260/2454 1264/2453
f 1265/2457 1264/2453 1260/2454
f 1260/2454 1254/2458 1265/2457
f 1272/2465 1265/2457 1254/2458
f 1254/2458 1255/2466 1272/2465
f 1266/2383 1253/2394 1250/2393
f 1250/2393 1178/2382 1266/2383
f 845/2389 1292/2395 1253/2394
f 1253/2394 1267/2388 845/2389
f 1160/2371 1157/2379 1173/2378
f 1173/2378 1174/2373 1160/2371
f 1181/2381 1178/2382 1250/2393
f 1267/2388 1253/2394 1266/2383
f 1158/2384 1267/2388 1266/2383
f 1157/2379 1266/2383 1178/2382
f 1178/2382 1173/2378 1157/2379
f 1269/2380 1268/2304 827/2305
f 827/2305 1181/2381 1269/2380
f 1263/2392 1269/2380 1181/2381
f 1181/2381 1250/2393 1263/2392
f 1269/2380 1263/2392 1270/2391
f 1270/2391 1265/2368 1269/2380
f 1265/2368 1275/2303 1268/2304
f 1268/2304 1269/2380 1265/2368
f 1265/2368 1270/2391 1271/2387
f 1271/2387 1264/2377 1265/2368
f 1272/2302 1275/2303 1265/2368
f 847/2471 1273/2470 1255/2466
f 1255/2466 1256/2467 847/2471
f 1289/2468 1274/2472 847/2471
f 847/2471 1256/2467 1289/2468
f 1275/2469 1272/2465 1255/2466
f 1255/2466 1273/2470 1275/2469
f 1268/2473 1275/2469 1273/2470
f 1273/2470 827/2474 1268/2473
f 1276/2310 968/2319 798/2312
f 798/2312 799/2300 1276/2310
f 798/2312 968/2319 794/2322
f 799/2300 1277/2285 1276/2310
f 1278/2260 690/2262 1005/2246
f 1005/2246 943/2245 1278/2260
f 1279/2287 774/2295 690/2262
f 690/2262 1278/2260 1279/2287
f 944/2291 776/2301 774/2295
f 774/2295 1279/2287 944/2291
f 945/2280 778/2289 776/2301
f 776/2301 944/2291 945/2280
f 946/2282 780/2292 778/2289
f 778/2289 945/2280 946/2282
f 947/2296 782/2306 780/2292
f 780/2292 946/2282 947/2296
f 1280/2342 784/2348 782/2306
f 782/2306 947/2296 1280/2342
f 948/2356 786/2360 784/2348
f 784/2348 1280/2342 948/2356
f 1281/2369 788/2372 786/2360
f 786/2360 948/2356 1281/2369
f 1282/2404 790/2403 788/2372
f 788/2372 1281/2369 1282/2404
f 791/2432 1284/2435 1283/2433
f 1283/2433 789/2431 791/2432
f 1285/2429 792/2420 790/2403
f 790/2403 1282/2404 1285/2429
f 1284/2435 791/2432 792/2420
f 792/2420 1285/2429 1284/2435
f 785/2397 1286/2400 964/2374
f 964/2374 783/2367 785/2397
f 787/2411 979/2416 1286/2400
f 1286/2400 785/2397 787/2411
f 789/2431 1283/2433 979/2416
f 979/2416 787/2411 789/2431
f 1288/2011 1287/2028 850/2029
f 850/2029 1289/2012 1288/2011
f 842/2038 1290/2018 1262/2037
f 1262/2037 1291/2040 842/2038
f 1287/2028 1288/2011 1290/2018
f 1290/2018 842/2038 1287/2028
f 1294/2043 1293/2042 1292/2095
f 1292/2095 845/2096 1294/2043
f 1293/2042 1294/2043 1291/2040
f 1291/2040 1262/2037 1293/2042
# 2382 faces

v 349.251007 10.8865 -191.952057
v 348.841888 10.8865 -196.164154
v 354.262909 10.8865 -196.290054
v 354.876587 10.8865 -191.96315
v 349.664001 10.8865 -190.851654
v 349.664001 10.8865 -191.220749
v 355.496002 10.8865 -191.220749
v 355.496002 10.8865 -190.851654
v 343.538391 10.8865 -211.932343
v 349.076691 10.8865 -211.932343
v 348.983795 10.8865 -207.128555
v 343.491913 10.8865 -207.122147
v 354.475708 10.8865 -207.134949
v 349.356903 10.8865 -191.788147
v 355.035309 10.8865 -191.717255
v 349.79071 10.6741 -190.33725
v 349.713715 10.8031 -190.537949
v 355.570587 10.8031 -190.537949
v 349.910797 10.4727 -190.207352
v 355.686005 10.6741 -190.33725
v 355.866302 10.4727 -190.207352
v 360.331787 10.8865 -211.766251
v 338.0 10.8865 -191.929947
v 338.0 10.8865 -195.912354
v 343.42099 10.8865 -196.038254
v 343.625488 10.8865 -191.940948
v 359.683899 10.8865 -196.415955
v 360.502106 10.8865 -191.974243
v 338.0 10.8865 -190.851654
v 338.0 10.8865 -191.220749
v 343.832001 10.8865 -191.220749
v 343.832001 10.8865 -190.851654
v 361.327911 10.8865 -190.851654
v 359.96759 10.8865 -207.141357
v 354.615112 10.8865 -211.932343
v 338.0 10.8865 -207.115753
v 343.678406 10.8865 -191.859055
v 338.0 10.8031 -190.537949
v 343.856903 10.8031 -190.537949
v 343.895294 10.6741 -190.33725
v 361.42749 10.8031 -190.537949
v 338.0 10.4727 -190.207352
v 338.0 10.6741 -190.33725
v 343.955414 10.4727 -190.207352
v 361.581299 10.6741 -190.33725
v 361.821686 10.4727 -190.207352
v 326.748993 10.8865 -191.952057
v 321.123413 10.8865 -191.96315
v 321.737091 10.8865 -196.290054
v 327.158112 10.8865 -196.164154
v 326.335999 10.8865 -190.851654
v 320.503998 10.8865 -190.851654
v 320.503998 10.8865 -191.220749
v 326.335999 10.8865 -191.220749
v 332.461609 10.8865 -211.932343
v 332.508087 10.8865 -207.122147
v 327.016205 10.8865 -207.128555
v 321.524292 10.8865 -207.134949
v 326.643097 10.8865 -191.788147
v 320.964691 10.8865 -191.717255
v 320.313995 10.6741 -190.33725
v 320.429413 10.8031 -190.537949
v 326.286285 10.8031 -190.537949
v 326.089203 10.4727 -190.207352
v 320.133698 10.4727 -190.207352
v 326.20929 10.6741 -190.33725
v 315.846588 10.8865 -211.932343
v 332.374512 10.8865 -191.940948
v 332.57901 10.8865 -196.038254
v 316.316101 10.8865 -196.415955
v 315.497894 10.8865 -191.974243
v 332.167999 10.8865 -190.851654
v 332.167999 10.8865 -191.220749
v 314.672089 10.8865 -190.851654
v 316.03241 10.8865 -207.141357
v 332.321594 10.8865 -191.859055
v 332.104706 10.6741 -190.33725
v 332.143097 10.8031 -190.537949
v 314.57251 10.8031 -190.537949
v 332.044586 10.4727 -190.207352
v 314.418701 10.6741 -190.33725
v 314.178314 10.4727 -190.207352
v 365.18399 30.291 -215.972946
v 366.013611 30.367399 -217.205048
v 357.654205 30.0383 -214.792053
v 351.103302 30.1458 -214.792053
v 351.592804 30.645901 -215.972946
v 358.388397 30.538401 -215.972946
v 356.864899 29.0187 -213.36795
v 350.576904 29.1262 -213.36795
v 356.223114 26.761801 -212.187744
v 350.148895 26.8692 -212.187744
v 356.0914 24.4342 -211.932343
v 350.061096 24.5417 -211.932343
v 356.063507 20.957001 -211.932343
v 350.042511 20.957001 -211.932343
v 350.135986 16.440701 -211.932343
v 356.203705 16.440701 -211.932343
v 356.110596 14.2689 -211.932343
v 350.073792 14.2689 -211.932343
v 355.559296 12.4018 -211.932343
v 349.706207 12.4018 -211.932343
v 359.672791 10.8865 -201.778656
v 360.800812 12.4018 -201.778656
v 360.947815 12.4018 -196.415955
v 361.511505 14.2689 -201.778656
v 361.658508 14.2689 -196.415955
v 361.630096 16.440701 -201.778656
v 361.777008 16.440701 -196.415955
v 361.442993 20.957001 -201.778656
v 361.589996 20.957001 -196.415955
v 361.480286 24.1868 -201.778656
v 361.627289 24.1868 -196.415955
v 361.660706 26.514299 -201.906647
v 361.807587 26.514299 -196.480545
v 362.70401 29.107401 -202.498444
v 362.715088 29.107401 -196.779053
v 363.7341 30.109699 -203.212555
v 363.745209 30.159401 -197.139343
v 364.964386 30.6572 -203.810852
v 365.053406 30.7661 -197.438049
v 366.710388 30.550301 -204.472351
v 366.609314 30.626301 -197.876846
v 366.935089 30.150801 -204.438553
v 366.935089 30.150801 -197.867355
v 361.595703 12.4018 -211.766357
v 360.959808 12.4018 -207.141357
v 361.765991 12.4018 -191.974243
v 362.306396 14.2689 -211.766449
v 361.670502 14.2689 -207.141357
v 362.476013 14.2689 -192.054749
v 362.424988 16.440701 -211.766449
v 361.789001 16.440701 -207.141357
v 362.593903 16.440701 -192.13475
v 362.238007 20.957001 -211.766449
v 361.60199 20.957001 -207.141357
v 362.406189 20.957001 -192.214645
v 362.275208 24.1868 -211.765945
v 361.639313 24.1868 -207.141357
v 362.442291 24.1868 -192.342453
v 362.454895 26.514299 -212.011047
v 361.819611 26.514299 -207.332855
v 362.621613 26.514299 -192.519058
v 363.324585 28.784599 -213.164047
v 362.99881 29.1075 -208.21785
v 363.382111 28.7875 -192.678055
v 364.390808 29.802799 -214.549454
v 364.0289 30.060101 -209.285751
v 364.003601 29.807501 -192.684555
v 365.38501 30.3071 -215.730347
v 365.181213 30.5483 -210.183548
v 365.061005 30.5634 -192.688553
v 366.729614 30.380899 -215.89505
v 366.811584 30.4743 -211.067749
v 366.443298 30.572599 -192.778656
v 366.935089 30.150801 -215.919556
v 366.935089 30.150801 -211.00975
v 366.935089 30.150801 -192.803055
v 366.935089 30.150801 -191.958252
v 366.421997 30.5301 -192.398346
v 361.327911 10.8865 -191.220749
v 360.713806 10.8865 -191.646454
v 361.977692 12.4018 -191.646454
v 362.591797 12.4018 -191.220749
v 362.688416 14.2689 -191.727051
v 363.30249 14.2689 -191.301453
v 362.806885 16.440701 -191.807251
v 363.421112 16.440701 -191.381546
v 362.619904 20.957001 -191.887253
v 363.234009 20.957001 -191.461548
v 362.657196 24.1868 -192.015244
v 363.271301 24.1868 -191.589554
v 362.837494 26.514299 -192.192047
v 363.451691 26.514299 -191.766357
v 363.589294 28.771299 -192.350143
v 364.203491 28.771299 -191.924454
v 364.189209 29.790899 -192.354248
v 364.803406 29.790899 -191.928558
v 365.163391 30.4716 -192.310852
v 365.39389 30.291 -191.931946
v 366.266296 30.3985 -191.936951
v 365.39389 30.291 -215.972946
v 366.767395 30.319599 -217.204956
v 366.935089 30.150801 -217.205048
v 364.2052 29.790899 -214.792053
v 363.338013 28.771299 -213.36795
v 363.152893 28.771299 -213.36795
v 362.468597 26.514299 -212.187744
v 362.297394 26.514299 -212.187744
v 362.121704 24.1868 -211.932343
v 362.251007 20.957001 -211.932343
v 362.084595 20.957001 -211.932343
v 362.437988 16.440701 -211.932343
v 362.271484 16.440701 -211.932343
v 362.147308 14.2689 -211.932343
v 361.412415 12.4018 -211.932343
v 360.34491 10.8865 -211.932343
v 360.153412 10.8865 -211.932343
v 361.608795 12.4018 -211.932343
v 362.319489 14.2689 -211.932343
v 362.2883 24.1868 -211.932343
v 364.407501 29.790899 -214.792053
v 352.007813 30.7223 -217.205048
v 359.010712 30.614799 -217.205048
v 344.552307 30.862301 -214.792053
v 339.966614 31.282801 -214.792053
v 340.040314 31.782801 -215.972946
v 344.797211 31.3624 -215.972946
v 344.28891 29.842699 -213.36795
v 339.887299 30.263201 -213.36795
v 339.822815 28.006201 -212.187744
v 344.074707 27.585699 -212.187744
v 339.809509 25.6786 -211.932343
v 344.030701 25.2582 -211.932343
v 338.0 20.957001 -211.932343
v 344.021393 20.957001 -211.932343
v 338.0 16.440701 -211.932343
v 344.068207 16.440701 -211.932343
v 338.0 14.2689 -211.932343
v 344.037109 14.2689 -211.932343
v 343.853088 12.4018 -211.932343
v 338.0 12.4018 -211.932343
v 338.0 10.8865 -211.932343
v 340.102905 31.8592 -217.205048
v 345.004913 31.438801 -217.205048
v 338.0 31.359301 -214.792053
v 338.0 31.859301 -215.972946
v 338.0 30.339701 -213.36795
v 338.0 28.082701 -212.187744
v 338.0 25.7551 -211.932343
v 338.0 31.935699 -217.205048
v 310.81601 30.291 -215.972946
v 318.345795 30.0383 -214.792053
v 317.611603 30.538401 -215.972946
v 324.407196 30.645901 -215.972946
v 324.896698 30.1458 -214.792053
v 319.135101 29.0187 -213.36795
v 325.423096 29.1262 -213.36795
v 319.776886 26.761801 -212.187744
v 325.851105 26.8692 -212.187744
v 319.9086 24.4342 -211.932343
v 325.938904 24.5417 -211.932343
v 319.936493 20.957001 -211.932343
v 325.957489 20.957001 -211.932343
v 325.864014 16.440701 -211.932343
v 319.796295 16.440701 -211.932343
v 319.889404 14.2689 -211.932343
v 325.926208 14.2689 -211.932343
v 320.440704 12.4018 -211.932343
v 326.293793 12.4018 -211.932343
v 321.384888 10.8865 -211.932343
v 326.923309 10.8865 -211.932343
v 316.327209 10.8865 -201.778656
v 315.052185 12.4018 -196.415955
v 315.199188 12.4018 -201.778656
v 314.341492 14.2689 -196.415955
v 314.488495 14.2689 -201.778656
v 314.222992 16.440701 -196.415955
v 314.369904 16.440701 -201.778656
v 314.410004 20.957001 -196.415955
v 314.557007 20.957001 -201.778656
v 314.372711 24.1868 -196.415955
v 314.519714 24.1868 -201.778656
v 314.192413 26.514299 -196.480545
v 314.339294 26.514299 -201.906647
v 313.284912 29.107401 -196.779053
v 313.29599 29.107401 -202.498444
v 312.254791 30.159401 -197.139343
v 312.2659 30.109699 -203.212555
v 310.946594 30.7661 -197.438049
v 311.035614 30.6572 -203.810852
v 309.390686 30.626301 -197.876846
v 309.289612 30.550301 -204.472351
v 309.064911 30.150801 -197.867355
v 309.064911 30.150801 -204.438553
v 315.668213 10.8865 -211.766251
v 315.040192 12.4018 -207.141357
v 314.404297 12.4018 -211.766357
v 314.234009 12.4018 -191.974243
v 314.329498 14.2689 -207.141357
v 313.693604 14.2689 -211.766449
v 313.523987 14.2689 -192.054749
v 314.210999 16.440701 -207.141357
v 313.575012 16.440701 -211.766449
v 313.406097 16.440701 -192.13475
v 314.39801 20.957001 -207.141357
v 313.761993 20.957001 -211.766449
v 313.593811 20.957001 -192.214645
v 314.360687 24.1868 -207.141357
v 313.724792 24.1868 -211.765945
v 313.557709 24.1868 -192.342453
v 314.180389 26.514299 -207.332855
v 313.545105 26.514299 -212.011047
v 313.378387 26.514299 -192.519058
v 313.00119 29.1075 -208.21785
v 312.675415 28.784599 -213.164047
v 312.617889 28.7875 -192.678055
v 311.9711 30.060101 -209.285751
v 311.609192 29.802799 -214.549454
v 311.996399 29.807501 -192.684555
v 310.818787 30.5483 -210.183548
v 310.61499 30.3071 -215.730347
v 310.938995 30.5634 -192.688553
v 309.188416 30.4743 -211.067749
v 309.270386 30.380899 -215.89505
v 309.556702 30.572599 -192.778656
v 309.064911 30.150801 -211.00975
v 309.064911 30.150801 -215.919556
v 309.064911 30.150801 -192.803055
v 309.578003 30.5301 -192.398346
v 309.064911 30.150801 -191.958252
v 314.672089 10.8865 -191.220749
v 313.408203 12.4018 -191.220749
v 314.022308 12.4018 -191.646454
v 315.286194 10.8865 -191.646454
v 312.69751 14.2689 -191.301453
v 313.311584 14.2689 -191.727051
v 312.578888 16.440701 -191.381546
v 313.193115 16.440701 -191.807251
v 312.765991 20.957001 -191.461548
v 313.380096 20.957001 -191.887253
v 312.728699 24.1868 -191.589554
v 313.342804 24.1868 -192.015244
v 312.548309 26.514299 -191.766357
v 313.162506 26.514299 -192.192047
v 311.796509 28.771299 -191.924454
v 312.410706 28.771299 -192.350143
v 311.196594 29.790899 -191.928558
v 311.810791 29.790899 -192.354248
v 310.60611 30.291 -191.931946
v 310.836609 30.4716 -192.310852
v 309.733704 30.3985 -191.936951
v 310.60611 30.291 -215.972946
v 309.986389 30.367399 -217.205048
v 309.232605 30.319599 -217.204956
v 309.064911 30.150801 -217.205048
v 311.7948 29.790899 -214.792053
v 312.661987 28.771299 -213.36795
v 312.847107 28.771299 -213.36795
v 313.702606 26.514299 -212.187744
v 313.878296 24.1868 -211.932343
v 313.915405 20.957001 -211.932343
v 313.728516 16.440701 -211.932343
v 313.852692 14.2689 -211.932343
v 314.391205 12.4018 -211.932343
v 314.587585 12.4018 -211.932343
v 315.65509 10.8865 -211.932343
v 313.680511 14.2689 -211.932343
v 313.562012 16.440701 -211.932343
v 313.748993 20.957001 -211.932343
v 313.7117 24.1868 -211.932343
v 313.531403 26.514299 -212.187744
v 311.592499 29.790899 -214.792053
v 316.989288 30.614799 -217.205048
v 323.992188 30.7223 -217.205048
v 331.447693 30.862301 -214.792053
v 331.202789 31.3624 -215.972946
v 335.959686 31.782801 -215.972946
v 336.033386 31.282801 -214.792053
v 331.71109 29.842699 -213.36795
v 336.112701 30.263201 -213.36795
v 336.177185 28.006201 -212.187744
v 331.925293 27.585699 -212.187744
v 336.190491 25.6786 -211.932343
v 331.969299 25.2582 -211.932343
v 331.978607 20.957001 -211.932343
v 331.931793 16.440701 -211.932343
v 331.962891 14.2689 -211.932343
v 332.146912 12.4018 -211.932343
v 330.995087 31.438801 -217.205048
v 335.897095 31.8592 -217.205048
v 349.459686 9.0945 -190.207352
v 343.729797 9.0945 -190.207352
v 338.0 9.0945 -190.207352
v 320.810486 9.0945 -190.207352
v 360.919312 8.8571 -190.207352
v 360.919312 8.6956 -190.272751
v 359.91571 8.6956 -190.272751
v 354.436798 8.6956 -190.272751
v 348.957886 8.6956 -190.272751
v 349.459686 8.8571 -190.207352
v 349.459686 8.8989 -190.162552
v 355.189514 8.8989 -190.162552
v 355.189514 8.8571 -190.207352
v 343.478912 8.6956 -190.272751
v 338.0 8.6956 -190.272751
v 338.0 8.8571 -190.207352
v 338.0 8.8989 -190.162552
v 343.729797 8.8989 -190.162552
v 343.729797 8.8571 -190.207352
v 315.080688 8.8571 -190.207352
v 316.08429 8.6956 -190.272751
v 315.080688 8.6956 -190.272751
v 321.563202 8.6956 -190.272751
v 326.540314 8.8571 -190.207352
v 327.042114 8.6956 -190.272751
v 320.810486 8.8571 -190.207352
v 320.810486 8.8989 -190.162552
v 326.540314 8.8989 -190.162552
v 332.521088 8.6956 -190.272751
v 332.270203 8.8571 -190.207352
v 332.270203 8.8989 -190.162552
v 349.459686 9.0527 -190.162552
v 343.729797 9.0527 -190.162552
v 360.919312 9.0527 -190.162552
v 355.189514 9.0527 -190.162552
v 338.0 9.0527 -190.162552
v 326.540314 9.0527 -190.162552
v 332.270203 9.0527 -190.162552
v 315.080688 9.0527 -190.162552
v 320.810486 9.0527 -190.162552
v 360.919312 8.8571 -190.272751
v 355.189514 9.0945 -190.207352
v 326.540314 9.0945 -190.207352
v 332.270203 9.0945 -190.207352
v 315.080688 9.0945 -190.207352
v 360.919312 9.0945 -190.207352
v 360.919312 8.8989 -190.162552
v 315.080688 8.8571 -190.272751
v 315.080688 8.8989 -190.162552
v 350.295898 12.4018 -217.84375
v 349.491699 9.3131 -217.84375
v 355.236786 9.2838 -217.84375
v 356.443909 12.4018 -217.84375
v 350.651489 14.2689 -217.84375
v 356.97699 14.2689 -217.84375
v 350.710815 16.440701 -217.84375
v 357.065887 16.440701 -217.84375
v 356.925598 20.957001 -217.84375
v 350.617188 20.957001 -217.84375
v 350.635895 24.5417 -217.84375
v 356.953613 24.4342 -217.84375
v 350.96521 28.304001 -217.84375
v 357.447388 28.196501 -217.84375
v 351.102203 29.1262 -217.707352
v 357.652893 29.0187 -217.707352
v 349.459686 9.0945 -217.707352
v 355.189514 9.0945 -217.707352
v 338.0 12.4018 -217.84375
v 338.0 9.4111 -217.84375
v 343.746094 9.3439 -217.84375
v 344.14801 12.4018 -217.84375
v 360.507904 9.2964 -217.84375
v 362.069214 12.4018 -217.84375
v 338.0 14.2689 -217.84375
v 344.325897 14.2689 -217.84375
v 362.764893 14.2689 -217.84375
v 338.0 16.440701 -217.84375
v 344.355591 16.440701 -217.84375
v 362.88089 16.440701 -217.84375
v 338.0 20.957001 -217.84375
v 344.308807 20.957001 -217.84375
v 362.697815 20.957001 -217.84375
v 338.0 25.7551 -217.84375
v 344.318115 25.2582 -217.84375
v 362.734314 24.2078 -217.84375
v 344.483002 29.0205 -217.84375
v 338.0 29.5175 -217.84375
v 363.378601 27.9702 -217.84375
v 344.551605 29.842699 -217.707352
v 339.966095 30.263201 -217.707352
v 364.203491 28.771299 -217.707352
v 338.0 9.0945 -217.707352
v 343.729797 9.0945 -217.707352
v 360.919312 9.0945 -217.707352
v 338.0 30.339701 -217.707352
v 360.997589 9.2976 -217.707352
v 362.591797 12.4018 -217.707352
v 363.30249 14.2689 -217.707352
v 363.421112 16.440701 -217.707352
v 363.234009 20.957001 -217.707352
v 363.271301 24.1868 -217.707352
v 363.929596 27.9491 -217.707352
v 325.704102 12.4018 -217.84375
v 319.556091 12.4018 -217.84375
v 320.763214 9.2838 -217.84375
v 326.508301 9.3131 -217.84375
v 325.348511 14.2689 -217.84375
v 319.02301 14.2689 -217.84375
v 325.289185 16.440701 -217.84375
v 318.934113 16.440701 -217.84375
v 319.074402 20.957001 -217.84375
v 325.382813 20.957001 -217.84375
v 325.364105 24.5417 -217.84375
v 319.046387 24.4342 -217.84375
v 325.03479 28.304001 -217.84375
v 318.552612 28.196501 -217.84375
v 324.897797 29.1262 -217.707352
v 318.347107 29.0187 -217.707352
v 320.810486 9.0945 -217.707352
v 326.540314 9.0945 -217.707352
v 331.85199 12.4018 -217.84375
v 332.253906 9.3439 -217.84375
v 315.492096 9.2964 -217.84375
v 313.930786 12.4018 -217.84375
v 331.674103 14.2689 -217.84375
v 313.235107 14.2689 -217.84375
v 331.644409 16.440701 -217.84375
v 313.11911 16.440701 -217.84375
v 331.691193 20.957001 -217.84375
v 313.302185 20.957001 -217.84375
v 331.681885 25.2582 -217.84375
v 313.265686 24.2078 -217.84375
v 331.516998 29.0205 -217.84375
v 312.621399 27.9702 -217.84375
v 331.448395 29.842699 -217.707352
v 336.033905 30.263201 -217.707352
v 311.796509 28.771299 -217.707352
v 332.270203 9.0945 -217.707352
v 315.080688 9.0945 -217.707352
v 315.002411 9.2976 -217.707352
v 313.408203 12.4018 -217.707352
v 312.69751 14.2689 -217.707352
v 312.578888 16.440701 -217.707352
v 312.765991 20.957001 -217.707352
v 312.728699 24.1868 -217.707352
v 312.070404 27.9491 -217.707352
v 363.465912 9.0945 -192.572357
v 365.176392 11.2502 -192.572357
v 365.284607 11.1444 -193.220245
v 363.465912 9.0945 -193.216858
v 365.970001 13.6833 -192.572357
v 366.138916 13.6833 -193.221054
v 365.947113 16.6469 -192.572357
v 366.165314 16.6469 -193.223648
v 365.026306 20.999901 -192.572357
v 365.491791 20.9482 -193.240555
v 364.717987 24.065901 -192.572357
v 365.221588 24.010799 -193.243256
v 364.856598 25.8016 -192.470749
v 365.247101 25.854799 -193.136444
v 365.496796 27.946199 -192.278549
v 365.496796 27.946199 -192.778748
v 363.465912 9.0945 -193.477951
v 365.305786 11.1236 -193.477951
v 365.305786 11.1236 -217.220154
v 363.465912 9.0945 -217.175354
v 366.171814 13.6833 -193.477951
v 366.171814 13.6833 -217.220154
v 366.206787 16.6469 -193.477951
v 366.206787 16.6469 -217.220154
v 365.566284 20.939899 -193.477951
v 365.566284 20.939899 -217.220154
v 365.299896 24.0023 -193.477951
v 365.299896 24.0023 -217.220154
v 365.312988 25.8638 -193.379349
v 365.312988 25.8638 -217.218155
v 365.496796 27.946199 -211.093048
v 365.496796 27.946199 -217.211243
v 365.496796 27.946199 -193.039948
v 365.496796 27.946199 -198.114151
v 312.534088 9.0945 -192.572357
v 312.534088 9.0945 -193.216858
v 310.715393 11.1444 -193.220245
v 310.823608 11.2502 -192.572357
v 309.861084 13.6833 -193.221054
v 310.029999 13.6833 -192.572357
v 309.834686 16.6469 -193.223648
v 310.052887 16.6469 -192.572357
v 310.508209 20.9482 -193.240555
v 310.973694 20.999901 -192.572357
v 310.778412 24.010799 -193.243256
v 311.282013 24.065901 -192.572357
v 310.752899 25.854799 -193.136444
v 311.143402 25.8016 -192.470749
v 310.503204 27.946199 -192.778748
v 310.503204 27.946199 -192.278549
v 312.534088 9.0945 -193.477951
v 312.534088 9.0945 -217.175354
v 310.694214 11.1236 -217.220154
v 310.694214 11.1236 -193.477951
v 309.828186 13.6833 -217.220154
v 309.828186 13.6833 -193.477951
v 309.793213 16.6469 -217.220154
v 309.793213 16.6469 -193.477951
v 310.433716 20.939899 -217.220154
v 310.433716 20.939899 -193.477951
v 310.700104 24.0023 -217.220154
v 310.700104 24.0023 -193.477951
v 310.687012 25.8638 -217.218155
v 310.687012 25.8638 -193.379349
v 310.503204 27.946199 -217.211243
v 310.503204 27.946199 -211.093048
v 310.503204 27.946199 -198.114151
v 310.503204 27.946199 -193.039948
v 361.148407 16.679399 -206.642456
v 361.049286 16.679399 -196.494156
v 360.9552 16.679399 -196.339645
v 361.054291 16.679399 -206.796951
v 361.446503 16.58 -206.668945
v 361.347504 16.58 -196.467651
v 361.476196 16.679399 -211.120148
v 361.194 16.679399 -211.214249
v 361.242401 16.58 -211.512344
v 361.711914 16.58 -211.35585
v 361.433807 16.679399 -192.016449
v 361.527802 16.679399 -192.298752
v 361.825989 16.58 -192.250351
v 361.669403 16.58 -191.780746
v 361.570313 16.679399 -210.837952
v 361.868408 16.58 -210.886246
v 361.151489 16.679399 -191.922348
v 361.19989 16.58 -191.624252
v 360.673004 16.679399 -196.288147
v 360.772095 16.679399 -206.84845
v 355.715088 16.679399 -211.214249
v 355.756592 16.58 -211.512344
v 348.950287 16.679399 -211.214249
v 348.984894 16.58 -211.512344
v 342.185486 16.679399 -211.214249
v 342.213196 16.58 -211.512344
v 355.756592 16.4909 -191.624252
v 355.715088 16.5902 -191.922348
v 348.984894 16.3118 -191.624252
v 348.950287 16.4112 -191.922348
v 342.213196 16.4485 -191.624252
v 342.185486 16.547899 -191.922348
v 355.715088 16.9869 -196.288147
v 355.715088 16.9869 -206.84845
v 348.950287 17.103001 -196.288147
v 348.950287 17.103001 -206.84845
v 342.185486 17.103001 -196.288147
v 342.185486 17.103001 -206.84845
v 338.0 17.103001 -206.84845
v 338.0 16.679399 -211.214249
v 338.0 16.58 -211.512344
v 338.0 16.431299 -191.624252
v 338.0 16.530701 -191.922348
v 338.0 17.103001 -196.288147
v 314.851593 16.679399 -206.642456
v 314.945709 16.679399 -206.796951
v 315.0448 16.679399 -196.339645
v 314.950714 16.679399 -196.494156
v 314.652496 16.58 -196.467651
v 314.553497 16.58 -206.668945
v 314.523804 16.679399 -211.120148
v 314.288086 16.58 -211.35585
v 314.757599 16.58 -211.512344
v 314.806 16.679399 -211.214249
v 314.566193 16.679399 -192.016449
v 314.330597 16.58 -191.780746
v 314.174011 16.58 -192.250351
v 314.472198 16.679399 -192.298752
v 314.429688 16.679399 -210.837952
v 314.131592 16.58 -210.886246
v 314.848511 16.679399 -191.922348
v 314.80011 16.58 -191.624252
v 315.326996 16.679399 -196.288147
v 315.227905 16.679399 -206.84845
v 320.243408 16.58 -211.512344
v 320.284912 16.679399 -211.214249
v 327.015106 16.58 -211.512344
v 327.049713 16.679399 -211.214249
v 333.786804 16.58 -211.512344
v 333.814514 16.679399 -211.214249
v 320.243408 16.4909 -191.624252
v 320.284912 16.5902 -191.922348
v 327.015106 16.3118 -191.624252
v 327.049713 16.4112 -191.922348
v 333.786804 16.4485 -191.624252
v 333.814514 16.547899 -191.922348
v 320.284912 16.9869 -196.288147
v 320.284912 16.9869 -206.84845
v 327.049713 17.103001 -196.288147
v 327.049713 17.103001 -206.84845
v 333.814514 17.103001 -196.288147
v 333.814514 17.103001 -206.84845
v 361.758087 16.404699 -211.402054
v 348.991699 16.404699 -211.570847
v 342.218597 16.404699 -211.570847
v 320.235291 16.404699 -211.570847
v 361.715607 16.404699 -191.734558
v 361.405884 16.404699 -196.462448
v 361.209412 16.404699 -191.565857
v 355.764709 16.3155 -191.565857
v 348.991699 16.136499 -191.565857
v 342.218597 16.273199 -191.565857
v 314.790588 16.404699 -191.565857
v 314.284393 16.404699 -191.734558
v 320.235291 16.3155 -191.565857
v 327.008301 16.136499 -191.565857
v 314.115601 16.404699 -192.240845
v 314.07309 16.404699 -210.895752
v 314.594116 16.404699 -196.462448
v 314.494995 16.404699 -206.674149
v 361.757385 14.6787 -196.431244
v 361.856506 14.6787 -206.705353
v 361.856506 12.5903 -206.705353
v 361.757385 12.5903 -196.431244
v 361.639496 14.6787 -191.479752
v 361.904907 14.6787 -192.183853
v 361.669098 12.5903 -192.183853
v 362.013 12.5903 -211.656845
v 362.278412 12.5903 -210.95285
v 362.278412 14.6787 -210.95285
v 362.013 14.6787 -211.656845
v 361.471497 16.1548 -196.45665
v 361.992401 16.1548 -210.906448
v 361.629486 11.7363 -206.685257
v 361.530487 11.7363 -196.451355
v 360.935394 14.6787 -191.214355
v 361.403687 12.5903 -191.479752
v 360.699585 12.5903 -191.214355
v 361.220001 16.1548 -191.500244
v 355.813599 12.5903 -191.213745
v 355.813599 14.6787 -191.213745
v 349.03241 12.4603 -191.21315
v 349.03241 14.5487 -191.21315
v 342.25119 12.4909 -191.212555
v 342.25119 14.5793 -191.212555
v 348.999298 15.8866 -191.500153
v 349.006104 11.654 -191.440948
v 338.0 12.5903 -191.21225
v 338.0 14.6787 -191.21225
v 338.0 16.0061 -191.500153
v 338.0 11.6226 -191.44075
v 315.064606 14.6787 -191.214355
v 315.300415 12.5903 -191.214355
v 314.779999 16.1548 -191.500244
v 314.758789 11.7367 -191.642258
v 315.337189 11.7363 -191.441254
v 320.186401 14.6787 -191.213745
v 320.186401 12.5903 -191.213745
v 326.96759 14.5487 -191.21315
v 326.96759 12.4603 -191.21315
v 333.74881 14.5793 -191.212555
v 333.74881 12.4909 -191.212555
v 320.226105 16.065599 -191.500244
v 320.217896 11.7363 -191.441147
v 326.993896 11.654 -191.440948
v 361.308899 12.5903 -211.922348
v 361.308899 14.6787 -211.922348
v 355.813599 14.6787 -211.922852
v 355.813599 12.5903 -211.922852
v 349.03241 14.6787 -211.923447
v 349.03241 12.5903 -211.923447
v 342.25119 14.6787 -211.924057
v 342.25119 12.5903 -211.924057
v 348.999298 16.1548 -211.636444
v 342.224701 16.1548 -211.636551
v 355.782104 11.7363 -211.695557
v 338.0 12.5903 -211.924347
v 338.0 11.7362 -211.695953
v 338.0 14.6787 -211.924347
v 314.691101 12.5903 -211.922348
v 314.691101 14.6787 -211.922348
v 313.987 14.6787 -211.656845
v 313.987 12.5903 -211.656845
v 314.191803 16.1544 -211.452148
v 314.737488 16.1548 -211.636353
v 320.186401 12.5903 -211.922852
v 320.186401 14.6787 -211.922852
v 326.96759 12.5903 -211.923447
v 326.96759 14.6787 -211.923447
v 333.74881 12.5903 -211.924057
v 333.74881 14.6787 -211.924057
v 333.769897 11.7362 -211.695847
v 314.242615 14.6787 -196.431244
v 314.242615 12.5903 -196.431244
v 314.143494 12.5903 -206.705353
v 314.143494 14.6787 -206.705353
v 314.360504 14.6787 -191.479752
v 314.596313 12.5903 -191.479752
v 314.330902 12.5903 -192.183853
v 314.095093 14.6787 -192.183853
v 313.721588 14.6787 -210.95285
v 313.721588 12.5903 -210.95285
v 314.234314 16.1544 -191.684555
v 314.049988 16.1548 -192.230255
v 314.370514 11.7363 -206.685257
v 314.469513 11.7363 -196.451355
v 361.181213 10.9871 -191.702255
v 360.541687 10.6741 -193.286957
v 360.009705 10.6741 -193.286957
v 360.6492 10.9871 -191.524857
v 361.358612 10.9871 -192.234253
v 360.718994 10.6741 -193.286957
v 355.770386 10.6741 -193.286957
v 355.770386 10.9871 -191.524857
v 348.996399 10.6741 -193.286957
v 348.996399 10.9871 -191.524857
v 342.222412 10.6741 -193.286957
v 342.222412 10.9871 -191.524857
v 338.0 10.6741 -193.286957
v 338.0 10.9871 -191.524857
v 314.818787 10.9871 -191.702255
v 315.3508 10.9871 -191.524857
v 315.990295 10.6741 -193.286957
v 315.458313 10.6741 -193.286957
v 314.641388 10.9871 -192.234253
v 315.281006 10.6741 -193.286957
v 320.229614 10.9871 -191.524857
v 320.229614 10.6741 -193.286957
v 327.003601 10.9871 -191.524857
v 327.003601 10.6741 -193.286957
v 333.777588 10.9871 -191.524857
v 333.777588 10.6741 -193.286957
v 361.580292 11.4821 -206.680847
v 361.545898 10.9871 -206.677856
v 361.446808 10.9871 -196.458847
v 361.790497 10.9871 -211.434448
v 361.967804 10.9871 -210.902451
v 361.815094 11.4817 -211.458954
v 355.775208 11.4821 -191.490448
v 349.000397 11.3999 -191.490356
v 342.225586 11.3902 -191.49025
v 338.0 11.3685 -191.49025
v 315.345215 11.4821 -191.490448
v 333.774414 11.3902 -191.49025
v 361.264099 11.4821 -211.646149
v 361.258484 10.9871 -211.611755
v 355.770386 10.9871 -211.611755
v 348.996399 10.9871 -211.611755
v 342.225586 11.4821 -211.646347
v 342.222412 10.9871 -211.611755
v 338.0 10.9871 -211.611755
v 314.209503 10.9871 -211.434448
v 314.741516 10.9871 -211.611755
v 314.184906 11.4817 -211.458954
v 320.229614 10.9871 -211.611755
v 327.003601 10.9871 -211.611755
v 333.777588 10.9871 -211.611755
v 314.553192 10.9871 -196.458847
v 314.454102 10.9871 -206.677856
v 314.419708 11.4821 -206.680847
v 314.606995 11.4821 -192.228653
v 314.032196 10.9871 -210.902451
v 361.96051 20.1329 -211.545456
v 361.770996 21.3297 -211.545456
v 361.666504 20.1329 -211.394547
v 361.220886 22.4093 -211.545456
v 360.364105 23.2661 -211.545456
v 359.284485 23.8162 -211.545456
v 359.193604 23.536501 -211.394547
v 358.087708 24.005699 -211.545456
v 358.087708 23.7117 -211.394547
v 356.890991 23.8162 -211.545456
v 356.981812 23.536501 -211.394547
v 355.81131 23.2661 -211.545456
v 354.95459 22.4093 -211.545456
v 355.192413 22.2365 -211.394547
v 354.40451 21.3297 -211.545456
v 354.684113 21.2388 -211.394547
v 354.214905 20.1329 -211.545456
v 354.40451 18.936199 -211.545456
v 354.684113 19.027 -211.394547
v 354.95459 17.856501 -211.545456
v 355.81131 16.9998 -211.545456
v 355.984192 17.2376 -211.394547
v 356.890991 16.449699 -211.545456
v 356.981812 16.7293 -211.394547
v 358.087708 16.260099 -211.545456
v 359.284485 16.449699 -211.545456
v 360.364105 16.9998 -211.545456
v 361.220886 17.8566 -211.545456
v 360.983002 18.0294 -211.394547
v 361.770996 18.936199 -211.545456
v 361.656097 21.2924 -211.377853
v 358.087708 23.884899 -211.377853
v 355.882385 23.168301 -211.377853
v 354.519409 21.2924 -211.377853
v 355.882385 17.0975 -211.377853
v 361.656097 18.973499 -211.377853
v 361.340393 21.292299 -198.24855
v 360.807495 22.338301 -198.24855
v 360.807495 22.338301 -204.864258
v 361.340393 21.2924 -204.864258
v 360.090607 23.168301 -198.194855
v 360.090607 23.168301 -204.810547
v 359.247192 23.7013 -198.146652
v 359.247192 23.7013 -204.762253
v 358.087708 23.884899 -198.146652
v 358.087708 23.884899 -204.762253
v 356.928314 23.7013 -198.146652
v 356.928314 23.7013 -204.762253
v 355.882385 23.168301 -198.146652
v 355.882385 23.168301 -204.762253
v 355.052307 22.338301 -198.146652
v 355.052307 22.338301 -204.762253
v 354.519409 21.292299 -198.146652
v 354.519409 21.292299 -204.762253
v 354.335693 20.1329 -198.146652
v 354.335693 20.1329 -204.762253
v 354.519409 18.973499 -198.146652
v 354.519409 18.973499 -204.762253
v 355.882385 17.284201 -198.146652
v 356.928314 16.897699 -198.146652
v 356.928314 16.897699 -204.762253
v 355.882385 17.284201 -204.762253
v 358.087708 16.714001 -198.146652
v 359.247192 16.897699 -198.146652
v 359.247192 16.897699 -204.762253
v 358.087708 16.714001 -204.762253
v 360.090607 17.284201 -198.194855
v 360.090607 17.284201 -204.810547
v 360.807495 17.927601 -198.24855
v 360.807495 17.927601 -204.864258
v 361.340393 18.973499 -198.24855
v 361.340393 18.973499 -204.864258
v 361.770996 21.3297 -191.363449
v 361.96051 20.1329 -191.363449
v 361.220886 22.4093 -191.363449
v 361.123108 22.338301 -191.530945
v 360.364105 23.2661 -191.363449
v 360.293091 23.168301 -191.530945
v 359.284485 23.8162 -191.363449
v 358.087708 24.005699 -191.363449
v 356.890991 23.8162 -191.363449
v 355.81131 23.2661 -191.363449
v 354.95459 22.4093 -191.363449
v 355.052307 22.338301 -191.530945
v 354.40451 21.3297 -191.363449
v 354.214905 20.1329 -191.363449
v 354.40451 18.936199 -191.363449
v 354.95459 17.856501 -191.363449
v 355.81131 16.9998 -191.363449
v 355.882385 17.0975 -191.530945
v 356.890991 16.449699 -191.363449
v 358.087708 16.260099 -191.363449
v 358.087708 16.380899 -191.530945
v 359.284485 16.449699 -191.363449
v 359.247192 16.5646 -191.530945
v 360.364105 16.9998 -191.363449
v 361.220886 17.856501 -191.363449
v 361.770996 18.936199 -191.363449
v 361.523987 20.1329 -198.24855
v 361.523987 20.1329 -204.864258
v 355.052307 17.9275 -198.146652
v 355.052307 17.9275 -204.762253
v 361.656097 21.292299 -191.530945
v 361.123108 22.338301 -211.377853
v 360.293091 23.168301 -211.377853
v 359.247192 23.7013 -191.530945
v 359.247192 23.7013 -211.377853
v 358.087708 23.884899 -191.530945
v 356.928314 23.7013 -191.530945
v 356.928314 23.7013 -211.377853
v 355.882385 23.168301 -191.530945
v 355.052307 22.338301 -211.377853
v 354.519409 21.292299 -191.530945
v 354.335693 20.1329 -191.530945
v 354.335693 20.1329 -211.377853
v 354.519409 18.973499 -191.530945
v 355.052307 17.9275 -191.530945
v 354.519409 18.973499 -211.377853
v 356.928314 16.5646 -191.530945
v 356.928314 16.5646 -211.377853
v 359.247192 16.5646 -211.377853
v 358.087708 16.380899 -211.377853
v 360.293091 17.0975 -191.530945
v 360.293091 17.0975 -211.377853
v 361.123199 17.927601 -191.530945
v 361.123199 17.927601 -211.377853
v 361.656097 18.973499 -191.530945
v 361.839691 20.1329 -191.530945
v 361.839691 20.1329 -211.377853
v 355.052307 17.927601 -211.377853
v 361.491302 21.2388 -211.394547
v 361.491302 21.2388 -211.136749
v 361.666504 20.1329 -211.136749
v 360.983002 22.2365 -211.394547
v 360.983002 22.2365 -211.136749
v 360.191284 23.0282 -211.136749
v 360.191284 23.0282 -211.394547
v 359.193604 23.536501 -211.136749
v 358.087708 23.7117 -211.136749
v 356.981812 23.536501 -211.136749
v 355.984192 23.0282 -211.394547
v 355.984192 23.0282 -211.136749
v 355.192413 22.2365 -211.136749
v 354.684113 21.2388 -211.136749
v 354.509003 20.1329 -211.394547
v 354.509003 20.1329 -211.136749
v 354.684113 19.027 -211.136749
v 355.192413 18.0294 -211.394547
v 355.984192 17.2376 -211.136749
v 355.192413 18.0294 -211.136749
v 356.981812 16.7293 -211.136749
v 358.087708 16.554199 -211.394547
v 358.087708 16.554199 -211.136749
v 359.193604 16.7293 -211.394547
v 359.193604 16.7293 -211.136749
v 360.191284 17.2376 -211.394547
v 360.191284 17.2376 -211.136749
v 360.983002 18.0294 -211.136749
v 361.491302 19.027 -211.394547
v 361.491302 19.027 -211.136749
v 361.491302 21.2388 -191.514343
v 360.191284 23.0282 -191.514343
v 359.193604 23.536501 -191.514343
v 356.981812 23.536501 -191.514343
v 355.984192 23.0282 -191.514343
v 354.684113 21.2388 -191.514343
v 354.509003 20.1329 -191.514343
v 361.666504 20.1329 -191.514343
v 361.666504 20.1329 -191.772156
v 361.491302 21.2388 -191.772156
v 360.983002 22.2365 -191.772156
v 360.983002 22.2365 -191.514343
v 360.191284 23.0282 -191.772156
v 359.193604 23.536501 -191.772156
v 358.087708 23.7117 -191.772156
v 358.087708 23.7117 -191.514343
v 356.981812 23.536501 -191.772156
v 355.984192 23.0282 -191.772156
v 355.192413 22.2365 -191.514343
v 355.192413 22.2365 -191.772156
v 354.684113 21.2388 -191.772156
v 354.509003 20.1329 -191.772156
v 354.684113 19.027 -191.772156
v 354.684113 19.027 -191.514343
v 355.192413 18.0294 -191.772156
v 355.192413 18.0294 -191.514343
v 355.984192 17.2376 -191.772156
v 355.984192 17.2376 -191.514343
v 356.981812 16.7293 -191.772156
v 356.981812 16.7293 -191.514343
v 358.087708 16.554199 -191.772156
v 358.087708 16.554199 -191.514343
v 359.193604 16.7293 -191.772156
v 359.193604 16.7293 -191.514343
v 360.191284 17.2376 -191.772156
v 360.191284 17.2376 -191.514343
v 360.983002 18.0294 -191.772156
v 360.983002 18.0294 -191.514343
v 361.491302 19.027 -191.772156
v 361.491302 19.027 -191.514343
v 314.03949 20.1329 -211.545456
v 314.333496 20.1329 -211.394547
v 314.229004 21.3297 -211.545456
v 315.016998 22.2365 -211.394547
v 314.779114 22.4093 -211.545456
v 315.635895 23.2661 -211.545456
v 316.806396 23.536501 -211.394547
v 316.715515 23.8162 -211.545456
v 317.912292 24.005699 -211.545456
v 319.109009 23.8162 -211.545456
v 320.015808 23.0282 -211.394547
v 320.18869 23.2661 -211.545456
v 320.807587 22.2365 -211.394547
v 321.04541 22.4093 -211.545456
v 321.315887 21.2388 -211.394547
v 321.59549 21.3297 -211.545456
v 321.785095 20.1329 -211.545456
v 321.59549 18.936199 -211.545456
v 320.807587 18.0294 -211.394547
v 321.04541 17.856501 -211.545456
v 320.015808 17.2376 -211.394547
v 320.18869 16.9998 -211.545456
v 319.018188 16.7293 -211.394547
v 319.109009 16.449699 -211.545456
v 317.912292 16.260099 -211.545456
v 316.806396 16.7293 -211.394547
v 316.715515 16.449699 -211.545456
v 315.635895 16.9998 -211.545456
v 315.016998 18.0294 -211.394547
v 314.779114 17.8566 -211.545456
v 314.508698 19.027 -211.394547
v 314.229004 18.936199 -211.545456
v 315.706909 23.168301 -211.377853
v 317.912292 23.884899 -211.377853
v 319.071686 23.7013 -211.377853
v 320.117615 23.168301 -211.377853
v 321.480591 18.973499 -211.377853
v 320.117615 17.0975 -211.377853
v 319.071686 16.5646 -211.377853
v 317.912292 16.380899 -211.377853
v 316.752808 16.5646 -211.377853
v 314.659607 21.292299 -198.24855
v 314.659607 21.2924 -204.864258
v 315.192505 22.338301 -204.864258
v 315.192505 22.338301 -198.24855
v 315.909393 23.168301 -204.810547
v 315.909393 23.168301 -198.194855
v 316.752808 23.7013 -204.762253
v 316.752808 23.7013 -198.146652
v 317.912292 23.884899 -204.762253
v 317.912292 23.884899 -198.146652
v 319.071686 23.7013 -204.762253
v 319.071686 23.7013 -198.146652
v 320.117615 23.168301 -204.762253
v 320.117615 23.168301 -198.146652
v 320.947693 22.338301 -204.762253
v 320.947693 22.338301 -198.146652
v 321.480591 21.292299 -204.762253
v 321.480591 21.292299 -198.146652
v 321.664307 20.1329 -204.762253
v 321.664307 20.1329 -198.146652
v 321.480591 18.973499 -198.146652
v 321.480591 18.973499 -204.762253
v 320.117615 17.284201 -198.146652
v 320.117615 17.284201 -204.762253
v 319.071686 16.897699 -204.762253
v 319.071686 16.897699 -198.146652
v 317.912292 16.714001 -198.146652
v 317.912292 16.714001 -204.762253
v 316.752808 16.897699 -204.762253
v 316.752808 16.897699 -198.146652
v 315.909393 17.284201 -204.810547
v 315.909393 17.284201 -198.194855
v 315.192505 17.927601 -204.864258
v 315.192505 17.927601 -198.24855
v 314.659607 18.973499 -204.864258
v 314.659607 18.973499 -198.24855
v 314.229004 21.3297 -191.363449
v 314.03949 20.1329 -191.363449
v 314.343903 21.292299 -191.530945
v 314.779114 22.4093 -191.363449
v 314.876892 22.338301 -191.530945
v 315.635895 23.2661 -191.363449
v 315.706909 23.168301 -191.530945
v 316.715515 23.8162 -191.363449
v 316.752808 23.7013 -191.530945
v 317.912292 24.005699 -191.363449
v 319.109009 23.8162 -191.363449
v 320.18869 23.2661 -191.363449
v 320.117615 23.168301 -191.530945
v 321.04541 22.4093 -191.363449
v 320.947693 22.338301 -191.530945
v 321.59549 21.3297 -191.363449
v 321.480591 21.292299 -191.530945
v 321.785095 20.1329 -191.363449
v 321.59549 18.936199 -191.363449
v 321.480591 18.973499 -191.530945
v 321.04541 17.856501 -191.363449
v 320.18869 16.9998 -191.363449
v 319.109009 16.449699 -191.363449
v 319.071686 16.5646 -191.530945
v 317.912292 16.260099 -191.363449
v 316.715515 16.449699 -191.363449
v 315.635895 16.9998 -191.363449
v 314.779114 17.856501 -191.363449
v 314.876801 17.927601 -191.530945
v 314.229004 18.936199 -191.363449
v 314.476013 20.1329 -198.24855
v 314.476013 20.1329 -204.864258
v 320.947693 17.9275 -198.146652
v 320.947693 17.9275 -204.762253
v 314.876892 22.338301 -211.377853
v 314.343903 21.2924 -211.377853
v 316.752808 23.7013 -211.377853
v 317.912292 23.884899 -191.530945
v 319.071686 23.7013 -191.530945
v 320.947693 22.338301 -211.377853
v 321.480591 21.2924 -211.377853
v 321.664307 20.1329 -191.530945
v 321.664307 20.1329 -211.377853
v 320.117615 17.0975 -191.530945
v 317.912292 16.380899 -191.530945
v 316.752808 16.5646 -191.530945
v 315.706909 17.0975 -191.530945
v 315.706909 17.0975 -211.377853
v 314.876801 17.927601 -211.377853
v 314.343903 18.973499 -191.530945
v 314.343903 18.973499 -211.377853
v 314.160309 20.1329 -191.530945
v 314.160309 20.1329 -211.377853
v 320.947693 17.9275 -191.530945
v 320.947693 17.927601 -211.377853
v 314.333496 20.1329 -211.136749
v 314.508698 21.2388 -211.136749
v 314.508698 21.2388 -211.394547
v 315.016998 22.2365 -211.136749
v 315.808716 23.0282 -211.394547
v 315.808716 23.0282 -211.136749
v 316.806396 23.536501 -211.136749
v 317.912292 23.7117 -211.136749
v 317.912292 23.7117 -211.394547
v 319.018188 23.536501 -211.136749
v 319.018188 23.536501 -211.394547
v 320.015808 23.0282 -211.136749
v 320.807587 22.2365 -211.136749
v 321.315887 21.2388 -211.136749
v 321.490997 20.1329 -211.136749
v 321.490997 20.1329 -211.394547
v 321.315887 19.027 -211.136749
v 321.315887 19.027 -211.394547
v 320.807587 18.0294 -211.136749
v 320.015808 17.2376 -211.136749
v 319.018188 16.7293 -211.136749
v 317.912292 16.554199 -211.136749
v 317.912292 16.554199 -211.394547
v 316.806396 16.7293 -211.136749
v 315.808716 17.2376 -211.394547
v 315.808716 17.2376 -211.136749
v 315.016998 18.0294 -211.136749
v 314.508698 19.027 -211.136749
v 314.333496 20.1329 -191.514343
v 315.016998 22.2365 -191.514343
v 315.808716 23.0282 -191.514343
v 316.806396 23.536501 -191.514343
v 317.912292 23.7117 -191.514343
v 319.018188 23.536501 -191.514343
v 320.015808 23.0282 -191.514343
v 321.490997 20.1329 -191.514343
v 316.806396 16.7293 -191.514343
v 315.016998 18.0294 -191.514343
v 314.508698 19.027 -191.514343
v 314.508698 21.2388 -191.514343
v 314.508698 21.2388 -191.772156
v 314.333496 20.1329 -191.772156
v 315.016998 22.2365 -191.772156
v 315.808716 23.0282 -191.772156
v 316.806396 23.536501 -191.772156
v 317.912292 23.7117 -191.772156
v 319.018188 23.536501 -191.772156
v 320.015808 23.0282 -191.772156
v 320.807587 22.2365 -191.514343
v 321.315887 21.2388 -191.514343
v 321.315887 21.2388 -191.772156
v 320.807587 22.2365 -191.772156
v 321.490997 20.1329 -191.772156
v 321.315887 19.027 -191.514343
v 321.315887 19.027 -191.772156
v 320.807587 18.0294 -191.772156
v 320.807587 18.0294 -191.514343
v 320.015808 17.2376 -191.514343
v 320.015808 17.2376 -191.772156
v 319.018188 16.7293 -191.514343
v 319.018188 16.7293 -191.772156
v 317.912292 16.554199 -191.514343
v 317.912292 16.554199 -191.772156
v 316.806396 16.7293 -191.772156
v 315.808716 17.2376 -191.514343
v 315.808716 17.2376 -191.772156
v 315.016998 18.0294 -191.772156
v 314.508698 19.027 -191.772156
v 361.251892 16.404699 -211.570847
v 361.275299 16.308701 -211.711853
v 361.861908 16.310801 -211.505753
v 361.884399 16.404699 -192.240845
v 362.025513 16.308701 -192.217346
v 361.819397 16.310801 -191.630844
v 361.92691 16.404699 -210.895752
v 362.067902 16.308701 -210.91925
v 361.23291 16.308701 -191.424744
v 361.645996 16.308701 -206.687057
v 361.546997 16.308701 -196.449646
v 361.505005 16.404699 -206.674149
v 355.784912 16.2194 -191.424545
v 349.008514 16.0401 -191.424255
v 342.231995 16.176701 -191.424057
v 355.784912 16.3085 -211.712143
v 355.764709 16.404699 -211.570847
v 349.008392 16.308399 -211.712357
v 342.231995 16.308201 -211.712646
v 338.0 16.159401 -191.42395
v 338.0 16.256001 -191.565857
v 338.0 16.3081 -211.712753
v 338.0 16.404699 -211.570847
v 314.241913 16.404699 -211.402054
v 314.138092 16.310801 -211.505753
v 314.724701 16.308701 -211.711853
v 314.748108 16.404699 -211.570847
v 314.180603 16.310801 -191.630844
v 313.974487 16.308701 -192.217346
v 313.932098 16.308701 -210.91925
v 314.76709 16.308701 -191.424744
v 314.354004 16.308701 -206.687057
v 314.453003 16.308701 -196.449646
v 320.215088 16.2194 -191.424545
v 326.991486 16.0401 -191.424255
v 333.781403 16.273199 -191.565857
v 333.768005 16.176701 -191.424057
v 320.215088 16.3085 -211.712143
v 326.991608 16.308399 -211.712357
v 327.008301 16.404699 -211.570847
v 333.768005 16.308201 -211.712646
v 333.781403 16.404699 -211.570847
v 361.570496 16.1548 -206.679947
v 361.950012 16.1548 -192.230255
v 361.765686 16.1544 -191.684555
v 361.808197 16.1544 -211.452148
v 355.773895 16.065599 -191.500244
v 342.224701 16.0233 -191.500153
v 327.000702 15.8866 -191.500153
v 333.775299 16.0233 -191.500153
v 361.262512 16.1548 -211.636353
v 355.773895 16.1548 -211.636444
v 338.0 16.1548 -211.636551
v 320.226105 16.1548 -211.636444
v 327.000702 16.1548 -211.636444
v 333.775299 16.1548 -211.636551
v 314.528503 16.1548 -196.45665
v 314.429504 16.1548 -206.679947
v 314.007599 16.1548 -210.906448
v 361.607513 11.5894 -196.444153
v 361.706604 11.5894 -206.692551
v 361.481201 11.4821 -196.45575
v 361.393005 11.4821 -192.228653
v 361.205811 11.4817 -191.677658
v 361.296204 11.5881 -191.58725
v 361.519196 11.5894 -192.207352
v 362.002197 11.4821 -210.908051
v 362.12851 11.5894 -210.929352
v 361.905487 11.5881 -211.549454
v 360.654785 11.4821 -191.490448
v 360.676086 11.5893 -191.364258
v 355.793488 11.5893 -191.363953
v 349.015594 11.507 -191.363647
v 342.237793 11.4973 -191.363358
v 338.0 11.4755 -191.363144
v 314.794189 11.4817 -191.677658
v 314.703796 11.5881 -191.58725
v 315.323914 11.5893 -191.364258
v 320.206512 11.5893 -191.363953
v 320.224792 11.4821 -191.490448
v 326.984406 11.507 -191.363647
v 326.999603 11.3999 -191.490356
v 333.762207 11.4973 -191.363358
v 361.2854 11.5893 -211.772354
v 355.793488 11.5893 -211.772751
v 355.775208 11.4821 -211.646255
v 349.000397 11.4821 -211.646255
v 349.015594 11.5892 -211.773056
v 342.237793 11.5892 -211.773346
v 338.0 11.5892 -211.773453
v 338.0 11.4821 -211.646347
v 314.735901 11.4821 -211.646149
v 314.7146 11.5893 -211.772354
v 314.094513 11.5881 -211.549454
v 320.224792 11.4821 -211.646255
v 320.206512 11.5893 -211.772751
v 326.999603 11.4821 -211.646255
v 326.984406 11.5892 -211.773056
v 333.774414 11.4821 -211.646347
v 333.762207 11.5892 -211.773346
v 361.241211 11.7367 -191.642258
v 361.4422 11.7363 -192.220657
v 362.051392 11.7363 -210.915955
v 361.850494 11.7367 -211.494354
v 360.662811 11.7363 -191.441254
v 355.782104 11.7363 -191.441147
v 342.230103 11.6444 -191.44075
v 333.769897 11.6444 -191.44075
v 361.272095 11.7363 -211.695343
v 349.006104 11.7362 -211.695648
v 342.230103 11.7362 -211.695847
v 314.149506 11.7367 -211.494354
v 314.727905 11.7363 -211.695343
v 320.217896 11.7363 -211.695557
v 326.993896 11.7362 -211.695648
v 314.392487 11.5894 -196.444153
v 314.518799 11.4821 -196.45575
v 314.293396 11.5894 -206.692551
v 314.480804 11.5894 -192.207352
v 313.87149 11.5894 -210.929352
v 313.997803 11.4821 -210.908051
v 314.5578 11.7363 -192.220657
v 313.948608 11.7363 -210.915955
# 1350 vertices

vt 11.4864 17.4348
vt 11.4864 17.4429
vt 11.4896 17.4429
vt 11.4896 17.4547
vt 11.4919 17.4449
vt 11.4919 17.4526
vt 16.8874 18.7198
vt 16.8916 18.7094
vt 16.8996 18.708
vt 16.9003 18.7596
vt 16.9058 18.7514
vt 16.9115 18.7452
vt 16.9145 18.4284
vt 16.9185 18.4232
vt 16.9208 17.7239
vt 16.9248 17.731
vt 16.9265 17.4326
vt 16.9265 18.4225
vt 16.9304 17.4448
vt 16.9329 17.7318
vt 16.9374 18.7735
vt 16.9385 17.4463
vt 16.9394 17.3928
vt 16.9447 17.403
vt 16.9453 18.7664
vt 16.9467 18.7579
vt 16.9504 17.4091
vt 16.9766 17.3789
vt 16.9842 17.3879
vt 16.9856 17.3964
vt 17.29 17.3789
vt 17.29 18.7735
vt 17.2959 17.3878
vt 17.2959 18.7664
vt 17.297 17.3964
vt 17.297 18.7579
vt 17.7251 17.3789
vt 17.7251 18.7735
vt 17.7285 17.3878
vt 17.7285 18.7664
vt 17.7294 17.3964
vt 17.7294 18.7579
vt 18.0993 15.1601
vt 18.1072 15.0514
vt 18.122 14.8976
vt 18.1322 14.8347
vt 18.1335 15.1601
vt 18.1513 15.0514
vt 18.1603 17.3789
vt 18.1603 18.7735
vt 18.1611 17.3878
vt 18.1611 18.7664
vt 18.1618 17.3964
vt 18.1618 18.7579
vt 18.1662 14.8976
vt 18.1684 14.8347
vt 18.4315 17.3878
vt 18.4315 17.3964
vt 18.4315 18.7579
vt 18.4315 18.7664
vt 18.4319 17.3789
vt 18.4319 18.7735
vt 18.4723 14.8976
vt 18.4723 15.0514
vt 18.4743 14.8347
vt 18.4747 15.1535
vt 18.7012 17.3964
vt 18.7012 18.7579
vt 18.7021 17.3878
vt 18.7021 18.7664
vt 18.7035 17.3789
vt 18.7035 18.7735
vt 18.8972 14.8881
vt 18.8972 15.0418
vt 18.8988 14.8286
vt 18.8993 15.1403
vt 19.1337 17.3964
vt 19.1337 18.7579
vt 19.1347 17.3878
vt 19.1347 18.7664
vt 19.1387 17.3789
vt 19.1387 18.7735
vt 19.3221 14.8903
vt 19.3221 15.044
vt 19.3234 14.828
vt 19.3237 15.1504
vt 19.4839 16.8034
vt 19.4839 16.8481
vt 19.4839 16.9045
vt 19.4839 16.9668
vt 19.4839 17.0293
vt 19.4839 17.0856
vt 19.4839 17.1231
vt 19.4839 17.1692
vt 19.4839 17.2317
vt 19.4839 17.2941
vt 19.4839 17.3504
vt 19.4839 17.3951
vt 19.4839 17.4404
vt 19.4839 17.5028
vt 19.4839 17.5652
vt 19.4839 17.6215
vt 19.4839 17.6663
vt 19.4839 17.7226
vt 19.4839 17.785
vt 19.4839 17.8475
vt 19.4839 17.9037
vt 19.5661 17.3964
vt 19.5661 18.7579
vt 19.5673 17.3878
vt 19.5673 18.7664
vt 19.5739 17.3789
vt 19.5739 18.7735
vt 19.5885 14.8263
vt 19.5885 14.8976
vt 19.5885 15.0514
vt 19.5885 15.1492
vt 19.7146 20.5361
vt 19.7534 20.4453
vt 19.7666 20.4453
vt 19.7915 17.1129
vt 19.7915 17.1692
vt 19.7915 17.2317
vt 19.7915 17.2941
vt 19.7915 17.3504
vt 19.7941 17.0747
vt 19.7941 17.3949
vt 19.7964 16.8034
vt 19.7964 16.8481
vt 19.7964 16.9045
vt 19.7964 16.9668
vt 19.7964 17.0293
vt 19.7964 17.4404
vt 19.7964 17.5028
vt 19.7964 17.5652
vt 19.7964 17.6215
vt 19.7964 17.6663
vt 19.7964 17.7226
vt 19.7964 17.785
vt 19.7964 17.8475
vt 19.7964 17.9037
vt 19.8153 20.3584
vt 19.828 20.3584
vt 19.8281 21.0287
vt 19.8453 21.0894
vt 19.8532 15.1504
vt 19.8535 14.828
vt 19.8548 14.8903
vt 19.8548 15.044
vt 19.8771 21.9368
vt 19.8776 17.3964
vt 19.8789 17.3879
vt 19.8798 21.0878
vt 19.8823 20.2536
vt 19.8845 22.0967
vt 19.8864 21.3664
vt 19.8874 17.3789
vt 19.8888 21.6042
vt 19.8939 20.2536
vt 19.911 21.9368
vt 19.9128 17.4091
vt 19.9164 18.7579
vt 19.9178 18.7664
vt 19.9182 22.0967
vt 19.9185 17.403
vt 19.9201 21.3648
vt 19.9224 21.6042
vt 19.9244 17.3928
vt 19.9246 17.4463
vt 19.9265 18.7735
vt 19.929 22.2341
vt 19.9303 17.7318
vt 19.9327 17.4448
vt 19.9366 18.4225
vt 19.9368 20.0874
vt 19.9374 17.4326
vt 19.9383 17.731
vt 19.9387 19.3457
vt 19.943 17.7239
vt 19.9447 18.4232
vt 19.9461 19.1857
vt 19.9475 20.0874
vt 19.9481 19.9161
vt 19.9491 19.3457
vt 19.9494 18.4284
vt 19.9504 19.6783
vt 19.9516 18.7452
vt 19.9569 19.1857
vt 19.9574 18.7514
vt 19.9585 19.9161
vt 19.9609 19.6783
vt 19.9618 22.2341
vt 19.9635 18.708
vt 19.9636 18.7596
vt 19.9673 20.4111
vt 19.9693 20.4108
vt 19.9716 18.7094
vt 19.972 20.4103
vt 19.9746 19.0695
vt 19.9756 20.4096
vt 19.9765 18.7198
vt 19.9773 17.3315
vt 19.9783 19.0702
vt 19.9789 20.4508
vt 19.9804 20.449
vt 19.9825 20.4467
vt 19.9851 19.0331
vt 19.9854 20.4434
vt 19.988 19.0364
vt 19.9907 19.0482
vt 19.9924 17.3463
vt 19.9924 17.3464
vt 19.9936 20.1074
vt 19.9942 20.4062
vt 19.9957 20.1072
vt 19.9969 19.0736
vt 19.9983 20.1068
vt 19.9998 19.3724
vt 20.0001 20.4264
vt 20.002 17.3611
vt 20.0019 19.3726
vt 20.0019 20.1065
vt 20.0028 19.0534
vt 20.003 19.0482
vt 20.0045 19.373
vt 20.0053 19.0686
vt 20.0075 19.0691
vt 20.0082 17.3842
vt 20.0082 17.4113
vt 20.0081 19.3733
vt 20.0134 20.4643
vt 20.0137 20.4617
vt 20.0142 20.4589
vt 20.0147 20.4547
vt 20.0168 19.021
vt 20.017 19.029
vt 20.0174 19.0252
vt 20.0177 20.4332
vt 20.0186 19.0308
vt 20.0205 19.0467
vt 20.0206 20.1046
vt 20.0265 20.1157
vt 20.0268 19.3752
vt 20.0289 22.4628
vt 20.0327 19.3641
vt 20.0338 17.191
vt 20.0338 17.2028
vt 20.0338 17.2077
vt 20.0338 17.2256
vt 20.0338 17.23
vt 20.0338 17.2304
vt 20.0338 22.4777
vt 20.0441 20.1194
vt 20.0467 17.4427
vt 20.0474 19.1448
vt 20.0503 19.3604
vt 20.0515 19.0156
vt 20.0518 19.0181
vt 20.0585 19.1448
vt 20.0596 22.4629
vt 20.06 17.4669
vt 20.0699 18.9361
vt 20.0698 18.9367
vt 20.0706 18.9243
vt 20.0818 18.9365
vt 20.0818 18.9367
vt 20.0918 19.1448
vt 20.0935 18.5837
vt 20.0968 17.191
vt 20.1039 17.1129
vt 20.1039 17.1692
vt 20.1039 17.2317
vt 20.1039 17.2941
vt 20.1039 17.3504
vt 20.1065 17.0747
vt 20.1065 17.3949
vt 20.1087 16.8034
vt 20.1087 16.8481
vt 20.1087 16.9045
vt 20.1087 16.9668
vt 20.1087 17.0293
vt 20.1087 17.4404
vt 20.1087 17.5028
vt 20.1087 17.5652
vt 20.1087 17.6215
vt 20.1087 17.6663
vt 20.1087 17.7226
vt 20.1087 17.785
vt 20.1087 17.8475
vt 20.1087 17.9037
vt 20.1112 17.794
vt 20.1119 18.1889
vt 20.1534 20.5549
vt 20.1925 20.4642
vt 20.2384 20.3772
vt 20.2385 21.0105
vt 20.2514 21.0711
vt 20.2753 21.9368
vt 20.2777 15.1403
vt 20.2781 14.8286
vt 20.2798 14.8881
vt 20.2798 15.0418
vt 20.2809 22.0967
vt 20.2823 21.3482
vt 20.2841 21.6042
vt 20.2878 20.2719
vt 20.3143 22.2341
vt 20.3281 20.1056
vt 20.3293 19.3457
vt 20.3351 19.1857
vt 20.3363 19.9343
vt 20.3381 19.6783
vt 20.3504 17.3315
vt 20.3566 19.0156
vt 20.3566 20.4643
vt 20.3569 19.0181
vt 20.3569 19.1448
vt 20.3569 20.4617
vt 20.3573 19.021
vt 20.3573 20.4589
vt 20.3578 19.0252
vt 20.3578 20.4547
vt 20.3604 19.0467
vt 20.3604 19.3604
vt 20.3604 20.1194
vt 20.3604 20.4332
vt 20.3617 17.3463
vt 20.3617 17.3464
vt 20.369 17.3611
vt 20.3697 19.0482
vt 20.3737 17.3842
vt 20.3737 17.4113
vt 20.3899 22.4638
vt 20.3927 17.2028
vt 20.3927 17.2077
vt 20.3927 17.2256
vt 20.3928 17.23
vt 20.3927 17.2304
vt 20.3928 22.4777
vt 20.4025 17.4479
vt 20.4125 17.466
vt 20.4212 16.8034
vt 20.4212 16.8481
vt 20.4212 16.9045
vt 20.4212 16.9668
vt 20.4212 17.0293
vt 20.4212 17.0856
vt 20.4212 17.1692
vt 20.4212 17.2317
vt 20.4212 17.2941
vt 20.4212 17.3504
vt 20.4212 17.3951
vt 20.4212 17.4404
vt 20.4212 17.5028
vt 20.4212 17.5652
vt 20.4212 17.6215
vt 20.4212 17.6663
vt 20.4212 17.7226
vt 20.4212 17.785
vt 20.4212 17.8475
vt 20.4212 17.9037
vt 20.4226 17.1202
vt 20.4288 18.9365
vt 20.4288 18.9367
vt 20.4376 18.5833
vt 20.44 17.191
vt 20.4509 17.7847
vt 20.5922 20.5629
vt 20.6124 17.1762
vt 20.6124 17.1884
vt 20.6182 20.4722
vt 20.6219 17.264
vt 20.6219 17.2762
vt 20.6489 20.3853
vt 20.649 21.0027
vt 20.655 17.1762
vt 20.655 17.1884
vt 20.6576 21.0632
vt 20.6646 17.264
vt 20.6646 17.2762
vt 20.6735 17.1566
vt 20.6735 21.9368
vt 20.6762 15.874
vt 20.6772 22.0967
vt 20.6782 21.3402
vt 20.6793 17.1455
vt 20.6794 21.6042
vt 20.6818 20.2798
vt 20.682 15.8822
vt 20.6854 17.1941
vt 20.688 15.8365
vt 20.6883 17.1439
vt 20.691 15.8838
vt 20.6924 17.1851
vt 20.6952 15.8426
vt 20.6992 17.1781
vt 20.6995 22.2341
vt 20.7006 16.8664
vt 20.7018 15.8496
vt 20.7022 15.1535
vt 20.7026 14.8347
vt 20.7046 14.8976
vt 20.7046 15.0514
vt 20.7062 16.8596
vt 20.7069 16.1644
vt 20.7087 17.1762
vt 20.7087 17.1884
vt 20.7087 20.1136
vt 20.7095 19.3457
vt 20.7126 16.1681
vt 20.7134 19.1857
vt 20.7142 19.9421
vt 20.7153 16.8588
vt 20.7154 19.6783
vt 20.7183 17.264
vt 20.7183 17.2762
vt 20.7204 17.2067
vt 20.7216 16.169
vt 20.7231 15.8239
vt 20.7236 17.3315
vt 20.7299 17.199
vt 20.7312 17.3463
vt 20.7312 17.3464
vt 20.7314 17.1895
vt 20.7326 15.8287
vt 20.7341 15.8382
vt 20.736 17.3611
vt 20.7365 19.0482
vt 20.7391 17.3842
vt 20.7391 17.4113
vt 20.7499 22.4617
vt 20.7518 17.2028
vt 20.7518 17.2077
vt 20.7518 17.2256
vt 20.7519 17.23
vt 20.7518 17.2304
vt 20.7519 22.4777
vt 20.7584 17.4532
vt 20.7649 17.4652
vt 20.7682 17.1762
vt 20.7682 17.1884
vt 20.7759 18.9365
vt 20.7759 18.9367
vt 20.7778 17.264
vt 20.7778 17.2762
vt 20.7803 19.0156
vt 20.7803 20.4643
vt 20.7805 19.0181
vt 20.7805 19.1448
vt 20.7805 20.4617
vt 20.7808 19.021
vt 20.7808 20.4589
vt 20.7813 19.0252
vt 20.7813 20.4547
vt 20.7817 18.5829
vt 20.7834 17.191
vt 20.7835 19.0467
vt 20.7835 19.3604
vt 20.7835 20.1194
vt 20.7835 20.4332
vt 20.7906 17.7754
vt 20.8277 17.1762
vt 20.8277 17.1884
vt 20.8373 17.264
vt 20.8373 17.2762
vt 20.8814 17.1762
vt 20.8814 17.1884
vt 20.891 17.264
vt 20.891 17.2762
vt 20.924 17.1762
vt 20.924 17.1884
vt 20.9336 17.264
vt 20.9336 17.2762
vt 21.0085 14.8347
vt 21.0108 14.8976
vt 21.0256 15.0514
vt 21.031 20.6145
vt 21.0434 15.1601
vt 21.0441 20.5237
vt 21.0594 20.4368
vt 21.0594 20.9499
vt 21.0609 14.8343
vt 21.0609 14.8347
vt 21.0609 14.8971
vt 21.0609 14.8976
vt 21.0637 21.0104
vt 21.0682 15.0509
vt 21.0682 15.0514
vt 21.0717 21.9368
vt 21.0731 15.8239
vt 21.0731 17.2067
vt 21.0736 22.0967
vt 21.0741 21.2875
vt 21.0746 21.6042
vt 21.0758 20.3325
vt 21.0787 15.1596
vt 21.0787 15.1601
vt 21.0804 15.8287
vt 21.0804 17.199
vt 21.0816 15.8382
vt 21.0816 17.1895
vt 21.0847 22.2341
vt 21.0893 20.1664
vt 21.0898 19.3457
vt 21.0916 19.1857
vt 21.0921 19.9949
vt 21.0927 19.6783
vt 21.0968 17.3315
vt 21.1006 17.3463
vt 21.1006 17.3464
vt 21.1029 17.3611
vt 21.1032 19.0482
vt 21.1045 17.3842
vt 21.1045 17.4113
vt 21.1099 22.4594
vt 21.1107 17.2028
vt 21.1107 17.2077
vt 21.1107 17.2256
vt 21.1107 17.2304
vt 21.111 14.8971
vt 21.111 15.0509
vt 21.1109 17.2028
vt 21.1109 17.23
vt 21.1109 22.4777
vt 21.1133 14.8343
vt 21.1138 15.1596
vt 21.1141 17.4584
vt 21.1175 17.4645
vt 21.1229 18.9365
vt 21.1229 18.9367
vt 21.1259 18.5823
vt 21.1266 17.191
vt 21.1303 17.7661
vt 21.204 19.0155
vt 21.204 20.4643
vt 21.2041 19.0181
vt 21.2041 19.1448
vt 21.2041 20.4617
vt 21.2044 19.021
vt 21.2044 20.4589
vt 21.2047 19.0252
vt 21.2047 20.4547
vt 21.2065 19.0467
vt 21.2065 19.3604
vt 21.2065 20.1194
vt 21.2065 20.4332
vt 21.3382 20.6455
vt 21.3421 20.5547
vt 21.3467 20.4678
vt 21.3467 20.9189
vt 21.3517 20.3635
vt 21.3557 20.1973
vt 21.3566 20.0259
vt 21.3771 14.8971
vt 21.3771 15.0509
vt 21.3784 14.8343
vt 21.3787 15.1596
vt 21.4683 19.0155
vt 21.4683 19.0181
vt 21.4683 19.021
vt 21.4683 19.0252
vt 21.4683 19.0467
vt 21.4683 19.1448
vt 21.4683 19.3604
vt 21.4683 20.1194
vt 21.4683 20.4332
vt 21.4683 20.4547
vt 21.4683 20.4589
vt 21.4683 20.4617
vt 21.4683 20.4643
vt 21.4698 17.2028
vt 21.4698 17.2077
vt 21.4698 17.2256
vt 21.4698 17.2304
vt 21.4699 17.191
vt 21.4699 17.2028
vt 21.4699 17.23
vt 21.4699 17.3315
vt 21.4699 17.3463
vt 21.4699 17.3464
vt 21.4699 17.3611
vt 21.4699 17.3842
vt 21.4699 17.4113
vt 21.4699 17.4636
vt 21.4699 17.7569
vt 21.4699 18.5819
vt 21.4699 18.9365
vt 21.4699 18.9367
vt 21.4699 19.0482
vt 21.4699 19.1857
vt 21.4699 19.3457
vt 21.4699 19.6783
vt 21.4699 20.0315
vt 21.4699 20.2029
vt 21.4699 20.3692
vt 21.4699 20.474
vt 21.4699 20.5609
vt 21.4699 20.6517
vt 21.4699 20.9133
vt 21.4699 20.9738
vt 21.4699 21.2508
vt 21.4699 21.6042
vt 21.4699 21.9368
vt 21.4699 22.0967
vt 21.4699 22.2341
vt 21.4699 22.4544
vt 21.4699 22.4777
vt 21.5085 15.8239
vt 21.5085 17.2067
vt 21.5129 15.8287
vt 21.5129 17.199
vt 21.5139 15.8382
vt 21.5139 17.1895
vt 21.5833 20.0259
vt 21.5841 20.1973
vt 21.5882 20.3635
vt 21.5932 20.4677
vt 21.5932 20.9189
vt 21.5978 20.5546
vt 21.6017 20.6453
vt 21.73 19.0467
vt 21.73 19.3604
vt 21.73 20.1194
vt 21.73 20.4332
vt 21.7317 19.0252
vt 21.7317 20.4547
vt 21.7321 19.021
vt 21.7321 20.4589
vt 21.7323 19.0181
vt 21.7323 19.1448
vt 21.7323 20.4617
vt 21.7325 19.0155
vt 21.7325 20.4643
vt 21.8096 17.7661
vt 21.8133 17.191
vt 21.814 18.5823
vt 21.8169 18.9365
vt 21.8169 18.9367
vt 21.8224 17.4645
vt 21.8258 17.4584
vt 21.8288 17.2028
vt 21.8288 17.2077
vt 21.8288 17.2256
vt 21.8288 17.2304
vt 21.829 17.2028
vt 21.829 17.23
vt 21.829 22.4777
vt 21.83 22.4594
vt 21.8354 17.3842
vt 21.8354 17.4113
vt 21.8367 19.0482
vt 21.837 17.3611
vt 21.8393 17.3463
vt 21.8393 17.3464
vt 21.8431 17.3315
vt 21.8472 19.6783
vt 21.8478 19.9949
vt 21.8482 19.1857
vt 21.8501 19.3457
vt 21.8506 20.1664
vt 21.8552 22.2341
vt 21.864 20.3325
vt 21.8653 21.6042
vt 21.8658 21.2875
vt 21.8663 22.0967
vt 21.8682 21.9368
vt 21.8762 21.0104
vt 21.8805 20.435
vt 21.8805 20.9499
vt 21.8958 20.5219
vt 21.9089 20.6127
vt 21.9438 15.8239
vt 21.9438 17.2067
vt 21.9454 15.8287
vt 21.9454 17.199
vt 21.9462 15.8382
vt 21.9462 17.1895
vt 22.0193 15.1596
vt 22.0196 14.8343
vt 22.0209 14.8971
vt 22.0209 15.0509
vt 22.1493 17.7754
vt 22.153 19.0467
vt 22.153 19.3604
vt 22.153 20.1194
vt 22.153 20.4332
vt 22.1552 19.0252
vt 22.1552 20.4547
vt 22.1556 19.021
vt 22.1556 20.4589
vt 22.1559 19.0181
vt 22.1559 19.1448
vt 22.1559 20.4617
vt 22.1562 19.0156
vt 22.1562 20.4643
vt 22.1565 17.191
vt 22.1582 18.5829
vt 22.164 18.9365
vt 22.164 18.9367
vt 22.1749 17.4652
vt 22.1815 17.4532
vt 22.1877 17.2028
vt 22.1877 17.2077
vt 22.1877 17.2256
vt 22.1877 17.2304
vt 22.188 17.2028
vt 22.188 17.23
vt 22.188 22.4777
vt 22.19 22.4617
vt 22.1971 17.3543
vt 22.198 17.8169
vt 22.2008 17.3842
vt 22.2008 17.4113
vt 22.2034 19.0482
vt 22.2039 17.3611
vt 22.208 17.2852
vt 22.208 17.4234
vt 22.2087 17.3463
vt 22.2087 17.3464
vt 22.2089 17.748
vt 22.2089 17.8857
vt 22.2098 17.3543
vt 22.2098 17.8169
vt 22.2153 15.8239
vt 22.2153 17.2067
vt 22.2155 15.8287
vt 22.2155 15.8382
vt 22.2155 17.1895
vt 22.2155 17.199
vt 22.2163 17.3315
vt 22.2201 17.2892
vt 22.2201 17.4194
vt 22.2201 17.7517
vt 22.2201 17.882
vt 22.2245 19.6783
vt 22.2257 17.3543
vt 22.2257 17.8169
vt 22.2257 19.9421
vt 22.2265 19.1857
vt 22.2304 19.3457
vt 22.2312 20.1136
vt 22.2353 17.2941
vt 22.2353 17.4146
vt 22.2353 17.7566
vt 22.2353 17.877
vt 22.2398 17.2229
vt 22.2398 17.4857
vt 22.2404 22.2341
vt 22.2405 17.686
vt 22.2405 17.9477
vt 22.25 17.2304
vt 22.25 17.4783
vt 22.25 17.6929
vt 22.25 17.9407
vt 22.258 20.2798
vt 22.2605 21.6042
vt 22.2617 21.3402
vt 22.2626 22.0967
vt 22.2629 17.2398
vt 22.2629 17.4688
vt 22.2629 17.7023
vt 22.2629 17.9314
vt 22.2664 21.9368
vt 22.2823 21.0632
vt 22.2841 15.1596
vt 22.2847 14.8343
vt 22.287 14.8971
vt 22.287 15.0509
vt 22.2892 17.1735
vt 22.2892 17.5351
vt 22.2897 17.6367
vt 22.2897 17.9969
vt 22.291 20.3849
vt 22.2909 21.0027
vt 22.2967 17.1838
vt 22.2967 17.5249
vt 22.2967 17.6463
vt 22.2967 17.9874
vt 22.3061 17.1967
vt 22.3061 17.5119
vt 22.3061 17.6593
vt 22.3061 17.9745
vt 22.3217 20.4718
vt 22.3263 14.8338
vt 22.3263 14.8343
vt 22.3263 14.8968
vt 22.3263 14.8971
vt 22.3263 15.0505
vt 22.3263 15.0509
vt 22.3263 15.1592
vt 22.3263 15.1596
vt 22.3477 20.5626
vt 22.3515 17.1418
vt 22.3515 17.5668
vt 22.3518 17.6051
vt 22.3518 18.0285
vt 22.3554 17.1538
vt 22.3554 17.5548
vt 22.3554 17.6163
vt 22.3554 18.0173
vt 22.3603 17.169
vt 22.3603 17.5396
vt 22.3603 17.6315
vt 22.3603 18.0021
vt 22.3657 14.8968
vt 22.3657 15.0505
vt 22.3679 14.8338
vt 22.3686 15.1592
vt 22.4205 17.1308
vt 22.4205 17.1435
vt 22.4205 17.1595
vt 22.4205 17.5491
vt 22.4205 17.5651
vt 22.4205 17.5778
vt 22.4205 17.5942
vt 22.4205 17.606
vt 22.4205 17.622
vt 22.4205 18.0117
vt 22.4205 18.0277
vt 22.4205 18.0394
vt 22.4807 17.169
vt 22.4807 17.5396
vt 22.4807 17.6315
vt 22.4807 18.0021
vt 22.4848 15.8382
vt 22.4848 17.1895
vt 22.4856 15.8287
vt 22.4856 17.1538
vt 22.4856 17.199
vt 22.4856 17.5548
vt 22.4856 17.6163
vt 22.4856 18.0173
vt 22.4868 15.8239
vt 22.4868 17.2067
vt 22.489 17.7847
vt 22.4893 17.6051
vt 22.4893 18.0285
vt 22.4895 17.1418
vt 22.4895 17.5668
vt 22.4999 17.191
vt 22.5023 18.5833
vt 22.5111 18.9365
vt 22.5111 18.9367
vt 22.5274 17.466
vt 22.5349 17.1967
vt 22.5349 17.5119
vt 22.5349 17.6593
vt 22.5349 17.9745
vt 22.5374 17.4479
vt 22.5444 17.1838
vt 22.5444 17.5249
vt 22.5444 17.6463
vt 22.5444 17.9874
vt 22.5468 17.2028
vt 22.5468 17.2077
vt 22.5468 17.2256
vt 22.5468 17.2304
vt 22.547 17.2028
vt 22.547 17.23
vt 22.547 22.4777
vt 22.55 22.4638
vt 22.5513 17.6367
vt 22.5513 17.9969
vt 22.5518 17.1735
vt 22.5518 17.5351
vt 22.5662 17.3842
vt 22.5662 17.4113
vt 22.5702 19.0482
vt 22.5709 17.3611
vt 22.5761 19.0467
vt 22.5761 19.3604
vt 22.5761 20.1194
vt 22.5761 20.4332
vt 22.5781 17.2398
vt 22.5782 17.3463
vt 22.5782 17.3464
vt 22.5781 17.4688
vt 22.5781 17.7023
vt 22.5781 17.9314
vt 22.5786 19.0252
vt 22.5786 20.4547
vt 22.5792 19.021
vt 22.5792 20.4589
vt 22.5796 19.0181
vt 22.5796 19.1448
vt 22.5796 20.4617
vt 22.5799 19.0156
vt 22.5799 20.4643
vt 22.5894 17.3315
vt 22.591 17.2304
vt 22.591 17.4783
vt 22.591 17.6929
vt 22.591 17.9407
vt 22.6005 17.686
vt 22.6005 17.9477
vt 22.6012 17.2229
vt 22.6012 17.4857
vt 22.6017 19.6783
vt 22.6035 19.9343
vt 22.6048 19.1857
vt 22.6057 17.2941
vt 22.6057 17.4146
vt 22.6057 17.7566
vt 22.6057 17.877
vt 22.6106 19.3457
vt 22.6118 20.1056
vt 22.6153 17.3543
vt 22.6153 17.8169
vt 22.6209 17.2892
vt 22.6209 17.4194
vt 22.6209 17.7517
vt 22.6209 17.882
vt 22.6256 22.2341
vt 22.6313 17.3543
vt 22.6313 17.8169
vt 22.6321 17.748
vt 22.6321 17.8857
vt 22.633 17.2852
vt 22.633 17.4234
vt 22.643 17.8169
vt 22.6439 17.3543
vt 22.652 20.2719
vt 22.6558 21.6042
vt 22.6576 21.3482
vt 22.659 22.0967
vt 22.6646 21.9368
vt 22.6885 21.0711
vt 22.7015 20.3779
vt 22.7014 21.0105
vt 22.7099 14.8968
vt 22.7099 15.0505
vt 22.7119 14.8338
vt 22.7125 15.1592
vt 22.7474 20.4648
vt 22.7864 20.5555
vt 22.828 18.1889
vt 22.8286 17.794
vt 22.8431 17.191
vt 22.8446 19.1448
vt 22.8464 18.5837
vt 22.8581 18.9365
vt 22.8581 18.9367
vt 22.8692 18.9243
vt 22.8696 18.9364
vt 22.8701 18.9367
vt 22.8779 19.1448
vt 22.8799 17.4669
vt 22.8802 22.4629
vt 22.8847 19.0181
vt 22.8849 19.0156
vt 22.8861 19.3604
vt 22.889 19.1448
vt 22.8923 20.1194
vt 22.8932 17.4427
vt 22.9037 19.3641
vt 22.9057 17.2028
vt 22.9057 17.2077
vt 22.9057 17.2256
vt 22.9057 17.2304
vt 22.9061 17.191
vt 22.9061 17.2028
vt 22.9061 17.23
vt 22.9061 22.4777
vt 22.9097 19.3752
vt 22.9099 20.1157
vt 22.911 22.4628
vt 22.9159 20.1046
vt 22.916 19.0467
vt 22.9171 15.8382
vt 22.9171 17.1895
vt 22.9179 19.0308
vt 22.9181 15.8287
vt 22.9181 17.199
vt 22.9187 20.4332
vt 22.9191 19.0252
vt 22.9194 19.029
vt 22.9196 19.021
vt 22.9217 20.4547
vt 22.9221 15.8239
vt 22.9221 17.2067
vt 22.9223 20.4589
vt 22.9227 20.4617
vt 22.9231 20.4643
vt 22.9283 19.3733
vt 22.929 19.0691
vt 22.9312 19.0686
vt 22.9316 17.3842
vt 22.9316 17.4113
vt 22.9319 19.373
vt 22.9337 19.0534
vt 22.9345 19.3726
vt 22.9345 20.1065
vt 22.9363 20.4264
vt 22.9366 19.3724
vt 22.9369 19.0482
vt 22.9379 17.3611
vt 22.9381 20.1068
vt 22.9395 19.0736
vt 22.9407 20.1072
vt 22.9423 20.4062
vt 22.9428 20.1074
vt 22.9475 17.3463
vt 22.9475 17.3464
vt 22.9484 19.0364
vt 22.9492 19.0482
vt 22.9511 20.4434
vt 22.9513 19.0331
vt 22.9539 20.4467
vt 22.956 20.449
vt 22.9575 20.4508
vt 22.9582 19.0702
vt 22.9609 20.4096
vt 22.9619 19.0695
vt 22.9626 17.3315
vt 22.9645 20.4103
vt 22.9671 20.4108
vt 22.9692 20.4111
vt 22.9781 22.2341
vt 22.979 19.6783
vt 22.9814 19.9161
vt 22.983 19.1857
vt 22.9895 19.6783
vt 22.9908 19.3457
vt 22.9918 19.9161
vt 22.9924 20.0874
vt 22.9938 19.1857
vt 23.0012 19.3457
vt 23.0031 20.0874
vt 23.0109 22.2341
vt 23.0175 21.6042
vt 23.0198 21.3648
vt 23.0217 22.0967
vt 23.0289 21.9368
vt 23.046 20.2536
vt 23.0511 21.6042
vt 23.0535 21.3664
vt 23.0553 22.0967
vt 23.0576 20.2536
vt 23.0601 21.0878
vt 23.0628 21.9368
vt 23.0946 21.0894
vt 23.1119 20.3587
vt 23.1118 21.0287
vt 23.1246 20.3587
vt 23.1349 14.8968
vt 23.1349 15.0505
vt 23.1364 14.8338
vt 23.1369 15.1592
vt 23.1733 20.4456
vt 23.1865 20.4456
vt 23.2253 20.5363
vt 23.3494 15.8382
vt 23.3494 17.1895
vt 23.3507 15.8287
vt 23.3507 17.199
vt 23.3575 15.8239
vt 23.3575 17.2067
vt 23.5598 14.8968
vt 23.5598 15.0505
vt 23.5611 14.8338
vt 23.5614 15.1592
vt 23.6969 15.8382
vt 23.6984 15.8287
vt 23.6996 17.1895
vt 23.7011 17.199
vt 23.7074 15.8239
vt 23.7094 16.169
vt 23.7102 17.2067
vt 23.7157 16.8588
vt 23.7184 16.1681
vt 23.7236 16.1644
vt 23.7247 16.8596
vt 23.7292 15.8496
vt 23.73 16.8664
vt 23.7319 17.1781
vt 23.7359 15.8426
vt 23.7385 17.1851
vt 23.74 15.8838
vt 23.7425 15.8365
vt 23.7427 17.1439
vt 23.7452 17.1941
vt 23.749 15.8822
vt 23.7517 17.1455
vt 23.7543 15.874
vt 23.757 17.1566
vt 23.8261 14.8338
vt 23.8261 14.8968
vt 23.8261 15.0505
vt 23.8261 15.1592
vt 24.0908 15.1592
vt 24.0912 14.8338
vt 24.0925 14.8968
vt 24.0925 15.0505
vt 24.1361 18.8638
vt 24.137 18.7848
vt 24.137 18.8402
vt 24.1379 19.2363
vt 24.1378 19.3734
vt 24.1378 19.599
vt 24.1378 19.9151
vt 24.1378 20.1332
vt 24.1378 20.3218
vt 24.1378 20.4712
vt 24.1384 19.083
vt 24.2141 18.739
vt 24.2167 18.8638
vt 24.219 18.8375
vt 24.2293 18.7384
vt 24.2881 18.6665
vt 24.3033 18.6653
vt 24.3766 18.5169
vt 24.3894 18.5179
vt 24.4506 18.3507
vt 24.4617 18.3507
vt 24.4666 17.1999
vt 24.4666 17.3115
vt 24.4666 17.449
vt 24.4666 17.6088
vt 24.4666 17.9414
vt 24.4666 18.1794
vt 24.477 17.1999
vt 24.477 17.3115
vt 24.477 17.449
vt 24.477 17.6088
vt 24.477 17.9414
vt 24.477 18.1794
vt 24.5154 15.1592
vt 24.5157 14.8338
vt 24.5174 14.8968
vt 24.5174 15.0505
vt 24.5207 18.8399
vt 24.5217 19.083
vt 24.5244 18.8638
vt 24.5769 18.7235
vt 24.6324 18.6118
vt 24.6993 18.5417
vt 24.7547 18.3507
vt 24.7668 17.1999
vt 24.7668 17.3115
vt 24.7668 17.449
vt 24.7668 17.6088
vt 24.7668 17.9414
vt 24.7668 18.1794
vt 24.934 18.8343
vt 24.936 18.8638
vt 24.9398 15.1592
vt 24.9404 14.8338
vt 24.9423 14.8968
vt 24.9423 15.0505
vt 24.9762 18.7075
vt 25.0137 18.6169
vt 25.0584 18.541
vt 25.0948 18.3507
vt 25.1028 17.1999
vt 25.1028 17.3115
vt 25.1028 17.449
vt 25.1028 17.6088
vt 25.1028 17.9414
vt 25.1028 18.1794
vt 25.2837 15.1592
vt 25.2844 14.8338
vt 25.2866 14.8968
vt 25.2866 15.0505
vt 25.33 14.8338
vt 25.33 14.8339
vt 25.33 14.8968
vt 25.33 15.0505
vt 25.33 15.1592
vt 25.3349 19.083
vt 25.3472 18.8287
vt 25.3478 18.8638
vt 25.3733 14.8968
vt 25.3733 15.0505
vt 25.3756 14.8339
vt 25.3755 18.714
vt 25.3762 15.1592
vt 25.3935 18.6191
vt 25.4168 18.5418
vt 25.4347 18.3507
vt 25.4388 17.1999
vt 25.4388 17.3115
vt 25.4388 17.449
vt 25.4388 17.6088
vt 25.4388 17.9414
vt 25.4388 18.1794
vt 25.6255 19.3734
vt 25.6255 19.599
vt 25.6255 19.9151
vt 25.6255 20.1332
vt 25.6255 20.3218
vt 25.6255 20.4712
vt 25.6317 19.2363
vt 25.6395 14.8968
vt 25.6395 15.0505
vt 25.6401 19.3727
vt 25.6403 19.5983
vt 25.6407 14.8339
vt 25.6411 15.1592
vt 25.6413 19.9151
vt 25.6415 20.1332
vt 25.6416 20.3202
vt 25.6418 20.4712
vt 25.6469 19.237
vt 25.6529 19.083
vt 25.666 18.8526
vt 25.6675 18.8164
vt 25.6692 19.083
vt 25.6724 18.6139
vt 25.673 18.5181
vt 25.6731 18.7145
vt 25.6822 19.3688
vt 25.6822 19.5945
vt 25.6822 19.9151
vt 25.6822 20.1332
vt 25.6822 20.3124
vt 25.6822 20.4712
vt 25.683 18.3507
vt 25.6885 19.241
vt 25.6913 18.8148
vt 25.6932 18.6183
vt 25.6936 18.5169
vt 25.6941 18.1794
vt 25.6968 18.7221
vt 25.7005 19.083
vt 25.7021 17.9414
vt 25.7035 18.3507
vt 25.707 17.6088
vt 25.7121 17.449
vt 25.7146 18.1794
vt 25.7171 17.1999
vt 25.7171 17.3115
vt 25.7189 18.8526
vt 25.7202 18.8033
vt 25.7205 18.739
vt 25.7225 17.9414
vt 25.7276 17.6088
vt 25.7319 18.5169
vt 25.7323 18.6174
vt 25.7326 17.449
vt 25.7377 17.1999
vt 25.7377 17.3115
vt 25.7426 18.3507
vt 25.7533 18.1794
vt 25.761 17.9415
vt 25.7662 17.609
vt 25.7712 17.449
vt 25.7772 17.1984
vt 25.7772 17.3101
vt 26.2816 15.1592
vt 26.282 14.8339
vt 26.2832 14.8968
vt 26.2832 15.0505
vt 26.4251 17.2642
vt 26.43 17.4017
vt 26.4313 17.1247
vt 26.434 17.5616
vt 26.4397 17.8942
vt 26.4476 18.1321
vt 26.4586 18.3034
vt 26.4629 17.2637
vt 26.468 17.4012
vt 26.4683 18.4696
vt 26.4685 17.1228
vt 26.4687 18.5607
vt 26.4729 17.5611
vt 26.4779 17.8937
vt 26.4813 18.6914
vt 26.4816 18.7557
vt 26.4829 18.805
vt 26.4834 17.2637
vt 26.486 18.1315
vt 26.4885 17.4012
vt 26.4891 17.1228
vt 26.4934 17.5611
vt 26.4971 18.303
vt 26.4985 17.8937
vt 26.5005 19.1227
vt 26.505 18.6745
vt 26.5065 18.1315
vt 26.507 18.4691
vt 26.5072 18.5603
vt 26.5105 18.7672
vt 26.5125 19.2805
vt 26.5176 18.303
vt 26.5189 19.4083
vt 26.5189 19.6341
vt 26.5189 19.9546
vt 26.5189 20.1729
vt 26.5189 20.3521
vt 26.5189 20.5108
vt 26.5275 18.4703
vt 26.5287 18.6669
vt 26.5302 18.5576
vt 26.5319 19.1227
vt 26.5343 18.7688
vt 26.5354 18.8036
vt 26.5464 15.1592
vt 26.547 14.8339
vt 26.5482 19.1227
vt 26.5494 14.8968
vt 26.5494 15.0505
vt 26.5542 19.2766
vt 26.5593 20.5108
vt 26.5595 20.3599
vt 26.5597 19.9546
vt 26.5596 20.1729
vt 26.5609 19.4124
vt 26.5608 19.6379
vt 26.5695 19.276
vt 26.5757 19.4131
vt 26.5757 19.6385
vt 26.5757 19.9546
vt 26.5757 20.1729
vt 26.5757 20.3614
vt 26.5757 20.5108
vt 26.5807 15.1592
vt 26.5833 14.8339
vt 26.5934 14.8968
vt 26.5934 15.0505
vt 26.7674 17.1228
vt 26.7674 17.2345
vt 26.7674 17.3719
vt 26.7674 17.5319
vt 26.7674 17.8644
vt 26.7674 18.1023
vt 26.7715 18.2737
vt 26.7907 18.465
vt 26.8127 18.5421
vt 26.832 18.6372
vt 26.8561 18.7912
vt 26.8594 18.7506
vt 26.8662 19.1227
vt 27.1034 17.1228
vt 27.1034 17.2345
vt 27.1034 17.3719
vt 27.1034 17.5319
vt 27.1034 17.8644
vt 27.1034 18.1023
vt 27.1114 18.2737
vt 27.149 18.4641
vt 27.1938 18.54
vt 27.2312 18.6306
vt 27.2671 18.7922
vt 27.2727 18.7591
vt 27.4394 17.1228
vt 27.4394 17.2345
vt 27.4394 17.3719
vt 27.4394 17.5319
vt 27.4394 17.8644
vt 27.4394 18.1023
vt 27.4515 18.2737
vt 27.5069 18.4647
vt 27.5766 18.5496
vt 27.6306 18.6466
vt 27.6794 19.1227
vt 27.6814 18.7849
vt 27.686 18.7667
vt 27.7293 17.1228
vt 27.7293 17.2345
vt 27.7293 17.3719
vt 27.7293 17.5319
vt 27.7293 17.8644
vt 27.7292 18.1023
vt 27.7396 17.1228
vt 27.7396 17.2345
vt 27.7396 17.3719
vt 27.7396 17.5319
vt 27.7396 17.8644
vt 27.7396 18.1023
vt 27.7446 18.2737
vt 27.7556 18.2737
vt 27.8168 18.4409
vt 27.8296 18.4399
vt 27.9041 18.5884
vt 27.9193 18.5896
vt 27.9782 18.6616
vt 27.9882 18.7798
vt 27.9885 18.7606
vt 27.9933 18.6623
vt 28.0628 19.1227
vt 28.0632 19.276
vt 28.0633 19.4131
vt 28.0633 19.6385
vt 28.0633 19.9546
vt 28.0633 20.1729
vt 28.0633 20.3614
vt 28.0633 20.5108
vt 28.0696 18.7808
vt 28.0706 18.7079
vt 28.0706 18.7633
vt 30.5081 17.4449
vt 30.5081 17.4526
vt 30.5104 17.4429
vt 30.5104 17.4547
vt 30.5136 17.4348
vt 30.5136 17.4429
# 1396 texture vertices

s off

usemtl Meridian_S_1

f 1297/4426 1296/4520 1295/4498
f 1295/4498 1298/4400 1297/4426
f 1301/4391 1300/4489 1299/4488
f 1299/4488 1302/4390 1301/4391
f 1305/4514 1304/4501 1303/4588
f 1303/4588 1306/4590 1305/4514
f 1305/4514 1296/4520 1297/4426
f 1297/4426 1307/4424 1305/4514
f 1298/4400 1295/4498 1308/4497
f 1308/4497 1309/4399 1298/4400
f 1312/4388 1311/4486 1310/4481
f 1310/4481 1314/4386 1312/4388
f 1302/4390 1299/4488 1311/4486
f 1311/4486 1312/4388 1302/4390
f 1314/4387 1310/4482 1313/4479
f 1313/4479 1315/4372 1314/4387
f 1316/4323 1491/4321 1492/4324
f 1309/4399 1308/4497 1300/4489
f 1300/4489 1301/4391 1309/4399
f 1319/4592 1318/4644 1317/4643
f 1317/4643 1320/4587 1319/4592
f 1296/4520 1319/4592 1320/4587
f 1320/4587 1295/4498 1296/4520
f 1298/4400 1322/4320 1321/4350
f 1321/4350 1297/4426 1298/4400
f 1325/4573 1324/4642 1323/4641
f 1323/4641 1326/4572 1325/4573
f 1300/4489 1325/4573 1326/4572
f 1326/4572 1299/4488 1300/4489
f 1302/4390 1327/4287 1455/4288
f 1455/4288 1301/4391 1302/4390
f 1328/4327 1316/4323 1492/4324
f 1307/4424 1328/4327 1492/4324
f 1307/4424 1492/4324 1329/4422
f 1307/4424 1329/4422 1304/4501
f 1304/4501 1305/4514 1307/4424
f 1517/4646 1330/4645 1306/4590
f 1306/4590 1303/4588 1517/4646
f 1330/4645 1318/4644 1319/4592
f 1319/4592 1306/4590 1330/4645
f 1306/4590 1319/4592 1296/4520
f 1296/4520 1305/4514 1306/4590
f 1397/4351 1328/4327 1307/4424
f 1321/4350 1397/4351 1307/4424
f 1297/4426 1321/4350 1307/4424
f 1320/4587 1317/4643 1331/4586
f 1295/4498 1320/4587 1331/4586
f 1331/4586 1308/4497 1295/4498
f 1309/4399 1456/4313 1322/4320
f 1322/4320 1298/4400 1309/4399
f 1333/4570 1332/4640 1337/4638
f 1337/4638 1334/4568 1333/4570
f 1311/4486 1333/4570 1334/4568
f 1334/4568 1310/4481 1311/4486
f 1314/4386 1339/4270 1335/4279
f 1335/4279 1312/4388 1314/4386
f 1326/4572 1323/4641 1332/4640
f 1332/4640 1333/4570 1326/4572
f 1299/4488 1326/4572 1333/4570
f 1333/4570 1311/4486 1299/4488
f 1312/4388 1335/4279 1327/4287
f 1327/4287 1302/4390 1312/4388
f 1334/4569 1337/4639 1336/4637
f 1336/4637 1338/4567 1334/4569
f 1310/4482 1334/4569 1338/4567
f 1338/4567 1313/4479 1310/4482
f 1315/4372 1340/4261 1339/4271
f 1339/4271 1314/4387 1315/4372
f 1331/4586 1317/4643 1324/4642
f 1324/4642 1325/4573 1331/4586
f 1308/4497 1331/4586 1325/4573
f 1325/4573 1300/4489 1308/4497
f 1301/4391 1455/4288 1456/4313
f 1456/4313 1309/4399 1301/4391
f 1343/4894 1342/4903 1341/4759
f 1341/4759 1344/4741 1343/4894
f 1347/4926 1346/4925 1345/4771
f 1345/4771 1348/4772 1347/4926
f 1351/4756 1350/4695 1349/4696
f 1349/4696 1546/4757 1351/4756
f 1351/4756 1352/4900 1343/4894
f 1343/4894 1344/4741 1351/4756
f 1342/4903 1354/4908 1353/4760
f 1353/4760 1341/4759 1342/4903
f 1356/4928 1355/4934 1360/4777
f 1360/4777 1357/4774 1356/4928
f 1346/4925 1356/4928 1357/4774
f 1357/4774 1345/4771 1346/4925
f 1355/4935 1359/4948 1358/4789
f 1358/4789 1360/4778 1355/4935
f 1641/5003 1570/5002 1361/5000
f 1354/4908 1347/4926 1348/4772
f 1348/4772 1353/4760 1354/4908
f 1363/4693 1362/4698 1317/4643
f 1317/4643 1318/4644 1363/4693
f 1344/4741 1341/4759 1362/4698
f 1362/4698 1363/4693 1344/4741
f 1342/4903 1343/4894 1364/4996
f 1364/4996 1365/5006 1342/4903
f 1367/4709 1366/4708 1323/4641
f 1323/4641 1324/4642 1367/4709
f 1348/4772 1345/4771 1366/4708
f 1366/4708 1367/4709 1348/4772
f 1346/4925 1347/4926 1606/5047
f 1606/5047 1368/5046 1346/4925
f 1361/5000 1570/5002 1369/4999
f 1361/5000 1369/4999 1352/4900
f 1361/5000 1352/4900 1545/4901
f 1352/4900 1351/4756 1546/4757
f 1546/4757 1545/4901 1352/4900
f 1517/4646 1349/4696 1350/4695
f 1350/4695 1330/4645 1517/4646
f 1330/4645 1350/4695 1363/4693
f 1363/4693 1318/4644 1330/4645
f 1350/4695 1351/4756 1344/4741
f 1344/4741 1363/4693 1350/4695
f 1364/4996 1343/4894 1352/4900
f 1547/4995 1364/4996 1352/4900
f 1369/4999 1547/4995 1352/4900
f 1317/4643 1362/4698 1370/4699
f 1341/4759 1353/4760 1370/4699
f 1370/4699 1362/4698 1341/4759
f 1354/4908 1342/4903 1365/5006
f 1365/5006 1609/5013 1354/4908
f 1372/4711 1371/4712 1337/4638
f 1337/4638 1332/4640 1372/4711
f 1357/4774 1360/4777 1371/4712
f 1371/4712 1372/4711 1357/4774
f 1355/4934 1356/4928 1373/5055
f 1373/5055 1375/5061 1355/4934
f 1366/4708 1372/4711 1332/4640
f 1332/4640 1323/4641 1366/4708
f 1345/4771 1357/4774 1372/4711
f 1372/4711 1366/4708 1345/4771
f 1356/4928 1346/4925 1368/5046
f 1368/5046 1373/5055 1356/4928
f 1371/4713 1374/4714 1336/4637
f 1336/4637 1337/4639 1371/4713
f 1360/4778 1358/4789 1374/4714
f 1374/4714 1371/4713 1360/4778
f 1359/4948 1355/4935 1375/5062
f 1375/5062 1376/5073 1359/4948
f 1370/4699 1367/4709 1324/4642
f 1324/4642 1317/4643 1370/4699
f 1353/4760 1348/4772 1367/4709
f 1367/4709 1370/4699 1353/4760
f 1347/4926 1354/4908 1609/5013
f 1609/5013 1606/5047 1347/4926
f 1378/4177 1377/4179 1476/4178
f 1381/4430 1380/4433 1379/4354
f 1379/4354 1382/4353 1381/4430
f 1380/4433 1384/4447 1383/4365
f 1383/4365 1379/4354 1380/4433
f 1384/4447 1386/4467 1385/4367
f 1385/4367 1383/4365 1384/4447
f 1386/4467 1388/4471 1387/4370
f 1387/4370 1385/4367 1386/4467
f 1388/4471 1390/4473 1389/4371
f 1389/4371 1387/4370 1388/4471
f 1389/4371 1390/4473 1391/4468
f 1391/4468 1392/4368 1389/4371
f 1391/4468 1394/4470 1393/4369
f 1393/4369 1392/4368 1391/4468
f 1394/4470 1396/4487 1395/4389
f 1395/4389 1393/4369 1394/4470
f 1396/4487 1304/4502 1329/4423
f 1329/4423 1395/4389 1396/4487
f 1399/5380 1398/5393 1397/5392
f 1397/5392 1321/5379 1399/5380
f 1401/5381 1400/5394 1398/5393
f 1398/5393 1399/5380 1401/5381
f 1403/5382 1402/5395 1400/5394
f 1400/5394 1401/5381 1403/5382
f 1405/5383 1404/5396 1402/5395
f 1402/5395 1403/5382 1405/5383
f 1407/5384 1406/5397 1404/5396
f 1404/5396 1405/5383 1407/5384
f 1409/5385 1408/5398 1406/5397
f 1406/5397 1407/5384 1409/5385
f 1411/5386 1410/5399 1408/5398
f 1408/5398 1409/5385 1411/5386
f 1413/5387 1412/5400 1410/5399
f 1410/5399 1411/5386 1413/5387
f 1415/5388 1414/5401 1412/5400
f 1412/5400 1413/5387 1415/5388
f 1417/5390 1416/5403 1414/5401
f 1414/5401 1415/5388 1417/5390
f 1418/5402 1416/5403 1417/5390
f 1417/5390 1419/5389 1418/5402
f 1421/5405 1420/5418 1316/5417
f 1316/5417 1328/5404 1421/5405
f 1322/5332 1422/5329 1399/5380
f 1399/5380 1321/5379 1322/5332
f 1424/5406 1423/5419 1420/5418
f 1420/5418 1421/5405 1424/5406
f 1422/5329 1425/5331 1401/5381
f 1401/5381 1399/5380 1422/5329
f 1427/5407 1426/5420 1423/5419
f 1423/5419 1424/5406 1427/5407
f 1425/5331 1428/5333 1403/5382
f 1403/5382 1401/5381 1425/5331
f 1430/5408 1429/5421 1426/5420
f 1426/5420 1427/5407 1430/5408
f 1403/5382 1428/5333 1431/5335
f 1431/5335 1405/5383 1403/5382
f 1433/5409 1432/5422 1429/5421
f 1429/5421 1430/5408 1433/5409
f 1405/5383 1431/5335 1434/5338
f 1434/5338 1407/5384 1405/5383
f 1436/5410 1435/5429 1432/5422
f 1432/5422 1433/5409 1436/5410
f 1434/5338 1437/5343 1409/5385
f 1409/5385 1407/5384 1434/5338
f 1439/5411 1438/5431 1435/5429
f 1435/5429 1436/5410 1439/5411
f 1437/5343 1440/5350 1411/5386
f 1411/5386 1409/5385 1437/5343
f 1442/5412 1441/5433 1438/5431
f 1438/5431 1439/5411 1442/5412
f 1411/5386 1440/5350 1443/5352
f 1443/5352 1413/5387 1411/5386
f 1445/5413 1444/5435 1441/5433
f 1441/5433 1442/5412 1445/5413
f 1413/5387 1443/5352 1446/5351
f 1446/5351 1415/5388 1413/5387
f 1448/5416 1447/5437 1444/5435
f 1444/5435 1445/5413 1448/5416
f 1415/5388 1446/5351 1449/5354
f 1449/5354 1417/5390 1415/5388
f 1451/5415 1450/5436 1447/5437
f 1447/5437 1448/5416 1451/5415
f 1454/5341 1453/5328 1452/5355
f 1452/5355 1449/5354 1454/5341
f 1457/5319 1456/5322 1455/5314
f 1455/5314 1458/5312 1457/5319
f 1459/5320 1457/5319 1458/5312
f 1458/5312 1460/5313 1459/5320
f 1461/5324 1459/5320 1460/5313
f 1460/5313 1462/5315 1461/5324
f 1463/5325 1461/5324 1462/5315
f 1462/5315 1464/5316 1463/5325
f 1465/5330 1463/5325 1464/5316
f 1464/5316 1466/5317 1465/5330
f 1467/5334 1465/5330 1466/5317
f 1466/5317 1468/5318 1467/5334
f 1469/5339 1467/5334 1468/5318
f 1468/5318 1470/5321 1469/5339
f 1471/5340 1469/5339 1470/5321
f 1470/5321 1472/5323 1471/5340
f 1473/5337 1471/5340 1472/5323
f 1472/5323 1474/5326 1473/5337
f 1454/5341 1475/5327 1453/5328
f 1474/5326 1475/5327 1454/5341
f 1454/5341 1473/5337 1474/5326
f 1444/5435 1378/5448 1476/5438
f 1450/5436 1478/5447 1477/5449
f 1477/5449 1447/5437 1450/5436
f 1377/4179 1479/4202 1496/4201
f 1496/4201 1476/4178 1377/4179
f 1479/4202 1481/4218 1480/4213
f 1480/4213 1496/4201 1479/4202
f 1481/4218 1483/4241 1482/4234
f 1482/4234 1480/4213 1481/4218
f 1483/4241 1484/4249 1495/4242
f 1495/4242 1482/4234 1483/4241
f 1484/4249 1486/4250 1485/4245
f 1485/4245 1495/4242 1484/4249
f 1486/4250 1488/4243 1487/4237
f 1487/4237 1485/4245 1486/4250
f 1488/4243 1489/4247 1494/4240
f 1494/4240 1487/4237 1488/4243
f 1489/4247 1490/4283 1493/4269
f 1493/4269 1494/4240 1489/4247
f 1490/4283 1492/4325 1491/4322
f 1491/4322 1493/4269 1490/4283
f 1316/5417 1420/5418 1493/5424
f 1493/5424 1491/5423 1316/5417
f 1420/5418 1423/5419 1494/5425
f 1494/5425 1493/5424 1420/5418
f 1423/5419 1426/5420 1487/5426
f 1487/5426 1494/5425 1423/5419
f 1426/5420 1429/5421 1485/5427
f 1485/5427 1487/5426 1426/5420
f 1429/5421 1432/5422 1495/5428
f 1495/5428 1485/5427 1429/5421
f 1432/5422 1435/5429 1482/5430
f 1482/5430 1495/5428 1432/5422
f 1435/5429 1438/5431 1480/5432
f 1480/5432 1482/5430 1435/5429
f 1438/5431 1441/5433 1496/5434
f 1496/5434 1480/5432 1438/5431
f 1441/5433 1444/5435 1476/5438
f 1476/5438 1496/5434 1441/5433
f 1497/4427 1381/4430 1382/4353
f 1382/4353 1498/4352 1497/4427
f 1444/5435 1447/5437 1477/5449
f 1477/5449 1378/5448 1444/5435
f 1456/5322 1457/5319 1422/5329
f 1422/5329 1322/5332 1456/5322
f 1457/5319 1459/5320 1425/5331
f 1425/5331 1422/5329 1457/5319
f 1459/5320 1461/5324 1428/5333
f 1428/5333 1425/5331 1459/5320
f 1461/5324 1463/5325 1431/5335
f 1431/5335 1428/5333 1461/5324
f 1463/5325 1465/5330 1434/5338
f 1434/5338 1431/5335 1463/5325
f 1465/5330 1467/5334 1437/5343
f 1437/5343 1434/5338 1465/5330
f 1467/5334 1469/5339 1440/5350
f 1440/5350 1437/5343 1467/5334
f 1469/5339 1471/5340 1443/5352
f 1443/5352 1440/5350 1469/5339
f 1471/5340 1473/5337 1446/5351
f 1446/5351 1443/5352 1471/5340
f 1473/5337 1454/5341 1449/5354
f 1449/5354 1446/5351 1473/5337
f 1452/5355 1419/5389 1417/5390
f 1417/5390 1449/5354 1452/5355
f 1501/4607 1500/4608 1499/4539
f 1499/4539 1502/4538 1501/4607
f 1502/4538 1499/4539 1380/4433
f 1380/4433 1381/4430 1502/4538
f 1479/4202 1377/4179 1382/4353
f 1382/4353 1379/4354 1479/4202
f 1500/4608 1504/4610 1503/4554
f 1503/4554 1499/4539 1500/4608
f 1499/4539 1503/4554 1384/4447
f 1384/4447 1380/4433 1499/4539
f 1481/4218 1479/4202 1379/4354
f 1379/4354 1383/4365 1481/4218
f 1503/4554 1504/4610 1505/4611
f 1505/4611 1506/4562 1503/4554
f 1503/4554 1506/4562 1386/4467
f 1386/4467 1384/4447 1503/4554
f 1483/4241 1481/4218 1383/4365
f 1383/4365 1385/4367 1483/4241
f 1506/4562 1505/4611 1507/4612
f 1507/4612 1508/4565 1506/4562
f 1506/4562 1508/4565 1388/4471
f 1388/4471 1386/4467 1506/4562
f 1484/4249 1483/4241 1385/4367
f 1385/4367 1387/4370 1484/4249
f 1508/4565 1507/4612 1509/4651
f 1509/4651 1510/4566 1508/4565
f 1388/4471 1508/4565 1510/4566
f 1510/4566 1390/4473 1388/4471
f 1486/4250 1484/4249 1387/4370
f 1387/4370 1389/4371 1486/4250
f 1510/4566 1509/4651 1511/4650
f 1511/4650 1512/4563 1510/4566
f 1390/4473 1510/4566 1512/4563
f 1512/4563 1391/4468 1390/4473
f 1392/4368 1488/4243 1486/4250
f 1486/4250 1389/4371 1392/4368
f 1512/4563 1511/4650 1513/4649
f 1513/4649 1514/4564 1512/4563
f 1512/4563 1514/4564 1394/4470
f 1394/4470 1391/4468 1512/4563
f 1489/4247 1488/4243 1392/4368
f 1392/4368 1393/4369 1489/4247
f 1513/4649 1516/4648 1515/4571
f 1515/4571 1514/4564 1513/4649
f 1514/4564 1515/4571 1396/4487
f 1396/4487 1394/4470 1514/4564
f 1490/4283 1489/4247 1393/4369
f 1393/4369 1395/4389 1490/4283
f 1516/4648 1517/4647 1303/4589
f 1303/4589 1515/4571 1516/4648
f 1515/4571 1303/4589 1304/4502
f 1304/4502 1396/4487 1515/4571
f 1492/4325 1490/4283 1395/4389
f 1395/4389 1329/4423 1492/4325
f 1518/4606 1501/4607 1502/4538
f 1502/4538 1519/4536 1518/4606
f 1519/4536 1502/4538 1381/4430
f 1381/4430 1497/4427 1519/4536
f 1377/4179 1378/4177 1498/4352
f 1498/4352 1382/4353 1377/4179
f 1501/4607 1521/4656 1520/4655
f 1520/4655 1500/4608 1501/4607
f 1500/4608 1520/4655 1522/4654
f 1522/4654 1504/4610 1500/4608
f 1504/4610 1522/4654 1523/4653
f 1523/4653 1505/4611 1504/4610
f 1505/4611 1523/4653 1524/4652
f 1524/4652 1507/4612 1505/4611
f 1525/4657 1521/4656 1501/4607
f 1501/4607 1518/4606 1525/4657
f 1507/4612 1524/4652 1509/4651
f 1398/5393 1421/5405 1328/5404
f 1328/5404 1397/5392 1398/5393
f 1400/5394 1424/5406 1421/5405
f 1421/5405 1398/5393 1400/5394
f 1402/5395 1427/5407 1424/5406
f 1424/5406 1400/5394 1402/5395
f 1404/5396 1430/5408 1427/5407
f 1427/5407 1402/5395 1404/5396
f 1406/5397 1433/5409 1430/5408
f 1430/5408 1404/5396 1406/5397
f 1408/5398 1436/5410 1433/5409
f 1433/5409 1406/5397 1408/5398
f 1410/5399 1439/5411 1436/5410
f 1436/5410 1408/5398 1410/5399
f 1412/5400 1442/5412 1439/5411
f 1439/5411 1410/5399 1412/5400
f 1414/5401 1445/5413 1442/5412
f 1442/5412 1412/5400 1414/5401
f 1416/5403 1448/5416 1445/5413
f 1445/5413 1414/5401 1416/5403
f 1451/5415 1448/5416 1416/5403
f 1416/5403 1418/5402 1451/5415
f 1526/5108 1628/5110 1627/5109
f 1529/4842 1528/4993 1527/4987
f 1527/4987 1530/4832 1529/4842
f 1530/4832 1527/4987 1531/4981
f 1531/4981 1532/4814 1530/4832
f 1532/4814 1531/4981 1533/4965
f 1533/4965 1534/4800 1532/4814
f 1534/4800 1533/4965 1535/4958
f 1535/4958 1536/4797 1534/4800
f 1536/4797 1535/4958 1537/4957
f 1537/4957 1538/4794 1536/4797
f 1537/4957 1540/4964 1539/4799
f 1539/4799 1538/4794 1537/4957
f 1539/4799 1540/4964 1541/4959
f 1541/4959 1542/4798 1539/4799
f 1542/4798 1541/4959 1543/4927
f 1543/4927 1544/4773 1542/4798
f 1544/4773 1543/4927 1545/4902
f 1545/4902 1546/4758 1544/4773
f 1548/5240 1364/5239 1547/5213
f 1547/5213 1549/5214 1548/5240
f 1550/5241 1548/5240 1549/5214
f 1549/5214 1551/5215 1550/5241
f 1552/5242 1550/5241 1551/5215
f 1551/5215 1553/5216 1552/5242
f 1554/5243 1552/5242 1553/5216
f 1553/5216 1555/5217 1554/5243
f 1556/5244 1554/5243 1555/5217
f 1555/5217 1557/5218 1556/5244
f 1558/5238 1556/5244 1557/5218
f 1557/5218 1559/5212 1558/5238
f 1560/5237 1558/5238 1559/5212
f 1559/5212 1561/5211 1560/5237
f 1562/5236 1560/5237 1561/5211
f 1561/5211 1563/5210 1562/5236
f 1564/5234 1562/5236 1563/5210
f 1563/5210 1565/5209 1564/5234
f 1566/5229 1564/5234 1565/5209
f 1565/5209 1567/5203 1566/5229
f 1569/5204 1568/5230 1566/5229
f 1566/5229 1567/5203 1569/5204
f 1571/5198 1369/5197 1570/5180
f 1570/5180 1572/5181 1571/5198
f 1365/5289 1364/5239 1548/5240
f 1548/5240 1573/5290 1365/5289
f 1574/5199 1571/5198 1572/5181
f 1572/5181 1575/5182 1574/5199
f 1573/5290 1548/5240 1550/5241
f 1550/5241 1576/5287 1573/5290
f 1577/5200 1574/5199 1575/5182
f 1575/5182 1578/5183 1577/5200
f 1576/5287 1550/5241 1552/5242
f 1552/5242 1579/5286 1576/5287
f 1580/5201 1577/5200 1578/5183
f 1578/5183 1581/5184 1580/5201
f 1552/5242 1554/5243 1582/5284
f 1582/5284 1579/5286 1552/5242
f 1583/5202 1580/5201 1581/5184
f 1581/5184 1584/5185 1583/5202
f 1554/5243 1556/5244 1585/5281
f 1585/5281 1582/5284 1554/5243
f 1586/5196 1583/5202 1584/5185
f 1584/5185 1587/5173 1586/5196
f 1585/5281 1556/5244 1558/5238
f 1558/5238 1588/5276 1585/5281
f 1589/5195 1586/5196 1587/5173
f 1587/5173 1590/5171 1589/5195
f 1588/5276 1558/5238 1560/5237
f 1560/5237 1591/5268 1588/5276
f 1592/5194 1589/5195 1590/5171
f 1590/5171 1593/5169 1592/5194
f 1560/5237 1562/5236 1594/5267
f 1594/5267 1591/5268 1560/5237
f 1595/5193 1592/5194 1593/5169
f 1593/5169 1596/5167 1595/5193
f 1562/5236 1564/5234 1597/5269
f 1597/5269 1594/5267 1562/5236
f 1598/5190 1595/5193 1596/5167
f 1596/5167 1599/5166 1598/5190
f 1564/5234 1566/5229 1600/5265
f 1600/5265 1597/5269 1564/5234
f 1601/5192 1598/5190 1599/5166
f 1599/5166 1602/5165 1601/5192
f 1604/5278 1600/5265 1603/5264
f 1603/5264 1605/5291 1604/5278
f 1608/5300 1607/5307 1606/5306
f 1606/5306 1609/5299 1608/5300
f 1611/5298 1610/5305 1607/5307
f 1607/5307 1608/5300 1611/5298
f 1613/5295 1612/5304 1610/5305
f 1610/5305 1611/5298 1613/5295
f 1615/5294 1614/5303 1612/5304
f 1612/5304 1613/5295 1615/5294
f 1617/5288 1616/5302 1614/5303
f 1614/5303 1615/5294 1617/5288
f 1619/5285 1618/5301 1616/5302
f 1616/5302 1617/5288 1619/5285
f 1621/5280 1620/5296 1618/5301
f 1618/5301 1619/5285 1621/5280
f 1623/5279 1622/5297 1620/5296
f 1620/5296 1621/5280 1623/5279
f 1625/5282 1624/5293 1622/5297
f 1622/5297 1623/5279 1625/5282
f 1626/5292 1604/5278 1605/5291
f 1624/5293 1625/5282 1604/5278
f 1604/5278 1626/5292 1624/5293
f 1628/5154 1596/5167 1627/5164
f 1602/5165 1599/5166 1629/5155
f 1629/5155 1630/5153 1602/5165
f 1526/5108 1627/5109 1647/5103
f 1647/5103 1631/5101 1526/5108
f 1631/5101 1647/5103 1632/5097
f 1632/5097 1633/5093 1631/5101
f 1633/5093 1632/5097 1646/5087
f 1646/5087 1634/5084 1633/5093
f 1634/5084 1646/5087 1645/5083
f 1645/5083 1635/5079 1634/5084
f 1635/5079 1645/5083 1644/5081
f 1644/5081 1636/5078 1635/5079
f 1636/5078 1644/5081 1643/5086
f 1643/5086 1637/5082 1636/5078
f 1637/5082 1643/5086 1642/5085
f 1642/5085 1638/5080 1637/5082
f 1638/5080 1642/5085 1639/5064
f 1639/5064 1640/5054 1638/5080
f 1640/5054 1639/5064 1641/5004
f 1641/5004 1361/5001 1640/5054
f 1570/5180 1641/5174 1639/5175
f 1639/5175 1572/5181 1570/5180
f 1572/5181 1639/5175 1642/5176
f 1642/5176 1575/5182 1572/5181
f 1575/5182 1642/5176 1643/5177
f 1643/5177 1578/5183 1575/5182
f 1578/5183 1643/5177 1644/5178
f 1644/5178 1581/5184 1578/5183
f 1581/5184 1644/5178 1645/5179
f 1645/5179 1584/5185 1581/5184
f 1584/5185 1645/5179 1646/5172
f 1646/5172 1587/5173 1584/5185
f 1587/5173 1646/5172 1632/5170
f 1632/5170 1590/5171 1587/5173
f 1590/5171 1632/5170 1647/5168
f 1647/5168 1593/5169 1590/5171
f 1593/5169 1647/5168 1627/5164
f 1627/5164 1596/5167 1593/5169
f 1649/4851 1648/4994 1528/4993
f 1528/4993 1529/4842 1649/4851
f 1596/5167 1628/5154 1629/5155
f 1629/5155 1599/5166 1596/5167
f 1609/5299 1365/5289 1573/5290
f 1573/5290 1608/5300 1609/5299
f 1608/5300 1573/5290 1576/5287
f 1576/5287 1611/5298 1608/5300
f 1611/5298 1576/5287 1579/5286
f 1579/5286 1613/5295 1611/5298
f 1613/5295 1579/5286 1582/5284
f 1582/5284 1615/5294 1613/5295
f 1615/5294 1582/5284 1585/5281
f 1585/5281 1617/5288 1615/5294
f 1617/5288 1585/5281 1588/5276
f 1588/5276 1619/5285 1617/5288
f 1619/5285 1588/5276 1591/5268
f 1591/5268 1621/5280 1619/5285
f 1621/5280 1591/5268 1594/5267
f 1594/5267 1623/5279 1621/5280
f 1623/5279 1594/5267 1597/5269
f 1597/5269 1625/5282 1623/5279
f 1625/5282 1597/5269 1600/5265
f 1600/5265 1604/5278 1625/5282
f 1603/5264 1600/5265 1566/5229
f 1566/5229 1568/5230 1603/5264
f 1652/4678 1651/4729 1650/4727
f 1650/4727 1653/4676 1652/4678
f 1651/4729 1529/4842 1530/4832
f 1530/4832 1650/4727 1651/4729
f 1631/5101 1527/4987 1528/4993
f 1528/4993 1526/5108 1631/5101
f 1653/4676 1650/4727 1654/4721
f 1654/4721 1655/4675 1653/4676
f 1650/4727 1530/4832 1532/4814
f 1532/4814 1654/4721 1650/4727
f 1633/5093 1531/4981 1527/4987
f 1527/4987 1631/5101 1633/5093
f 1654/4721 1657/4719 1656/4674
f 1656/4674 1655/4675 1654/4721
f 1654/4721 1532/4814 1534/4800
f 1534/4800 1657/4719 1654/4721
f 1634/5084 1533/4965 1531/4981
f 1531/4981 1633/5093 1634/5084
f 1657/4719 1659/4716 1658/4673
f 1658/4673 1656/4674 1657/4719
f 1657/4719 1534/4800 1536/4797
f 1536/4797 1659/4716 1657/4719
f 1635/5079 1535/4958 1533/4965
f 1533/4965 1634/5084 1635/5079
f 1659/4716 1660/4715 1509/4651
f 1509/4651 1658/4673 1659/4716
f 1536/4797 1538/4794 1660/4715
f 1660/4715 1659/4716 1536/4797
f 1636/5078 1537/4957 1535/4958
f 1535/4958 1635/5079 1636/5078
f 1660/4715 1661/4718 1511/4650
f 1511/4650 1509/4651 1660/4715
f 1538/4794 1539/4799 1661/4718
f 1661/4718 1660/4715 1538/4794
f 1540/4964 1537/4957 1636/5078
f 1636/5078 1637/5082 1540/4964
f 1661/4718 1662/4717 1513/4649
f 1513/4649 1511/4650 1661/4718
f 1661/4718 1539/4799 1542/4798
f 1542/4798 1662/4717 1661/4718
f 1638/5080 1541/4959 1540/4964
f 1540/4964 1637/5082 1638/5080
f 1513/4649 1662/4717 1663/4710
f 1663/4710 1516/4648 1513/4649
f 1662/4717 1542/4798 1544/4773
f 1544/4773 1663/4710 1662/4717
f 1640/5054 1543/4927 1541/4959
f 1541/4959 1638/5080 1640/5054
f 1516/4648 1663/4710 1349/4697
f 1349/4697 1517/4647 1516/4648
f 1663/4710 1544/4773 1546/4758
f 1546/4758 1349/4697 1663/4710
f 1361/5001 1545/4902 1543/4927
f 1543/4927 1640/5054 1361/5001
f 1665/4679 1664/4730 1651/4729
f 1651/4729 1652/4678 1665/4679
f 1664/4730 1649/4851 1529/4842
f 1529/4842 1651/4729 1664/4730
f 1526/5108 1528/4993 1648/4994
f 1648/4994 1628/5110 1526/5108
f 1652/4678 1653/4676 1520/4655
f 1520/4655 1521/4656 1652/4678
f 1653/4676 1655/4675 1522/4654
f 1522/4654 1520/4655 1653/4676
f 1655/4675 1656/4674 1523/4653
f 1656/4674 1658/4673 1524/4652
f 1524/4652 1523/4653 1656/4674
f 1525/4657 1665/4679 1652/4678
f 1652/4678 1521/4656 1525/4657
f 1524/4652 1658/4673 1509/4651
f 1549/5214 1547/5213 1369/5197
f 1369/5197 1571/5198 1549/5214
f 1551/5215 1549/5214 1571/5198
f 1571/5198 1574/5199 1551/5215
f 1553/5216 1551/5215 1574/5199
f 1574/5199 1577/5200 1553/5216
f 1555/5217 1553/5216 1577/5200
f 1577/5200 1580/5201 1555/5217
f 1557/5218 1555/5217 1580/5201
f 1580/5201 1583/5202 1557/5218
f 1559/5212 1557/5218 1583/5202
f 1583/5202 1586/5196 1559/5212
f 1561/5211 1559/5212 1586/5196
f 1586/5196 1589/5195 1561/5211
f 1563/5210 1561/5211 1589/5195
f 1589/5195 1592/5194 1563/5210
f 1565/5209 1563/5210 1592/5194
f 1592/5194 1595/5193 1565/5209
f 1567/5203 1565/5209 1595/5193
f 1595/5193 1598/5190 1567/5203
f 1601/5192 1569/5204 1567/5203
f 1567/5203 1598/5190 1601/5192
f 1523/4653 1522/4654 1655/4675
f 1313/4479 1666/4494 1707/4396
f 1707/4396 1315/4372 1313/4479
f 1336/4637 1668/4636 1667/4582
f 1667/4582 1338/4567 1336/4637
f 1338/4567 1667/4582 1666/4494
f 1666/4494 1313/4479 1338/4567
f 1711/4309 1340/4261 1315/4372
f 1315/4372 1707/4396 1711/4309
f 1358/4789 1359/4948 1669/4918
f 1669/4918 1708/4766 1358/4789
f 1336/4637 1374/4714 1709/4705
f 1709/4705 1668/4636 1336/4637
f 1374/4714 1358/4789 1708/4766
f 1708/4766 1709/4705 1374/4714
f 1710/5021 1669/4918 1359/4948
f 1359/4948 1376/5073 1710/5021
f 1672/4328 1671/4305 1670/4306
f 1675/4491 1674/4515 1673/4425
f 1673/4425 1678/4393 1675/4491
f 1677/4394 1676/4492 1675/4491
f 1675/4491 1678/4393 1677/4394
f 1681/4635 1680/4634 1679/4591
f 1679/4591 1684/4581 1681/4635
f 1684/4581 1679/4591 1674/4515
f 1674/4515 1675/4491 1684/4581
f 1672/4328 1670/4306 1678/4393
f 1678/4393 1673/4425 1672/4328
f 1683/4576 1682/4631 1681/4630
f 1681/4630 1684/4575 1683/4576
f 1676/4492 1683/4576 1684/4575
f 1684/4575 1675/4491 1676/4492
f 1678/4393 1670/4306 1712/4307
f 1712/4307 1677/4394 1678/4393
f 1687/5019 1686/4997 1685/5020
f 1689/4765 1691/4917 1688/4899
f 1688/4899 1690/4755 1689/4765
f 1692/4914 1691/4913 1689/4761
f 1689/4761 1693/4762 1692/4914
f 1681/4635 1695/4704 1694/4694
f 1694/4694 1680/4634 1681/4635
f 1695/4704 1689/4765 1690/4755
f 1690/4755 1694/4694 1695/4704
f 1686/4997 1688/4899 1691/4917
f 1691/4917 1685/5020 1686/4997
f 1696/4701 1695/4700 1681/4630
f 1681/4630 1682/4631 1696/4701
f 1693/4762 1689/4761 1695/4700
f 1695/4700 1696/4701 1693/4762
f 1691/4913 1692/4914 1714/5016
f 1714/5016 1685/5015 1691/4913
f 1683/4576 1676/4492 1697/4493
f 1697/4493 1698/4577 1683/4576
f 1677/4394 1712/4307 1699/4308
f 1699/4308 1700/4395 1677/4394
f 1676/4492 1677/4394 1700/4395
f 1700/4395 1697/4493 1676/4492
f 1698/4577 1701/4632 1682/4631
f 1682/4631 1683/4576 1698/4577
f 1696/4701 1703/4702 1702/4763
f 1702/4763 1693/4762 1696/4701
f 1692/4914 1705/4915 1704/5017
f 1704/5017 1714/5016 1692/4914
f 1693/4762 1702/4763 1705/4915
f 1705/4915 1692/4914 1693/4762
f 1703/4702 1696/4701 1682/4631
f 1682/4631 1701/4632 1703/4702
f 1706/5455 1670/5452 1671/5454
f 1698/4577 1697/4493 1666/4495
f 1666/4495 1667/4578 1698/4577
f 1700/4395 1699/4308 1711/4310
f 1711/4310 1707/4397 1700/4395
f 1697/4493 1700/4395 1707/4397
f 1707/4397 1666/4495 1697/4493
f 1667/4578 1668/4633 1701/4632
f 1701/4632 1698/4577 1667/4578
f 1703/4702 1709/4703 1708/4764
f 1708/4764 1702/4763 1703/4702
f 1705/4915 1669/4916 1710/5018
f 1710/5018 1704/5017 1705/4915
f 1702/4763 1708/4764 1669/4916
f 1669/4916 1705/4915 1702/4763
f 1709/4703 1703/4702 1701/4632
f 1701/4632 1668/4633 1709/4703
f 1712/5450 1670/5452 1711/5453
f 1711/5453 1699/5451 1712/5450
f 1685/4062 1713/4061 1687/4060
f 1714/4064 1704/4065 1710/4063
f 1710/4063 1685/4062 1714/4064
f 1717/4392 1716/4490 1715/4456
f 1715/4456 1718/4366 1717/4392
f 1718/4366 1715/4456 1719/4443
f 1719/4443 1720/4362 1718/4366
f 1720/4362 1719/4443 1721/4441
f 1721/4441 1722/4357 1720/4362
f 1721/4441 1724/4446 1723/4364
f 1723/4364 1722/4357 1721/4441
f 1723/4364 1724/4446 1725/4444
f 1725/4444 1726/4363 1723/4364
f 1726/4363 1725/4444 1727/4437
f 1727/4437 1728/4356 1726/4363
f 1728/4356 1727/4437 1729/4434
f 1729/4434 1730/4355 1728/4356
f 1732/4398 1731/4496 1716/4490
f 1716/4490 1717/4392 1732/4398
f 1735/4574 1734/4665 1733/4664
f 1733/4664 1736/4561 1735/4574
f 1716/4490 1735/4574 1736/4561
f 1736/4561 1715/4456 1716/4490
f 1718/4366 1738/4251 1737/4319
f 1737/4319 1717/4392 1718/4366
f 1736/4561 1733/4664 1739/4663
f 1739/4663 1740/4551 1736/4561
f 1715/4456 1736/4561 1740/4551
f 1740/4551 1719/4443 1715/4456
f 1720/4362 1741/4223 1738/4251
f 1738/4251 1718/4366 1720/4362
f 1740/4551 1739/4663 1742/4662
f 1742/4662 1743/4548 1740/4551
f 1719/4443 1740/4551 1743/4548
f 1743/4548 1721/4441 1719/4443
f 1722/4357 1744/4219 1741/4223
f 1741/4223 1720/4362 1722/4357
f 1743/4548 1742/4662 1745/4661
f 1745/4661 1746/4553 1743/4548
f 1743/4548 1746/4553 1724/4446
f 1724/4446 1721/4441 1743/4548
f 1747/4226 1744/4219 1722/4357
f 1722/4357 1723/4364 1747/4226
f 1746/4553 1745/4661 1748/4660
f 1748/4660 1749/4552 1746/4553
f 1724/4446 1746/4553 1749/4552
f 1749/4552 1725/4444 1724/4446
f 1750/4225 1747/4226 1723/4364
f 1723/4364 1726/4363 1750/4225
f 1748/4660 1752/4659 1751/4545
f 1751/4545 1749/4552 1748/4660
f 1725/4444 1749/4552 1751/4545
f 1751/4545 1727/4437 1725/4444
f 1728/4356 1753/4212 1750/4225
f 1750/4225 1726/4363 1728/4356
f 1752/4659 1755/4609 1754/4540
f 1754/4540 1751/4545 1752/4659
f 1727/4437 1751/4545 1754/4540
f 1754/4540 1729/4434 1727/4437
f 1730/4355 1756/4203 1753/4212
f 1753/4212 1728/4356 1730/4355
f 1758/4583 1757/4666 1734/4665
f 1734/4665 1735/4574 1758/4583
f 1731/4496 1758/4583 1735/4574
f 1735/4574 1716/4490 1731/4496
f 1717/4392 1737/4319 1759/4311
f 1759/4311 1732/4398 1717/4392
f 1752/4659 1760/4658 1755/4609
f 1738/4251 1762/4230 1761/4303
f 1761/4303 1737/4319 1738/4251
f 1741/4223 1763/4214 1762/4230
f 1762/4230 1738/4251 1741/4223
f 1744/4219 1764/4209 1763/4214
f 1763/4214 1741/4223 1744/4219
f 1765/4217 1764/4209 1744/4219
f 1744/4219 1747/4226 1765/4217
f 1750/4225 1766/4215 1765/4217
f 1765/4217 1747/4226 1750/4225
f 1753/4212 1767/4204 1766/4215
f 1766/4215 1750/4225 1753/4212
f 1756/4203 1767/4204 1753/4212
f 1737/4319 1761/4303 1759/4311
f 1770/4920 1769/4972 1768/4807
f 1768/4807 1771/4768 1770/4920
f 1769/4972 1773/4984 1772/4817
f 1772/4817 1768/4807 1769/4972
f 1773/4984 1775/4985 1774/4822
f 1774/4822 1772/4817 1773/4984
f 1774/4822 1775/4985 1776/4982
f 1776/4982 1777/4815 1774/4822
f 1776/4982 1779/4983 1778/4816
f 1778/4816 1777/4815 1776/4982
f 1779/4983 1781/4986 1780/4823
f 1780/4823 1778/4816 1779/4983
f 1781/4986 1783/4988 1782/4833
f 1782/4833 1780/4823 1781/4986
f 1784/4919 1770/4920 1771/4768
f 1771/4768 1785/4767 1784/4919
f 1787/4707 1786/4720 1733/4664
f 1733/4664 1734/4665 1787/4707
f 1771/4768 1768/4807 1786/4720
f 1786/4720 1787/4707 1771/4768
f 1769/4972 1770/4920 1788/5007
f 1788/5007 1789/5077 1769/4972
f 1786/4720 1790/4724 1739/4663
f 1739/4663 1733/4664 1786/4720
f 1768/4807 1772/4817 1790/4724
f 1790/4724 1786/4720 1768/4807
f 1773/4984 1769/4972 1789/5077
f 1789/5077 1791/5091 1773/4984
f 1790/4724 1792/4725 1742/4662
f 1742/4662 1739/4663 1790/4724
f 1772/4817 1774/4822 1792/4725
f 1792/4725 1790/4724 1772/4817
f 1775/4985 1773/4984 1791/5091
f 1791/5091 1793/5092 1775/4985
f 1792/4725 1794/4722 1745/4661
f 1745/4661 1742/4662 1792/4725
f 1792/4725 1774/4822 1777/4815
f 1777/4815 1794/4722 1792/4725
f 1795/5089 1776/4982 1775/4985
f 1775/4985 1793/5092 1795/5089
f 1794/4722 1796/4723 1748/4660
f 1748/4660 1745/4661 1794/4722
f 1777/4815 1778/4816 1796/4723
f 1796/4723 1794/4722 1777/4815
f 1797/5090 1779/4983 1776/4982
f 1776/4982 1795/5089 1797/5090
f 1748/4660 1796/4723 1798/4726
f 1798/4726 1752/4659 1748/4660
f 1778/4816 1780/4823 1798/4726
f 1798/4726 1796/4723 1778/4816
f 1781/4986 1779/4983 1797/5090
f 1797/5090 1799/5098 1781/4986
f 1752/4659 1798/4726 1800/4728
f 1800/4728 1801/4677 1752/4659
f 1780/4823 1782/4833 1800/4728
f 1800/4728 1798/4726 1780/4823
f 1783/4988 1781/4986 1799/5098
f 1799/5098 1802/5102 1783/4988
f 1803/4706 1787/4707 1734/4665
f 1734/4665 1757/4666 1803/4706
f 1785/4767 1771/4768 1787/4707
f 1787/4707 1803/4706 1785/4767
f 1770/4920 1784/4919 1804/5022
f 1804/5022 1788/5007 1770/4920
f 1760/4658 1752/4659 1801/4677
f 1789/5077 1788/5007 1805/5025
f 1805/5025 1806/5088 1789/5077
f 1791/5091 1789/5077 1806/5088
f 1806/5088 1807/5096 1791/5091
f 1793/5092 1791/5091 1807/5096
f 1807/5096 1808/5099 1793/5092
f 1809/5094 1795/5089 1793/5092
f 1793/5092 1808/5099 1809/5094
f 1797/5090 1795/5089 1809/5094
f 1809/5094 1810/5095 1797/5090
f 1799/5098 1797/5090 1810/5095
f 1810/5095 1811/5100 1799/5098
f 1811/5100 1802/5102 1799/5098
f 1805/5025 1788/5007 1804/5022
f 1814/5363 1813/5348 1812/5349
f 1812/5349 1815/5362 1814/5363
f 1817/5365 1816/5347 1813/5348
f 1813/5348 1814/5363 1817/5365
f 1819/5364 1818/5346 1816/5347
f 1816/5347 1817/5365 1819/5364
f 1821/5367 1820/5345 1818/5346
f 1818/5346 1819/5364 1821/5367
f 1823/5366 1822/5344 1820/5345
f 1820/5345 1821/5367 1823/5366
f 1825/5361 1824/5342 1822/5344
f 1822/5344 1823/5366 1825/5361
f 1827/5353 1826/5336 1824/5342
f 1824/5342 1825/5361 1827/5353
f 1830/5445 1829/5373 1828/5374
f 1828/5374 1831/5446 1830/5445
f 1833/5444 1832/5372 1829/5373
f 1829/5373 1830/5445 1833/5444
f 1835/5443 1834/5371 1832/5372
f 1832/5372 1833/5444 1835/5443
f 1837/5442 1836/5370 1834/5371
f 1834/5371 1835/5443 1837/5442
f 1839/5441 1838/5369 1836/5370
f 1836/5370 1837/5442 1839/5441
f 1841/5440 1840/5368 1838/5369
f 1838/5369 1839/5441 1841/5440
f 1843/5439 1842/5414 1841/5440
f 1845/5391 1844/5358 1840/5368
f 1845/5391 1840/5368 1841/5440
f 1841/5440 1842/5414 1845/5391
f 1814/5363 1815/5362 1828/5374
f 1828/5374 1829/5373 1814/5363
f 1817/5365 1814/5363 1829/5373
f 1829/5373 1832/5372 1817/5365
f 1819/5364 1817/5365 1832/5372
f 1832/5372 1834/5371 1819/5364
f 1821/5367 1819/5364 1834/5371
f 1834/5371 1836/5370 1821/5367
f 1823/5366 1821/5367 1836/5370
f 1836/5370 1838/5369 1823/5366
f 1825/5361 1823/5366 1838/5369
f 1838/5369 1840/5368 1825/5361
f 1827/5353 1825/5361 1840/5368
f 1840/5368 1844/5358 1827/5353
f 1848/5260 1847/5261 1846/5275
f 1846/5275 1849/5274 1848/5260
f 1850/5259 1848/5260 1849/5274
f 1849/5274 1851/5273 1850/5259
f 1852/5258 1850/5259 1851/5273
f 1851/5273 1853/5272 1852/5258
f 1854/5255 1852/5258 1853/5272
f 1853/5272 1855/5271 1854/5255
f 1856/5254 1854/5255 1855/5271
f 1855/5271 1857/5270 1856/5254
f 1858/5262 1856/5254 1857/5270
f 1857/5270 1859/5277 1858/5262
f 1860/5266 1858/5262 1859/5277
f 1859/5277 1861/5283 1860/5266
f 1864/5161 1863/5162 1862/5250
f 1862/5250 1865/5249 1864/5161
f 1866/5160 1864/5161 1865/5249
f 1865/5249 1867/5248 1866/5160
f 1868/5159 1866/5160 1867/5248
f 1867/5248 1869/5247 1868/5159
f 1870/5158 1868/5159 1869/5247
f 1869/5247 1871/5246 1870/5158
f 1872/5157 1870/5158 1871/5246
f 1871/5246 1873/5245 1872/5157
f 1874/5156 1872/5157 1873/5245
f 1873/5245 1875/5251 1874/5156
f 1877/5191 1876/5163 1874/5156
f 1879/5263 1878/5228 1875/5251
f 1878/5228 1877/5191 1874/5156
f 1874/5156 1875/5251 1878/5228
f 1848/5260 1865/5249 1862/5250
f 1862/5250 1847/5261 1848/5260
f 1850/5259 1867/5248 1865/5249
f 1865/5249 1848/5260 1850/5259
f 1852/5258 1869/5247 1867/5248
f 1867/5248 1850/5259 1852/5258
f 1854/5255 1871/5246 1869/5247
f 1869/5247 1852/5258 1854/5255
f 1856/5254 1873/5245 1871/5246
f 1871/5246 1854/5255 1856/5254
f 1858/5262 1875/5251 1873/5245
f 1873/5245 1856/5254 1858/5262
f 1860/5266 1879/5263 1875/5251
f 1875/5251 1858/5262 1860/5266
f 1882/4304 1881/4302 1880/4300
f 1880/4300 1883/4301 1882/4304
f 1884/4281 1880/4300 1881/4302
f 1881/4302 1885/4289 1884/4281
f 1888/4293 1887/4297 1886/4278
f 1886/4278 1889/4267 1888/4293
f 1892/4262 1891/4275 1890/4282
f 1890/4282 1893/4268 1892/4262
f 1889/4267 1886/4278 1894/4273
f 1894/4273 1895/4259 1889/4267
f 1893/4268 1890/4282 1896/4299
f 1896/4299 1897/4296 1893/4268
f 1883/4301 1899/4312 1898/4315
f 1898/4315 1882/4304 1883/4301
f 1901/4381 1900/4385 1887/4297
f 1887/4297 1888/4293 1901/4381
f 1903/4513 1902/4519 1900/4385
f 1900/4385 1901/4381 1903/4513
f 1905/4601 1904/4605 1902/4519
f 1902/4519 1903/4513 1905/4601
f 1896/4299 1907/4382 1906/4380
f 1906/4380 1897/4296 1896/4299
f 1907/4382 1909/4516 1908/4512
f 1908/4512 1906/4380 1907/4382
f 1909/4516 1911/4602 1910/4600
f 1910/4600 1908/4512 1909/4516
f 1899/4312 1913/4384 1912/4383
f 1912/4383 1898/4315 1899/4312
f 1913/4384 1915/4518 1914/4517
f 1914/4517 1912/4383 1913/4384
f 1915/4518 1917/4604 1916/4603
f 1916/4603 1914/4517 1915/4518
f 1883/4301 1880/4300 1894/4273
f 1894/4273 1886/4278 1883/4301
f 1891/4275 1881/4302 1882/4304
f 1882/4304 1890/4282 1891/4275
f 1885/4289 1881/4302 1891/4275
f 1891/4275 1892/4262 1885/4289
f 1894/4273 1880/4300 1884/4281
f 1884/4281 1895/4259 1894/4273
f 1890/4282 1882/4304 1898/4315
f 1898/4315 1896/4299 1890/4282
f 1899/4312 1883/4301 1886/4278
f 1886/4278 1887/4297 1899/4312
f 1898/4315 1912/4383 1907/4382
f 1907/4382 1896/4299 1898/4315
f 1913/4384 1899/4312 1887/4297
f 1887/4297 1900/4385 1913/4384
f 1918/4624 1917/4604 1904/4605
f 1904/4605 1919/4625 1918/4624
f 1912/4383 1914/4517 1909/4516
f 1909/4516 1907/4382 1912/4383
f 1915/4518 1913/4384 1900/4385
f 1900/4385 1902/4519 1915/4518
f 1914/4517 1916/4603 1911/4602
f 1911/4602 1909/4516 1914/4517
f 1917/4604 1915/4518 1902/4519
f 1902/4519 1904/4605 1917/4604
f 1920/4626 1919/4625 1904/4605
f 1904/4605 1905/4601 1920/4626
f 1911/4602 1922/4621 1921/4620
f 1921/4620 1910/4600 1911/4602
f 1918/4624 1923/4623 1916/4603
f 1916/4603 1917/4604 1918/4624
f 1923/4623 1922/4621 1911/4602
f 1911/4602 1916/4603 1923/4623
f 1926/5014 1925/5024 1924/5026
f 1924/5026 1927/5023 1926/5014
f 1929/5051 1928/5043 1927/5023
f 1927/5023 1924/5026 1929/5051
f 1932/5037 1931/5065 1930/5052
f 1930/5052 1933/5033 1932/5037
f 1936/5070 1935/5063 1934/5049
f 1934/5049 1937/5057 1936/5070
f 1931/5065 1939/5071 1938/5059
f 1938/5059 1930/5052 1931/5065
f 1935/5063 1941/5034 1940/5027
f 1940/5027 1934/5049 1935/5063
f 1925/5024 1926/5014 1942/5010
f 1942/5010 1943/5012 1925/5024
f 1944/4940 1932/5037 1933/5033
f 1933/5033 1945/4932 1944/4940
f 1946/4747 1944/4940 1945/4932
f 1945/4932 1947/4745 1946/4747
f 1948/4685 1946/4747 1947/4745
f 1947/4745 1949/4683 1948/4685
f 1940/5027 1941/5034 1950/4939
f 1950/4939 1951/4929 1940/5027
f 1951/4929 1950/4939 1952/4746
f 1952/4746 1953/4742 1951/4929
f 1953/4742 1952/4746 1954/4684
f 1954/4684 1955/4680 1953/4742
f 1943/5012 1942/5010 1956/4930
f 1956/4930 1957/4931 1943/5012
f 1957/4931 1956/4930 1958/4743
f 1958/4743 1959/4744 1957/4931
f 1959/4744 1958/4743 1960/4681
f 1960/4681 1961/4682 1959/4744
f 1925/5024 1930/5052 1938/5059
f 1938/5059 1924/5026 1925/5024
f 1937/5057 1934/5049 1926/5014
f 1926/5014 1927/5023 1937/5057
f 1928/5043 1936/5070 1937/5057
f 1937/5057 1927/5023 1928/5043
f 1938/5059 1939/5071 1929/5051
f 1929/5051 1924/5026 1938/5059
f 1934/5049 1940/5027 1942/5010
f 1942/5010 1926/5014 1934/5049
f 1943/5012 1933/5033 1930/5052
f 1930/5052 1925/5024 1943/5012
f 1942/5010 1940/5027 1951/4929
f 1951/4929 1956/4930 1942/5010
f 1957/4931 1945/4932 1933/5033
f 1933/5033 1943/5012 1957/4931
f 1918/4624 1919/4625 1949/4683
f 1949/4683 1961/4682 1918/4624
f 1956/4930 1951/4929 1953/4742
f 1953/4742 1958/4743 1956/4930
f 1959/4744 1947/4745 1945/4932
f 1945/4932 1957/4931 1959/4744
f 1958/4743 1953/4742 1955/4680
f 1955/4680 1960/4681 1958/4743
f 1961/4682 1949/4683 1947/4745
f 1947/4745 1959/4744 1961/4682
f 1920/4626 1948/4685 1949/4683
f 1949/4683 1919/4625 1920/4626
f 1955/4680 1954/4684 1921/4620
f 1921/4620 1922/4621 1955/4680
f 1918/4624 1961/4682 1960/4681
f 1960/4681 1923/4623 1918/4624
f 1923/4623 1960/4681 1955/4680
f 1955/4680 1922/4621 1923/4623
f 1889/4267 1962/4265 2522/4292
f 2522/4292 1888/4293 1889/4267
f 2538/4379 1901/4381 1888/4293
f 1888/4293 2522/4292 2538/4379
f 1963/4511 1903/4513 1901/4381
f 1901/4381 2538/4379 1963/4511
f 1964/4599 1905/4601 1903/4513
f 1903/4513 1963/4511 1964/4599
f 2544/4627 1920/4626 1905/4601
f 1905/4601 1964/4599 2544/4627
f 1931/5065 1932/5037 2548/5040
f 2548/5040 2545/5067 1931/5065
f 1965/4942 2548/5040 1932/5037
f 1932/5037 1944/4940 1965/4942
f 2561/4749 1965/4942 1944/4940
f 1944/4940 1946/4747 2561/4749
f 2563/4687 2561/4749 1946/4747
f 1946/4747 1948/4685 2563/4687
f 2544/4627 2563/4687 1948/4685
f 1948/4685 1920/4626 2544/4627
f 1893/4268 1966/4266 2525/4258
f 2525/4258 1892/4262 1893/4268
f 2528/4257 1962/4265 1889/4267
f 1889/4267 1895/4259 2528/4257
f 2533/4276 1884/4281 1885/4289
f 1885/4289 1967/4284 2533/4276
f 1967/4284 1885/4289 1892/4262
f 1892/4262 2525/4258 1967/4284
f 1884/4281 2533/4276 2528/4257
f 2528/4257 1895/4259 1884/4281
f 1968/4294 1966/4266 1893/4268
f 1893/4268 1897/4296 1968/4294
f 1906/4380 1969/4378 1968/4294
f 1968/4294 1897/4296 1906/4380
f 1908/4512 1970/4510 1969/4378
f 1969/4378 1906/4380 1908/4512
f 1910/4600 1971/4598 1970/4510
f 1970/4510 1908/4512 1910/4600
f 1921/4620 2542/4619 1971/4598
f 1971/4598 1910/4600 1921/4620
f 1972/5036 1941/5034 1935/5063
f 1935/5063 1973/5066 1972/5036
f 1950/4939 1941/5034 1972/5036
f 1972/5036 1974/4941 1950/4939
f 1952/4746 1950/4939 1974/4941
f 1974/4941 1975/4748 1952/4746
f 1954/4684 1952/4746 1975/4748
f 1975/4748 2557/4686 1954/4684
f 1921/4620 1954/4684 2557/4686
f 2557/4686 2542/4619 1921/4620
f 1935/5063 1936/5070 1976/5072
f 1976/5072 1973/5066 1935/5063
f 1977/5074 1939/5071 1931/5065
f 1931/5065 2545/5067 1977/5074
f 1979/5056 1978/5048 1928/5043
f 1928/5043 1929/5051 1979/5056
f 1978/5048 1976/5072 1936/5070
f 1936/5070 1928/5043 1978/5048
f 1929/5051 1939/5071 1977/5074
f 1977/5074 1979/5056 1929/5051
f 1982/5252 1981/5253 1980/5311
f 1980/5311 1983/5310 1982/5252
f 1986/5359 1985/5360 1984/5378
f 1984/5378 1996/5377 1986/5359
f 1989/5232 1988/5231 1987/5225
f 1987/5225 1990/5226 1989/5232
f 1981/5253 2564/5257 1991/5308
f 1991/5308 1980/5311 1981/5253
f 1985/5360 2565/5356 2566/5375
f 2566/5375 1984/5378 1985/5360
f 2567/5227 1992/5235 1989/5232
f 1989/5232 1990/5226 2567/5227
f 1983/5310 1994/5309 1993/5256
f 1993/5256 1982/5252 1983/5310
f 2622/5376 2623/5357 1986/5359
f 1986/5359 1996/5377 2622/5376
f 1988/5231 2624/5233 2625/5224
f 2625/5224 1987/5225 1988/5231
f 1983/5310 1980/5311 1985/5360
f 1985/5360 1986/5359 1983/5310
f 1981/5253 1982/5252 1988/5231
f 1988/5231 1989/5232 1981/5253
f 1980/5311 1991/5308 2565/5356
f 2565/5356 1985/5360 1980/5311
f 1992/5235 2564/5257 1981/5253
f 1981/5253 1989/5232 1992/5235
f 1982/5252 1993/5256 2624/5233
f 2624/5233 1988/5231 1982/5252
f 2623/5357 1994/5309 1983/5310
f 1983/5310 1986/5359 2623/5357
f 1996/4104 1984/4103 1995/4107
f 1995/4107 1997/4114 1996/4104
f 2566/4102 1998/4106 1995/4107
f 1995/4107 1984/4103 2566/4102
f 1997/4114 2626/4115 2622/4105
f 2622/4105 1996/4104 1997/4114
f 2000/4123 1999/4122 1997/4114
f 1997/4114 1995/4107 2000/4123
f 2002/4133 2001/4132 1999/4122
f 1999/4122 2000/4123 2002/4133
f 2004/4143 2003/4142 2001/4132
f 2001/4132 2002/4133 2004/4143
f 1998/4106 2568/4125 2000/4123
f 2000/4123 1995/4107 1998/4106
f 2568/4125 2005/4135 2002/4133
f 2002/4133 2000/4123 2568/4125
f 2005/4135 2569/4145 2004/4143
f 2004/4143 2002/4133 2005/4135
f 1999/4122 2627/4124 2626/4115
f 2626/4115 1997/4114 1999/4122
f 2001/4132 2006/4134 2627/4124
f 2627/4124 1999/4122 2001/4132
f 2003/4142 2628/4144 2006/4134
f 2006/4134 2001/4132 2003/4142
f 2007/4174 2003/4142 2004/4143
f 2004/4143 2008/4175 2007/4174
f 2008/4175 2004/4143 2569/4145
f 2569/4145 2009/4176 2008/4175
f 2007/4174 2010/4173 2628/4144
f 2628/4144 2003/4142 2007/4174
f 2057/4544 2012/4534 2011/4535
f 2011/4535 2056/4547 2057/4544
f 2062/4556 2056/4547 2011/4535
f 2011/4535 2013/4537 2062/4556
f 2012/4534 2057/4544 2014/4542
f 2014/4542 2015/4533 2012/4534
f 2016/4462 2011/4535 2012/4534
f 2012/4534 2017/4461 2016/4462
f 2018/4361 2016/4462 2017/4461
f 2017/4461 2019/4360 2018/4361
f 2020/4208 2018/4361 2019/4360
f 2019/4360 2021/4207 2020/4208
f 2013/4537 2011/4535 2016/4462
f 2016/4462 2022/4459 2013/4537
f 2022/4459 2016/4462 2018/4361
f 2018/4361 2570/4358 2022/4459
f 2570/4358 2018/4361 2020/4208
f 2020/4208 2571/4205 2570/4358
f 2017/4461 2012/4534 2015/4533
f 2015/4533 2023/4460 2017/4461
f 2019/4360 2017/4461 2023/4460
f 2023/4460 2024/4359 2019/4360
f 2021/4207 2019/4360 2024/4359
f 2024/4359 2629/4206 2021/4207
f 2007/4174 2008/4175 2020/4208
f 2020/4208 2021/4207 2007/4174
f 2008/4175 2009/4176 2571/4205
f 2571/4205 2020/4208 2008/4175
f 2007/4174 2021/4207 2629/4206
f 2629/4206 2010/4173 2007/4174
f 1990/5226 1987/5225 2025/5221
f 2025/5221 2026/5222 1990/5226
f 2026/5222 2572/5219 2567/5227
f 2567/5227 1990/5226 2026/5222
f 2625/5223 2630/5220 2025/5221
f 2025/5221 1987/5225 2625/5223
f 2028/5207 2027/5208 2026/5222
f 2026/5222 2025/5221 2028/5207
f 2030/5188 2029/5189 2027/5208
f 2027/5208 2028/5207 2030/5188
f 2032/5151 2031/5152 2029/5189
f 2029/5189 2030/5188 2032/5151
f 2027/5208 2573/5205 2572/5219
f 2572/5219 2026/5222 2027/5208
f 2029/5189 2033/5186 2573/5205
f 2573/5205 2027/5208 2029/5189
f 2031/5152 2034/5149 2033/5186
f 2033/5186 2029/5189 2031/5152
f 2630/5220 2035/5206 2028/5207
f 2028/5207 2025/5221 2630/5220
f 2035/5206 2631/5187 2030/5188
f 2030/5188 2028/5207 2035/5206
f 2631/5187 2632/5150 2032/5151
f 2032/5151 2030/5188 2631/5187
f 2036/5146 2032/5151 2632/5150
f 2632/5150 2037/5145 2036/5146
f 2036/5146 2038/5147 2031/5152
f 2031/5152 2032/5151 2036/5146
f 2038/5147 2574/5148 2034/5149
f 2034/5149 2031/5152 2038/5147
f 2041/4847 2040/4865 2039/4864
f 2039/4864 2042/4845 2041/4847
f 2040/4865 2041/4847 2043/4849
f 2043/4849 2044/4867 2040/4865
f 2633/4843 2042/4845 2039/4864
f 2039/4864 2634/4866 2633/4843
f 2045/4989 2039/4864 2040/4865
f 2040/4865 2046/4990 2045/4989
f 2047/5104 2045/4989 2046/4990
f 2046/4990 2048/5105 2047/5104
f 2049/5117 2047/5104 2048/5105
f 2048/5105 2050/5118 2049/5117
f 2046/4990 2040/4865 2044/4867
f 2044/4867 2575/4992 2046/4990
f 2048/5105 2046/4990 2575/4992
f 2575/4992 2576/5107 2048/5105
f 2050/5118 2048/5105 2576/5107
f 2576/5107 2577/5120 2050/5118
f 2634/4866 2039/4864 2045/4989
f 2045/4989 2635/4991 2634/4866
f 2635/4991 2045/4989 2047/5104
f 2047/5104 2636/5106 2635/4991
f 2636/5106 2047/5104 2049/5117
f 2049/5117 2051/5119 2636/5106
f 2036/5146 2037/5145 2051/5119
f 2051/5119 2049/5117 2036/5146
f 2036/5146 2049/5117 2050/5118
f 2050/5118 2038/5147 2036/5146
f 2038/5147 2050/5118 2577/5120
f 2577/5120 2574/5148 2038/5147
f 2054/4739 2053/4613 2052/4614
f 2052/4614 2055/4740 2054/4739
f 2058/4579 2057/4543 2056/4546
f 2056/4546 2059/4580 2058/4579
f 2060/4827 2041/4848 2042/4846
f 2042/4846 2061/4826 2060/4827
f 2055/4740 2052/4614 2578/4616
f 2578/4616 2579/4737 2055/4740
f 2059/4580 2056/4546 2062/4555
f 2062/4555 2063/4585 2059/4580
f 2043/4850 2041/4848 2060/4827
f 2060/4827 2580/4824 2043/4850
f 2053/4613 2054/4739 2064/4738
f 2064/4738 2065/4615 2053/4613
f 2014/4541 2057/4543 2058/4579
f 2058/4579 2643/4584 2014/4541
f 2061/4826 2042/4846 2633/4844
f 2633/4844 2644/4825 2061/4826
f 2053/4613 2058/4579 2059/4580
f 2059/4580 2052/4614 2053/4613
f 2055/4740 2060/4827 2061/4826
f 2061/4826 2054/4739 2055/4740
f 2052/4614 2059/4580 2063/4585
f 2063/4585 2578/4616 2052/4614
f 2580/4824 2060/4827 2055/4740
f 2055/4740 2579/4737 2580/4824
f 2054/4739 2061/4826 2644/4825
f 2644/4825 2064/4738 2054/4739
f 2643/4584 2058/4579 2053/4613
f 2053/4613 2065/4615 2643/4584
f 2068/4326 2067/4318 2066/4298
f 2066/4298 2069/4317 2068/4326
f 2067/4318 2071/4314 2070/4286
f 2070/4286 2066/4298 2067/4318
f 2073/4375 2072/4376 2068/4326
f 2068/4326 2069/4317 2073/4375
f 2075/4507 2074/4508 2072/4376
f 2072/4376 2073/4375 2075/4507
f 2077/4595 2076/4596 2074/4508
f 2074/4508 2075/4507 2077/4595
f 2078/4622 2076/4596 2077/4595
f 2077/4595 2079/4618 2078/4622
f 2082/4998 2081/5008 2080/5030
f 2080/5030 2083/5005 2082/4998
f 2083/5005 2080/5030 2084/5044
f 2084/5044 2085/5011 2083/5005
f 2086/4943 2081/5008 2082/4998
f 2082/4998 2087/4944 2086/4943
f 2088/4750 2086/4943 2087/4944
f 2087/4944 2089/4751 2088/4750
f 2090/4688 2088/4750 2089/4751
f 2089/4751 2091/4689 2090/4688
f 2078/4622 2079/4618 2090/4688
f 2090/4688 2091/4689 2078/4622
f 2093/4274 2092/4272 2583/4277
f 2583/4277 2094/4280 2093/4274
f 2584/4285 2585/4295 2066/4298
f 2066/4298 2070/4286 2584/4285
f 2588/4254 2096/4255 2095/4264
f 2095/4264 2097/4263 2588/4254
f 2094/4280 2583/4277 2584/4285
f 2584/4285 2070/4286 2094/4280
f 2092/4272 2093/4274 2096/4255
f 2096/4255 2588/4254 2092/4272
f 2591/4316 2069/4317 2066/4298
f 2066/4298 2585/4295 2591/4316
f 2098/4373 2073/4375 2069/4317
f 2069/4317 2591/4316 2098/4373
f 2099/4505 2075/4507 2073/4375
f 2073/4375 2098/4373 2099/4505
f 2100/4593 2077/4595 2075/4507
f 2075/4507 2099/4505 2100/4593
f 2079/4618 2077/4595 2100/4593
f 2100/4593 2101/4617 2079/4618
f 2102/5009 2597/5035 2080/5030
f 2080/5030 2081/5008 2102/5009
f 2601/4946 2102/5009 2081/5008
f 2081/5008 2086/4943 2601/4946
f 2603/4753 2601/4946 2086/4943
f 2086/4943 2088/4750 2603/4753
f 2103/4691 2603/4753 2088/4750
f 2088/4750 2090/4688 2103/4691
f 2079/4618 2101/4617 2103/4691
f 2103/4691 2090/4688 2079/4618
f 2104/4290 2097/4263 2095/4264
f 2095/4264 2105/4291 2104/4290
f 2106/4377 2607/4374 2104/4290
f 2104/4290 2105/4291 2106/4377
f 2107/4509 2608/4506 2607/4374
f 2607/4374 2106/4377 2107/4509
f 2109/4597 2108/4594 2608/4506
f 2608/4506 2107/4509 2109/4597
f 2110/4628 2612/4629 2108/4594
f 2108/4594 2109/4597 2110/4628
f 2613/5042 2112/5041 2111/5068
f 2111/5068 2113/5069 2613/5042
f 2114/4945 2112/5041 2613/5042
f 2613/5042 2616/4947 2114/4945
f 2115/4752 2114/4945 2616/4947
f 2616/4947 2618/4754 2115/4752
f 2116/4690 2115/4752 2618/4754
f 2618/4754 2620/4692 2116/4690
f 2110/4628 2116/4690 2620/4692
f 2620/4692 2612/4629 2110/4628
f 2118/5058 2117/5050 2638/5053
f 2638/5053 2119/5060 2118/5058
f 2120/5045 2084/5044 2080/5030
f 2080/5030 2597/5035 2120/5045
f 2642/5076 2113/5069 2111/5068
f 2111/5068 2121/5075 2642/5076
f 2117/5050 2084/5044 2120/5045
f 2120/5045 2638/5053 2117/5050
f 2119/5060 2642/5076 2121/5075
f 2121/5075 2118/5058 2119/5060
f 2252/4961 2123/4969 2122/4973
f 2122/4973 2124/4966 2252/4961
f 2255/4936 2125/4950 2123/4969
f 2123/4969 2252/4961 2255/4936
f 2258/4905 2126/4910 2125/4950
f 2125/4950 2255/4936 2258/4905
f 2128/4881 2127/4889 2126/4910
f 2126/4910 2258/4905 2128/4881
f 2130/4871 2129/4872 2127/4889
f 2127/4889 2128/4881 2130/4871
f 2132/4861 2131/4857 2129/4872
f 2129/4872 2130/4871 2132/4861
f 2262/4839 2133/4835 2131/4857
f 2131/4857 2132/4861 2262/4839
f 2135/4819 2134/4811 2133/4835
f 2133/4835 2262/4839 2135/4819
f 2137/4802 2136/4791 2134/4811
f 2134/4811 2135/4819 2137/4802
f 2266/4795 2138/4781 2136/4791
f 2136/4791 2137/4802 2266/4795
f 2140/4801 2139/4790 2138/4781
f 2138/4781 2266/4795 2140/4801
f 2269/4818 2141/4810 2139/4790
f 2139/4790 2140/4801 2269/4818
f 2143/4838 2142/4834 2141/4810
f 2141/4810 2269/4818 2143/4838
f 2145/4860 2144/4856 2142/4834
f 2142/4834 2143/4838 2145/4860
f 2273/4870 2146/4869 2144/4856
f 2144/4856 2145/4860 2273/4870
f 2275/4880 2147/4887 2146/4869
f 2146/4869 2273/4870 2275/4880
f 2277/4904 2148/4909 2147/4887
f 2147/4887 2275/4880 2277/4904
f 2150/4933 2149/4949 2148/4909
f 2148/4909 2277/4904 2150/4933
f 2280/4960 2151/4968 2149/4949
f 2149/4949 2150/4933 2280/4960
f 2124/4966 2122/4973 2151/4968
f 2151/4968 2280/4960 2124/4966
f 2250/4980 2122/4973 2123/4969
f 2123/4969 2152/4978 2250/4980
f 2152/4978 2123/4969 2125/4950
f 2125/4950 2225/4956 2152/4978
f 2225/4956 2125/4950 2126/4910
f 2126/4910 2226/4924 2225/4956
f 2226/4924 2126/4910 2127/4889
f 2127/4889 2228/4898 2226/4924
f 2228/4898 2127/4889 2129/4872
f 2129/4872 2153/4873 2228/4898
f 2153/4873 2129/4872 2131/4857
f 2131/4857 2231/4853 2153/4873
f 2231/4853 2131/4857 2133/4835
f 2133/4835 2154/4829 2231/4853
f 2154/4829 2133/4835 2134/4811
f 2134/4811 2233/4806 2154/4829
f 2233/4806 2134/4811 2136/4791
f 2136/4791 2155/4776 2233/4806
f 2155/4776 2136/4791 2138/4781
f 2138/4781 2236/4769 2155/4776
f 2236/4769 2138/4781 2139/4790
f 2139/4790 2239/4775 2236/4769
f 2239/4775 2139/4790 2141/4810
f 2141/4810 2251/4805 2239/4775
f 2251/4805 2141/4810 2142/4834
f 2142/4834 2156/4828 2251/4805
f 2156/4828 2142/4834 2144/4856
f 2144/4856 2241/4852 2156/4828
f 2241/4852 2144/4856 2146/4869
f 2146/4869 2243/4868 2241/4852
f 2243/4868 2146/4869 2147/4887
f 2147/4887 2242/4897 2243/4868
f 2242/4897 2147/4887 2148/4909
f 2148/4909 2245/4923 2242/4897
f 2245/4923 2148/4909 2149/4949
f 2149/4949 2247/4955 2245/4923
f 2247/4955 2149/4949 2151/4968
f 2151/4968 2157/4977 2247/4955
f 2157/4977 2151/4968 2122/4973
f 2122/4973 2250/4980 2157/4977
f 2160/4184 2159/4333 2158/4332
f 2158/4332 2161/4183 2160/4184
f 2163/4186 2162/4335 2159/4333
f 2159/4333 2160/4184 2163/4186
f 2165/4192 2164/4341 2162/4335
f 2162/4335 2163/4186 2165/4192
f 2167/4193 2166/4342 2164/4341
f 2164/4341 2165/4192 2167/4193
f 2169/4194 2168/4343 2166/4342
f 2166/4342 2167/4193 2169/4194
f 2171/4195 2170/4344 2168/4343
f 2168/4343 2169/4194 2171/4195
f 2173/4196 2172/4345 2170/4344
f 2170/4344 2171/4195 2173/4196
f 2175/4197 2174/4346 2172/4345
f 2172/4345 2173/4196 2175/4197
f 2177/4198 2176/4347 2174/4346
f 2174/4346 2175/4197 2177/4198
f 2223/4200 2222/4349 2178/4348
f 2178/4348 2179/4199 2223/4200
f 2182/4189 2181/4338 2180/4337
f 2180/4337 2183/4188 2182/4189
f 2186/4191 2185/4340 2184/4339
f 2184/4339 2187/4190 2186/4191
f 2189/4185 2188/4334 2185/4340
f 2185/4340 2186/4191 2189/4185
f 2191/4180 2190/4329 2188/4334
f 2188/4334 2189/4185 2191/4180
f 2193/4181 2192/4330 2190/4329
f 2190/4329 2191/4180 2193/4181
f 2249/4979 2224/4976 2194/4971
f 2194/4971 2195/4974 2249/4979
f 2224/4976 2197/4954 2196/4952
f 2196/4952 2194/4971 2224/4976
f 2197/4954 2199/4922 2198/4912
f 2198/4912 2196/4952 2197/4954
f 2199/4922 2227/4896 2200/4891
f 2200/4891 2198/4912 2199/4922
f 2227/4896 2229/4879 2201/4878
f 2201/4878 2200/4891 2227/4896
f 2229/4879 2230/4855 2202/4859
f 2202/4859 2201/4878 2229/4879
f 2230/4855 2232/4831 2203/4837
f 2203/4837 2202/4859 2230/4855
f 2232/4831 2205/4809 2204/4813
f 2204/4813 2203/4837 2232/4831
f 2205/4809 2234/4780 2206/4793
f 2206/4793 2204/4813 2205/4809
f 2234/4780 2235/4770 2207/4782
f 2207/4782 2206/4793 2234/4780
f 2235/4770 2237/4779 2208/4792
f 2208/4792 2207/4782 2235/4770
f 2237/4779 2238/4808 2209/4812
f 2209/4812 2208/4792 2237/4779
f 2238/4808 2211/4830 2210/4836
f 2210/4836 2209/4812 2238/4808
f 2211/4830 2240/4854 2212/4858
f 2212/4858 2210/4836 2211/4830
f 2240/4854 2214/4874 2213/4875
f 2213/4875 2212/4858 2240/4854
f 2214/4874 2216/4895 2215/4890
f 2215/4890 2213/4875 2214/4874
f 2216/4895 2244/4921 2217/4911
f 2217/4911 2215/4890 2216/4895
f 2244/4921 2246/4953 2218/4951
f 2218/4951 2217/4911 2244/4921
f 2246/4953 2248/4975 2219/4970
f 2219/4970 2218/4951 2246/4953
f 2248/4975 2249/4979 2195/4974
f 2195/4974 2219/4970 2248/4975
f 2161/4183 2158/4332 2220/4331
f 2220/4331 2221/4182 2161/4183
f 2179/4199 2178/4348 2176/4347
f 2176/4347 2177/4198 2179/4199
f 2183/4188 2180/4337 2222/4336
f 2222/4336 2223/4187 2183/4188
f 2187/4190 2184/4339 2181/4338
f 2181/4338 2182/4189 2187/4190
f 2221/4182 2220/4331 2192/4330
f 2192/4330 2193/4181 2221/4182
f 2159/4333 2197/4410 2224/4409
f 2224/4409 2158/4332 2159/4333
f 2161/4183 2152/4155 2225/4156
f 2225/4156 2160/4184 2161/4183
f 2162/4335 2199/4411 2197/4410
f 2197/4410 2159/4333 2162/4335
f 2160/4184 2225/4156 2226/4157
f 2226/4157 2163/4186 2160/4184
f 2164/4341 2227/4412 2199/4411
f 2199/4411 2162/4335 2164/4341
f 2163/4186 2226/4157 2228/4158
f 2228/4158 2165/4192 2163/4186
f 2166/4342 2229/4413 2227/4412
f 2227/4412 2164/4341 2166/4342
f 2165/4192 2228/4158 2153/4159
f 2153/4159 2167/4193 2165/4192
f 2168/4343 2230/4414 2229/4413
f 2229/4413 2166/4342 2168/4343
f 2167/4193 2153/4159 2231/4160
f 2231/4160 2169/4194 2167/4193
f 2170/4344 2232/4415 2230/4414
f 2230/4414 2168/4343 2170/4344
f 2169/4194 2231/4160 2154/4161
f 2154/4161 2171/4195 2169/4194
f 2172/4345 2205/4416 2232/4415
f 2232/4415 2170/4344 2172/4345
f 2171/4195 2154/4161 2233/4162
f 2233/4162 2173/4196 2171/4195
f 2174/4346 2234/4417 2205/4416
f 2205/4416 2172/4345 2174/4346
f 2173/4196 2233/4162 2155/4163
f 2155/4163 2175/4197 2173/4196
f 2176/4347 2235/4418 2234/4417
f 2234/4417 2174/4346 2176/4347
f 2175/4197 2155/4163 2236/4164
f 2236/4164 2177/4198 2175/4197
f 2222/4349 2238/4420 2237/4419
f 2237/4419 2178/4348 2222/4349
f 2179/4199 2239/4165 2251/4166
f 2251/4166 2223/4200 2179/4199
f 2181/4338 2240/4403 2211/4402
f 2211/4402 2180/4337 2181/4338
f 2183/4188 2156/4147 2241/4148
f 2241/4148 2182/4189 2183/4188
f 2185/4340 2216/4405 2214/4404
f 2214/4404 2184/4339 2185/4340
f 2187/4190 2243/4149 2242/4150
f 2242/4150 2186/4191 2187/4190
f 2188/4334 2244/4406 2216/4405
f 2216/4405 2185/4340 2188/4334
f 2186/4191 2242/4150 2245/4151
f 2245/4151 2189/4185 2186/4191
f 2190/4329 2246/4421 2244/4406
f 2244/4406 2188/4334 2190/4329
f 2189/4185 2245/4151 2247/4152
f 2247/4152 2191/4180 2189/4185
f 2192/4330 2248/4407 2246/4421
f 2246/4421 2190/4329 2192/4330
f 2191/4180 2247/4152 2157/4153
f 2157/4153 2193/4181 2191/4180
f 2158/4332 2224/4409 2249/4408
f 2249/4408 2220/4331 2158/4332
f 2221/4182 2250/4154 2152/4155
f 2152/4155 2161/4183 2221/4182
f 2178/4348 2237/4419 2235/4418
f 2235/4418 2176/4347 2178/4348
f 2177/4198 2236/4164 2239/4165
f 2239/4165 2179/4199 2177/4198
f 2180/4337 2211/4402 2238/4401
f 2238/4401 2222/4336 2180/4337
f 2223/4187 2251/4146 2156/4147
f 2156/4147 2183/4188 2223/4187
f 2184/4339 2214/4404 2240/4403
f 2240/4403 2181/4338 2184/4339
f 2182/4189 2241/4148 2243/4149
f 2243/4149 2187/4190 2182/4189
f 2220/4331 2249/4408 2248/4407
f 2248/4407 2192/4330 2220/4331
f 2193/4181 2157/4153 2250/4154
f 2250/4154 2221/4182 2193/4181
f 2253/4474 2252/4475 2124/4504
f 2124/4504 2254/4503 2253/4474
f 2256/4438 2255/4439 2252/4475
f 2252/4475 2253/4474 2256/4438
f 2257/4431 2258/4432 2255/4439
f 2255/4439 2256/4438 2257/4431
f 2259/4523 2128/4524 2258/4528
f 2258/4528 2257/4527 2259/4523
f 2260/4503 2130/4504 2128/4524
f 2128/4524 2259/4523 2260/4503
f 2261/4474 2132/4475 2130/4504
f 2130/4504 2260/4503 2261/4474
f 2263/4438 2262/4439 2132/4475
f 2132/4475 2261/4474 2263/4438
f 2264/4431 2135/4432 2262/4439
f 2262/4439 2263/4438 2264/4431
f 2265/4523 2137/4524 2135/4528
f 2135/4528 2264/4527 2265/4523
f 2267/4503 2266/4504 2137/4524
f 2137/4524 2265/4523 2267/4503
f 2268/4474 2140/4475 2266/4504
f 2266/4504 2267/4503 2268/4474
f 2271/4438 2269/4439 2140/4475
f 2140/4475 2268/4474 2271/4438
f 2270/4527 2143/4528 2269/4532
f 2269/4532 2271/4531 2270/4527
f 2272/4523 2145/4524 2143/4528
f 2143/4528 2270/4527 2272/4523
f 2274/4503 2273/4504 2145/4524
f 2145/4524 2272/4523 2274/4503
f 2276/4474 2275/4475 2273/4504
f 2273/4504 2274/4503 2276/4474
f 2278/4438 2277/4439 2275/4475
f 2275/4475 2276/4474 2278/4438
f 2279/4527 2150/4528 2277/4532
f 2277/4532 2278/4531 2279/4527
f 2281/4523 2280/4524 2150/4528
f 2150/4528 2279/4527 2281/4523
f 2254/4503 2124/4504 2280/4524
f 2280/4524 2281/4523 2254/4503
f 2282/4963 2289/4967 2195/4974
f 2195/4974 2194/4971 2282/4963
f 2293/4938 2282/4963 2194/4971
f 2194/4971 2196/4952 2293/4938
f 2283/4907 2293/4938 2196/4952
f 2196/4952 2198/4912 2283/4907
f 2284/4883 2283/4907 2198/4912
f 2198/4912 2200/4891 2284/4883
f 2297/4877 2284/4883 2200/4891
f 2200/4891 2201/4878 2297/4877
f 2285/4863 2297/4877 2201/4878
f 2201/4878 2202/4859 2285/4863
f 2286/4841 2285/4863 2202/4859
f 2202/4859 2203/4837 2286/4841
f 2300/4821 2286/4841 2203/4837
f 2203/4837 2204/4813 2300/4821
f 2287/4804 2300/4821 2204/4813
f 2204/4813 2206/4793 2287/4804
f 2288/4796 2287/4804 2206/4793
f 2206/4793 2207/4782 2288/4796
f 2305/4803 2288/4796 2207/4782
f 2207/4782 2208/4792 2305/4803
f 2307/4820 2305/4803 2208/4792
f 2208/4792 2209/4812 2307/4820
f 2309/4840 2307/4820 2209/4812
f 2209/4812 2210/4836 2309/4840
f 2311/4862 2309/4840 2210/4836
f 2210/4836 2212/4858 2311/4862
f 2313/4876 2311/4862 2212/4858
f 2212/4858 2213/4875 2313/4876
f 2315/4882 2313/4876 2213/4875
f 2213/4875 2215/4890 2315/4882
f 2317/4906 2315/4882 2215/4890
f 2215/4890 2217/4911 2317/4906
f 2319/4937 2317/4906 2217/4911
f 2217/4911 2218/4951 2319/4937
f 2321/4962 2319/4937 2218/4951
f 2218/4951 2219/4970 2321/4962
f 2289/4967 2321/4962 2219/4970
f 2219/4970 2195/4974 2289/4967
f 2291/4466 2290/4500 2289/4499
f 2289/4499 2282/4465 2291/4466
f 2292/4436 2291/4466 2282/4465
f 2282/4465 2293/4435 2292/4436
f 2294/4429 2292/4436 2293/4435
f 2293/4435 2283/4428 2294/4429
f 2295/4522 2294/4526 2283/4525
f 2283/4525 2284/4521 2295/4522
f 2296/4500 2295/4522 2284/4521
f 2284/4521 2297/4499 2296/4500
f 2298/4466 2296/4500 2297/4499
f 2297/4499 2285/4465 2298/4466
f 2299/4436 2298/4466 2285/4465
f 2285/4465 2286/4435 2299/4436
f 2301/4429 2299/4436 2286/4435
f 2286/4435 2300/4428 2301/4429
f 2302/4522 2301/4526 2300/4525
f 2300/4525 2287/4521 2302/4522
f 2303/4500 2302/4522 2287/4521
f 2287/4521 2288/4499 2303/4500
f 2304/4466 2303/4500 2288/4499
f 2288/4499 2305/4465 2304/4466
f 2306/4436 2304/4466 2305/4465
f 2305/4465 2307/4435 2306/4436
f 2308/4526 2306/4530 2307/4529
f 2307/4529 2309/4525 2308/4526
f 2310/4522 2308/4526 2309/4525
f 2309/4525 2311/4521 2310/4522
f 2312/4500 2310/4522 2311/4521
f 2311/4521 2313/4499 2312/4500
f 2314/4466 2312/4500 2313/4499
f 2313/4499 2315/4465 2314/4466
f 2316/4436 2314/4466 2315/4465
f 2315/4465 2317/4435 2316/4436
f 2318/4526 2316/4530 2317/4529
f 2317/4529 2319/4525 2318/4526
f 2320/4522 2318/4526 2319/4525
f 2319/4525 2321/4521 2320/4522
f 2290/4500 2320/4522 2321/4521
f 2321/4521 2289/4499 2290/4500
f 2456/4961 2323/4966 2322/4973
f 2322/4973 2324/4969 2456/4961
f 2325/4936 2456/4961 2324/4969
f 2324/4969 2326/4950 2325/4936
f 2458/4905 2325/4936 2326/4950
f 2326/4950 2327/4910 2458/4905
f 2328/4881 2458/4905 2327/4910
f 2327/4910 2329/4889 2328/4881
f 2462/4871 2328/4881 2329/4889
f 2329/4889 2330/4872 2462/4871
f 2464/4861 2462/4871 2330/4872
f 2330/4872 2331/4857 2464/4861
f 2332/4839 2464/4861 2331/4857
f 2331/4857 2333/4835 2332/4839
f 2334/4819 2332/4839 2333/4835
f 2333/4835 2335/4811 2334/4819
f 2336/4802 2334/4819 2335/4811
f 2335/4811 2337/4791 2336/4802
f 2469/4795 2336/4802 2337/4791
f 2337/4791 2338/4781 2469/4795
f 2471/4801 2469/4795 2338/4781
f 2338/4781 2339/4790 2471/4801
f 2340/4818 2471/4801 2339/4790
f 2339/4790 2341/4810 2340/4818
f 2342/4838 2340/4818 2341/4810
f 2341/4810 2343/4834 2342/4838
f 2344/4860 2342/4838 2343/4834
f 2343/4834 2345/4856 2344/4860
f 2476/4870 2344/4860 2345/4856
f 2345/4856 2346/4869 2476/4870
f 2347/4880 2476/4870 2346/4869
f 2346/4869 2348/4887 2347/4880
f 2478/4904 2347/4880 2348/4887
f 2348/4887 2349/4909 2478/4904
f 2350/4933 2478/4904 2349/4909
f 2349/4909 2351/4949 2350/4933
f 2352/4960 2350/4933 2351/4949
f 2351/4949 2353/4968 2352/4960
f 2323/4966 2352/4960 2353/4968
f 2353/4968 2322/4973 2323/4966
f 2451/4980 2434/4978 2324/4969
f 2324/4969 2322/4973 2451/4980
f 2434/4978 2433/4956 2326/4950
f 2326/4950 2324/4969 2434/4978
f 2433/4956 2354/4924 2327/4910
f 2327/4910 2326/4950 2433/4956
f 2354/4924 2435/4898 2329/4889
f 2329/4889 2327/4910 2354/4924
f 2435/4898 2355/4873 2330/4872
f 2330/4872 2329/4889 2435/4898
f 2355/4873 2356/4853 2331/4857
f 2331/4857 2330/4872 2355/4873
f 2356/4853 2357/4829 2333/4835
f 2333/4835 2331/4857 2356/4853
f 2357/4829 2438/4806 2335/4811
f 2335/4811 2333/4835 2357/4829
f 2438/4806 2439/4776 2337/4791
f 2337/4791 2335/4811 2438/4806
f 2439/4776 2441/4769 2338/4781
f 2338/4781 2337/4791 2439/4776
f 2441/4769 2358/4775 2339/4790
f 2339/4790 2338/4781 2441/4769
f 2358/4775 2453/4805 2341/4810
f 2341/4810 2339/4790 2358/4775
f 2453/4805 2359/4828 2343/4834
f 2343/4834 2341/4810 2453/4805
f 2359/4828 2360/4852 2345/4856
f 2345/4856 2343/4834 2359/4828
f 2360/4852 2361/4868 2346/4869
f 2346/4869 2345/4856 2360/4852
f 2361/4868 2362/4897 2348/4887
f 2348/4887 2346/4869 2361/4868
f 2362/4897 2446/4923 2349/4909
f 2349/4909 2348/4887 2362/4897
f 2446/4923 2447/4955 2351/4949
f 2351/4949 2349/4909 2446/4923
f 2447/4955 2449/4977 2353/4968
f 2353/4968 2351/4949 2447/4955
f 2449/4977 2451/4980 2322/4973
f 2322/4973 2353/4968 2449/4977
f 2365/4184 2364/4183 2363/4332
f 2363/4332 2366/4333 2365/4184
f 2367/4186 2365/4184 2366/4333
f 2366/4333 2368/4335 2367/4186
f 2369/4192 2367/4186 2368/4335
f 2368/4335 2370/4341 2369/4192
f 2371/4193 2369/4192 2370/4341
f 2370/4341 2372/4342 2371/4193
f 2373/4194 2371/4193 2372/4342
f 2372/4342 2374/4343 2373/4194
f 2375/4195 2373/4194 2374/4343
f 2374/4343 2376/4344 2375/4195
f 2377/4196 2375/4195 2376/4344
f 2376/4344 2378/4345 2377/4196
f 2379/4197 2377/4196 2378/4345
f 2378/4345 2380/4346 2379/4197
f 2381/4198 2379/4197 2380/4346
f 2380/4346 2382/4347 2381/4198
f 2432/4200 2384/4199 2383/4348
f 2383/4348 2431/4349 2432/4200
f 2387/4189 2386/4188 2385/4337
f 2385/4337 2388/4338 2387/4189
f 2391/4191 2390/4190 2389/4339
f 2389/4339 2392/4340 2391/4191
f 2393/4185 2391/4191 2392/4340
f 2392/4340 2394/4334 2393/4185
f 2395/4180 2393/4185 2394/4334
f 2394/4334 2396/4329 2395/4180
f 2397/4181 2395/4180 2396/4329
f 2396/4329 2398/4330 2397/4181
f 2450/4979 2400/4974 2399/4971
f 2399/4971 2401/4976 2450/4979
f 2401/4976 2399/4971 2402/4952
f 2402/4952 2403/4954 2401/4976
f 2403/4954 2402/4952 2404/4912
f 2404/4912 2405/4922 2403/4954
f 2405/4922 2404/4912 2406/4891
f 2406/4891 2407/4896 2405/4922
f 2407/4896 2406/4891 2408/4878
f 2408/4878 2436/4879 2407/4896
f 2436/4879 2408/4878 2409/4859
f 2409/4859 2437/4855 2436/4879
f 2437/4855 2409/4859 2410/4837
f 2410/4837 2411/4831 2437/4855
f 2411/4831 2410/4837 2412/4813
f 2412/4813 2413/4809 2411/4831
f 2413/4809 2412/4813 2414/4793
f 2414/4793 2415/4780 2413/4809
f 2415/4780 2414/4793 2416/4782
f 2416/4782 2440/4770 2415/4780
f 2440/4770 2416/4782 2417/4792
f 2417/4792 2418/4779 2440/4770
f 2418/4779 2417/4792 2419/4812
f 2419/4812 2452/4808 2418/4779
f 2452/4808 2419/4812 2420/4836
f 2420/4836 2442/4830 2452/4808
f 2442/4830 2420/4836 2421/4858
f 2421/4858 2422/4854 2442/4830
f 2422/4854 2421/4858 2423/4875
f 2423/4875 2443/4874 2422/4854
f 2443/4874 2423/4875 2424/4890
f 2424/4890 2444/4895 2443/4874
f 2444/4895 2424/4890 2425/4911
f 2425/4911 2445/4921 2444/4895
f 2445/4921 2425/4911 2426/4951
f 2426/4951 2427/4953 2445/4921
f 2427/4953 2426/4951 2428/4970
f 2428/4970 2448/4975 2427/4953
f 2448/4975 2428/4970 2400/4974
f 2400/4974 2450/4979 2448/4975
f 2364/4183 2430/4182 2429/4331
f 2429/4331 2363/4332 2364/4183
f 2384/4199 2381/4198 2382/4347
f 2382/4347 2383/4348 2384/4199
f 2386/4188 2432/4187 2431/4336
f 2431/4336 2385/4337 2386/4188
f 2390/4190 2387/4189 2388/4338
f 2388/4338 2389/4339 2390/4190
f 2430/4182 2397/4181 2398/4330
f 2398/4330 2429/4331 2430/4182
f 2366/4333 2363/4332 2401/4409
f 2401/4409 2403/4410 2366/4333
f 2364/4183 2365/4184 2433/4156
f 2433/4156 2434/4155 2364/4183
f 2368/4335 2366/4333 2403/4410
f 2403/4410 2405/4411 2368/4335
f 2365/4184 2367/4186 2354/4157
f 2354/4157 2433/4156 2365/4184
f 2370/4341 2368/4335 2405/4411
f 2405/4411 2407/4412 2370/4341
f 2367/4186 2369/4192 2435/4158
f 2435/4158 2354/4157 2367/4186
f 2372/4342 2370/4341 2407/4412
f 2407/4412 2436/4413 2372/4342
f 2369/4192 2371/4193 2355/4159
f 2355/4159 2435/4158 2369/4192
f 2374/4343 2372/4342 2436/4413
f 2436/4413 2437/4414 2374/4343
f 2371/4193 2373/4194 2356/4160
f 2356/4160 2355/4159 2371/4193
f 2376/4344 2374/4343 2437/4414
f 2437/4414 2411/4415 2376/4344
f 2373/4194 2375/4195 2357/4161
f 2357/4161 2356/4160 2373/4194
f 2378/4345 2376/4344 2411/4415
f 2411/4415 2413/4416 2378/4345
f 2375/4195 2377/4196 2438/4162
f 2438/4162 2357/4161 2375/4195
f 2380/4346 2378/4345 2413/4416
f 2413/4416 2415/4417 2380/4346
f 2377/4196 2379/4197 2439/4163
f 2439/4163 2438/4162 2377/4196
f 2382/4347 2380/4346 2415/4417
f 2415/4417 2440/4418 2382/4347
f 2379/4197 2381/4198 2441/4164
f 2441/4164 2439/4163 2379/4197
f 2431/4349 2383/4348 2418/4419
f 2418/4419 2452/4420 2431/4349
f 2384/4199 2432/4200 2453/4166
f 2453/4166 2358/4165 2384/4199
f 2388/4338 2385/4337 2442/4402
f 2442/4402 2422/4403 2388/4338
f 2386/4188 2387/4189 2360/4148
f 2360/4148 2359/4147 2386/4188
f 2392/4340 2389/4339 2443/4404
f 2443/4404 2444/4405 2392/4340
f 2390/4190 2391/4191 2362/4150
f 2362/4150 2361/4149 2390/4190
f 2394/4334 2392/4340 2444/4405
f 2444/4405 2445/4406 2394/4334
f 2391/4191 2393/4185 2446/4151
f 2446/4151 2362/4150 2391/4191
f 2396/4329 2394/4334 2445/4406
f 2445/4406 2427/4421 2396/4329
f 2393/4185 2395/4180 2447/4152
f 2447/4152 2446/4151 2393/4185
f 2398/4330 2396/4329 2427/4421
f 2427/4421 2448/4407 2398/4330
f 2395/4180 2397/4181 2449/4153
f 2449/4153 2447/4152 2395/4180
f 2363/4332 2429/4331 2450/4408
f 2450/4408 2401/4409 2363/4332
f 2430/4182 2364/4183 2434/4155
f 2434/4155 2451/4154 2430/4182
f 2383/4348 2382/4347 2440/4418
f 2440/4418 2418/4419 2383/4348
f 2381/4198 2384/4199 2358/4165
f 2358/4165 2441/4164 2381/4198
f 2385/4337 2431/4336 2452/4401
f 2452/4401 2442/4402 2385/4337
f 2432/4187 2386/4188 2359/4147
f 2359/4147 2453/4146 2432/4187
f 2389/4339 2388/4338 2422/4403
f 2422/4403 2443/4404 2389/4339
f 2387/4189 2390/4190 2361/4149
f 2361/4149 2360/4148 2387/4189
f 2429/4331 2398/4330 2448/4407
f 2448/4407 2450/4408 2429/4331
f 2397/4181 2430/4182 2451/4154
f 2451/4154 2449/4153 2397/4181
f 2455/4474 2454/4503 2323/4504
f 2323/4504 2456/4475 2455/4474
f 2457/4438 2455/4474 2456/4475
f 2456/4475 2325/4439 2457/4438
f 2459/4431 2457/4438 2325/4439
f 2325/4439 2458/4432 2459/4431
f 2460/4523 2459/4527 2458/4528
f 2458/4528 2328/4524 2460/4523
f 2461/4503 2460/4523 2328/4524
f 2328/4524 2462/4504 2461/4503
f 2463/4474 2461/4503 2462/4504
f 2462/4504 2464/4475 2463/4474
f 2465/4438 2463/4474 2464/4475
f 2464/4475 2332/4439 2465/4438
f 2466/4431 2465/4438 2332/4439
f 2332/4439 2334/4432 2466/4431
f 2467/4523 2466/4527 2334/4528
f 2334/4528 2336/4524 2467/4523
f 2468/4503 2467/4523 2336/4524
f 2336/4524 2469/4504 2468/4503
f 2470/4474 2468/4503 2469/4504
f 2469/4504 2471/4475 2470/4474
f 2472/4438 2470/4474 2471/4475
f 2471/4475 2340/4439 2472/4438
f 2473/4527 2472/4531 2340/4532
f 2340/4532 2342/4528 2473/4527
f 2474/4523 2473/4527 2342/4528
f 2342/4528 2344/4524 2474/4523
f 2475/4503 2474/4523 2344/4524
f 2344/4524 2476/4504 2475/4503
f 2477/4474 2475/4503 2476/4504
f 2476/4504 2347/4475 2477/4474
f 2479/4438 2477/4474 2347/4475
f 2347/4475 2478/4439 2479/4438
f 2480/4527 2479/4531 2478/4532
f 2478/4532 2350/4528 2480/4527
f 2481/4523 2480/4527 2350/4528
f 2350/4528 2352/4524 2481/4523
f 2454/4503 2481/4523 2352/4524
f 2352/4524 2323/4504 2454/4503
f 2493/4963 2399/4971 2400/4974
f 2400/4974 2482/4967 2493/4963
f 2483/4938 2402/4952 2399/4971
f 2399/4971 2493/4963 2483/4938
f 2484/4907 2404/4912 2402/4952
f 2402/4952 2483/4938 2484/4907
f 2485/4883 2406/4891 2404/4912
f 2404/4912 2484/4907 2485/4883
f 2486/4877 2408/4878 2406/4891
f 2406/4891 2485/4883 2486/4877
f 2487/4863 2409/4859 2408/4878
f 2408/4878 2486/4877 2487/4863
f 2488/4841 2410/4837 2409/4859
f 2409/4859 2487/4863 2488/4841
f 2502/4821 2412/4813 2410/4837
f 2410/4837 2488/4841 2502/4821
f 2503/4804 2414/4793 2412/4813
f 2412/4813 2502/4821 2503/4804
f 2489/4796 2416/4782 2414/4793
f 2414/4793 2503/4804 2489/4796
f 2507/4803 2417/4792 2416/4782
f 2416/4782 2489/4796 2507/4803
f 2510/4820 2419/4812 2417/4792
f 2417/4792 2507/4803 2510/4820
f 2511/4840 2420/4836 2419/4812
f 2419/4812 2510/4820 2511/4840
f 2513/4862 2421/4858 2420/4836
f 2420/4836 2511/4840 2513/4862
f 2515/4876 2423/4875 2421/4858
f 2421/4858 2513/4862 2515/4876
f 2490/4882 2424/4890 2423/4875
f 2423/4875 2515/4876 2490/4882
f 2518/4906 2425/4911 2424/4890
f 2424/4890 2490/4882 2518/4906
f 2491/4937 2426/4951 2425/4911
f 2425/4911 2518/4906 2491/4937
f 2492/4962 2428/4970 2426/4951
f 2426/4951 2491/4937 2492/4962
f 2482/4967 2400/4974 2428/4970
f 2428/4970 2492/4962 2482/4967
f 2494/4466 2493/4465 2482/4499
f 2482/4499 2495/4500 2494/4466
f 2496/4436 2483/4435 2493/4465
f 2493/4465 2494/4466 2496/4436
f 2497/4429 2484/4428 2483/4435
f 2483/4435 2496/4436 2497/4429
f 2498/4522 2485/4521 2484/4525
f 2484/4525 2497/4526 2498/4522
f 2499/4500 2486/4499 2485/4521
f 2485/4521 2498/4522 2499/4500
f 2500/4466 2487/4465 2486/4499
f 2486/4499 2499/4500 2500/4466
f 2501/4436 2488/4435 2487/4465
f 2487/4465 2500/4466 2501/4436
f 2505/4429 2502/4428 2488/4435
f 2488/4435 2501/4436 2505/4429
f 2504/4522 2503/4521 2502/4525
f 2502/4525 2505/4526 2504/4522
f 2506/4500 2489/4499 2503/4521
f 2503/4521 2504/4522 2506/4500
f 2508/4466 2507/4465 2489/4499
f 2489/4499 2506/4500 2508/4466
f 2509/4436 2510/4435 2507/4465
f 2507/4465 2508/4466 2509/4436
f 2512/4526 2511/4525 2510/4529
f 2510/4529 2509/4530 2512/4526
f 2514/4522 2513/4521 2511/4525
f 2511/4525 2512/4526 2514/4522
f 2516/4500 2515/4499 2513/4521
f 2513/4521 2514/4522 2516/4500
f 2517/4466 2490/4465 2515/4499
f 2515/4499 2516/4500 2517/4466
f 2519/4436 2518/4435 2490/4465
f 2490/4465 2517/4466 2519/4436
f 2520/4526 2491/4525 2518/4529
f 2518/4529 2519/4530 2520/4526
f 2521/4522 2492/4521 2491/4525
f 2491/4525 2520/4526 2521/4522
f 2495/4500 2482/4499 2492/4521
f 2492/4521 2521/4522 2495/4500
f 2523/5124 2522/5123 1962/5134
f 1962/5134 2524/5136 2523/5124
f 2526/5141 2525/5137 1966/5132
f 1966/5132 2527/5135 2526/5141
f 2524/5136 1962/5134 2528/5139
f 2528/5139 2529/5142 2524/5136
f 2527/5135 1966/5132 1968/5121
f 1968/5121 2530/5122 2527/5135
f 1967/5126 2532/5129 2531/5131
f 2531/5131 2533/5128 1967/5126
f 2534/5113 2530/5122 1968/5121
f 1968/5121 1969/5111 2534/5113
f 2535/5031 2534/5113 1969/5111
f 1969/5111 1970/5028 2535/5031
f 2535/5031 1970/5028 1971/4884
f 1971/4884 2536/4886 2535/5031
f 2522/5123 2523/5124 2537/5114
f 2537/5114 2538/5112 2522/5123
f 2538/5112 2537/5114 2539/5032
f 2539/5032 1963/5029 2538/5112
f 1963/5029 2539/5032 2540/4888
f 2540/4888 1964/4885 1963/5029
f 1971/4884 2542/4786 2541/4785
f 2541/4785 2536/4886 1971/4884
f 2525/5137 2526/5141 2532/5129
f 2532/5129 1967/5126 2525/5137
f 2531/5131 2529/5142 2528/5139
f 2528/5139 2533/5128 2531/5131
f 1964/4885 2540/4888 2543/4788
f 2543/4788 2544/4787 1964/4885
f 2547/4480 2546/4453 2545/4455
f 2545/4455 2548/4483 2547/4480
f 2550/4448 2549/4454 1973/4458
f 1973/4458 1976/4452 2550/4448
f 2546/4453 2551/4445 1977/4451
f 1977/4451 2545/4455 2546/4453
f 2549/4454 2552/4484 1972/4485
f 1972/4485 1973/4458 2549/4454
f 1978/4477 1979/4472 2553/4463
f 2553/4463 2554/4469 1978/4477
f 2555/4557 1974/4559 1972/4485
f 1972/4485 2552/4484 2555/4557
f 2556/4669 1975/4671 1974/4559
f 1974/4559 2555/4557 2556/4669
f 2556/4669 2558/4733 2557/4735
f 2557/4735 1975/4671 2556/4669
f 2548/4483 1965/4560 2559/4558
f 2559/4558 2547/4480 2548/4483
f 1965/4560 2561/4672 2560/4670
f 2560/4670 2559/4558 1965/4560
f 2561/4672 2563/4736 2562/4734
f 2562/4734 2560/4670 2561/4672
f 2557/4735 2558/4733 2541/4785
f 2541/4785 2542/4786 2557/4735
f 1976/4452 1978/4477 2554/4469
f 2554/4469 2550/4448 1976/4452
f 2553/4463 1979/4472 1977/4451
f 1977/4451 2551/4445 2553/4463
f 2563/4736 2544/4787 2543/4788
f 2543/4788 2562/4734 2563/4736
f 2564/5133 2531/5131 2532/5129
f 2532/5129 1991/5130 2564/5133
f 2527/5135 2566/5138 2565/5143
f 2565/5143 2526/5141 2527/5135
f 2529/5142 1992/5144 2567/5140
f 2567/5140 2524/5136 2529/5142
f 1992/5144 2529/5142 2531/5131
f 2531/5131 2564/5133 1992/5144
f 2526/5141 2565/5143 1991/5130
f 1991/5130 2532/5129 2526/5141
f 2530/5122 1998/5125 2566/5138
f 2566/5138 2527/5135 2530/5122
f 1998/5125 2530/5122 2534/5113
f 2534/5113 2568/5115 1998/5125
f 2568/5115 2534/5113 2535/5031
f 2535/5031 2005/5038 2568/5115
f 2005/5038 2535/5031 2536/4886
f 2536/4886 2569/4892 2005/5038
f 2569/4892 2536/4886 2541/4785
f 2541/4785 2009/4783 2569/4892
f 2552/4484 2549/4454 2062/4450
f 2062/4450 2013/4478 2552/4484
f 2013/4478 2022/4549 2555/4557
f 2555/4557 2552/4484 2013/4478
f 2022/4549 2570/4667 2556/4669
f 2556/4669 2555/4557 2022/4549
f 2570/4667 2571/4731 2558/4733
f 2558/4733 2556/4669 2570/4667
f 2571/4731 2009/4783 2541/4785
f 2541/4785 2558/4733 2571/4731
f 2524/5136 2567/5140 2572/5127
f 2572/5127 2523/5124 2524/5136
f 2523/5124 2572/5127 2573/5116
f 2573/5116 2537/5114 2523/5124
f 2537/5114 2573/5116 2033/5039
f 2033/5039 2539/5032 2537/5114
f 2539/5032 2033/5039 2034/4893
f 2034/4893 2540/4888 2539/5032
f 2034/4893 2574/4784 2543/4788
f 2543/4788 2540/4888 2034/4893
f 2546/4453 2547/4480 2044/4476
f 2044/4476 2043/4449 2546/4453
f 2547/4480 2559/4558 2575/4550
f 2575/4550 2044/4476 2547/4480
f 2559/4558 2560/4670 2576/4668
f 2576/4668 2575/4550 2559/4558
f 2560/4670 2562/4734 2577/4732
f 2577/4732 2576/4668 2560/4670
f 2577/4732 2562/4734 2543/4788
f 2543/4788 2574/4784 2577/4732
f 2579/4457 2578/4464 2554/4469
f 2554/4469 2553/4463 2579/4457
f 2549/4454 2550/4448 2063/4442
f 2063/4442 2062/4450 2549/4454
f 2551/4445 2546/4453 2043/4449
f 2043/4449 2580/4440 2551/4445
f 2580/4440 2579/4457 2553/4463
f 2553/4463 2551/4445 2580/4440
f 2550/4448 2554/4469 2578/4464
f 2578/4464 2063/4442 2550/4448
f 2092/4233 2582/4239 2581/4236
f 2581/4236 2583/4231 2092/4233
f 2586/4224 2585/4220 2584/4228
f 2584/4228 2587/4232 2586/4224
f 2589/4256 2588/4252 2097/4246
f 2097/4246 2590/4248 2589/4256
f 2588/4252 2589/4256 2582/4239
f 2582/4239 2092/4233 2588/4252
f 2581/4236 2587/4232 2584/4228
f 2584/4228 2583/4231 2581/4236
f 2592/4211 2591/4210 2585/4220
f 2585/4220 2586/4224 2592/4211
f 2591/4210 2592/4211 2593/4169
f 2593/4169 2098/4167 2591/4210
f 2098/4167 2593/4169 2594/4138
f 2594/4138 2099/4136 2098/4167
f 2099/4136 2594/4138 2595/4128
f 2595/4128 2100/4126 2099/4136
f 2100/4126 2595/4128 2596/4116
f 2596/4116 2101/4117 2100/4126
f 2599/4088 2598/4083 2597/4086
f 2597/4086 2102/4089 2599/4088
f 2102/4089 2601/4094 2600/4092
f 2600/4092 2599/4088 2102/4089
f 2601/4094 2603/4100 2602/4098
f 2602/4098 2600/4092 2601/4094
f 2603/4100 2103/4112 2604/4110
f 2604/4110 2602/4098 2603/4100
f 2103/4112 2101/4117 2596/4116
f 2596/4116 2604/4110 2103/4112
f 2590/4248 2097/4246 2104/4221
f 2104/4221 2605/4222 2590/4248
f 2606/4170 2605/4222 2104/4221
f 2104/4221 2607/4168 2606/4170
f 2606/4170 2607/4168 2608/4137
f 2608/4137 2609/4139 2606/4170
f 2609/4139 2608/4137 2108/4127
f 2108/4127 2610/4129 2609/4139
f 2108/4127 2612/4118 2611/4119
f 2611/4119 2610/4129 2108/4127
f 2615/4070 2614/4084 2613/4085
f 2613/4085 2113/4071 2615/4070
f 2617/4093 2616/4095 2613/4085
f 2613/4085 2614/4084 2617/4093
f 2617/4093 2619/4099 2618/4101
f 2618/4101 2616/4095 2617/4093
f 2619/4099 2621/4111 2620/4113
f 2620/4113 2618/4101 2619/4099
f 2620/4113 2621/4111 2611/4119
f 2611/4119 2612/4118 2620/4113
f 1994/4238 2581/4236 2582/4239
f 2582/4239 1993/4244 1994/4238
f 2587/4232 2623/4235 2622/4227
f 2622/4227 2586/4224 2587/4232
f 2590/4248 2625/4253 2624/4260
f 2624/4260 2589/4256 2590/4248
f 2623/4235 2587/4232 2581/4236
f 2581/4236 1994/4238 2623/4235
f 2589/4256 2624/4260 1993/4244
f 1993/4244 2582/4239 2589/4256
f 2586/4224 2622/4227 2626/4216
f 2626/4216 2592/4211 2586/4224
f 2592/4211 2626/4216 2627/4171
f 2627/4171 2593/4169 2592/4211
f 2593/4169 2627/4171 2006/4140
f 2006/4140 2594/4138 2593/4169
f 2594/4138 2006/4140 2628/4130
f 2628/4130 2595/4128 2594/4138
f 2628/4130 2010/4120 2596/4116
f 2596/4116 2595/4128 2628/4130
f 2598/4083 2599/4088 2015/4087
f 2015/4087 2014/4082 2598/4083
f 2599/4088 2600/4092 2023/4090
f 2023/4090 2015/4087 2599/4088
f 2600/4092 2602/4098 2024/4096
f 2024/4096 2023/4090 2600/4092
f 2602/4098 2604/4110 2629/4108
f 2629/4108 2024/4096 2602/4098
f 2629/4108 2604/4110 2596/4116
f 2596/4116 2010/4120 2629/4108
f 2605/4222 2630/4229 2625/4253
f 2625/4253 2590/4248 2605/4222
f 2630/4229 2605/4222 2606/4170
f 2606/4170 2035/4172 2630/4229
f 2035/4172 2606/4170 2609/4139
f 2609/4139 2631/4141 2035/4172
f 2631/4141 2609/4139 2610/4129
f 2610/4129 2632/4131 2631/4141
f 2632/4131 2610/4129 2611/4119
f 2611/4119 2037/4121 2632/4131
f 2614/4084 2615/4070 2633/4069
f 2633/4069 2634/4080 2614/4084
f 2634/4080 2635/4091 2617/4093
f 2617/4093 2614/4084 2634/4080
f 2635/4091 2636/4097 2619/4099
f 2619/4099 2617/4093 2635/4091
f 2636/4097 2051/4109 2621/4111
f 2621/4111 2619/4099 2636/4097
f 2051/4109 2037/4121 2611/4119
f 2611/4119 2621/4111 2051/4109
f 2119/4077 2638/4079 2637/4075
f 2637/4075 2639/4073 2119/4077
f 2598/4083 2640/4078 2120/4081
f 2120/4081 2597/4086 2598/4083
f 2641/4067 2615/4070 2113/4071
f 2113/4071 2642/4068 2641/4067
f 2642/4068 2119/4077 2639/4073
f 2639/4073 2641/4067 2642/4068
f 2637/4075 2638/4079 2120/4081
f 2120/4081 2640/4078 2637/4075
f 2065/4074 2064/4072 2639/4073
f 2639/4073 2637/4075 2065/4074
f 2640/4078 2598/4083 2014/4082
f 2014/4082 2643/4076 2640/4078
f 2615/4070 2641/4067 2644/4066
f 2644/4066 2633/4069 2615/4070
f 2643/4076 2065/4074 2637/4075
f 2637/4075 2640/4078 2643/4076
f 2641/4067 2639/4073 2064/4072
f 2064/4072 2644/4066 2641/4067
# 2426 faces

v 358.558899 19.979799 -211.049744
v 358.488495 20.424101 -211.049744
v 357.934601 19.6618 -211.049744
v 358.378906 19.7321 -211.049744
v 358.488495 19.8417 -211.049744
v 358.240814 20.604099 -211.049744
v 357.68689 20.424101 -211.049744
v 358.087708 20.6283 -211.049744
v 357.934601 20.604099 -211.049744
v 358.583099 20.1329 -210.807648
v 358.558899 20.285999 -210.807648
v 358.558899 20.285999 -211.049744
v 358.583099 20.1329 -211.049744
v 358.488495 20.424101 -210.807648
v 358.378906 20.533701 -210.807648
v 358.240814 20.604099 -210.807648
v 358.378906 20.533701 -211.049744
v 358.087708 20.6283 -210.807648
v 357.934601 20.604099 -210.807648
v 357.796509 20.533701 -210.807648
v 357.796509 20.533701 -211.049744
v 357.68689 20.424101 -210.807648
v 357.616608 20.285999 -210.807648
v 357.616608 20.285999 -211.049744
v 357.592285 20.1329 -210.807648
v 357.592285 20.1329 -211.049744
v 357.616608 19.979799 -210.807648
v 357.616608 19.979799 -211.049744
v 357.68689 19.8417 -210.807648
v 357.68689 19.8417 -211.049744
v 357.796509 19.7321 -210.807648
v 357.796509 19.7321 -211.049744
v 357.934601 19.6618 -210.807648
v 358.087708 19.637501 -210.807648
v 358.087708 19.637501 -211.049744
v 358.240814 19.6618 -210.807648
v 358.240814 19.6618 -211.049744
v 358.378906 19.7321 -210.807648
v 358.488495 19.8417 -210.807648
v 358.558899 19.979799 -210.807648
v 361.491302 21.2388 -211.337143
v 360.532593 20.927299 -211.270844
v 360.652588 20.169399 -211.270844
v 361.660706 20.169399 -211.337143
v 360.999786 22.2036 -211.287857
v 360.184204 21.611 -211.221558
v 358.5159 20.271999 -210.876251
v 358.532715 20.1661 -210.876251
v 359.595398 20.169399 -211.113647
v 359.5271 20.600599 -211.113647
v 358.467194 20.367599 -210.826843
v 359.328888 20.989599 -211.064346
v 361.660706 20.0965 -211.287857
v 360.652588 20.0965 -211.221558
v 359.595398 20.0965 -211.064346
v 358.532715 20.0998 -210.826843
v 360.191284 23.0282 -211.337143
v 359.598694 22.2127 -211.270844
v 360.141296 21.67 -211.270844
v 360.956909 22.2626 -211.337143
v 359.226501 23.5198 -211.287857
v 358.915009 22.561001 -211.221558
v 358.352295 20.497101 -210.876251
v 358.428192 20.421301 -210.876251
v 359.286011 21.048599 -211.113647
v 358.977295 21.3573 -211.113647
v 358.256714 20.5459 -210.826843
v 358.588287 21.5555 -211.064346
v 358.087708 23.7117 -211.337143
v 358.087708 22.7036 -211.270844
v 358.845612 22.583599 -211.270844
v 359.157196 23.542299 -211.337143
v 357.018311 23.542299 -211.287857
v 357.329803 22.583599 -211.221558
v 358.087708 20.583099 -210.876251
v 358.193695 20.566299 -210.876251
v 358.51889 21.5781 -211.113647
v 358.087708 21.6464 -211.113647
v 357.981689 20.566299 -210.826843
v 357.656494 21.5781 -211.064346
v 355.984192 23.0282 -211.337143
v 356.576691 22.2127 -211.270844
v 357.260406 22.561001 -211.270844
v 356.948914 23.5198 -211.337143
v 355.218506 22.2626 -211.287857
v 356.034088 21.67 -211.221558
v 357.82309 20.497101 -210.876251
v 357.918701 20.5459 -210.876251
v 357.587097 21.5555 -211.113647
v 357.19809 21.3573 -211.113647
v 357.747192 20.421301 -210.826843
v 356.889404 21.048599 -211.064346
v 354.684113 21.2388 -211.337143
v 355.642792 20.927299 -211.270844
v 355.991211 21.611 -211.270844
v 355.17569 22.2036 -211.337143
v 354.514709 20.169399 -211.287857
v 355.522797 20.169399 -211.221558
v 357.659607 20.271999 -210.876251
v 357.708313 20.367599 -210.876251
v 356.846588 20.989599 -211.113647
v 356.648407 20.600599 -211.113647
v 357.642792 20.1661 -210.826843
v 356.580109 20.169399 -211.064346
v 354.684113 19.027 -211.337143
v 355.642914 19.338499 -211.270844
v 355.522797 20.0965 -211.270844
v 354.514709 20.0965 -211.337143
v 355.17569 18.0623 -211.287857
v 355.991211 18.6548 -211.221558
v 357.659607 19.993799 -210.876251
v 357.642792 20.0998 -210.876251
v 356.580109 20.0965 -211.113647
v 356.648407 19.665199 -211.113647
v 357.708313 19.898199 -210.826843
v 356.846588 19.276199 -211.064346
v 355.984192 17.2376 -211.337143
v 356.576691 18.0532 -211.270844
v 356.034088 18.5958 -211.270844
v 355.218597 18.0033 -211.337143
v 356.948914 16.746099 -211.287857
v 357.260406 17.7048 -211.221558
v 357.82309 19.7687 -210.876251
v 357.747192 19.844601 -210.876251
v 356.889404 19.217199 -211.113647
v 357.19809 18.908501 -211.113647
v 357.918701 19.719999 -210.826843
v 357.587097 18.7103 -211.064346
v 358.087708 16.554199 -211.337143
v 358.087708 17.562201 -211.270844
v 357.329803 17.682301 -211.270844
v 357.018311 16.723499 -211.337143
v 359.157196 16.723499 -211.287857
v 358.845612 17.682301 -211.221558
v 358.087708 19.682699 -210.876251
v 357.981689 19.699499 -210.876251
v 357.656494 18.687799 -211.113647
v 358.087708 18.619499 -211.113647
v 358.193695 19.699499 -210.826843
v 358.51889 18.687799 -211.064346
v 360.191284 17.2376 -211.337143
v 359.598694 18.0532 -211.270844
v 358.915009 17.7048 -211.270844
v 359.226501 16.746099 -211.337143
v 360.956909 18.0033 -211.287857
v 360.141296 18.5958 -211.221558
v 358.352295 19.7687 -210.876251
v 358.256714 19.719999 -210.876251
v 358.588287 18.7103 -211.113647
v 358.977295 18.908501 -211.113647
v 358.428192 19.844601 -210.826843
v 359.286011 19.217199 -211.064346
v 361.491302 19.027 -211.337143
v 360.532593 19.338499 -211.270844
v 360.184204 18.6548 -211.270844
v 360.999786 18.0623 -211.337143
v 358.5159 19.993799 -210.876251
v 358.467194 19.898199 -210.876251
v 359.328888 19.276199 -211.113647
v 359.5271 19.665199 -211.113647
v 358.558899 19.979799 -191.859146
v 357.592285 20.1329 -191.859146
v 357.796509 19.7321 -191.859146
v 358.488495 19.8417 -191.859146
v 358.378906 19.7321 -191.859146
v 358.240814 20.604099 -191.859146
v 357.68689 20.424101 -191.859146
v 358.240814 19.6618 -191.859146
v 358.087708 20.6283 -191.859146
v 357.934601 20.604099 -191.859146
v 358.583099 20.1329 -192.101257
v 358.583099 20.1329 -191.859146
v 358.558899 20.285999 -191.859146
v 358.558899 20.285999 -192.101257
v 358.488495 20.424101 -191.859146
v 358.488495 20.424101 -192.101257
v 358.378906 20.533701 -191.859146
v 358.378906 20.533701 -192.101257
v 358.240814 20.604099 -192.101257
v 358.087708 20.6283 -192.101257
v 357.934601 20.604099 -192.101257
v 357.796509 20.533701 -191.859146
v 357.796509 20.533701 -192.101257
v 357.68689 20.424101 -192.101257
v 357.616608 20.285999 -191.859146
v 357.616608 20.285999 -192.101257
v 357.592285 20.1329 -192.101257
v 357.616608 19.979799 -191.859146
v 357.616608 19.979799 -192.101257
v 357.68689 19.8417 -191.859146
v 357.68689 19.8417 -192.101257
v 357.796509 19.7321 -192.101257
v 357.934601 19.6618 -191.859146
v 357.934601 19.6618 -192.101257
v 358.087708 19.637501 -191.859146
v 358.087708 19.637501 -192.101257
v 358.240814 19.6618 -192.101257
v 358.378906 19.7321 -192.101257
v 358.488495 19.8417 -192.101257
v 358.558899 19.979799 -192.101257
v 361.491302 21.2388 -191.571747
v 361.660706 20.169399 -191.571747
v 360.652588 20.169399 -191.637955
v 360.532593 20.927299 -191.637955
v 360.999786 22.2036 -191.621048
v 360.184204 21.611 -191.687347
v 358.5159 20.271999 -192.032654
v 359.5271 20.600599 -191.795258
v 359.595398 20.169399 -191.795258
v 358.532715 20.1661 -192.032654
v 358.467194 20.367599 -192.081955
v 359.328888 20.989599 -191.844543
v 361.660706 20.096399 -191.621048
v 360.652588 20.096399 -191.687347
v 359.595398 20.096399 -191.844543
v 358.532715 20.0998 -192.081955
v 360.191284 23.0282 -191.571747
v 360.956909 22.2626 -191.571747
v 360.141296 21.67 -191.637955
v 359.598694 22.2127 -191.637955
v 359.226501 23.5198 -191.621048
v 358.915009 22.561001 -191.687347
v 358.352295 20.497101 -192.032654
v 358.977295 21.3573 -191.795258
v 359.286011 21.048599 -191.795258
v 358.428192 20.421301 -192.032654
v 358.256714 20.5459 -192.081955
v 358.588287 21.5555 -191.844543
v 358.087708 23.7117 -191.571747
v 359.157196 23.542299 -191.571747
v 358.845612 22.583599 -191.637955
v 358.087708 22.7036 -191.637955
v 357.018311 23.542299 -191.621048
v 357.329803 22.583599 -191.687347
v 358.087708 20.583099 -192.032654
v 358.087708 21.6464 -191.795258
v 358.51889 21.5781 -191.795258
v 358.193695 20.566299 -192.032654
v 357.981689 20.566299 -192.081955
v 357.656494 21.5781 -191.844543
v 355.984192 23.0282 -191.571747
v 356.948914 23.5198 -191.571747
v 357.260406 22.561001 -191.637955
v 356.576691 22.2127 -191.637955
v 355.218506 22.2626 -191.621048
v 356.034088 21.67 -191.687347
v 357.82309 20.497101 -192.032654
v 357.19809 21.3573 -191.795258
v 357.587097 21.5555 -191.795258
v 357.918701 20.5459 -192.032654
v 357.747192 20.421301 -192.081955
v 356.889404 21.048599 -191.844543
v 354.684113 21.2388 -191.571747
v 355.17569 22.2036 -191.571747
v 355.991211 21.611 -191.637955
v 355.642792 20.927299 -191.637955
v 354.514709 20.169399 -191.621048
v 355.522797 20.169399 -191.687347
v 357.659485 20.271999 -192.032654
v 356.648407 20.600599 -191.795258
v 356.846588 20.989599 -191.795258
v 357.708313 20.367599 -192.032654
v 357.642792 20.1661 -192.081955
v 356.580109 20.169399 -191.844543
v 354.684113 19.027 -191.571747
v 354.514709 20.096399 -191.571747
v 355.522797 20.096399 -191.637955
v 355.642792 19.338499 -191.637955
v 355.17569 18.0623 -191.621048
v 355.991211 18.6548 -191.687347
v 357.659485 19.993799 -192.032654
v 356.648407 19.665199 -191.795258
v 356.580109 20.096399 -191.795258
v 357.642792 20.0998 -192.032654
v 357.708313 19.898199 -192.081955
v 356.846588 19.276199 -191.844543
v 355.984192 17.2376 -191.571747
v 355.218506 18.0033 -191.571747
v 356.034088 18.5958 -191.637955
v 356.576691 18.0532 -191.637955
v 356.948914 16.746099 -191.621048
v 357.260406 17.7048 -191.687347
v 357.82309 19.7687 -192.032654
v 357.19809 18.908501 -191.795258
v 356.889404 19.217199 -191.795258
v 357.747192 19.844601 -192.032654
v 357.918701 19.719999 -192.081955
v 357.587097 18.7103 -191.844543
v 358.087708 16.554199 -191.571747
v 357.018311 16.723499 -191.571747
v 357.329803 17.682301 -191.637955
v 358.087708 17.562201 -191.637955
v 359.157196 16.723499 -191.621048
v 358.845612 17.682301 -191.687347
v 358.087708 19.682699 -192.032654
v 358.087708 18.619499 -191.795258
v 357.656494 18.687799 -191.795258
v 357.981689 19.699499 -192.032654
v 358.193695 19.699499 -192.081955
v 358.51889 18.687799 -191.844543
v 360.191284 17.2376 -191.571747
v 359.226501 16.746099 -191.571747
v 358.915009 17.7048 -191.637955
v 359.598694 18.0532 -191.637955
v 360.956909 18.0033 -191.621048
v 360.141296 18.5958 -191.687347
v 358.352295 19.7687 -192.032654
v 358.977295 18.908501 -191.795258
v 358.588287 18.7103 -191.795258
v 358.256714 19.719999 -192.032654
v 358.428192 19.844601 -192.081955
v 359.286011 19.217199 -191.844543
v 361.491302 19.027 -191.571747
v 360.999786 18.0623 -191.571747
v 360.184204 18.6548 -191.637955
v 360.532593 19.338499 -191.637955
v 358.5159 19.993799 -192.032654
v 359.5271 19.665199 -191.795258
v 359.328888 19.276199 -191.795258
v 358.467194 19.898199 -192.032654
v 317.416901 20.1329 -211.049744
v 318.407715 20.1329 -211.049744
v 318.383392 20.285999 -211.049744
v 318.203491 19.7321 -211.049744
v 317.511505 19.8417 -211.049744
v 318.31311 20.424101 -211.049744
v 317.912292 20.6283 -211.049744
v 317.416901 20.1329 -210.807648
v 317.441101 20.285999 -211.049744
v 317.441101 20.285999 -210.807648
v 317.511505 20.424101 -211.049744
v 317.511505 20.424101 -210.807648
v 317.621094 20.533701 -210.807648
v 317.621094 20.533701 -211.049744
v 317.759186 20.604099 -211.049744
v 317.759186 20.604099 -210.807648
v 317.912292 20.6283 -210.807648
v 318.065399 20.604099 -211.049744
v 318.065399 20.604099 -210.807648
v 318.203491 20.533701 -211.049744
v 318.203491 20.533701 -210.807648
v 318.31311 20.424101 -210.807648
v 318.383392 20.285999 -210.807648
v 318.407715 20.1329 -210.807648
v 318.383392 19.979799 -211.049744
v 318.383392 19.979799 -210.807648
v 318.31311 19.8417 -211.049744
v 318.31311 19.8417 -210.807648
v 318.203491 19.7321 -210.807648
v 318.065399 19.6618 -211.049744
v 318.065399 19.6618 -210.807648
v 317.912292 19.637501 -211.049744
v 317.912292 19.637501 -210.807648
v 317.759186 19.6618 -211.049744
v 317.759186 19.6618 -210.807648
v 317.621094 19.7321 -211.049744
v 317.621094 19.7321 -210.807648
v 317.511505 19.8417 -210.807648
v 317.441101 19.979799 -211.049744
v 317.441101 19.979799 -210.807648
v 314.508698 21.2388 -211.337143
v 314.339294 20.169399 -211.337143
v 315.347412 20.169399 -211.270844
v 315.467407 20.927299 -211.270844
v 315.000214 22.2036 -211.287857
v 315.815796 21.611 -211.221558
v 317.4841 20.271999 -210.876251
v 316.4729 20.600599 -211.113647
v 316.404602 20.169399 -211.113647
v 317.467285 20.1661 -210.876251
v 317.532806 20.367599 -210.826843
v 316.671112 20.989599 -211.064346
v 314.339294 20.0965 -211.287857
v 315.347412 20.0965 -211.221558
v 316.404602 20.0965 -211.064346
v 317.467285 20.0998 -210.826843
v 315.808716 23.0282 -211.337143
v 315.043091 22.2626 -211.337143
v 315.858704 21.67 -211.270844
v 316.401306 22.2127 -211.270844
v 316.773499 23.5198 -211.287857
v 317.084991 22.561001 -211.221558
v 317.647705 20.497101 -210.876251
v 317.022705 21.3573 -211.113647
v 316.713989 21.048599 -211.113647
v 317.571808 20.421301 -210.876251
v 317.743286 20.5459 -210.826843
v 317.411713 21.5555 -211.064346
v 317.912292 23.7117 -211.337143
v 316.842896 23.542299 -211.337143
v 317.154388 22.583599 -211.270844
v 317.912292 22.7036 -211.270844
v 318.981689 23.542299 -211.287857
v 318.670197 22.583599 -211.221558
v 317.912292 20.583099 -210.876251
v 317.912292 21.6464 -211.113647
v 317.48111 21.5781 -211.113647
v 317.806305 20.566299 -210.876251
v 318.018311 20.566299 -210.826843
v 318.343506 21.5781 -211.064346
v 320.015808 23.0282 -211.337143
v 319.051086 23.5198 -211.337143
v 318.739594 22.561001 -211.270844
v 319.423309 22.2127 -211.270844
v 320.781494 22.2626 -211.287857
v 319.965912 21.67 -211.221558
v 318.17691 20.497101 -210.876251
v 318.80191 21.3573 -211.113647
v 318.412903 21.5555 -211.113647
v 318.081299 20.5459 -210.876251
v 318.252808 20.421301 -210.826843
v 319.110596 21.048599 -211.064346
v 321.315887 21.2388 -211.337143
v 320.82431 22.2036 -211.337143
v 320.008789 21.611 -211.270844
v 320.357086 20.927299 -211.270844
v 321.485291 20.169399 -211.287857
v 320.477203 20.169399 -211.221558
v 318.340393 20.271999 -210.876251
v 319.351593 20.600599 -211.113647
v 319.153412 20.989599 -211.113647
v 318.291687 20.367599 -210.876251
v 318.357208 20.1661 -210.826843
v 319.419891 20.169399 -211.064346
v 321.315887 19.027 -211.337143
v 321.485291 20.0965 -211.337143
v 320.477203 20.0965 -211.270844
v 320.357086 19.338499 -211.270844
v 320.82431 18.0623 -211.287857
v 320.008789 18.6548 -211.221558
v 318.340393 19.993799 -210.876251
v 319.351593 19.665199 -211.113647
v 319.419891 20.0965 -211.113647
v 318.357208 20.0998 -210.876251
v 318.291687 19.898199 -210.826843
v 319.153412 19.276199 -211.064346
v 320.015808 17.2376 -211.337143
v 320.781494 18.0033 -211.337143
v 319.965912 18.5958 -211.270844
v 319.423309 18.0532 -211.270844
v 319.051086 16.746099 -211.287857
v 318.739594 17.7048 -211.221558
v 318.17691 19.7687 -210.876251
v 318.80191 18.908501 -211.113647
v 319.110596 19.217199 -211.113647
v 318.252808 19.844601 -210.876251
v 318.081299 19.719999 -210.826843
v 318.412903 18.7103 -211.064346
v 317.912292 16.554199 -211.337143
v 318.981689 16.723499 -211.337143
v 318.670197 17.682301 -211.270844
v 317.912292 17.562201 -211.270844
v 316.842804 16.723499 -211.287857
v 317.154388 17.682301 -211.221558
v 317.912292 19.682699 -210.876251
v 317.912292 18.619499 -211.113647
v 318.343506 18.687799 -211.113647
v 318.018311 19.699499 -210.876251
v 317.806305 19.699499 -210.826843
v 317.48111 18.687799 -211.064346
v 315.808716 17.2376 -211.337143
v 316.773499 16.746099 -211.337143
v 317.084991 17.7048 -211.270844
v 316.401306 18.0532 -211.270844
v 315.043091 18.0033 -211.287857
v 315.858704 18.5958 -211.221558
v 317.647705 19.7687 -210.876251
v 317.022705 18.908501 -211.113647
v 317.411713 18.7103 -211.113647
v 317.743286 19.719999 -210.876251
v 317.571808 19.844601 -210.826843
v 316.713989 19.217199 -211.064346
v 314.508698 19.027 -211.337143
v 315.000214 18.0623 -211.337143
v 315.815796 18.6548 -211.270844
v 315.467407 19.338499 -211.270844
v 317.4841 19.993799 -210.876251
v 316.4729 19.665199 -211.113647
v 316.671112 19.276199 -211.113647
v 317.532806 19.898199 -210.876251
v 318.383392 19.979799 -191.859146
v 317.441101 19.979799 -191.859146
v 317.416901 20.1329 -191.859146
v 318.383392 20.285999 -191.859146
v 318.407715 20.1329 -191.859146
v 317.441101 20.285999 -191.859146
v 317.511505 19.8417 -191.859146
v 318.203491 19.7321 -191.859146
v 317.759186 20.604099 -191.859146
v 317.912292 19.637501 -191.859146
v 318.065399 20.604099 -191.859146
v 317.416901 20.1329 -192.101257
v 317.441101 20.285999 -192.101257
v 317.511505 20.424101 -192.101257
v 317.511505 20.424101 -191.859146
v 317.621094 20.533701 -192.101257
v 317.621094 20.533701 -191.859146
v 317.759186 20.604099 -192.101257
v 317.912292 20.6283 -192.101257
v 317.912292 20.6283 -191.859146
v 318.065399 20.604099 -192.101257
v 318.203491 20.533701 -192.101257
v 318.203491 20.533701 -191.859146
v 318.31311 20.424101 -192.101257
v 318.31311 20.424101 -191.859146
v 318.383392 20.285999 -192.101257
v 318.407715 20.1329 -192.101257
v 318.383392 19.979799 -192.101257
v 318.31311 19.8417 -192.101257
v 318.203491 19.7321 -192.101257
v 318.31311 19.8417 -191.859146
v 318.065399 19.6618 -192.101257
v 318.065399 19.6618 -191.859146
v 317.912292 19.637501 -192.101257
v 317.759186 19.6618 -192.101257
v 317.759186 19.6618 -191.859146
v 317.621094 19.7321 -192.101257
v 317.621094 19.7321 -191.859146
v 317.511505 19.8417 -192.101257
v 317.441101 19.979799 -192.101257
v 314.508698 21.2388 -191.571747
v 315.467407 20.927299 -191.637955
v 315.347412 20.169399 -191.637955
v 314.339294 20.169399 -191.571747
v 315.000214 22.2036 -191.621048
v 315.815796 21.611 -191.687347
v 317.4841 20.271999 -192.032654
v 317.467285 20.1661 -192.032654
v 316.404602 20.169399 -191.795258
v 316.4729 20.600599 -191.795258
v 317.532806 20.367599 -192.081955
v 316.671112 20.989599 -191.844543
v 314.339294 20.096399 -191.621048
v 315.347412 20.096399 -191.687347
v 316.404602 20.096399 -191.844543
v 317.467285 20.0998 -192.081955
v 315.808716 23.0282 -191.571747
v 316.401306 22.2127 -191.637955
v 315.858704 21.67 -191.637955
v 315.043091 22.2626 -191.571747
v 316.773499 23.5198 -191.621048
v 317.084991 22.561001 -191.687347
v 317.647705 20.497101 -192.032654
v 317.571808 20.421301 -192.032654
v 316.713989 21.048599 -191.795258
v 317.022705 21.3573 -191.795258
v 317.743286 20.5459 -192.081955
v 317.411713 21.5555 -191.844543
v 317.912292 23.7117 -191.571747
v 317.912292 22.7036 -191.637955
v 317.154388 22.583599 -191.637955
v 316.842896 23.542299 -191.571747
v 318.981689 23.542299 -191.621048
v 318.670197 22.583599 -191.687347
v 317.912292 20.583099 -192.032654
v 317.806305 20.566299 -192.032654
v 317.48111 21.5781 -191.795258
v 317.912292 21.6464 -191.795258
v 318.018311 20.566299 -192.081955
v 318.343506 21.5781 -191.844543
v 320.015808 23.0282 -191.571747
v 319.423309 22.2127 -191.637955
v 318.739594 22.561001 -191.637955
v 319.051086 23.5198 -191.571747
v 320.781494 22.2626 -191.621048
v 319.965912 21.67 -191.687347
v 318.17691 20.497101 -192.032654
v 318.081299 20.5459 -192.032654
v 318.412903 21.5555 -191.795258
v 318.80191 21.3573 -191.795258
v 318.252808 20.421301 -192.081955
v 319.110596 21.048599 -191.844543
v 321.315887 21.2388 -191.571747
v 320.357086 20.927299 -191.637955
v 320.008789 21.611 -191.637955
v 320.82431 22.2036 -191.571747
v 321.485291 20.169399 -191.621048
v 320.477203 20.169399 -191.687347
v 318.340393 20.271999 -192.032654
v 318.291687 20.367599 -192.032654
v 319.153412 20.989599 -191.795258
v 319.351593 20.600599 -191.795258
v 318.357208 20.1661 -192.081955
v 319.419891 20.169399 -191.844543
v 321.315887 19.027 -191.571747
v 320.357086 19.338499 -191.637955
v 320.477203 20.096399 -191.637955
v 321.485291 20.096399 -191.571747
v 320.82431 18.0623 -191.621048
v 320.008789 18.6548 -191.687347
v 318.340393 19.993799 -192.032654
v 318.357208 20.0998 -192.032654
v 319.419891 20.096399 -191.795258
v 319.351593 19.665199 -191.795258
v 318.291687 19.898199 -192.081955
v 319.153412 19.276199 -191.844543
v 320.015808 17.2376 -191.571747
v 319.423309 18.0532 -191.637955
v 319.965912 18.5958 -191.637955
v 320.781494 18.0033 -191.571747
v 319.051086 16.746099 -191.621048
v 318.739594 17.7048 -191.687347
v 318.17691 19.7687 -192.032654
v 318.252808 19.844601 -192.032654
v 319.110596 19.217199 -191.795258
v 318.80191 18.908501 -191.795258
v 318.081299 19.719999 -192.081955
v 318.412903 18.7103 -191.844543
v 317.912292 16.554199 -191.571747
v 317.912292 17.562201 -191.637955
v 318.670197 17.682301 -191.637955
v 318.981689 16.723499 -191.571747
v 316.842804 16.723499 -191.621048
v 317.154388 17.682301 -191.687347
v 317.912292 19.682699 -192.032654
v 318.018311 19.699499 -192.032654
v 318.343506 18.687799 -191.795258
v 317.912292 18.619499 -191.795258
v 317.806305 19.699499 -192.081955
v 317.48111 18.687799 -191.844543
v 315.808716 17.2376 -191.571747
v 316.401306 18.0532 -191.637955
v 317.084991 17.7048 -191.637955
v 316.773499 16.746099 -191.571747
v 315.043091 18.0033 -191.621048
v 315.858704 18.5958 -191.687347
v 317.647705 19.7687 -192.032654
v 317.743286 19.719999 -192.032654
v 317.411713 18.7103 -191.795258
v 317.022705 18.908501 -191.795258
v 317.571808 19.844601 -192.081955
v 316.713989 19.217199 -191.844543
v 314.508698 19.027 -191.571747
v 315.467407 19.338499 -191.637955
v 315.815796 18.6548 -191.637955
v 315.000214 18.0623 -191.571747
v 317.4841 19.993799 -192.032654
v 317.532806 19.898199 -192.032654
v 316.671112 19.276199 -191.795258
v 316.4729 19.665199 -191.795258
# 640 vertices

vt 21.4631 17.4038
vt 21.4631 17.4103
vt 21.4721 17.3096
vt 21.4721 17.5045
vt 21.498 17.2245
vt 21.498 17.5896
vt 21.5003 17.2193
vt 21.5003 17.5948
vt 21.5164 17.4038
vt 21.5164 17.4103
vt 21.5227 17.337
vt 21.5227 17.477
vt 21.5408 17.1518
vt 21.5408 17.6623
vt 21.5412 17.2767
vt 21.5412 17.5374
vt 21.5434 17.2715
vt 21.5434 17.5426
vt 21.5722 17.2237
vt 21.5722 17.5904
vt 21.5723 17.4038
vt 21.5723 17.4103
vt 21.5759 17.3657
vt 21.5759 17.4482
vt 21.5864 17.3315
vt 21.5864 17.4826
vt 21.5887 17.3263
vt 21.5887 17.4878
vt 21.5918 17.1085
vt 21.5918 17.7056
vt 21.5955 17.1064
vt 21.5955 17.7076
vt 21.605 17.2991
vt 21.605 17.515
vt 21.6083 17.193
vt 21.6083 17.6211
vt 21.612 17.191
vt 21.612 17.6231
vt 21.6256 17.2816
vt 21.6256 17.5325
vt 21.6285 17.4042
vt 21.6285 17.41
vt 21.6292 17.2796
vt 21.6292 17.5345
vt 21.6294 17.3948
vt 21.6294 17.4194
vt 21.632 17.3863
vt 21.632 17.4277
vt 21.634 17.3816
vt 21.634 17.4325
vt 21.6381 17.3749
vt 21.6381 17.4392
vt 21.6431 17.3706
vt 21.6431 17.4435
vt 21.6464 17.3688
vt 21.6464 17.4452
vt 21.6521 17.0916
vt 21.6521 17.1804
vt 21.6521 17.2736
vt 21.6521 17.3674
vt 21.6521 17.4467
vt 21.6521 17.5405
vt 21.6521 17.6337
vt 21.6521 17.7226
vt 21.6576 17.3688
vt 21.6576 17.4452
vt 21.661 17.3706
vt 21.661 17.4435
vt 21.6661 17.3749
vt 21.6661 17.4392
vt 21.67 17.3816
vt 21.67 17.4325
vt 21.6721 17.3863
vt 21.6721 17.4277
vt 21.6747 17.3948
vt 21.6747 17.4194
vt 21.6748 17.2796
vt 21.6748 17.5345
vt 21.6751 18.0126
vt 21.6751 18.019
vt 21.6756 17.4042
vt 21.6756 17.41
vt 21.6785 17.2816
vt 21.6785 17.5325
vt 21.684 17.9183
vt 21.684 18.1134
vt 21.6922 17.191
vt 21.6922 17.6231
vt 21.6958 17.193
vt 21.6958 17.6211
vt 21.6991 17.2991
vt 21.6991 17.515
vt 21.7086 17.1064
vt 21.7086 17.7076
vt 21.71 17.8333
vt 21.71 18.1984
vt 21.7123 17.1085
vt 21.7123 17.7056
vt 21.7123 17.8281
vt 21.7123 18.2036
vt 21.7154 17.3263
vt 21.7154 17.4878
vt 21.7177 17.3315
vt 21.7177 17.4826
vt 21.7282 17.3657
vt 21.7282 17.4482
vt 21.7284 18.0126
vt 21.7284 18.019
vt 21.7318 17.4038
vt 21.7318 17.4103
vt 21.732 17.2237
vt 21.732 17.5904
vt 21.7347 17.9458
vt 21.7347 18.0859
vt 21.7528 17.7606
vt 21.7528 18.2711
vt 21.7532 17.8856
vt 21.7532 18.1462
vt 21.7555 17.8804
vt 21.7555 18.1514
vt 21.7607 17.2715
vt 21.7607 17.5426
vt 21.763 17.2767
vt 21.763 17.5374
vt 21.7633 17.1518
vt 21.7633 17.6623
vt 21.7814 17.337
vt 21.7814 17.477
vt 21.7841 17.8326
vt 21.7841 18.1992
vt 21.7843 18.0126
vt 21.7843 18.019
vt 21.7877 17.4038
vt 21.7877 17.4103
vt 21.7879 17.9746
vt 21.7879 18.0571
vt 21.7984 17.9404
vt 21.7984 18.0914
vt 21.8007 17.9351
vt 21.8007 18.0965
vt 21.8038 17.2193
vt 21.8038 17.5948
vt 21.8038 17.7172
vt 21.8038 18.3145
vt 21.8061 17.2245
vt 21.8061 17.5896
vt 21.8075 17.7152
vt 21.8075 18.3164
vt 21.817 17.9079
vt 21.817 18.1238
vt 21.8203 17.8018
vt 21.8203 18.23
vt 21.824 17.7998
vt 21.824 18.232
vt 21.8321 17.3096
vt 21.8321 17.5045
vt 21.8376 17.8905
vt 21.8376 18.1413
vt 21.8405 18.013
vt 21.8405 18.0188
vt 21.841 17.4038
vt 21.841 17.4103
vt 21.8412 17.8885
vt 21.8412 18.1433
vt 21.8414 18.0036
vt 21.8414 18.0281
vt 21.844 17.9951
vt 21.844 18.0366
vt 21.846 17.9905
vt 21.846 18.0413
vt 21.8501 17.9838
vt 21.8501 18.0479
vt 21.8549 17.5864
vt 21.8549 17.6051
vt 21.8551 17.5672
vt 21.8551 17.586
vt 21.8551 17.9795
vt 21.8551 18.0522
vt 21.8584 17.9776
vt 21.8584 18.0541
vt 21.8609 17.5672
vt 21.8609 17.586
vt 21.8622 17.5864
vt 21.8622 17.6051
vt 21.8641 17.7004
vt 21.8641 17.7893
vt 21.8641 17.8825
vt 21.8641 17.9762
vt 21.8641 18.0556
vt 21.8641 18.1493
vt 21.8641 18.2425
vt 21.8641 18.3314
vt 21.8682 17.5672
vt 21.8682 17.586
vt 21.8696 17.9776
vt 21.8696 18.0541
vt 21.8702 17.5864
vt 21.8702 17.6051
vt 21.873 17.9795
vt 21.873 18.0522
vt 21.8763 17.5672
vt 21.8763 17.586
vt 21.878 17.9838
vt 21.878 18.0479
vt 21.8784 17.5864
vt 21.8784 17.6051
vt 21.8821 17.9905
vt 21.8821 18.0413
vt 21.8841 17.9951
vt 21.8841 18.0366
vt 21.8845 17.5672
vt 21.8845 17.586
vt 21.8857 17.5864
vt 21.8857 17.6051
vt 21.8867 18.0036
vt 21.8867 18.0281
vt 21.8869 17.8885
vt 21.8869 18.1433
vt 21.8876 18.013
vt 21.8876 18.0188
vt 21.8905 17.8905
vt 21.8905 18.1413
vt 21.8915 17.5864
vt 21.8915 17.6051
vt 21.8918 17.5672
vt 21.8918 17.586
vt 21.8975 17.5672
vt 21.8975 17.586
vt 21.898 17.5802
vt 21.898 17.5812
vt 21.8988 17.5864
vt 21.8988 17.6051
vt 21.8993 17.5667
vt 21.8993 17.5678
vt 21.8993 17.5936
vt 21.8993 17.5948
vt 21.903 17.5545
vt 21.903 17.5556
vt 21.903 17.6058
vt 21.903 17.6069
vt 21.9042 17.7998
vt 21.9042 18.232
vt 21.9048 17.5672
vt 21.9048 17.586
vt 21.9069 17.5864
vt 21.9069 17.6051
vt 21.9078 17.8018
vt 21.9078 18.23
vt 21.9088 17.5448
vt 21.9088 17.5459
vt 21.9088 17.6156
vt 21.9088 17.6166
vt 21.9111 17.9079
vt 21.9111 18.1238
vt 21.9129 17.5672
vt 21.9129 17.586
vt 21.9149 17.5864
vt 21.9149 17.6051
vt 21.9161 17.5386
vt 21.9161 17.5397
vt 21.9161 17.6217
vt 21.9161 17.6228
vt 21.9206 17.7152
vt 21.9206 18.3164
vt 21.921 17.5672
vt 21.921 17.586
vt 21.9223 17.5864
vt 21.9223 17.6051
vt 21.9242 17.5366
vt 21.9242 17.5376
vt 21.9242 17.6238
vt 21.9242 17.625
vt 21.9243 17.7172
vt 21.9243 18.3145
vt 21.9274 17.9351
vt 21.9274 18.0965
vt 21.9281 17.5864
vt 21.9281 17.6051
vt 21.9283 17.5672
vt 21.9283 17.586
vt 21.9297 17.9404
vt 21.9297 18.0914
vt 21.9323 17.5386
vt 21.9323 17.5397
vt 21.9323 17.6217
vt 21.9323 17.6228
vt 21.9342 17.5672
vt 21.9342 17.586
vt 21.9353 17.5864
vt 21.9353 17.6051
vt 21.9396 17.5448
vt 21.9396 17.5459
vt 21.9396 17.6156
vt 21.9396 17.6166
vt 21.9402 17.9746
vt 21.9402 18.0571
vt 21.9415 17.5672
vt 21.9415 17.586
vt 21.9435 17.5864
vt 21.9435 17.6051
vt 21.9438 18.0126
vt 21.9438 18.019
vt 21.944 17.8326
vt 21.944 18.1992
vt 21.9454 17.5545
vt 21.9454 17.5556
vt 21.9454 17.6058
vt 21.9454 17.6069
vt 21.9491 17.5667
vt 21.9491 17.5678
vt 21.9491 17.5936
vt 21.9491 17.5948
vt 21.9495 17.5672
vt 21.9495 17.586
vt 21.9504 17.5802
vt 21.9504 17.5812
vt 21.9516 17.5864
vt 21.9516 17.6051
vt 21.9576 17.5672
vt 21.9576 17.586
vt 21.9589 17.5864
vt 21.9589 17.6051
vt 21.9646 17.5864
vt 21.9646 17.6051
vt 21.9649 17.5672
vt 21.9649 17.586
vt 21.9707 17.5672
vt 21.9707 17.586
vt 21.972 17.5864
vt 21.972 17.6051
vt 21.9727 17.8804
vt 21.9727 18.1514
vt 21.9749 17.8856
vt 21.9749 18.1462
vt 21.9753 17.7606
vt 21.9753 18.2711
vt 21.978 17.5672
vt 21.978 17.586
vt 21.98 17.5864
vt 21.98 17.6051
vt 21.9861 17.5672
vt 21.9861 17.586
vt 21.9882 17.5864
vt 21.9882 17.6051
vt 21.9933 17.9458
vt 21.9933 18.0859
vt 21.9942 17.5672
vt 21.9942 17.586
vt 21.9955 17.5864
vt 21.9955 17.6051
vt 21.9997 18.0126
vt 21.9997 18.019
vt 22.0013 17.5864
vt 22.0013 17.6051
vt 22.0015 17.5672
vt 22.0015 17.586
vt 22.0158 17.8281
vt 22.0158 18.2036
vt 22.018 17.8333
vt 22.018 18.1984
vt 22.0441 17.9183
vt 22.0441 18.1134
vt 22.0531 18.0126
vt 22.0531 18.019
# 364 texture vertices

s off

usemtl Meridian_S_2

f 2645/5764 2674/5692 2672/5688
f 2672/5688 2657/5770 2645/5764
f 2670/5684 2668/5690 2646/5762
f 2646/5762 2656/5766 2670/5684
f 2649/5760 2648/5746 2647/5714
f 2647/5714 2676/5704 2649/5760
f 2651/5694 2665/5706 2650/5740
f 2650/5740 2661/5748 2651/5694
f 2645/5764 2649/5760 2676/5704
f 2676/5704 2674/5692 2645/5764
f 2668/5690 2651/5694 2661/5748
f 2661/5748 2646/5762 2668/5690
f 2648/5746 2681/5738 2679/5724
f 2679/5724 2647/5714 2648/5746
f 2665/5706 2653/5716 2652/5726
f 2652/5726 2650/5740 2665/5706
f 2672/5688 2670/5684 2656/5766
f 2656/5766 2657/5770 2672/5688
f 2656/5799 2655/5798 2654/5794
f 2654/5794 2657/5795 2656/5799
f 2646/5805 2658/5804 2655/5798
f 2655/5798 2656/5799 2646/5805
f 2661/5809 2659/5808 2658/5804
f 2658/5804 2646/5805 2661/5809
f 2650/5639 2660/5638 2659/5628
f 2659/5628 2661/5629 2650/5639
f 2652/5653 2662/5652 2660/5638
f 2660/5638 2650/5639 2652/5653
f 2653/5661 2663/5660 2662/5652
f 2662/5652 2652/5653 2653/5661
f 2665/5669 2664/5668 2663/5660
f 2663/5660 2653/5661 2665/5669
f 2651/5679 2666/5678 2664/5668
f 2664/5668 2665/5669 2651/5679
f 2668/5687 2667/5686 2666/5678
f 2666/5678 2651/5679 2668/5687
f 2670/5701 2669/5700 2667/5686
f 2667/5686 2668/5687 2670/5701
f 2672/5713 2671/5712 2669/5700
f 2669/5700 2670/5701 2672/5713
f 2674/5723 2673/5722 2671/5712
f 2671/5712 2672/5713 2674/5723
f 2676/5733 2675/5732 2673/5722
f 2673/5722 2674/5723 2676/5733
f 2647/5745 2677/5744 2675/5732
f 2675/5732 2676/5733 2647/5745
f 2679/5755 2678/5754 2677/5744
f 2677/5744 2647/5745 2679/5755
f 2681/5773 2680/5772 2678/5754
f 2678/5754 2679/5755 2681/5773
f 2648/5777 2682/5776 2680/5772
f 2680/5772 2681/5773 2648/5777
f 2649/5779 2683/5778 2682/5776
f 2682/5776 2648/5777 2649/5779
f 2645/5785 2684/5784 2683/5778
f 2683/5778 2649/5779 2645/5785
f 2657/5795 2654/5794 2684/5784
f 2684/5784 2645/5785 2657/5795
f 2687/5589 2686/5583 2685/5611
f 2685/5611 2688/5617 2687/5589
f 2686/5583 2690/5579 2689/5601
f 2689/5601 2685/5611 2686/5583
f 2693/5565 2692/5537 2691/5531
f 2691/5531 2694/5561 2693/5565
f 2694/5561 2691/5531 2695/5529
f 2695/5529 2696/5559 2694/5561
f 2693/5565 2694/5561 2686/5583
f 2686/5583 2687/5589 2693/5565
f 2694/5561 2696/5559 2690/5579
f 2690/5579 2686/5583 2694/5561
f 2687/5589 2688/5617 2697/5616
f 2697/5616 2698/5588 2687/5589
f 2692/5537 2693/5565 2699/5564
f 2699/5564 2700/5536 2692/5537
f 2698/5588 2699/5564 2693/5565
f 2693/5565 2687/5589 2698/5588
f 2703/5577 2702/5567 2701/5581
f 2701/5581 2704/5597 2703/5577
f 2702/5567 2706/5545 2705/5553
f 2705/5553 2701/5581 2702/5567
f 2709/5557 2708/5527 2707/5525
f 2707/5525 2710/5547 2709/5557
f 2710/5547 2707/5525 2711/5523
f 2711/5523 2712/5539 2710/5547
f 2709/5557 2710/5547 2702/5567
f 2702/5567 2703/5577 2709/5557
f 2710/5547 2712/5539 2706/5545
f 2706/5545 2702/5567 2710/5547
f 2703/5577 2704/5597 2689/5601
f 2689/5601 2690/5579 2703/5577
f 2708/5527 2709/5557 2696/5559
f 2696/5559 2695/5529 2708/5527
f 2690/5579 2696/5559 2709/5557
f 2709/5557 2703/5577 2690/5579
f 2715/5543 2714/5518 2713/5519
f 2713/5519 2716/5549 2715/5543
f 2714/5518 2718/5493 2717/5487
f 2717/5487 2713/5519 2714/5518
f 2721/5533 2720/5521 2719/5516
f 2719/5516 2722/5517 2721/5533
f 2722/5517 2719/5516 2723/5511
f 2723/5511 2724/5499 2722/5517
f 2721/5533 2722/5517 2714/5518
f 2714/5518 2715/5543 2721/5533
f 2722/5517 2724/5499 2718/5493
f 2718/5493 2714/5518 2722/5517
f 2715/5543 2716/5549 2705/5553
f 2705/5553 2706/5545 2715/5543
f 2720/5521 2721/5533 2712/5539
f 2712/5539 2711/5523 2720/5521
f 2706/5545 2712/5539 2721/5533
f 2721/5533 2715/5543 2706/5545
f 2727/5491 2726/5475 2725/5469
f 2725/5469 2728/5485 2727/5491
f 2726/5475 2730/5473 2729/5463
f 2729/5463 2725/5469 2726/5475
f 2733/5495 2732/5509 2731/5507
f 2731/5507 2734/5489 2733/5495
f 2734/5489 2731/5507 2735/5505
f 2735/5505 2736/5483 2734/5489
f 2733/5495 2734/5489 2726/5475
f 2726/5475 2727/5491 2733/5495
f 2734/5489 2736/5483 2730/5473
f 2730/5473 2726/5475 2734/5489
f 2727/5491 2728/5485 2717/5487
f 2717/5487 2718/5493 2727/5491
f 2732/5509 2733/5495 2724/5499
f 2724/5499 2723/5511 2732/5509
f 2718/5493 2724/5499 2733/5495
f 2733/5495 2727/5491 2718/5493
f 2739/5471 2738/5467 2737/5459
f 2737/5459 2740/5461 2739/5471
f 2738/5467 2742/5465 2741/5457
f 2741/5457 2737/5459 2738/5467
f 2745/5481 2744/5503 2743/5501
f 2743/5501 2746/5479 2745/5481
f 2746/5479 2743/5501 2747/5497
f 2747/5497 2748/5477 2746/5479
f 2745/5481 2746/5479 2738/5467
f 2738/5467 2739/5471 2745/5481
f 2746/5479 2748/5477 2742/5465
f 2742/5465 2738/5467 2746/5479
f 2739/5471 2740/5461 2729/5463
f 2729/5463 2730/5473 2739/5471
f 2744/5503 2745/5481 2736/5483
f 2736/5483 2735/5505 2744/5503
f 2730/5473 2736/5483 2745/5481
f 2745/5481 2739/5471 2730/5473
f 2751/5464 2750/5466 2749/5458
f 2749/5458 2752/5456 2751/5464
f 2750/5466 2754/5470 2753/5460
f 2753/5460 2749/5458 2750/5466
f 2757/5476 2756/5496 2755/5500
f 2755/5500 2758/5478 2757/5476
f 2758/5478 2755/5500 2759/5502
f 2759/5502 2760/5480 2758/5478
f 2757/5476 2758/5478 2750/5466
f 2750/5466 2751/5464 2757/5476
f 2758/5478 2760/5480 2754/5470
f 2754/5470 2750/5466 2758/5478
f 2751/5464 2752/5456 2741/5457
f 2741/5457 2742/5465 2751/5464
f 2756/5496 2757/5476 2748/5477
f 2748/5477 2747/5497 2756/5496
f 2742/5465 2748/5477 2757/5476
f 2757/5476 2751/5464 2742/5465
f 2763/5472 2762/5474 2761/5468
f 2761/5468 2764/5462 2763/5472
f 2762/5474 2766/5490 2765/5484
f 2765/5484 2761/5468 2762/5474
f 2769/5482 2768/5504 2767/5506
f 2767/5506 2770/5488 2769/5482
f 2770/5488 2767/5506 2771/5508
f 2771/5508 2772/5494 2770/5488
f 2769/5482 2770/5488 2762/5474
f 2762/5474 2763/5472 2769/5482
f 2770/5488 2772/5494 2766/5490
f 2766/5490 2762/5474 2770/5488
f 2763/5472 2764/5462 2753/5460
f 2753/5460 2754/5470 2763/5472
f 2768/5504 2769/5482 2760/5480
f 2760/5480 2759/5502 2768/5504
f 2754/5470 2760/5480 2769/5482
f 2769/5482 2763/5472 2754/5470
f 2775/5492 2774/5513 2773/5512
f 2773/5512 2776/5486 2775/5492
f 2774/5513 2778/5542 2777/5548
f 2777/5548 2773/5512 2774/5513
f 2781/5498 2780/5510 2779/5515
f 2779/5515 2782/5514 2781/5498
f 2782/5514 2779/5515 2783/5520
f 2783/5520 2784/5532 2782/5514
f 2781/5498 2782/5514 2774/5513
f 2774/5513 2775/5492 2781/5498
f 2782/5514 2784/5532 2778/5542
f 2778/5542 2774/5513 2782/5514
f 2775/5492 2776/5486 2765/5484
f 2765/5484 2766/5490 2775/5492
f 2780/5510 2781/5498 2772/5494
f 2772/5494 2771/5508 2780/5510
f 2766/5490 2772/5494 2781/5498
f 2781/5498 2775/5492 2766/5490
f 2787/5544 2786/5566 2785/5580
f 2785/5580 2788/5552 2787/5544
f 2786/5566 2790/5576 2789/5596
f 2789/5596 2785/5580 2786/5566
f 2793/5538 2792/5522 2791/5524
f 2791/5524 2794/5546 2793/5538
f 2794/5546 2791/5524 2795/5526
f 2795/5526 2796/5556 2794/5546
f 2793/5538 2794/5546 2786/5566
f 2786/5566 2787/5544 2793/5538
f 2794/5546 2796/5556 2790/5576
f 2790/5576 2786/5566 2794/5546
f 2787/5544 2788/5552 2777/5548
f 2777/5548 2778/5542 2787/5544
f 2792/5522 2793/5538 2784/5532
f 2784/5532 2783/5520 2792/5522
f 2778/5542 2784/5532 2793/5538
f 2793/5538 2787/5544 2778/5542
f 2799/5578 2798/5582 2797/5610
f 2797/5610 2800/5600 2799/5578
f 2798/5582 2698/5588 2697/5616
f 2697/5616 2797/5610 2798/5582
f 2803/5558 2802/5528 2801/5530
f 2801/5530 2804/5560 2803/5558
f 2804/5560 2801/5530 2700/5536
f 2700/5536 2699/5564 2804/5560
f 2803/5558 2804/5560 2798/5582
f 2798/5582 2799/5578 2803/5558
f 2804/5560 2699/5564 2698/5588
f 2698/5588 2798/5582 2804/5560
f 2799/5578 2800/5600 2789/5596
f 2789/5596 2790/5576 2799/5578
f 2802/5528 2803/5558 2796/5556
f 2796/5556 2795/5526 2802/5528
f 2790/5576 2796/5556 2803/5558
f 2803/5558 2799/5578 2790/5576
f 2805/5689 2816/5685 2832/5765
f 2832/5765 2834/5761 2805/5689
f 2806/5771 2817/5691 2819/5695
f 2819/5695 2829/5767 2806/5771
f 2808/5693 2807/5747 2837/5739
f 2837/5739 2809/5705 2808/5693
f 2811/5763 2821/5707 2810/5717
f 2810/5717 2826/5749 2811/5763
f 2805/5689 2834/5761 2807/5747
f 2807/5747 2808/5693 2805/5689
f 2829/5767 2819/5695 2821/5707
f 2821/5707 2811/5763 2829/5767
f 2809/5705 2837/5739 2839/5725
f 2839/5725 2812/5715 2809/5705
f 2826/5749 2810/5717 2813/5727
f 2813/5727 2814/5741 2826/5749
f 2832/5765 2816/5685 2817/5691
f 2817/5691 2806/5771 2832/5765
f 2817/5720 2816/5710 2815/5711
f 2815/5711 2818/5721 2817/5720
f 2819/5734 2817/5720 2818/5721
f 2818/5721 2820/5735 2819/5734
f 2821/5742 2819/5734 2820/5735
f 2820/5735 2822/5743 2821/5742
f 2810/5752 2821/5742 2822/5743
f 2822/5743 2823/5753 2810/5752
f 2813/5768 2810/5752 2823/5753
f 2823/5753 2824/5769 2813/5768
f 2814/5774 2813/5768 2824/5769
f 2824/5769 2825/5775 2814/5774
f 2826/5780 2814/5774 2825/5775
f 2825/5775 2827/5781 2826/5780
f 2811/5782 2826/5780 2827/5781
f 2827/5781 2828/5783 2811/5782
f 2829/5792 2811/5782 2828/5783
f 2828/5783 2830/5793 2829/5792
f 2806/5796 2829/5792 2830/5793
f 2830/5793 2831/5797 2806/5796
f 2832/5802 2806/5796 2831/5797
f 2831/5797 2833/5803 2832/5802
f 2834/5810 2832/5802 2833/5803
f 2833/5803 2835/5811 2834/5810
f 2807/5636 2834/5630 2835/5631
f 2835/5631 2836/5637 2807/5636
f 2837/5648 2807/5636 2836/5637
f 2836/5637 2838/5649 2837/5648
f 2839/5656 2837/5648 2838/5649
f 2838/5649 2840/5657 2839/5656
f 2812/5666 2839/5656 2840/5657
f 2840/5657 2841/5667 2812/5666
f 2809/5680 2812/5666 2841/5667
f 2841/5667 2842/5681 2809/5680
f 2808/5682 2809/5680 2842/5681
f 2842/5681 2843/5683 2808/5682
f 2805/5698 2808/5682 2843/5683
f 2843/5683 2844/5699 2805/5698
f 2816/5710 2805/5698 2844/5699
f 2844/5699 2815/5711 2816/5710
f 2847/5563 2846/5535 2845/5541
f 2845/5541 2848/5569 2847/5563
f 2848/5569 2845/5541 2849/5551
f 2849/5551 2850/5573 2848/5569
f 2853/5587 2852/5591 2851/5621
f 2851/5621 2854/5615 2853/5587
f 2852/5591 2856/5593 2855/5623
f 2855/5623 2851/5621 2852/5591
f 2853/5587 2847/5563 2848/5569
f 2848/5569 2852/5591 2853/5587
f 2852/5591 2848/5569 2850/5573
f 2850/5573 2856/5593 2852/5591
f 2847/5563 2858/5562 2857/5534
f 2857/5534 2846/5535 2847/5563
f 2854/5615 2860/5614 2859/5586
f 2859/5586 2853/5587 2854/5615
f 2858/5562 2847/5563 2853/5587
f 2853/5587 2859/5586 2858/5562
f 2863/5575 2862/5555 2861/5571
f 2861/5571 2864/5585 2863/5575
f 2864/5585 2861/5571 2865/5599
f 2865/5599 2866/5607 2864/5585
f 2869/5595 2868/5605 2867/5627
f 2867/5627 2870/5625 2869/5595
f 2868/5605 2872/5613 2871/5633
f 2871/5633 2867/5627 2868/5605
f 2869/5595 2863/5575 2864/5585
f 2864/5585 2868/5605 2869/5595
f 2868/5605 2864/5585 2866/5607
f 2866/5607 2872/5613 2868/5605
f 2863/5575 2850/5573 2849/5551
f 2849/5551 2862/5555 2863/5575
f 2870/5625 2855/5623 2856/5593
f 2856/5593 2869/5595 2870/5625
f 2850/5573 2863/5575 2869/5595
f 2869/5595 2856/5593 2850/5573
f 2875/5609 2874/5603 2873/5647
f 2873/5647 2876/5646 2875/5609
f 2876/5646 2873/5647 2877/5719
f 2877/5719 2878/5697 2876/5646
f 2881/5619 2880/5645 2879/5644
f 2879/5644 2882/5635 2881/5619
f 2880/5645 2884/5673 2883/5651
f 2883/5651 2879/5644 2880/5645
f 2881/5619 2875/5609 2876/5646
f 2876/5646 2880/5645 2881/5619
f 2880/5645 2876/5646 2878/5697
f 2878/5697 2884/5673 2880/5645
f 2875/5609 2866/5607 2865/5599
f 2865/5599 2874/5603 2875/5609
f 2882/5635 2871/5633 2872/5613
f 2872/5613 2881/5619 2882/5635
f 2866/5607 2875/5609 2881/5619
f 2881/5619 2872/5613 2866/5607
f 2887/5703 2886/5729 2885/5791
f 2885/5791 2888/5759 2887/5703
f 2888/5759 2885/5791 2889/5813
f 2889/5813 2890/5787 2888/5759
f 2893/5677 2892/5709 2891/5659
f 2891/5659 2894/5655 2893/5677
f 2892/5709 2896/5731 2895/5663
f 2895/5663 2891/5659 2892/5709
f 2893/5677 2887/5703 2888/5759
f 2888/5759 2892/5709 2893/5677
f 2892/5709 2888/5759 2890/5787
f 2890/5787 2896/5731 2892/5709
f 2887/5703 2878/5697 2877/5719
f 2877/5719 2886/5729 2887/5703
f 2894/5655 2883/5651 2884/5673
f 2884/5673 2893/5677 2894/5655
f 2878/5697 2887/5703 2893/5677
f 2893/5677 2884/5673 2878/5697
f 2899/5789 2898/5815 2897/5817
f 2897/5817 2900/5801 2899/5789
f 2900/5801 2897/5817 2901/5819
f 2901/5819 2902/5807 2900/5801
f 2905/5737 2904/5751 2903/5671
f 2903/5671 2906/5665 2905/5737
f 2904/5751 2908/5757 2907/5675
f 2907/5675 2903/5671 2904/5751
f 2905/5737 2899/5789 2900/5801
f 2900/5801 2904/5751 2905/5737
f 2904/5751 2900/5801 2902/5807
f 2902/5807 2908/5757 2904/5751
f 2899/5789 2890/5787 2889/5813
f 2889/5813 2898/5815 2899/5789
f 2906/5665 2895/5663 2896/5731
f 2896/5731 2905/5737 2906/5665
f 2890/5787 2899/5789 2905/5737
f 2905/5737 2896/5731 2890/5787
f 2911/5806 2910/5818 2909/5816
f 2909/5816 2912/5800 2911/5806
f 2912/5800 2909/5816 2913/5814
f 2913/5814 2914/5788 2912/5800
f 2917/5756 2916/5750 2915/5670
f 2915/5670 2918/5674 2917/5756
f 2916/5750 2920/5736 2919/5664
f 2919/5664 2915/5670 2916/5750
f 2917/5756 2911/5806 2912/5800
f 2912/5800 2916/5750 2917/5756
f 2916/5750 2912/5800 2914/5788
f 2914/5788 2920/5736 2916/5750
f 2911/5806 2902/5807 2901/5819
f 2901/5819 2910/5818 2911/5806
f 2918/5674 2907/5675 2908/5757
f 2908/5757 2917/5756 2918/5674
f 2902/5807 2911/5806 2917/5756
f 2917/5756 2908/5757 2902/5807
f 2923/5786 2922/5812 2921/5790
f 2921/5790 2924/5758 2923/5786
f 2924/5758 2921/5790 2925/5728
f 2925/5728 2926/5702 2924/5758
f 2929/5730 2928/5708 2927/5658
f 2927/5658 2930/5662 2929/5730
f 2928/5708 2932/5676 2931/5654
f 2931/5654 2927/5658 2928/5708
f 2929/5730 2923/5786 2924/5758
f 2924/5758 2928/5708 2929/5730
f 2928/5708 2924/5758 2926/5702
f 2926/5702 2932/5676 2928/5708
f 2923/5786 2914/5788 2913/5814
f 2913/5814 2922/5812 2923/5786
f 2930/5662 2919/5664 2920/5736
f 2920/5736 2929/5730 2930/5662
f 2914/5788 2923/5786 2929/5730
f 2929/5730 2920/5736 2914/5788
f 2935/5696 2934/5718 2933/5640
f 2933/5640 2936/5641 2935/5696
f 2936/5641 2933/5640 2937/5602
f 2937/5602 2938/5608 2936/5641
f 2941/5672 2940/5642 2939/5643
f 2939/5643 2942/5650 2941/5672
f 2940/5642 2944/5618 2943/5634
f 2943/5634 2939/5643 2940/5642
f 2941/5672 2935/5696 2936/5641
f 2936/5641 2940/5642 2941/5672
f 2940/5642 2936/5641 2938/5608
f 2938/5608 2944/5618 2940/5642
f 2935/5696 2926/5702 2925/5728
f 2925/5728 2934/5718 2935/5696
f 2942/5650 2931/5654 2932/5676
f 2932/5676 2941/5672 2942/5650
f 2926/5702 2935/5696 2941/5672
f 2941/5672 2932/5676 2926/5702
f 2947/5606 2946/5598 2945/5570
f 2945/5570 2948/5584 2947/5606
f 2948/5584 2945/5570 2949/5554
f 2949/5554 2950/5574 2948/5584
f 2953/5612 2952/5604 2951/5626
f 2951/5626 2954/5632 2953/5612
f 2952/5604 2956/5594 2955/5624
f 2955/5624 2951/5626 2952/5604
f 2953/5612 2947/5606 2948/5584
f 2948/5584 2952/5604 2953/5612
f 2952/5604 2948/5584 2950/5574
f 2950/5574 2956/5594 2952/5604
f 2947/5606 2938/5608 2937/5602
f 2937/5602 2946/5598 2947/5606
f 2954/5632 2943/5634 2944/5618
f 2944/5618 2953/5612 2954/5632
f 2938/5608 2947/5606 2953/5612
f 2953/5612 2944/5618 2938/5608
f 2959/5572 2958/5550 2957/5540
f 2957/5540 2960/5568 2959/5572
f 2960/5568 2957/5540 2857/5534
f 2857/5534 2858/5562 2960/5568
f 2963/5592 2962/5590 2961/5620
f 2961/5620 2964/5622 2963/5592
f 2962/5590 2859/5586 2860/5614
f 2860/5614 2961/5620 2962/5590
f 2963/5592 2959/5572 2960/5568
f 2960/5568 2962/5590 2963/5592
f 2962/5590 2960/5568 2858/5562
f 2858/5562 2859/5586 2962/5590
f 2959/5572 2950/5574 2949/5554
f 2949/5554 2958/5550 2959/5572
f 2964/5622 2955/5624 2956/5594
f 2956/5594 2963/5592 2964/5622
f 2950/5574 2959/5572 2963/5592
f 2963/5592 2956/5594 2950/5574
f 3003/5764 2965/5770 2989/5688
f 2989/5688 2991/5692 3003/5764
f 2966/5684 2973/5766 2975/5762
f 2975/5762 2967/5690 2966/5684
f 2969/5760 2968/5704 2994/5714
f 2994/5714 3000/5746 2969/5760
f 2970/5694 2978/5748 2979/5740
f 2979/5740 2984/5706 2970/5694
f 3003/5764 2991/5692 2968/5704
f 2968/5704 2969/5760 3003/5764
f 2967/5690 2975/5762 2978/5748
f 2978/5748 2970/5694 2967/5690
f 3000/5746 2994/5714 2996/5724
f 2996/5724 2998/5738 3000/5746
f 2984/5706 2979/5740 2971/5726
f 2971/5726 2982/5716 2984/5706
f 2989/5688 2965/5770 2973/5766
f 2973/5766 2966/5684 2989/5688
f 2973/5799 2965/5795 2972/5794
f 2972/5794 2974/5798 2973/5799
f 2975/5805 2973/5799 2974/5798
f 2974/5798 2976/5804 2975/5805
f 2978/5809 2975/5805 2976/5804
f 2976/5804 2977/5808 2978/5809
f 2979/5639 2978/5629 2977/5628
f 2977/5628 2980/5638 2979/5639
f 2971/5653 2979/5639 2980/5638
f 2980/5638 2981/5652 2971/5653
f 2982/5661 2971/5653 2981/5652
f 2981/5652 2983/5660 2982/5661
f 2984/5669 2982/5661 2983/5660
f 2983/5660 2985/5668 2984/5669
f 2970/5679 2984/5669 2985/5668
f 2985/5668 2986/5678 2970/5679
f 2967/5687 2970/5679 2986/5678
f 2986/5678 2987/5686 2967/5687
f 2966/5701 2967/5687 2987/5686
f 2987/5686 2988/5700 2966/5701
f 2989/5713 2966/5701 2988/5700
f 2988/5700 2990/5712 2989/5713
f 2991/5723 2989/5713 2990/5712
f 2990/5712 2992/5722 2991/5723
f 2968/5733 2991/5723 2992/5722
f 2992/5722 2993/5732 2968/5733
f 2994/5745 2968/5733 2993/5732
f 2993/5732 2995/5744 2994/5745
f 2996/5755 2994/5745 2995/5744
f 2995/5744 2997/5754 2996/5755
f 2998/5773 2996/5755 2997/5754
f 2997/5754 2999/5772 2998/5773
f 3000/5777 2998/5773 2999/5772
f 2999/5772 3001/5776 3000/5777
f 2969/5779 3000/5777 3001/5776
f 3001/5776 3002/5778 2969/5779
f 3003/5785 2969/5779 3002/5778
f 3002/5778 3004/5784 3003/5785
f 2965/5795 3003/5785 3004/5784
f 3004/5784 2972/5794 2965/5795
f 3007/5589 3006/5617 3005/5611
f 3005/5611 3008/5583 3007/5589
f 3008/5583 3005/5611 3009/5601
f 3009/5601 3010/5579 3008/5583
f 3013/5565 3012/5561 3011/5531
f 3011/5531 3014/5537 3013/5565
f 3012/5561 3016/5559 3015/5529
f 3015/5529 3011/5531 3012/5561
f 3013/5565 3007/5589 3008/5583
f 3008/5583 3012/5561 3013/5565
f 3012/5561 3008/5583 3010/5579
f 3010/5579 3016/5559 3012/5561
f 3007/5589 3018/5588 3017/5616
f 3017/5616 3006/5617 3007/5589
f 3014/5537 3020/5536 3019/5564
f 3019/5564 3013/5565 3014/5537
f 3018/5588 3007/5589 3013/5565
f 3013/5565 3019/5564 3018/5588
f 3023/5577 3022/5597 3021/5581
f 3021/5581 3024/5567 3023/5577
f 3024/5567 3021/5581 3025/5553
f 3025/5553 3026/5545 3024/5567
f 3029/5557 3028/5547 3027/5525
f 3027/5525 3030/5527 3029/5557
f 3028/5547 3032/5539 3031/5523
f 3031/5523 3027/5525 3028/5547
f 3029/5557 3023/5577 3024/5567
f 3024/5567 3028/5547 3029/5557
f 3028/5547 3024/5567 3026/5545
f 3026/5545 3032/5539 3028/5547
f 3023/5577 3010/5579 3009/5601
f 3009/5601 3022/5597 3023/5577
f 3030/5527 3015/5529 3016/5559
f 3016/5559 3029/5557 3030/5527
f 3010/5579 3023/5577 3029/5557
f 3029/5557 3016/5559 3010/5579
f 3035/5543 3034/5549 3033/5519
f 3033/5519 3036/5518 3035/5543
f 3036/5518 3033/5519 3037/5487
f 3037/5487 3038/5493 3036/5518
f 3041/5533 3040/5517 3039/5516
f 3039/5516 3042/5521 3041/5533
f 3040/5517 3044/5499 3043/5511
f 3043/5511 3039/5516 3040/5517
f 3041/5533 3035/5543 3036/5518
f 3036/5518 3040/5517 3041/5533
f 3040/5517 3036/5518 3038/5493
f 3038/5493 3044/5499 3040/5517
f 3035/5543 3026/5545 3025/5553
f 3025/5553 3034/5549 3035/5543
f 3042/5521 3031/5523 3032/5539
f 3032/5539 3041/5533 3042/5521
f 3026/5545 3035/5543 3041/5533
f 3041/5533 3032/5539 3026/5545
f 3047/5491 3046/5485 3045/5469
f 3045/5469 3048/5475 3047/5491
f 3048/5475 3045/5469 3049/5463
f 3049/5463 3050/5473 3048/5475
f 3053/5495 3052/5489 3051/5507
f 3051/5507 3054/5509 3053/5495
f 3052/5489 3056/5483 3055/5505
f 3055/5505 3051/5507 3052/5489
f 3053/5495 3047/5491 3048/5475
f 3048/5475 3052/5489 3053/5495
f 3052/5489 3048/5475 3050/5473
f 3050/5473 3056/5483 3052/5489
f 3047/5491 3038/5493 3037/5487
f 3037/5487 3046/5485 3047/5491
f 3054/5509 3043/5511 3044/5499
f 3044/5499 3053/5495 3054/5509
f 3038/5493 3047/5491 3053/5495
f 3053/5495 3044/5499 3038/5493
f 3059/5471 3058/5461 3057/5459
f 3057/5459 3060/5467 3059/5471
f 3060/5467 3057/5459 3061/5457
f 3061/5457 3062/5465 3060/5467
f 3065/5481 3064/5479 3063/5501
f 3063/5501 3066/5503 3065/5481
f 3064/5479 3068/5477 3067/5497
f 3067/5497 3063/5501 3064/5479
f 3065/5481 3059/5471 3060/5467
f 3060/5467 3064/5479 3065/5481
f 3064/5479 3060/5467 3062/5465
f 3062/5465 3068/5477 3064/5479
f 3059/5471 3050/5473 3049/5463
f 3049/5463 3058/5461 3059/5471
f 3066/5503 3055/5505 3056/5483
f 3056/5483 3065/5481 3066/5503
f 3050/5473 3059/5471 3065/5481
f 3065/5481 3056/5483 3050/5473
f 3071/5464 3070/5456 3069/5458
f 3069/5458 3072/5466 3071/5464
f 3072/5466 3069/5458 3073/5460
f 3073/5460 3074/5470 3072/5466
f 3077/5476 3076/5478 3075/5500
f 3075/5500 3078/5496 3077/5476
f 3076/5478 3080/5480 3079/5502
f 3079/5502 3075/5500 3076/5478
f 3077/5476 3071/5464 3072/5466
f 3072/5466 3076/5478 3077/5476
f 3076/5478 3072/5466 3074/5470
f 3074/5470 3080/5480 3076/5478
f 3071/5464 3062/5465 3061/5457
f 3061/5457 3070/5456 3071/5464
f 3078/5496 3067/5497 3068/5477
f 3068/5477 3077/5476 3078/5496
f 3062/5465 3071/5464 3077/5476
f 3077/5476 3068/5477 3062/5465
f 3083/5472 3082/5462 3081/5468
f 3081/5468 3084/5474 3083/5472
f 3084/5474 3081/5468 3085/5484
f 3085/5484 3086/5490 3084/5474
f 3089/5482 3088/5488 3087/5506
f 3087/5506 3090/5504 3089/5482
f 3088/5488 3092/5494 3091/5508
f 3091/5508 3087/5506 3088/5488
f 3089/5482 3083/5472 3084/5474
f 3084/5474 3088/5488 3089/5482
f 3088/5488 3084/5474 3086/5490
f 3086/5490 3092/5494 3088/5488
f 3083/5472 3074/5470 3073/5460
f 3073/5460 3082/5462 3083/5472
f 3090/5504 3079/5502 3080/5480
f 3080/5480 3089/5482 3090/5504
f 3074/5470 3083/5472 3089/5482
f 3089/5482 3080/5480 3074/5470
f 3095/5492 3094/5486 3093/5512
f 3093/5512 3096/5513 3095/5492
f 3096/5513 3093/5512 3097/5548
f 3097/5548 3098/5542 3096/5513
f 3101/5498 3100/5514 3099/5515
f 3099/5515 3102/5510 3101/5498
f 3100/5514 3104/5532 3103/5520
f 3103/5520 3099/5515 3100/5514
f 3101/5498 3095/5492 3096/5513
f 3096/5513 3100/5514 3101/5498
f 3100/5514 3096/5513 3098/5542
f 3098/5542 3104/5532 3100/5514
f 3095/5492 3086/5490 3085/5484
f 3085/5484 3094/5486 3095/5492
f 3102/5510 3091/5508 3092/5494
f 3092/5494 3101/5498 3102/5510
f 3086/5490 3095/5492 3101/5498
f 3101/5498 3092/5494 3086/5490
f 3107/5544 3106/5552 3105/5580
f 3105/5580 3108/5566 3107/5544
f 3108/5566 3105/5580 3109/5596
f 3109/5596 3110/5576 3108/5566
f 3113/5538 3112/5546 3111/5524
f 3111/5524 3114/5522 3113/5538
f 3112/5546 3116/5556 3115/5526
f 3115/5526 3111/5524 3112/5546
f 3113/5538 3107/5544 3108/5566
f 3108/5566 3112/5546 3113/5538
f 3112/5546 3108/5566 3110/5576
f 3110/5576 3116/5556 3112/5546
f 3107/5544 3098/5542 3097/5548
f 3097/5548 3106/5552 3107/5544
f 3114/5522 3103/5520 3104/5532
f 3104/5532 3113/5538 3114/5522
f 3098/5542 3107/5544 3113/5538
f 3113/5538 3104/5532 3098/5542
f 3119/5578 3118/5600 3117/5610
f 3117/5610 3120/5582 3119/5578
f 3120/5582 3117/5610 3017/5616
f 3017/5616 3018/5588 3120/5582
f 3123/5558 3122/5560 3121/5530
f 3121/5530 3124/5528 3123/5558
f 3122/5560 3019/5564 3020/5536
f 3020/5536 3121/5530 3122/5560
f 3123/5558 3119/5578 3120/5582
f 3120/5582 3122/5560 3123/5558
f 3122/5560 3120/5582 3018/5588
f 3018/5588 3019/5564 3122/5560
f 3119/5578 3110/5576 3109/5596
f 3109/5596 3118/5600 3119/5578
f 3124/5528 3115/5526 3116/5556
f 3116/5556 3123/5558 3124/5528
f 3110/5576 3119/5578 3123/5558
f 3123/5558 3116/5556 3110/5576
f 3126/5689 3155/5761 3125/5765
f 3125/5765 3127/5685 3126/5689
f 3129/5771 3128/5767 3139/5695
f 3139/5695 3130/5691 3129/5771
f 3131/5693 3162/5705 3157/5739
f 3157/5739 3132/5747 3131/5693
f 3149/5763 3147/5749 3133/5717
f 3133/5717 3141/5707 3149/5763
f 3126/5689 3131/5693 3132/5747
f 3132/5747 3155/5761 3126/5689
f 3128/5767 3149/5763 3141/5707
f 3141/5707 3139/5695 3128/5767
f 3162/5705 3160/5715 3134/5725
f 3134/5725 3157/5739 3162/5705
f 3147/5749 3135/5741 3144/5727
f 3144/5727 3133/5717 3147/5749
f 3125/5765 3129/5771 3130/5691
f 3130/5691 3127/5685 3125/5765
f 3130/5720 3137/5721 3136/5711
f 3136/5711 3127/5710 3130/5720
f 3139/5734 3138/5735 3137/5721
f 3137/5721 3130/5720 3139/5734
f 3141/5742 3140/5743 3138/5735
f 3138/5735 3139/5734 3141/5742
f 3133/5752 3142/5753 3140/5743
f 3140/5743 3141/5742 3133/5752
f 3144/5768 3143/5769 3142/5753
f 3142/5753 3133/5752 3144/5768
f 3135/5774 3145/5775 3143/5769
f 3143/5769 3144/5768 3135/5774
f 3147/5780 3146/5781 3145/5775
f 3145/5775 3135/5774 3147/5780
f 3149/5782 3148/5783 3146/5781
f 3146/5781 3147/5780 3149/5782
f 3128/5792 3150/5793 3148/5783
f 3148/5783 3149/5782 3128/5792
f 3129/5796 3151/5797 3150/5793
f 3150/5793 3128/5792 3129/5796
f 3125/5802 3152/5803 3151/5797
f 3151/5797 3129/5796 3125/5802
f 3155/5810 3153/5811 3152/5803
f 3152/5803 3125/5802 3155/5810
f 3132/5636 3154/5637 3153/5631
f 3153/5631 3155/5630 3132/5636
f 3157/5648 3156/5649 3154/5637
f 3154/5637 3132/5636 3157/5648
f 3134/5656 3158/5657 3156/5649
f 3156/5649 3157/5648 3134/5656
f 3160/5666 3159/5667 3158/5657
f 3158/5657 3134/5656 3160/5666
f 3162/5680 3161/5681 3159/5667
f 3159/5667 3160/5666 3162/5680
f 3131/5682 3163/5683 3161/5681
f 3161/5681 3162/5680 3131/5682
f 3126/5698 3164/5699 3163/5683
f 3163/5683 3131/5682 3126/5698
f 3127/5710 3136/5711 3164/5699
f 3164/5699 3126/5698 3127/5710
f 3167/5563 3166/5569 3165/5541
f 3165/5541 3168/5535 3167/5563
f 3166/5569 3170/5573 3169/5551
f 3169/5551 3165/5541 3166/5569
f 3173/5587 3172/5615 3171/5621
f 3171/5621 3174/5591 3173/5587
f 3174/5591 3171/5621 3175/5623
f 3175/5623 3176/5593 3174/5591
f 3173/5587 3174/5591 3166/5569
f 3166/5569 3167/5563 3173/5587
f 3174/5591 3176/5593 3170/5573
f 3170/5573 3166/5569 3174/5591
f 3167/5563 3168/5535 3177/5534
f 3177/5534 3178/5562 3167/5563
f 3172/5615 3173/5587 3179/5586
f 3179/5586 3180/5614 3172/5615
f 3178/5562 3179/5586 3173/5587
f 3173/5587 3167/5563 3178/5562
f 3183/5575 3182/5585 3181/5571
f 3181/5571 3184/5555 3183/5575
f 3182/5585 3186/5607 3185/5599
f 3185/5599 3181/5571 3182/5585
f 3189/5595 3188/5625 3187/5627
f 3187/5627 3190/5605 3189/5595
f 3190/5605 3187/5627 3191/5633
f 3191/5633 3192/5613 3190/5605
f 3189/5595 3190/5605 3182/5585
f 3182/5585 3183/5575 3189/5595
f 3190/5605 3192/5613 3186/5607
f 3186/5607 3182/5585 3190/5605
f 3183/5575 3184/5555 3169/5551
f 3169/5551 3170/5573 3183/5575
f 3188/5625 3189/5595 3176/5593
f 3176/5593 3175/5623 3188/5625
f 3170/5573 3176/5593 3189/5595
f 3189/5595 3183/5575 3170/5573
f 3195/5609 3194/5646 3193/5647
f 3193/5647 3196/5603 3195/5609
f 3194/5646 3198/5697 3197/5719
f 3197/5719 3193/5647 3194/5646
f 3201/5619 3200/5635 3199/5644
f 3199/5644 3202/5645 3201/5619
f 3202/5645 3199/5644 3203/5651
f 3203/5651 3204/5673 3202/5645
f 3201/5619 3202/5645 3194/5646
f 3194/5646 3195/5609 3201/5619
f 3202/5645 3204/5673 3198/5697
f 3198/5697 3194/5646 3202/5645
f 3195/5609 3196/5603 3185/5599
f 3185/5599 3186/5607 3195/5609
f 3200/5635 3201/5619 3192/5613
f 3192/5613 3191/5633 3200/5635
f 3186/5607 3192/5613 3201/5619
f 3201/5619 3195/5609 3186/5607
f 3207/5703 3206/5759 3205/5791
f 3205/5791 3208/5729 3207/5703
f 3206/5759 3210/5787 3209/5813
f 3209/5813 3205/5791 3206/5759
f 3213/5677 3212/5655 3211/5659
f 3211/5659 3214/5709 3213/5677
f 3214/5709 3211/5659 3215/5663
f 3215/5663 3216/5731 3214/5709
f 3213/5677 3214/5709 3206/5759
f 3206/5759 3207/5703 3213/5677
f 3214/5709 3216/5731 3210/5787
f 3210/5787 3206/5759 3214/5709
f 3207/5703 3208/5729 3197/5719
f 3197/5719 3198/5697 3207/5703
f 3212/5655 3213/5677 3204/5673
f 3204/5673 3203/5651 3212/5655
f 3198/5697 3204/5673 3213/5677
f 3213/5677 3207/5703 3198/5697
f 3219/5789 3218/5801 3217/5817
f 3217/5817 3220/5815 3219/5789
f 3218/5801 3222/5807 3221/5819
f 3221/5819 3217/5817 3218/5801
f 3225/5737 3224/5665 3223/5671
f 3223/5671 3226/5751 3225/5737
f 3226/5751 3223/5671 3227/5675
f 3227/5675 3228/5757 3226/5751
f 3225/5737 3226/5751 3218/5801
f 3218/5801 3219/5789 3225/5737
f 3226/5751 3228/5757 3222/5807
f 3222/5807 3218/5801 3226/5751
f 3219/5789 3220/5815 3209/5813
f 3209/5813 3210/5787 3219/5789
f 3224/5665 3225/5737 3216/5731
f 3216/5731 3215/5663 3224/5665
f 3210/5787 3216/5731 3225/5737
f 3225/5737 3219/5789 3210/5787
f 3231/5806 3230/5800 3229/5816
f 3229/5816 3232/5818 3231/5806
f 3230/5800 3234/5788 3233/5814
f 3233/5814 3229/5816 3230/5800
f 3237/5756 3236/5674 3235/5670
f 3235/5670 3238/5750 3237/5756
f 3238/5750 3235/5670 3239/5664
f 3239/5664 3240/5736 3238/5750
f 3237/5756 3238/5750 3230/5800
f 3230/5800 3231/5806 3237/5756
f 3238/5750 3240/5736 3234/5788
f 3234/5788 3230/5800 3238/5750
f 3231/5806 3232/5818 3221/5819
f 3221/5819 3222/5807 3231/5806
f 3236/5674 3237/5756 3228/5757
f 3228/5757 3227/5675 3236/5674
f 3222/5807 3228/5757 3237/5756
f 3237/5756 3231/5806 3222/5807
f 3243/5786 3242/5758 3241/5790
f 3241/5790 3244/5812 3243/5786
f 3242/5758 3246/5702 3245/5728
f 3245/5728 3241/5790 3242/5758
f 3249/5730 3248/5662 3247/5658
f 3247/5658 3250/5708 3249/5730
f 3250/5708 3247/5658 3251/5654
f 3251/5654 3252/5676 3250/5708
f 3249/5730 3250/5708 3242/5758
f 3242/5758 3243/5786 3249/5730
f 3250/5708 3252/5676 3246/5702
f 3246/5702 3242/5758 3250/5708
f 3243/5786 3244/5812 3233/5814
f 3233/5814 3234/5788 3243/5786
f 3248/5662 3249/5730 3240/5736
f 3240/5736 3239/5664 3248/5662
f 3234/5788 3240/5736 3249/5730
f 3249/5730 3243/5786 3234/5788
f 3255/5696 3254/5641 3253/5640
f 3253/5640 3256/5718 3255/5696
f 3254/5641 3258/5608 3257/5602
f 3257/5602 3253/5640 3254/5641
f 3261/5672 3260/5650 3259/5643
f 3259/5643 3262/5642 3261/5672
f 3262/5642 3259/5643 3263/5634
f 3263/5634 3264/5618 3262/5642
f 3261/5672 3262/5642 3254/5641
f 3254/5641 3255/5696 3261/5672
f 3262/5642 3264/5618 3258/5608
f 3258/5608 3254/5641 3262/5642
f 3255/5696 3256/5718 3245/5728
f 3245/5728 3246/5702 3255/5696
f 3260/5650 3261/5672 3252/5676
f 3252/5676 3251/5654 3260/5650
f 3246/5702 3252/5676 3261/5672
f 3261/5672 3255/5696 3246/5702
f 3267/5606 3266/5584 3265/5570
f 3265/5570 3268/5598 3267/5606
f 3266/5584 3270/5574 3269/5554
f 3269/5554 3265/5570 3266/5584
f 3273/5612 3272/5632 3271/5626
f 3271/5626 3274/5604 3273/5612
f 3274/5604 3271/5626 3275/5624
f 3275/5624 3276/5594 3274/5604
f 3273/5612 3274/5604 3266/5584
f 3266/5584 3267/5606 3273/5612
f 3274/5604 3276/5594 3270/5574
f 3270/5574 3266/5584 3274/5604
f 3267/5606 3268/5598 3257/5602
f 3257/5602 3258/5608 3267/5606
f 3272/5632 3273/5612 3264/5618
f 3264/5618 3263/5634 3272/5632
f 3258/5608 3264/5618 3273/5612
f 3273/5612 3267/5606 3258/5608
f 3279/5572 3278/5568 3277/5540
f 3277/5540 3280/5550 3279/5572
f 3278/5568 3178/5562 3177/5534
f 3177/5534 3277/5540 3278/5568
f 3283/5592 3282/5622 3281/5620
f 3281/5620 3284/5590 3283/5592
f 3284/5590 3281/5620 3180/5614
f 3180/5614 3179/5586 3284/5590
f 3283/5592 3284/5590 3278/5568
f 3278/5568 3279/5572 3283/5592
f 3284/5590 3179/5586 3178/5562
f 3178/5562 3278/5568 3284/5590
f 3279/5572 3280/5550 3269/5554
f 3269/5554 3270/5574 3279/5572
f 3282/5622 3283/5592 3276/5594
f 3276/5594 3275/5624 3282/5622
f 3270/5574 3276/5594 3283/5592
f 3283/5592 3279/5572 3270/5574
# 952 faces
